loan_id,customer_id,loan_type,amount,interest_rate,term_months,issue_date,branch,status,risk_score,full_name,gender,birth_date,city,segment,registration_date
1,341,Потребительский,513000.0,17.23,24,2025-11-13,Отделение №2,Активен,0.647,Калашникова Мария Максимовна,F,1968-11-11,Санкт-Петербург,Business,2025-11-13
2,275,Потребительский,150000.0,13.82,36,2025-11-20,Отделение №7,Активен,0.212,Симонов Ян Анисимович,M,1990-09-20,Москва,Retail,2022-10-14
3,174,Вексель,3707000.0,8.25,9,2023-05-30,Отделение №6,Просрочен,0.059,Ульяна Эдуардовна Селиверстова,F,1956-10-02,Екатеринбург,Retail,2023-05-30
4,631,Кредитная карта,157000.0,23.78,24,2025-05-26,Отделение №10,Активен,0.967,Большакова Марфа Эдуардовна,F,1988-08-28,Казань,Premium,2022-06-25
5,266,Вексель,4068000.0,15.78,3,2023-11-25,Отделение №7,Закрыт,0.381,Елена Борисовна Шестакова,F,1999-08-20,Самара,Premium,2023-11-25
6,557,Вексель,748000.0,9.8,3,2025-04-03,Отделение №8,Закрыт,0.17,тов. Орлов Лавр Фёдорович,M,2003-07-17,Челябинск,Retail,2024-08-24
7,15,Кредитная карта,267000.0,12.34,12,2023-04-22,Отделение №3,Закрыт,0.53,Федосий Гурьевич Зимин,M,1972-07-15,Челябинск,Business,2023-04-22
8,509,Потребительский,285000.0,22.54,24,2025-12-14,Отделение №12,Активен,0.835,Жанна Георгиевна Орехова,F,1983-01-18,Самара,Retail,2025-12-14
9,532,Ипотека,6301000.0,21.76,240,2025-06-09,Отделение №9,Активен,0.927,Эдуард Зиновьевич Князев,M,1975-09-15,Ростов-на-Дону,Premium,2023-11-22
10,358,Потребительский,720000.0,20.55,36,2025-03-16,Отделение №14,Активен,0.151,г-жа Воробьева Милица Михайловна,F,1982-05-10,Нижний Новгород,Premium,2025-03-16
11,609,Кредитная карта,202000.0,9.98,24,2022-04-19,Отделение №3,Просрочен,0.055,Федосеева Нинель Андреевна,F,1956-02-04,Челябинск,Retail,2022-02-05
12,15,Потребительский,245000.0,8.63,48,2024-06-12,Отделение №8,Активен,0.895,Федосий Гурьевич Зимин,M,1972-07-15,Челябинск,Business,2023-04-22
13,703,Потребительский,317000.0,15.57,48,2024-07-26,Отделение №14,Активен,0.846,Татьяна Антоновна Королева,F,1986-12-31,Екатеринбург,Premium,2022-08-29
14,185,Потребительский,312000.0,9.82,24,2023-08-05,Отделение №9,Закрыт,0.168,Игнатов Святослав Валерьевич,M,1957-03-05,Казань,Premium,2022-11-02
15,189,Вексель,2860000.0,24.86,6,2025-06-02,Отделение №13,Просрочен,0.004,Крюков Ким Фёдорович,M,1999-01-29,Санкт-Петербург,Business,2025-06-02
16,283,Автокредит,1483000.0,20.64,24,2023-05-20,Отделение №15,Закрыт,0.677,Людмила Анатольевна Афанасьева,F,2000-06-26,Екатеринбург,Retail,2022-05-05
17,552,Потребительский,263000.0,13.37,12,2024-07-17,Отделение №2,Закрыт,0.929,Комиссаров Ипат Ильич,M,1964-04-28,Челябинск,Retail,2024-07-17
18,357,Вексель,853000.0,21.78,3,2025-04-03,Отделение №8,Закрыт,0.66,Людмила Юрьевна Кудряшова,F,1969-12-13,Москва,Retail,2025-04-03
19,719,Автокредит,1100000.0,24.34,24,2024-10-10,Отделение №8,Активен,0.656,Тимур Евсеевич Нестеров,M,1970-04-24,Казань,Retail,2024-10-10
20,391,Потребительский,599000.0,22.38,24,2023-03-09,Отделение №5,Закрыт,0.802,Милица Владимировна Мишина,F,1974-12-10,Екатеринбург,Business,2022-07-07
21,543,Потребительский,92000.0,24.01,12,2025-06-12,Отделение №7,Активен,0.381,Лидия Мироновна Матвеева,F,1998-02-17,Новосибирск,Retail,2025-06-12
22,499,Потребительский,230000.0,6.88,48,2022-10-30,Отделение №7,Активен,0.208,Владимирова Пелагея Робертовна,F,1964-06-03,Екатеринбург,Premium,2022-10-30
23,643,Вексель,1496000.0,11.99,6,2023-09-09,Отделение №12,Закрыт,0.801,Алина Андреевна Николаева,F,1958-01-24,Новосибирск,Retail,2023-09-09
24,682,Вексель,1619000.0,18.75,6,2024-01-06,Отделение №9,Закрыт,0.832,Адам Тарасович Шаров,M,1992-10-08,Самара,Premium,2023-06-22
25,671,Потребительский,384000.0,11.44,48,2024-09-02,Отделение №2,Активен,0.6,Попова Анастасия Дмитриевна,F,1962-06-21,Самара,Retail,2022-07-19
26,770,Вексель,4074000.0,18.1,6,2024-06-08,Отделение №9,Закрыт,0.093,Козлов Сергей Ерофеевич,M,1969-03-01,Самара,Retail,2022-01-26
27,597,Потребительский,398000.0,19.13,24,2025-08-19,Отделение №8,Активен,0.155,Вадим Фокич Калашников,M,1990-03-18,Екатеринбург,Retail,2024-02-17
28,55,Автокредит,2083000.0,15.12,24,2023-08-19,Отделение №13,Просрочен,0.079,Анастасия Степановна Федорова,F,1999-12-11,Казань,Retail,2022-10-15
29,203,Ипотека,3486000.0,23.11,180,2025-11-02,Отделение №9,Активен,0.842,Мартьян Тихонович Кулагин,M,1959-11-07,Ростов-на-Дону,Premium,2025-10-12
30,142,Ипотека,7685000.0,15.95,120,2022-04-13,Отделение №7,Активен,0.511,Любосмысл Гавриилович Мартынов,M,1966-09-14,Нижний Новгород,Retail,2022-04-13
31,113,Потребительский,546000.0,11.19,36,2023-12-29,Отделение №9,Дефолт,0.082,Потапова Октябрина Николаевна,F,1958-11-29,Ростов-на-Дону,Retail,2023-08-11
32,370,Потребительский,605000.0,20.97,48,2025-05-03,Отделение №1,Активен,0.843,Ладимир Владиленович Кулаков,M,1992-07-27,Санкт-Петербург,Premium,2025-05-03
33,650,Потребительский,708000.0,17.3,36,2023-10-05,Отделение №11,Активен,0.455,Авксентий Исидорович Медведев,M,1970-11-02,Екатеринбург,Retail,2023-09-08
34,356,Ипотека,10078000.0,10.38,240,2025-06-13,Отделение №10,Дефолт,0.078,Пахомов Прокл Иларионович,M,1978-12-04,Челябинск,Retail,2025-06-13
35,798,Потребительский,555000.0,6.83,48,2024-12-30,Отделение №1,Активен,0.395,Шашков Ираклий Анисимович,M,1986-07-23,Нижний Новгород,Premium,2023-03-17
36,420,Потребительский,408000.0,24.27,48,2025-09-09,Отделение №8,Активен,0.602,Сысоева Синклитикия Львовна,F,1984-01-30,Самара,Retail,2023-01-18
37,318,Потребительский,660000.0,18.9,36,2025-11-15,Отделение №7,Активен,0.69,Ларионов Изот Феофанович,M,1987-06-05,Казань,Business,2025-06-01
38,784,Вексель,529000.0,10.01,6,2022-08-01,Отделение №12,Закрыт,0.816,Калашникова Анастасия Александровна,F,1979-03-07,Екатеринбург,Retail,2022-08-01
39,446,Кредитная карта,262000.0,18.43,12,2025-02-08,Отделение №7,Активен,0.65,Колобова Зинаида Александровна,F,1969-03-27,Самара,Retail,2025-02-08
40,158,Вексель,4305000.0,12.04,6,2024-06-06,Отделение №8,Закрыт,0.463,Субботин Самсон Валентинович,M,1998-06-04,Самара,Business,2024-06-06
41,600,Ипотека,3165000.0,14.69,180,2025-12-09,Отделение №1,Активен,0.485,Хохлова Ульяна Владимировна,F,1985-02-10,Нижний Новгород,Premium,2022-12-11
42,286,Кредитная карта,188000.0,16.98,12,2025-03-02,Отделение №1,Активен,0.834,Маслов Адриан Зиновьевич,M,1964-08-11,Уфа,Retail,2025-03-02
43,445,Потребительский,127000.0,22.11,48,2024-05-01,Отделение №10,Активен,0.737,Агафонов Валентин Гаврилович,M,2006-09-21,Москва,Premium,2023-04-30
44,236,Вексель,4995000.0,13.85,3,2024-09-25,Отделение №12,Закрыт,0.513,Павел Бориславович Щукин,M,1981-02-13,Казань,Premium,2024-08-19
45,359,Автокредит,2165000.0,19.64,60,2024-10-23,Отделение №7,Активен,0.528,Галина Алексеевна Баранова,F,1999-10-21,Москва,Retail,2024-10-23
46,223,Автокредит,1838000.0,14.18,48,2025-08-20,Отделение №8,Активен,0.473,Титов Тимур Иосифович,M,1983-04-12,Челябинск,Retail,2022-05-23
47,552,Автокредит,2080000.0,14.53,60,2025-11-29,Отделение №12,Активен,0.161,Комиссаров Ипат Ильич,M,1964-04-28,Челябинск,Retail,2024-07-17
48,635,Потребительский,308000.0,10.54,24,2024-11-05,Отделение №6,Активен,0.909,Демид Валерианович Попов,M,1992-06-26,Казань,Retail,2023-09-24
49,378,Кредитная карта,260000.0,15.12,36,2025-09-17,Отделение №12,Активен,0.883,Овчинников Аполлон Валерьевич,M,1982-08-13,Ростов-на-Дону,Retail,2025-09-17
50,606,Вексель,4803000.0,21.22,9,2024-08-25,Отделение №10,Закрыт,0.845,Глафира Альбертовна Афанасьева,F,1988-03-16,Ростов-на-Дону,Retail,2024-02-04
51,115,Потребительский,568000.0,15.39,12,2025-09-28,Отделение №3,Активен,0.173,Ульяна Мироновна Архипова,F,1955-12-24,Казань,Premium,2022-12-14
52,698,Автокредит,662000.0,12.09,60,2025-01-30,Отделение №1,Активен,0.209,Маркова Вера Валериевна,F,1993-10-03,Ростов-на-Дону,Retail,2025-01-30
53,738,Кредитная карта,127000.0,18.96,24,2024-06-20,Отделение №14,Активен,0.175,Кирилл Фокич Фомичев,M,2001-02-03,Екатеринбург,Retail,2024-06-20
54,241,Кредитная карта,39000.0,14.42,12,2023-11-23,Отделение №2,Закрыт,0.618,Эдуард Адамович Васильев,M,1996-08-02,Санкт-Петербург,Retail,2022-07-05
55,762,Автокредит,1665000.0,20.66,48,2024-10-13,Отделение №9,Активен,0.77,Эмиль Августович Цветков,M,1968-10-18,Уфа,Business,2024-10-13
56,552,Потребительский,163000.0,7.43,12,2025-12-17,Отделение №13,Активен,0.946,Комиссаров Ипат Ильич,M,1964-04-28,Челябинск,Retail,2024-07-17
57,320,Ипотека,10416000.0,20.88,120,2023-12-20,Отделение №14,Активен,0.61,Олимпиада Георгиевна Фомина,F,1990-12-12,Новосибирск,Retail,2023-12-20
58,619,Кредитная карта,252000.0,8.44,12,2025-11-18,Отделение №14,Активен,0.63,Эмиль Еремеевич Гуляев,M,2004-08-14,Самара,Business,2025-11-18
59,613,Потребительский,321000.0,14.62,36,2025-12-21,Отделение №12,Активен,0.506,Гаврила Арсеньевич Лобанов,M,1984-12-18,Самара,Business,2024-02-04
60,31,Кредитная карта,72000.0,21.57,24,2025-10-28,Отделение №4,Активен,0.123,Гущин Митофан Ефремович,M,1968-02-15,Казань,Business,2025-10-28
61,434,Ипотека,6157000.0,21.86,120,2024-12-20,Отделение №5,Активен,0.474,Любим Ермилович Юдин,M,1958-10-01,Нижний Новгород,Retail,2024-12-20
62,251,Автокредит,622000.0,13.14,48,2024-04-29,Отделение №3,Активен,0.665,Регина Кузьминична Рыбакова,F,1989-02-15,Казань,Business,2023-12-09
63,408,Вексель,2695000.0,21.25,6,2024-02-04,Отделение №7,Закрыт,0.413,Галина Никифоровна Горбачева,F,1994-02-12,Москва,Retail,2024-02-04
64,779,Кредитная карта,287000.0,13.16,36,2025-10-29,Отделение №3,Просрочен,0.03,Фаина Яковлевна Богданова,F,1980-03-24,Нижний Новгород,Retail,2025-06-29
65,225,Вексель,3616000.0,12.72,3,2023-09-04,Отделение №13,Закрыт,0.402,Константинова Кира Львовна,F,1997-06-29,Ростов-на-Дону,Premium,2023-09-04
66,788,Потребительский,96000.0,23.47,12,2025-09-14,Отделение №10,Активен,0.151,Лукин Евстигней Марсович,M,2005-01-28,Новосибирск,Retail,2025-04-04
67,713,Потребительский,524000.0,13.9,36,2025-07-09,Отделение №9,Активен,0.681,Кира Архиповна Филиппова,F,1969-04-02,Самара,Retail,2025-07-09
68,472,Кредитная карта,225000.0,6.65,24,2023-12-06,Отделение №9,Закрыт,0.28,Аггей Демидович Ершов,M,1959-03-05,Ростов-на-Дону,Business,2023-08-18
69,148,Автокредит,782000.0,18.35,60,2024-07-02,Отделение №10,Активен,0.888,Савватий Изотович Родионов,M,2007-07-02,Санкт-Петербург,Retail,2023-05-04
70,613,Вексель,3295000.0,13.94,9,2025-08-21,Отделение №5,Активен,0.197,Гаврила Арсеньевич Лобанов,M,1984-12-18,Самара,Business,2024-02-04
71,43,Потребительский,453000.0,16.08,48,2024-03-28,Отделение №4,Активен,0.541,Родионова Надежда Рубеновна,F,2000-08-04,Нижний Новгород,Business,2024-03-28
72,517,Потребительский,464000.0,9.44,36,2025-07-25,Отделение №13,Просрочен,0.028,Стрелков Климент Александрович,M,1964-12-31,Уфа,Retail,2023-05-12
73,449,Автокредит,1073000.0,24.66,48,2024-05-15,Отделение №1,Активен,0.11,Харитонова Варвара Рубеновна,F,1971-08-18,Санкт-Петербург,Premium,2024-04-18
74,496,Вексель,1373000.0,7.38,9,2025-04-10,Отделение №2,Активен,0.651,Жданова Фаина Харитоновна,F,1993-02-11,Москва,Retail,2025-04-10
75,13,Ипотека,7724000.0,12.74,120,2025-03-28,Отделение №12,Активен,0.236,Анжела Юльевна Калашникова,F,1964-07-28,Санкт-Петербург,Retail,2025-03-28
76,374,Кредитная карта,183000.0,16.31,36,2025-09-24,Отделение №6,Активен,0.596,Афанасьева Ольга Станиславовна,F,1977-01-13,Новосибирск,Retail,2022-02-07
77,664,Потребительский,550000.0,16.06,24,2024-02-13,Отделение №6,Активен,0.248,Ковалева Синклитикия Матвеевна,F,2005-11-01,Челябинск,Business,2023-11-11
78,104,Автокредит,901000.0,8.3,48,2024-07-19,Отделение №14,Активен,0.712,Регина Рубеновна Васильева,F,1984-08-28,Уфа,Retail,2024-06-12
79,24,Ипотека,2922000.0,15.26,300,2022-10-20,Отделение №6,Активен,0.446,Абрамова Светлана Ждановна,F,2006-03-03,Екатеринбург,Retail,2022-10-20
80,190,Вексель,2073000.0,17.25,12,2025-07-05,Отделение №8,Активен,0.636,г-н Панов Устин Виленович,M,1975-08-15,Санкт-Петербург,Retail,2025-07-05
81,42,Вексель,4744000.0,9.16,12,2023-03-10,Отделение №12,Закрыт,0.127,Исакова Евдокия Болеславовна,F,1960-09-18,Екатеринбург,Business,2023-03-10
82,17,Ипотека,11680000.0,10.41,120,2025-11-23,Отделение №12,Активен,0.473,Федотов Артемий Гордеевич,M,2003-02-27,Казань,Retail,2024-01-29
83,430,Потребительский,469000.0,22.18,12,2025-05-17,Отделение №6,Активен,0.11,Васильева Светлана Дмитриевна,F,1988-11-05,Екатеринбург,Retail,2022-03-13
84,365,Автокредит,505000.0,13.33,36,2025-07-16,Отделение №5,Активен,0.991,Михеев Никанор Валерианович,M,1969-04-14,Санкт-Петербург,Retail,2025-07-16
85,734,Потребительский,71000.0,20.92,24,2024-02-24,Отделение №15,Активен,0.422,Соболев Евдоким Валерьянович,M,1957-11-22,Санкт-Петербург,Retail,2024-02-24
86,187,Кредитная карта,270000.0,21.57,12,2024-12-06,Отделение №2,Закрыт,0.489,Вадим Давидович Одинцов,M,2003-02-23,Самара,Retail,2024-12-06
87,762,Автокредит,576000.0,15.35,24,2024-10-13,Отделение №8,Активен,0.31,Эмиль Августович Цветков,M,1968-10-18,Уфа,Business,2024-10-13
88,650,Кредитная карта,241000.0,8.94,24,2025-05-25,Отделение №11,Активен,0.139,Авксентий Исидорович Медведев,M,1970-11-02,Екатеринбург,Retail,2023-09-08
89,695,Ипотека,6499000.0,22.44,300,2024-09-27,Отделение №13,Активен,0.325,Борисова Лидия Аркадьевна,F,1956-10-24,Ростов-на-Дону,Retail,2024-09-27
90,346,Автокредит,2021000.0,23.06,60,2023-12-17,Отделение №1,Активен,0.339,Арсений Фокич Петров,M,1970-12-07,Новосибирск,Retail,2023-12-17
91,628,Кредитная карта,270000.0,18.38,36,2023-10-31,Отделение №12,Активен,0.866,Прасковья Николаевна Родионова,F,1992-03-02,Казань,Retail,2023-10-31
92,470,Потребительский,523000.0,18.37,36,2025-02-23,Отделение №2,Активен,0.644,Коновалов Герман Елизарович,M,1965-06-22,Санкт-Петербург,Retail,2023-10-16
93,534,Потребительский,514000.0,16.1,12,2025-03-13,Отделение №9,Активен,0.751,Щербакова Глафира Валентиновна,F,1969-08-28,Челябинск,Retail,2024-11-21
94,782,Кредитная карта,62000.0,24.21,36,2023-04-23,Отделение №4,Активен,0.275,Ермаков Ратмир Викторович,M,1972-02-16,Москва,Retail,2023-04-23
95,437,Потребительский,579000.0,21.35,48,2023-06-21,Отделение №7,Активен,0.607,Русаков Анатолий Тихонович,M,1996-08-24,Самара,Premium,2023-06-21
96,33,Автокредит,1678000.0,14.54,24,2023-11-28,Отделение №14,Закрыт,0.415,Синклитикия Владимировна Гусева,F,1989-12-24,Казань,Business,2022-01-07
97,142,Автокредит,1393000.0,24.53,24,2022-08-23,Отделение №5,Закрыт,0.542,Любосмысл Гавриилович Мартынов,M,1966-09-14,Нижний Новгород,Retail,2022-04-13
98,178,Потребительский,242000.0,12.15,12,2024-01-10,Отделение №3,Закрыт,0.407,Агафонов Василий Владиславович,M,1972-10-27,Москва,Retail,2024-01-10
99,468,Потребительский,771000.0,19.62,24,2023-10-03,Отделение №2,Закрыт,0.298,Авдей Адамович Петухов,M,1979-10-01,Нижний Новгород,Business,2023-10-03
100,793,Потребительский,360000.0,13.41,36,2023-06-13,Отделение №2,Активен,0.828,Галкин Эдуард Игоревич,M,1978-03-23,Ростов-на-Дону,Retail,2023-02-20
101,48,Потребительский,230000.0,15.86,24,2024-10-06,Отделение №2,Активен,0.504,Антонина Альбертовна Кулагина,F,2007-08-21,Казань,Retail,2022-05-26
102,719,Потребительский,289000.0,15.41,48,2024-10-10,Отделение №4,Активен,0.407,Тимур Евсеевич Нестеров,M,1970-04-24,Казань,Retail,2024-10-10
103,299,Кредитная карта,35000.0,18.92,36,2025-11-06,Отделение №9,Активен,0.246,Савина Таисия Аскольдовна,F,1979-01-22,Самара,Retail,2025-11-06
104,144,Вексель,715000.0,8.04,12,2024-07-02,Отделение №4,Закрыт,0.636,Тамара Андреевна Михеева,F,2004-12-21,Санкт-Петербург,Retail,2024-05-13
105,443,Вексель,798000.0,16.39,6,2023-09-07,Отделение №15,Закрыт,0.424,Ширяева Кира Феликсовна,F,1990-09-28,Новосибирск,Business,2023-09-07
106,51,Автокредит,509000.0,11.82,60,2025-06-25,Отделение №1,Активен,0.972,Колесников Капитон Филиппович,M,1970-07-04,Челябинск,Retail,2022-07-13
107,485,Потребительский,741000.0,11.12,36,2025-06-30,Отделение №6,Активен,0.68,Федорова Нонна Максимовна,F,1960-06-25,Санкт-Петербург,Premium,2025-06-30
108,50,Вексель,1142000.0,9.47,9,2023-05-13,Отделение №2,Закрыт,0.534,Князева Милица Аркадьевна,F,1964-03-26,Челябинск,Premium,2023-05-13
109,683,Потребительский,346000.0,19.84,12,2025-05-07,Отделение №15,Активен,0.999,Шарова Пелагея Макаровна,F,2003-02-18,Челябинск,Retail,2025-05-07
110,166,Ипотека,8104000.0,23.9,240,2025-10-28,Отделение №13,Активен,0.635,Исакова Нонна Эльдаровна,F,1980-02-10,Казань,Business,2023-07-27
111,574,Вексель,1438000.0,10.38,9,2024-04-26,Отделение №6,Закрыт,0.959,Герасимов Севастьян Всеволодович,M,1984-07-12,Москва,Retail,2024-04-26
112,788,Потребительский,569000.0,15.27,12,2025-05-31,Отделение №11,Активен,0.901,Лукин Евстигней Марсович,M,2005-01-28,Новосибирск,Retail,2025-04-04
113,463,Потребительский,467000.0,16.4,48,2025-06-19,Отделение №11,Активен,0.787,Семенова Ангелина Руслановна,F,1957-04-28,Самара,Retail,2025-06-19
114,633,Вексель,2739000.0,8.77,12,2025-10-08,Отделение №7,Активен,0.972,Изяслав Антонович Николаев,M,1960-02-27,Новосибирск,Premium,2024-02-18
115,590,Вексель,1854000.0,24.6,6,2025-11-28,Отделение №6,Активен,0.125,Раиса Болеславовна Кузьмина,F,2005-09-26,Уфа,Retail,2023-08-03
116,359,Кредитная карта,150000.0,20.45,12,2024-10-23,Отделение №12,Закрыт,0.681,Галина Алексеевна Баранова,F,1999-10-21,Москва,Retail,2024-10-23
117,517,Ипотека,2900000.0,10.81,240,2023-05-12,Отделение №6,Активен,0.494,Стрелков Климент Александрович,M,1964-12-31,Уфа,Retail,2023-05-12
118,580,Потребительский,420000.0,10.11,24,2024-08-06,Отделение №7,Активен,0.821,Давыд Фокич Воронцов,M,1994-04-14,Уфа,Business,2024-08-06
119,694,Потребительский,258000.0,16.65,48,2024-04-17,Отделение №10,Активен,0.66,Суханова Эмилия Геннадьевна,F,1997-08-10,Челябинск,Premium,2024-04-17
120,94,Вексель,3055000.0,17.32,6,2023-11-12,Отделение №3,Закрыт,0.746,Хохлов Август Ефимьевич,M,1970-08-05,Челябинск,Premium,2023-11-12
121,497,Потребительский,477000.0,19.91,24,2024-12-07,Отделение №14,Активен,0.274,Лазарева Лора Евгеньевна,F,1975-06-05,Ростов-на-Дону,Business,2023-06-28
122,138,Вексель,4961000.0,16.81,9,2025-10-26,Отделение №7,Активен,0.454,Ираида Юрьевна Константинова,F,2003-06-30,Челябинск,Retail,2022-03-01
123,784,Автокредит,2852000.0,14.46,24,2023-10-24,Отделение №5,Закрыт,0.995,Калашникова Анастасия Александровна,F,1979-03-07,Екатеринбург,Retail,2022-08-01
124,360,Потребительский,439000.0,16.02,48,2024-01-11,Отделение №12,Просрочен,0.043,Нинель Антоновна Гусева,F,1959-03-03,Нижний Новгород,Premium,2022-07-31
125,792,Потребительский,258000.0,14.76,48,2024-12-26,Отделение №4,Просрочен,0.005,Бирюкова Алина Кузьминична,F,2004-12-29,Екатеринбург,Retail,2023-10-14
126,256,Потребительский,710000.0,24.5,12,2023-04-08,Отделение №2,Закрыт,0.424,Елисеева Нина Болеславовна,F,1996-11-30,Москва,Retail,2022-01-17
127,263,Кредитная карта,83000.0,7.66,24,2023-09-29,Отделение №1,Закрыт,0.625,Максим Валерьевич Тихонов,M,1974-01-22,Уфа,Retail,2023-02-16
128,325,Ипотека,10081000.0,11.05,240,2023-05-28,Отделение №6,Активен,0.474,Кондратий Архипович Фадеев,M,1964-01-04,Москва,Premium,2022-11-19
129,455,Вексель,4126000.0,20.77,6,2024-11-28,Отделение №13,Закрыт,0.62,Воронцова Валерия Аркадьевна,F,1998-10-08,Санкт-Петербург,Business,2024-11-28
130,278,Потребительский,385000.0,24.43,12,2025-04-17,Отделение №7,Активен,0.917,Ларионова Феврония Рудольфовна,F,1983-01-28,Новосибирск,Premium,2025-04-17
131,338,Потребительский,686000.0,7.64,12,2025-03-25,Отделение №1,Активен,0.802,Дроздова Наина Геннадиевна,F,1990-03-22,Челябинск,Retail,2025-03-25
132,194,Потребительский,520000.0,18.97,12,2025-12-10,Отделение №5,Активен,0.559,Пелагея Владиславовна Третьякова,F,1983-09-06,Санкт-Петербург,Business,2025-12-10
133,789,Вексель,2068000.0,22.41,12,2023-04-23,Отделение №10,Закрыт,0.787,Светлана Георгиевна Соколова,F,1990-11-12,Москва,Retail,2022-06-03
134,359,Потребительский,338000.0,17.89,48,2025-06-24,Отделение №11,Активен,0.34,Галина Алексеевна Баранова,F,1999-10-21,Москва,Retail,2024-10-23
135,570,Вексель,2325000.0,10.04,9,2025-04-18,Отделение №10,Активен,0.103,Андреев Милен Ильич,M,1999-08-22,Екатеринбург,Retail,2022-04-01
136,262,Вексель,3005000.0,8.82,6,2025-03-19,Отделение №6,Закрыт,0.509,Титов Федор Ануфриевич,M,1986-03-03,Челябинск,Retail,2023-08-28
137,555,Ипотека,9246000.0,10.97,300,2025-03-30,Отделение №1,Активен,0.797,Дементьев Спартак Гурьевич,M,1978-11-08,Челябинск,Retail,2025-03-30
138,768,Потребительский,488000.0,17.24,36,2023-09-30,Отделение №3,Активен,0.541,Кулакова Клавдия Георгиевна,F,1963-06-21,Санкт-Петербург,Retail,2022-11-19
139,738,Потребительский,282000.0,13.29,36,2024-06-20,Отделение №10,Просрочен,0.008,Кирилл Фокич Фомичев,M,2001-02-03,Екатеринбург,Retail,2024-06-20
140,193,Вексель,809000.0,21.57,6,2024-11-04,Отделение №1,Закрыт,0.559,Смирнова Ия Кузьминична,F,1999-03-23,Казань,Retail,2023-08-20
141,425,Ипотека,3954000.0,23.22,180,2025-11-13,Отделение №6,Активен,0.785,Натан Тихонович Зыков,M,1973-08-15,Самара,Retail,2025-11-13
142,310,Потребительский,407000.0,19.24,48,2025-05-13,Отделение №10,Активен,0.852,Лора Владимировна Агафонова,F,1992-03-21,Нижний Новгород,Premium,2022-07-17
143,182,Кредитная карта,196000.0,9.49,24,2024-06-21,Отделение №13,Активен,0.454,София Рубеновна Тихонова,F,1958-06-29,Москва,Retail,2024-06-21
144,478,Кредитная карта,164000.0,10.6,12,2025-08-01,Отделение №10,Активен,0.23,г-н Тихонов Ладимир Елизарович,M,1958-11-04,Москва,Retail,2025-04-09
145,608,Потребительский,411000.0,10.28,36,2024-02-09,Отделение №1,Активен,0.184,Соболева Ольга Анатольевна,F,1962-07-29,Казань,Retail,2022-01-25
146,176,Ипотека,2737000.0,8.62,120,2025-02-10,Отделение №4,Активен,0.291,Михеев Пров Елисеевич,M,1965-02-10,Казань,Premium,2023-03-20
147,633,Автокредит,2773000.0,24.45,48,2024-02-18,Отделение №5,Активен,0.199,Изяслав Антонович Николаев,M,1960-02-27,Новосибирск,Premium,2024-02-18
148,621,Потребительский,714000.0,22.09,24,2023-11-27,Отделение №4,Закрыт,0.246,Никифор Ерофеевич Юдин,M,1958-07-06,Нижний Новгород,Business,2023-01-03
149,491,Потребительский,682000.0,21.8,12,2023-11-03,Отделение №11,Закрыт,0.137,Елизар Тихонович Фомичев,M,1968-02-13,Нижний Новгород,Business,2023-11-03
150,253,Вексель,644000.0,14.89,6,2024-02-27,Отделение №6,Закрыт,0.37,Прокл Артёмович Мясников,M,1959-11-16,Санкт-Петербург,Business,2024-02-27
151,231,Вексель,4712000.0,7.7,12,2025-12-27,Отделение №15,Активен,0.144,Тамара Леонидовна Фомичева,F,1987-05-26,Новосибирск,Premium,2025-09-21
152,208,Потребительский,192000.0,13.39,48,2025-11-23,Отделение №11,Активен,0.6,Алина Леонидовна Евсеева,F,1958-08-04,Новосибирск,Premium,2023-10-20
153,394,Потребительский,85000.0,11.91,24,2025-01-01,Отделение №4,Активен,0.149,Горбачева Наина Ефимовна,F,2005-09-25,Москва,Retail,2022-06-17
154,631,Потребительский,647000.0,24.32,24,2024-11-06,Отделение №4,Активен,0.886,Большакова Марфа Эдуардовна,F,1988-08-28,Казань,Premium,2022-06-25
155,499,Вексель,3945000.0,15.86,3,2022-12-09,Отделение №11,Закрыт,0.751,Владимирова Пелагея Робертовна,F,1964-06-03,Екатеринбург,Premium,2022-10-30
156,333,Вексель,1934000.0,12.42,12,2023-06-08,Отделение №12,Закрыт,0.374,Трофим Федосьевич Макаров,M,1996-01-13,Санкт-Петербург,Retail,2023-06-08
157,160,Ипотека,11558000.0,17.19,300,2025-06-15,Отделение №13,Активен,0.638,Клавдия Артемовна Крылова,F,1961-10-31,Уфа,Premium,2025-06-15
158,279,Автокредит,495000.0,14.82,36,2025-09-03,Отделение №4,Активен,0.234,Полякова Марфа Эльдаровна,F,1958-07-10,Самара,Retail,2025-09-03
159,365,Потребительский,717000.0,11.18,24,2025-07-16,Отделение №13,Дефолт,0.085,Михеев Никанор Валерианович,M,1969-04-14,Санкт-Петербург,Retail,2025-07-16
160,390,Потребительский,383000.0,17.24,36,2024-07-09,Отделение №10,Активен,0.465,Баранова Лариса Кузьминична,F,1993-11-07,Новосибирск,Business,2024-07-09
161,290,Потребительский,388000.0,13.26,48,2025-01-11,Отделение №5,Активен,0.498,Панфилов Викентий Яковлевич,M,1965-10-03,Новосибирск,Retail,2025-01-11
162,661,Ипотека,3796000.0,18.37,180,2025-01-18,Отделение №2,Активен,0.359,Марфа Леонидовна Филиппова,F,1979-03-21,Нижний Новгород,Retail,2025-01-18
163,684,Потребительский,426000.0,23.55,12,2023-12-14,Отделение №2,Закрыт,0.098,Никанор Егорович Королев,M,1957-01-11,Самара,Retail,2023-12-14
164,387,Ипотека,7460000.0,18.92,240,2023-05-28,Отделение №12,Активен,0.25,Пестов Ладислав Харлампьевич,M,1968-05-28,Самара,Retail,2023-05-28
165,30,Вексель,3449000.0,19.48,9,2025-02-07,Отделение №14,Закрыт,0.998,Светлана Александровна Моисеева,F,1972-07-12,Москва,Business,2025-02-07
166,399,Вексель,3725000.0,20.67,9,2025-01-28,Отделение №6,Закрыт,0.282,Рюрик Ермилович Беляков,M,1956-02-06,Ростов-на-Дону,Business,2025-01-28
167,245,Вексель,2079000.0,20.44,12,2025-04-02,Отделение №11,Просрочен,0.012,г-н Потапов Ипатий Всеволодович,M,1961-05-22,Новосибирск,Retail,2024-12-23
168,328,Автокредит,2379000.0,10.69,36,2024-11-15,Отделение №4,Активен,0.723,Овчинников Мстислав Данилович,M,1975-10-03,Челябинск,Retail,2024-11-15
169,345,Ипотека,7158000.0,12.77,300,2024-11-11,Отделение №14,Дефолт,0.086,Гуляев Ростислав Харлампович,M,1988-07-10,Уфа,Retail,2024-11-11
170,419,Потребительский,628000.0,14.57,48,2024-03-30,Отделение №1,Активен,0.853,Ольга Станиславовна Мельникова,F,1971-12-28,Челябинск,Premium,2024-03-30
171,556,Ипотека,7775000.0,23.86,180,2025-12-05,Отделение №13,Просрочен,0.01,Мамонтова Феврония Сергеевна,F,1963-07-07,Москва,Retail,2025-12-05
172,580,Вексель,1838000.0,14.33,6,2024-08-06,Отделение №13,Закрыт,0.753,Давыд Фокич Воронцов,M,1994-04-14,Уфа,Business,2024-08-06
173,60,Вексель,2734000.0,6.93,9,2025-04-17,Отделение №15,Активен,0.785,Юдина Клавдия Робертовна,F,1972-02-12,Москва,Retail,2022-05-01
174,768,Потребительский,783000.0,18.09,36,2025-03-09,Отделение №10,Активен,0.603,Кулакова Клавдия Георгиевна,F,1963-06-21,Санкт-Петербург,Retail,2022-11-19
175,152,Автокредит,1416000.0,23.96,60,2025-03-25,Отделение №7,Дефолт,0.064,Сафонова Светлана Эльдаровна,F,1970-05-22,Челябинск,Premium,2025-03-25
176,308,Потребительский,131000.0,22.96,48,2025-08-01,Отделение №2,Дефолт,0.093,Любовь Константиновна Меркушева,F,1989-10-15,Самара,Business,2024-02-06
177,777,Вексель,970000.0,9.94,12,2023-09-29,Отделение №7,Просрочен,0.069,Наина Леоновна Давыдова,F,1969-03-22,Уфа,Retail,2023-09-29
178,356,Потребительский,225000.0,7.56,12,2025-06-13,Отделение №3,Активен,0.519,Пахомов Прокл Иларионович,M,1978-12-04,Челябинск,Retail,2025-06-13
179,597,Потребительский,732000.0,24.71,48,2024-02-17,Отделение №7,Активен,0.129,Вадим Фокич Калашников,M,1990-03-18,Екатеринбург,Retail,2024-02-17
180,331,Ипотека,2688000.0,22.52,180,2024-03-20,Отделение №14,Активен,0.31,Савва Викентьевич Мишин,M,1992-05-12,Москва,Business,2024-03-20
181,231,Вексель,2426000.0,10.23,9,2025-09-21,Отделение №8,Активен,0.717,Тамара Леонидовна Фомичева,F,1987-05-26,Новосибирск,Premium,2025-09-21
182,69,Потребительский,56000.0,7.68,24,2025-03-31,Отделение №13,Активен,0.399,Буров Антонин Бенедиктович,M,1988-08-27,Ростов-на-Дону,Retail,2025-03-31
183,23,Потребительский,297000.0,15.01,48,2024-07-31,Отделение №2,Просрочен,0.039,Яковлева Наталья Эльдаровна,F,1958-12-23,Челябинск,Premium,2023-03-12
184,354,Потребительский,711000.0,19.39,48,2023-12-12,Отделение №5,Активен,0.712,г-н Некрасов Куприян Захарьевич,M,1961-01-03,Москва,Retail,2023-09-28
185,535,Ипотека,10234000.0,11.08,180,2024-04-30,Отделение №12,Активен,0.9,Куликов Арсений Владленович,M,1978-04-11,Самара,Business,2023-01-14
186,608,Ипотека,5847000.0,16.96,180,2025-12-01,Отделение №1,Активен,0.394,Соболева Ольга Анатольевна,F,1962-07-29,Казань,Retail,2022-01-25
187,704,Потребительский,703000.0,16.39,36,2025-07-10,Отделение №2,Активен,0.667,Юлий Гурьевич Кабанов,M,1985-01-30,Ростов-на-Дону,Premium,2025-04-19
188,378,Вексель,3640000.0,14.07,6,2025-09-17,Отделение №2,Активен,0.762,Овчинников Аполлон Валерьевич,M,1982-08-13,Ростов-на-Дону,Retail,2025-09-17
189,372,Кредитная карта,51000.0,20.6,12,2025-10-04,Отделение №8,Активен,0.326,г-н Фролов Семен Адрианович,M,1974-06-10,Уфа,Premium,2025-10-04
190,267,Потребительский,206000.0,6.99,12,2024-08-04,Отделение №11,Закрыт,0.639,Фадеев Клавдий Давидович,M,1997-08-25,Екатеринбург,Premium,2022-10-16
191,85,Вексель,1968000.0,13.8,12,2023-02-03,Отделение №2,Просрочен,0.011,Казимир Вячеславович Савин,M,2005-09-22,Новосибирск,Retail,2022-01-08
192,240,Вексель,769000.0,14.99,12,2025-06-18,Отделение №11,Дефолт,0.083,Ильин Радован Бенедиктович,M,1990-02-19,Казань,Retail,2025-06-18
193,224,Потребительский,763000.0,21.6,24,2024-11-05,Отделение №3,Активен,0.842,Глафира Ждановна Сысоева,F,1998-07-23,Москва,Retail,2024-11-05
194,166,Вексель,3074000.0,8.78,6,2023-08-26,Отделение №3,Закрыт,0.741,Исакова Нонна Эльдаровна,F,1980-02-10,Казань,Business,2023-07-27
195,756,Потребительский,623000.0,14.61,36,2022-11-15,Отделение №12,Закрыт,0.178,Владилен Аксёнович Журавлев,M,1975-01-16,Челябинск,Retail,2022-11-15
196,753,Потребительский,556000.0,19.32,24,2024-11-03,Отделение №13,Активен,0.837,Алевтина Вячеславовна Григорьева,F,2001-03-08,Уфа,Retail,2024-11-03
197,62,Автокредит,2123000.0,19.2,24,2024-05-16,Отделение №10,Активен,0.444,Антонина Анатольевна Белякова,F,1966-10-04,Уфа,Premium,2024-05-16
198,571,Потребительский,629000.0,13.39,24,2023-05-27,Отделение №2,Закрыт,0.239,Лаврентий Архипович Муравьев,M,1962-08-22,Казань,Retail,2022-04-26
199,323,Потребительский,71000.0,21.6,12,2023-11-30,Отделение №2,Закрыт,0.68,Вера Ждановна Зайцева,F,1989-01-05,Казань,Retail,2023-11-30
200,554,Потребительский,712000.0,7.31,24,2022-12-09,Отделение №14,Закрыт,0.513,Нина Борисовна Кузнецова,F,1960-10-19,Москва,Retail,2022-02-14
201,91,Потребительский,472000.0,10.31,24,2025-09-27,Отделение №7,Активен,0.542,Ладимир Юльевич Никифоров,M,1990-05-09,Уфа,Retail,2025-09-27
202,685,Потребительский,210000.0,9.69,36,2025-10-11,Отделение №6,Активен,0.402,Амвросий Елисеевич Павлов,M,1997-09-21,Казань,Premium,2025-10-11
203,406,Потребительский,210000.0,18.61,24,2024-12-08,Отделение №10,Активен,0.278,Кулаков Мариан Харламович,M,1982-09-05,Санкт-Петербург,Business,2024-12-08
204,535,Ипотека,2673000.0,12.05,180,2024-04-21,Отделение №2,Активен,0.599,Куликов Арсений Владленович,M,1978-04-11,Самара,Business,2023-01-14
205,673,Вексель,3977000.0,24.15,6,2023-12-04,Отделение №11,Закрыт,0.6,Афиноген Адамович Голубев,M,1965-12-15,Новосибирск,Retail,2023-12-04
206,649,Вексель,3422000.0,9.73,6,2023-11-12,Отделение №12,Закрыт,0.762,Абрамова Ия Константиновна,F,1972-09-10,Челябинск,Retail,2023-11-06
207,621,Потребительский,689000.0,12.67,48,2023-01-03,Отделение №10,Активен,0.609,Никифор Ерофеевич Юдин,M,1958-07-06,Нижний Новгород,Business,2023-01-03
208,725,Ипотека,7110000.0,17.31,180,2025-11-11,Отделение №4,Активен,0.988,Будимир Терентьевич Герасимов,M,1974-12-19,Казань,Business,2025-11-11
209,142,Потребительский,619000.0,10.85,12,2023-09-25,Отделение №4,Закрыт,0.428,Любосмысл Гавриилович Мартынов,M,1966-09-14,Нижний Новгород,Retail,2022-04-13
210,471,Автокредит,556000.0,11.96,48,2024-10-18,Отделение №4,Активен,0.152,Валерия Антоновна Корнилова,F,1990-01-02,Санкт-Петербург,Retail,2024-07-09
211,720,Автокредит,1019000.0,8.97,60,2025-01-25,Отделение №13,Активен,0.318,Васильева Марфа Филипповна,F,1984-04-03,Ростов-на-Дону,Retail,2025-01-25
212,664,Вексель,2652000.0,21.45,12,2025-08-20,Отделение №4,Активен,0.751,Ковалева Синклитикия Матвеевна,F,2005-11-01,Челябинск,Business,2023-11-11
213,342,Вексель,1723000.0,16.42,6,2023-02-26,Отделение №11,Закрыт,0.907,Устинова Ангелина Макаровна,F,1968-03-18,Ростов-на-Дону,Retail,2022-08-05
214,155,Кредитная карта,246000.0,17.69,36,2025-03-05,Отделение №6,Активен,0.381,Фадей Ермолаевич Игнатов,M,2004-10-07,Нижний Новгород,Premium,2025-03-05
215,271,Потребительский,522000.0,7.79,12,2025-07-31,Отделение №11,Активен,0.192,Татьяна Ниловна Виноградова,F,1963-01-19,Санкт-Петербург,Business,2025-07-31
216,195,Кредитная карта,283000.0,9.7,12,2023-06-26,Отделение №13,Закрыт,0.549,Жданов Тихон Матвеевич,M,1979-05-09,Ростов-на-Дону,Premium,2023-06-26
217,767,Кредитная карта,94000.0,19.84,12,2024-10-20,Отделение №12,Закрыт,0.311,Ширяев Кирилл Зиновьевич,M,2000-06-21,Новосибирск,Business,2024-10-20
218,533,Потребительский,368000.0,11.75,24,2023-09-13,Отделение №11,Закрыт,0.448,Колесников Борислав Демьянович,M,1985-06-01,Челябинск,Retail,2022-12-26
219,55,Потребительский,697000.0,24.0,48,2022-10-15,Отделение №7,Активен,0.36,Анастасия Степановна Федорова,F,1999-12-11,Казань,Retail,2022-10-15
220,157,Потребительский,381000.0,21.58,48,2022-11-16,Отделение №1,Активен,0.794,Архипова Нинель Львовна,F,1965-04-05,Самара,Premium,2022-01-26
221,202,Вексель,2194000.0,17.45,3,2025-05-21,Отделение №12,Закрыт,0.153,Надежда Владиславовна Воробьева,F,1980-02-02,Санкт-Петербург,Retail,2025-05-21
222,101,Потребительский,335000.0,11.71,36,2024-07-17,Отделение №8,Активен,0.562,Ульяна Георгиевна Терентьева,F,1991-11-19,Казань,Retail,2022-02-26
223,562,Потребительский,152000.0,9.35,48,2025-01-05,Отделение №1,Активен,0.19,Григорий Демьянович Михеев,M,1964-09-29,Новосибирск,Retail,2025-01-05
224,188,Кредитная карта,227000.0,13.94,24,2025-04-20,Отделение №7,Активен,0.416,Ковалева Виктория Святославовна,F,2004-03-03,Казань,Business,2025-04-20
225,230,Кредитная карта,131000.0,18.3,24,2023-10-14,Отделение №7,Закрыт,0.588,Муравьев Игорь Харитонович,M,1956-12-22,Челябинск,Premium,2023-10-14
226,10,Кредитная карта,298000.0,23.65,12,2025-05-21,Отделение №13,Активен,0.162,Алина Евгеньевна Мамонтова,F,1970-09-21,Москва,Retail,2025-05-21
227,671,Ипотека,4553000.0,19.55,240,2024-11-09,Отделение №6,Активен,0.635,Попова Анастасия Дмитриевна,F,1962-06-21,Самара,Retail,2022-07-19
228,677,Вексель,3289000.0,10.96,12,2024-03-21,Отделение №14,Просрочен,0.035,Котова Дарья Матвеевна,F,1966-11-03,Ростов-на-Дону,Retail,2024-03-21
229,166,Ипотека,9066000.0,18.75,120,2025-11-29,Отделение №10,Активен,0.148,Исакова Нонна Эльдаровна,F,1980-02-10,Казань,Business,2023-07-27
230,524,Ипотека,8811000.0,17.58,240,2024-12-31,Отделение №14,Активен,0.952,Дорофеев Радим Эдгардович,M,1967-07-16,Москва,Premium,2024-12-31
231,722,Потребительский,138000.0,19.59,12,2025-08-12,Отделение №12,Активен,0.384,Нестеров Ярослав Харлампович,M,1966-01-21,Самара,Retail,2022-07-23
232,703,Автокредит,2743000.0,9.55,36,2024-05-16,Отделение №12,Активен,0.427,Татьяна Антоновна Королева,F,1986-12-31,Екатеринбург,Premium,2022-08-29
233,381,Потребительский,776000.0,12.17,48,2025-04-15,Отделение №15,Активен,0.412,Ирина Владимировна Исаева,F,1971-06-03,Екатеринбург,Retail,2022-03-31
234,230,Кредитная карта,265000.0,17.04,12,2025-07-26,Отделение №14,Активен,0.798,Муравьев Игорь Харитонович,M,1956-12-22,Челябинск,Premium,2023-10-14
235,264,Потребительский,612000.0,12.17,48,2025-12-02,Отделение №14,Активен,0.987,Наталья Альбертовна Меркушева,F,1970-08-18,Казань,Retail,2024-12-23
236,700,Ипотека,2969000.0,14.17,300,2024-12-11,Отделение №7,Активен,0.288,Юрий Ильясович Цветков,M,1990-04-13,Челябинск,Retail,2024-06-22
237,147,Потребительский,331000.0,15.45,24,2023-05-22,Отделение №2,Закрыт,0.503,Поляков Онуфрий Демьянович,M,1971-08-06,Москва,Retail,2023-05-22
238,713,Ипотека,10144000.0,7.59,180,2025-07-09,Отделение №13,Активен,0.183,Кира Архиповна Филиппова,F,1969-04-02,Самара,Retail,2025-07-09
239,121,Потребительский,787000.0,18.03,48,2024-06-21,Отделение №14,Активен,0.624,Носков Пахом Венедиктович,M,2000-10-01,Москва,Premium,2022-10-30
240,28,Автокредит,608000.0,8.79,24,2025-07-09,Отделение №1,Дефолт,0.064,Вацлав Ефимович Одинцов,M,1988-11-24,Челябинск,Retail,2025-07-09
241,189,Автокредит,1643000.0,7.62,24,2025-06-02,Отделение №1,Активен,0.752,Крюков Ким Фёдорович,M,1999-01-29,Санкт-Петербург,Business,2025-06-02
242,330,Вексель,3967000.0,10.38,3,2024-12-15,Отделение №7,Закрыт,0.792,Лора Вениаминовна Кудрявцева,F,1957-08-31,Москва,Premium,2024-12-15
243,453,Автокредит,2966000.0,15.21,48,2024-11-27,Отделение №7,Активен,0.337,Савва Григорьевич Фадеев,M,1968-07-17,Новосибирск,Retail,2024-11-27
244,186,Потребительский,561000.0,21.53,36,2023-10-08,Отделение №11,Активен,0.941,Изяслав Владиленович Никифоров,M,1984-04-26,Челябинск,Retail,2023-05-24
245,719,Ипотека,8108000.0,21.34,240,2024-10-10,Отделение №14,Просрочен,0.003,Тимур Евсеевич Нестеров,M,1970-04-24,Казань,Retail,2024-10-10
246,414,Вексель,3654000.0,17.58,6,2023-02-13,Отделение №5,Закрыт,0.869,Назаров Якуб Тарасович,M,1963-05-11,Нижний Новгород,Business,2023-02-13
247,622,Кредитная карта,233000.0,14.82,12,2024-01-25,Отделение №14,Закрыт,0.686,Изяслав Эдгарович Блинов,M,1961-07-15,Челябинск,Retail,2023-03-01
248,127,Ипотека,6131000.0,24.65,180,2024-07-10,Отделение №14,Активен,0.958,Юлия Владиславовна Журавлева,F,1962-03-28,Екатеринбург,Retail,2024-07-10
249,231,Потребительский,525000.0,18.97,12,2025-09-21,Отделение №8,Активен,0.234,Тамара Леонидовна Фомичева,F,1987-05-26,Новосибирск,Premium,2025-09-21
250,158,Ипотека,8126000.0,14.37,120,2024-06-06,Отделение №15,Активен,0.931,Субботин Самсон Валентинович,M,1998-06-04,Самара,Business,2024-06-06
251,349,Ипотека,8583000.0,11.91,120,2025-07-10,Отделение №3,Активен,0.195,Конон Ильясович Самойлов,M,1996-04-11,Ростов-на-Дону,Retail,2025-07-10
252,533,Кредитная карта,267000.0,7.08,36,2024-10-30,Отделение №2,Активен,0.498,Колесников Борислав Демьянович,M,1985-06-01,Челябинск,Retail,2022-12-26
253,100,Потребительский,555000.0,22.99,48,2025-08-06,Отделение №8,Активен,0.955,Мухина Эмилия Анатольевна,F,1979-05-10,Уфа,Retail,2025-08-06
254,419,Вексель,1280000.0,20.36,6,2024-03-30,Отделение №2,Закрыт,0.66,Ольга Станиславовна Мельникова,F,1971-12-28,Челябинск,Premium,2024-03-30
255,365,Потребительский,795000.0,23.59,12,2025-07-16,Отделение №7,Активен,0.327,Михеев Никанор Валерианович,M,1969-04-14,Санкт-Петербург,Retail,2025-07-16
256,37,Вексель,1180000.0,15.26,9,2025-09-25,Отделение №2,Активен,0.898,Крылов Зиновий Арсенович,M,1973-04-03,Казань,Business,2024-01-14
257,67,Вексель,4621000.0,21.14,12,2022-07-05,Отделение №4,Закрыт,0.333,Жданов Герман Егорович,M,1970-04-29,Екатеринбург,Retail,2022-05-21
258,169,Кредитная карта,237000.0,18.35,36,2025-08-15,Отделение №12,Активен,0.377,Виктория Ивановна Шарапова,F,1963-01-26,Самара,Premium,2025-08-15
259,18,Вексель,3653000.0,10.61,12,2025-06-01,Отделение №2,Активен,0.116,Лука Гордеевич Лапин,M,1981-08-19,Уфа,Retail,2025-06-01
260,136,Потребительский,305000.0,17.04,24,2023-09-04,Отделение №6,Закрыт,0.127,Валентина Оскаровна Кондратьева,F,1974-07-05,Челябинск,Premium,2023-09-04
261,345,Кредитная карта,186000.0,7.64,12,2024-11-11,Отделение №14,Закрыт,0.536,Гуляев Ростислав Харлампович,M,1988-07-10,Уфа,Retail,2024-11-11
262,369,Ипотека,6237000.0,23.68,240,2025-10-23,Отделение №11,Активен,0.126,Лариса Макаровна Рогова,F,1959-01-19,Челябинск,Business,2023-09-28
263,233,Автокредит,978000.0,16.4,60,2022-07-25,Отделение №3,Активен,0.461,Блохина Александра Кузьминична,F,2007-06-18,Самара,Business,2022-07-25
264,266,Вексель,1554000.0,19.01,6,2024-10-20,Отделение №5,Закрыт,0.147,Елена Борисовна Шестакова,F,1999-08-20,Самара,Premium,2023-11-25
265,769,Потребительский,549000.0,12.39,12,2025-05-11,Отделение №12,Активен,0.502,Арефий Трофимович Нестеров,M,1972-04-16,Москва,Premium,2023-04-13
266,131,Потребительский,798000.0,21.75,48,2025-07-16,Отделение №12,Активен,0.495,Фирс Матвеевич Афанасьев,M,2004-08-18,Челябинск,Retail,2022-10-11
267,342,Кредитная карта,46000.0,21.73,24,2022-11-09,Отделение №12,Закрыт,0.211,Устинова Ангелина Макаровна,F,1968-03-18,Ростов-на-Дону,Retail,2022-08-05
268,249,Кредитная карта,91000.0,23.49,36,2025-09-27,Отделение №14,Активен,0.776,Гуляева Майя Степановна,F,1986-07-18,Самара,Retail,2025-09-27
269,96,Ипотека,5918000.0,16.58,180,2022-03-21,Отделение №11,Активен,0.337,Соболева Раиса Руслановна,F,1996-12-12,Екатеринбург,Business,2022-03-21
270,732,Ипотека,5483000.0,7.82,300,2025-11-25,Отделение №5,Активен,0.727,Сила Ярославович Лаврентьев,M,1985-05-23,Санкт-Петербург,Retail,2025-11-25
271,702,Вексель,1056000.0,8.91,12,2024-07-10,Отделение №10,Закрыт,0.752,Артемьев Август Тимурович,M,1999-11-30,Санкт-Петербург,Retail,2024-07-10
272,614,Кредитная карта,45000.0,14.92,36,2025-11-28,Отделение №3,Активен,0.164,Григорий Феоктистович Шестаков,M,1993-03-29,Санкт-Петербург,Retail,2025-11-28
273,238,Ипотека,6824000.0,10.51,180,2025-10-13,Отделение №12,Активен,0.748,Зуева Жанна Михайловна,F,1960-11-03,Челябинск,Business,2025-10-13
274,155,Вексель,1875000.0,20.95,3,2025-10-21,Отделение №7,Активен,0.858,Фадей Ермолаевич Игнатов,M,2004-10-07,Нижний Новгород,Premium,2025-03-05
275,523,Кредитная карта,145000.0,8.27,12,2023-08-08,Отделение №3,Закрыт,0.974,Фёкла Никифоровна Лыткина,F,1995-11-25,Санкт-Петербург,Retail,2023-08-08
276,345,Кредитная карта,62000.0,12.73,36,2025-08-24,Отделение №3,Активен,0.434,Гуляев Ростислав Харлампович,M,1988-07-10,Уфа,Retail,2024-11-11
277,340,Автокредит,1450000.0,10.93,24,2022-12-18,Отделение №12,Закрыт,0.489,Прасковья Тимуровна Лебедева,F,1975-12-23,Ростов-на-Дону,Premium,2022-12-18
278,548,Автокредит,848000.0,24.74,60,2025-11-17,Отделение №2,Активен,0.671,Прохоров Герасим Федосьевич,M,1996-09-14,Уфа,Retail,2025-03-01
279,26,Вексель,4338000.0,18.13,12,2024-01-12,Отделение №1,Закрыт,0.445,Лукия Вадимовна Анисимова,F,1978-04-13,Новосибирск,Retail,2024-01-12
280,237,Потребительский,112000.0,18.81,48,2025-08-06,Отделение №1,Активен,0.51,Селиверстова Ирина Антоновна,F,1991-07-27,Санкт-Петербург,Premium,2025-06-30
281,146,Автокредит,2967000.0,19.26,60,2023-07-15,Отделение №10,Дефолт,0.095,Мухина Пелагея Петровна,F,1996-11-27,Москва,Premium,2023-04-05
282,617,Потребительский,413000.0,17.01,48,2024-10-20,Отделение №2,Дефолт,0.099,Нестор Иларионович Силин,M,1978-01-01,Нижний Новгород,Premium,2024-10-20
283,94,Вексель,4325000.0,21.46,6,2024-04-10,Отделение №9,Просрочен,0.02,Хохлов Август Ефимьевич,M,1970-08-05,Челябинск,Premium,2023-11-12
284,222,Вексель,3939000.0,16.05,12,2025-02-02,Отделение №12,Активен,0.585,Анна Кирилловна Большакова,F,1994-07-17,Екатеринбург,Retail,2025-02-02
285,250,Вексель,3293000.0,23.02,6,2025-10-19,Отделение №10,Активен,0.181,Полякова Эмилия Аскольдовна,F,1993-06-28,Санкт-Петербург,Retail,2025-10-19
286,691,Вексель,126000.0,8.76,12,2024-09-29,Отделение №4,Закрыт,0.129,Ферапонт Викторович Воронцов,M,2004-12-27,Новосибирск,Retail,2024-09-29
287,326,Вексель,530000.0,8.06,9,2023-07-12,Отделение №5,Закрыт,0.125,Копылов Гедеон Феодосьевич,M,1960-06-10,Челябинск,Retail,2023-07-12
288,796,Ипотека,7444000.0,6.5,300,2025-09-09,Отделение №9,Активен,0.301,Василиса Даниловна Гурьева,F,1956-10-24,Самара,Retail,2023-03-02
289,518,Кредитная карта,109000.0,9.07,36,2025-07-30,Отделение №6,Активен,0.49,Аггей Глебович Сафонов,M,1963-03-04,Санкт-Петербург,Retail,2025-07-30
290,203,Автокредит,2964000.0,16.4,48,2025-10-12,Отделение №2,Активен,0.21,Мартьян Тихонович Кулагин,M,1959-11-07,Ростов-на-Дону,Premium,2025-10-12
291,548,Вексель,319000.0,9.11,3,2025-03-01,Отделение №4,Закрыт,0.856,Прохоров Герасим Федосьевич,M,1996-09-14,Уфа,Retail,2025-03-01
292,390,Кредитная карта,193000.0,13.11,12,2025-04-26,Отделение №10,Активен,0.128,Баранова Лариса Кузьминична,F,1993-11-07,Новосибирск,Business,2024-07-09
293,333,Ипотека,7498000.0,18.46,240,2024-02-21,Отделение №8,Активен,0.163,Трофим Федосьевич Макаров,M,1996-01-13,Санкт-Петербург,Retail,2023-06-08
294,178,Потребительский,241000.0,9.14,48,2025-11-23,Отделение №11,Активен,0.204,Агафонов Василий Владиславович,M,1972-10-27,Москва,Retail,2024-01-10
295,639,Вексель,4977000.0,16.87,6,2025-05-07,Отделение №9,Закрыт,0.648,Котов Ким Арсенович,M,1969-05-07,Нижний Новгород,Retail,2025-05-07
296,771,Автокредит,1491000.0,24.76,36,2024-02-24,Отделение №1,Активен,0.434,Колесникова Александра Харитоновна,F,1992-06-29,Новосибирск,Business,2024-02-24
297,353,Кредитная карта,97000.0,16.28,24,2025-04-26,Отделение №7,Активен,0.684,Анжелика Олеговна Федорова,F,1978-01-24,Уфа,Retail,2025-04-26
298,646,Потребительский,530000.0,20.82,36,2023-11-15,Отделение №13,Активен,0.146,Молчанова Лариса Ивановна,F,1998-08-17,Самара,Premium,2023-05-21
299,449,Потребительский,57000.0,13.47,48,2024-04-18,Отделение №15,Активен,0.105,Харитонова Варвара Рубеновна,F,1971-08-18,Санкт-Петербург,Premium,2024-04-18
300,120,Потребительский,445000.0,21.61,36,2025-11-27,Отделение №9,Активен,0.49,Александр Тимурович Капустин,M,1985-01-08,Челябинск,Retail,2025-11-27
301,612,Потребительский,479000.0,11.49,36,2025-02-03,Отделение №1,Дефолт,0.099,Вера Мироновна Носова,F,1997-12-20,Челябинск,Retail,2023-12-27
302,491,Потребительский,760000.0,12.85,48,2023-11-03,Отделение №13,Активен,0.741,Елизар Тихонович Фомичев,M,1968-02-13,Нижний Новгород,Business,2023-11-03
303,40,Автокредит,1946000.0,17.4,60,2024-09-03,Отделение №11,Активен,0.259,Копылов Изот Елисеевич,M,1990-06-17,Уфа,Premium,2022-09-20
304,531,Автокредит,804000.0,13.47,36,2024-07-28,Отделение №1,Активен,0.735,Орест Бориславович Козлов,M,1960-05-02,Новосибирск,Retail,2024-07-28
305,509,Кредитная карта,203000.0,20.81,24,2025-12-19,Отделение №7,Активен,0.678,Жанна Георгиевна Орехова,F,1983-01-18,Самара,Retail,2025-12-14
306,340,Вексель,997000.0,15.74,9,2024-08-17,Отделение №7,Закрыт,0.276,Прасковья Тимуровна Лебедева,F,1975-12-23,Ростов-на-Дону,Premium,2022-12-18
307,34,Автокредит,2268000.0,18.2,36,2024-11-05,Отделение №5,Дефолт,0.087,Григорий Евсеевич Лобанов,M,2001-01-15,Казань,Business,2024-11-05
308,553,Ипотека,5127000.0,7.96,120,2025-07-23,Отделение №2,Активен,0.73,Татьяна Ниловна Меркушева,F,1994-10-24,Самара,Retail,2025-02-28
309,49,Потребительский,93000.0,23.6,36,2025-02-08,Отделение №1,Активен,0.808,Анна Егоровна Сергеева,F,1976-10-22,Ростов-на-Дону,Retail,2023-03-15
310,357,Кредитная карта,144000.0,15.33,36,2025-04-03,Отделение №11,Активен,0.515,Людмила Юрьевна Кудряшова,F,1969-12-13,Москва,Retail,2025-04-03
311,261,Кредитная карта,218000.0,17.84,24,2022-03-10,Отделение №12,Закрыт,0.911,Анна Оскаровна Белова,F,1994-05-23,Новосибирск,Retail,2022-03-10
312,191,Потребительский,369000.0,24.79,36,2023-05-16,Отделение №15,Активен,0.661,Симон Венедиктович Князев,M,1959-04-21,Санкт-Петербург,Retail,2023-05-07
313,372,Вексель,4414000.0,14.76,3,2025-10-04,Отделение №15,Активен,0.169,г-н Фролов Семен Адрианович,M,1974-06-10,Уфа,Premium,2025-10-04
314,70,Кредитная карта,171000.0,7.88,12,2024-05-08,Отделение №9,Закрыт,0.839,Аникей Ааронович Миронов,M,1995-10-09,Ростов-на-Дону,Premium,2024-05-08
315,586,Ипотека,2509000.0,9.64,300,2024-09-08,Отделение №6,Активен,0.97,г-н Никитин Харитон Иларионович,M,2000-06-12,Нижний Новгород,Retail,2024-09-08
316,232,Кредитная карта,97000.0,11.84,36,2022-08-30,Отделение №5,Закрыт,0.483,Октябрина Кузьминична Кулагина,F,1976-11-26,Ростов-на-Дону,Retail,2022-03-17
317,187,Потребительский,604000.0,23.48,48,2024-12-06,Отделение №11,Активен,0.929,Вадим Давидович Одинцов,M,2003-02-23,Самара,Retail,2024-12-06
318,79,Автокредит,2723000.0,22.11,60,2025-09-29,Отделение №1,Просрочен,0.057,Остап Денисович Федотов,M,1963-12-14,Казань,Premium,2025-09-29
319,552,Автокредит,1254000.0,6.59,48,2024-07-17,Отделение №3,Активен,0.89,Комиссаров Ипат Ильич,M,1964-04-28,Челябинск,Retail,2024-07-17
320,514,Ипотека,2089000.0,10.13,300,2024-10-04,Отделение №15,Активен,0.529,Сазонова Нина Леоновна,F,1985-02-05,Самара,Premium,2024-06-24
321,332,Потребительский,143000.0,9.36,48,2023-02-23,Отделение №4,Активен,0.657,Иванов Богдан Аверьянович,M,1968-12-24,Екатеринбург,Retail,2023-02-23
322,547,Ипотека,5743000.0,22.92,240,2024-12-12,Отделение №5,Активен,0.536,Осип Эдуардович Кудрявцев,M,1988-08-09,Нижний Новгород,Retail,2024-12-12
323,610,Потребительский,379000.0,9.07,48,2022-11-28,Отделение №1,Активен,0.747,Ковалев Панфил Васильевич,M,1980-07-06,Уфа,Business,2022-08-08
324,483,Ипотека,10705000.0,9.99,180,2024-01-13,Отделение №7,Просрочен,0.04,Суворов Арефий Фадеевич,M,2005-12-31,Санкт-Петербург,Retail,2024-01-13
325,54,Ипотека,5312000.0,18.76,120,2023-05-25,Отделение №11,Активен,0.948,Логинов Самсон Юлианович,M,2003-06-25,Уфа,Retail,2023-05-25
326,474,Кредитная карта,62000.0,15.62,24,2025-03-29,Отделение №3,Активен,0.682,Гришина Алина Ниловна,F,1978-07-02,Екатеринбург,Premium,2025-03-29
327,84,Потребительский,623000.0,19.86,48,2025-07-23,Отделение №14,Активен,0.742,Терентий Игнатович Субботин,M,1957-02-09,Казань,Retail,2025-07-23
328,174,Ипотека,3097000.0,8.82,120,2023-05-30,Отделение №1,Активен,0.344,Ульяна Эдуардовна Селиверстова,F,1956-10-02,Екатеринбург,Retail,2023-05-30
329,653,Вексель,1259000.0,24.47,9,2024-05-29,Отделение №7,Закрыт,0.737,Тетерин Осип Адрианович,M,1967-10-16,Челябинск,Retail,2023-10-30
330,19,Ипотека,4822000.0,11.06,120,2024-05-28,Отделение №9,Активен,0.152,Ратмир Викторович Белоусов,M,1962-12-07,Казань,Retail,2022-12-01
331,451,Потребительский,261000.0,24.79,12,2025-10-24,Отделение №14,Активен,0.247,Маргарита Юрьевна Полякова,F,1967-01-25,Новосибирск,Retail,2025-10-24
332,334,Ипотека,6739000.0,19.94,120,2025-12-06,Отделение №4,Активен,0.611,Ильин Анисим Демидович,M,1977-07-03,Новосибирск,Premium,2024-10-15
333,89,Кредитная карта,190000.0,10.72,36,2024-05-30,Отделение №1,Активен,0.132,Стрелков Тимофей Герасимович,M,1974-08-12,Казань,Retail,2024-05-30
334,692,Потребительский,194000.0,6.82,24,2024-07-12,Отделение №14,Активен,0.2,Полина Тимофеевна Никифорова,F,1964-10-20,Нижний Новгород,Retail,2024-07-12
335,644,Потребительский,355000.0,18.15,36,2025-12-04,Отделение №6,Активен,0.231,Русаков Геннадий Вячеславович,M,2004-02-04,Челябинск,Retail,2022-12-09
336,298,Ипотека,2613000.0,7.45,300,2025-08-11,Отделение №6,Активен,0.11,Бажен Бенедиктович Горбачев,M,1986-07-26,Челябинск,Business,2022-05-05
337,258,Потребительский,313000.0,12.39,48,2023-05-21,Отделение №1,Просрочен,0.048,Надежда Львовна Шарапова,F,1979-04-04,Ростов-на-Дону,Retail,2023-03-25
338,340,Потребительский,545000.0,11.75,36,2023-03-11,Отделение №10,Активен,0.28,Прасковья Тимуровна Лебедева,F,1975-12-23,Ростов-на-Дону,Premium,2022-12-18
339,503,Потребительский,189000.0,12.65,48,2024-01-15,Отделение №11,Активен,0.112,Евдокимова Елизавета Афанасьевна,F,1992-06-12,Уфа,Premium,2022-05-08
340,315,Потребительский,464000.0,13.13,24,2023-11-10,Отделение №12,Закрыт,0.81,Степан Алексеевич Нестеров,M,1973-03-09,Екатеринбург,Premium,2022-11-13
341,75,Вексель,2691000.0,18.46,9,2023-05-03,Отделение №7,Закрыт,0.21,Тетерин Андрон Ильясович,M,1966-08-06,Уфа,Retail,2022-05-31
342,129,Потребительский,130000.0,17.29,12,2024-06-19,Отделение №11,Закрыт,0.912,Глафира Юльевна Кошелева,F,2005-10-15,Казань,Retail,2024-06-19
343,679,Вексель,1045000.0,7.88,12,2025-12-14,Отделение №6,Активен,0.547,Иннокентий Ерофеевич Чернов,M,1977-02-04,Казань,Retail,2025-12-14
344,729,Потребительский,406000.0,19.76,24,2025-09-04,Отделение №4,Просрочен,0.044,Феврония Евгеньевна Жданова,F,1958-11-05,Санкт-Петербург,Retail,2025-09-04
345,223,Ипотека,9116000.0,14.75,240,2024-01-20,Отделение №15,Активен,0.717,Титов Тимур Иосифович,M,1983-04-12,Челябинск,Retail,2022-05-23
346,129,Ипотека,6828000.0,17.52,120,2024-06-19,Отделение №3,Активен,0.697,Глафира Юльевна Кошелева,F,2005-10-15,Казань,Retail,2024-06-19
347,532,Потребительский,767000.0,10.0,12,2025-11-21,Отделение №8,Активен,0.815,Эдуард Зиновьевич Князев,M,1975-09-15,Ростов-на-Дону,Premium,2023-11-22
348,678,Вексель,4364000.0,14.55,3,2024-07-09,Отделение №9,Закрыт,0.509,Матвеев Прокофий Вилорович,M,1957-06-23,Челябинск,Retail,2024-07-09
349,713,Вексель,2064000.0,9.89,9,2025-07-09,Отделение №4,Активен,0.16,Кира Архиповна Филиппова,F,1969-04-02,Самара,Retail,2025-07-09
350,70,Автокредит,423000.0,19.52,60,2024-10-28,Отделение №5,Активен,0.525,Аникей Ааронович Миронов,M,1995-10-09,Ростов-на-Дону,Premium,2024-05-08
351,387,Кредитная карта,110000.0,8.69,24,2025-02-04,Отделение №9,Активен,0.224,Пестов Ладислав Харлампьевич,M,1968-05-28,Самара,Retail,2023-05-28
352,638,Потребительский,79000.0,23.56,24,2023-07-23,Отделение №13,Закрыт,0.27,Карп Валерианович Мамонтов,M,2002-06-20,Уфа,Retail,2022-02-23
353,136,Потребительский,785000.0,8.64,24,2024-12-30,Отделение №11,Активен,0.649,Валентина Оскаровна Кондратьева,F,1974-07-05,Челябинск,Premium,2023-09-04
354,418,Автокредит,1360000.0,22.77,24,2025-12-15,Отделение №3,Активен,0.264,Якушева Анастасия Валентиновна,F,1982-08-24,Нижний Новгород,Retail,2023-07-14
355,349,Ипотека,8115000.0,18.02,240,2025-07-10,Отделение №6,Просрочен,0.01,Конон Ильясович Самойлов,M,1996-04-11,Ростов-на-Дону,Retail,2025-07-10
356,567,Потребительский,774000.0,24.38,24,2025-09-14,Отделение №14,Активен,0.537,Арсений Бориславович Лаврентьев,M,2001-01-06,Москва,Retail,2025-09-14
357,140,Вексель,3925000.0,13.53,3,2025-11-10,Отделение №14,Активен,0.654,Красильников Иннокентий Афанасьевич,M,1970-03-06,Москва,Retail,2024-03-17
358,245,Автокредит,1971000.0,10.56,36,2024-12-23,Отделение №10,Активен,0.269,г-н Потапов Ипатий Всеволодович,M,1961-05-22,Новосибирск,Retail,2024-12-23
359,198,Автокредит,2631000.0,14.71,60,2022-12-06,Отделение №7,Активен,0.73,Наум Теймуразович Нестеров,M,1996-11-16,Ростов-на-Дону,Premium,2022-12-06
360,251,Ипотека,11022000.0,9.84,120,2024-10-12,Отделение №14,Активен,0.185,Регина Кузьминична Рыбакова,F,1989-02-15,Казань,Business,2023-12-09
361,93,Потребительский,477000.0,11.69,24,2025-08-19,Отделение №15,Активен,0.31,Субботин Натан Всеволодович,M,1987-09-06,Москва,Business,2022-12-29
362,283,Потребительский,346000.0,9.14,24,2022-05-23,Отделение №8,Закрыт,0.426,Людмила Анатольевна Афанасьева,F,2000-06-26,Екатеринбург,Retail,2022-05-05
363,446,Кредитная карта,292000.0,9.03,12,2025-02-08,Отделение №1,Активен,0.75,Колобова Зинаида Александровна,F,1969-03-27,Самара,Retail,2025-02-08
364,396,Автокредит,1382000.0,21.71,24,2022-10-09,Отделение №11,Закрыт,0.763,Сигизмунд Якубович Абрамов,M,1981-08-10,Самара,Retail,2022-10-09
365,477,Кредитная карта,66000.0,9.12,12,2024-11-01,Отделение №1,Закрыт,0.627,Лидия Егоровна Антонова,F,2001-03-28,Екатеринбург,Retail,2024-11-01
366,270,Вексель,146000.0,20.04,3,2025-10-09,Отделение №12,Активен,0.338,Ксения Львовна Шестакова,F,1955-12-28,Казань,Premium,2025-10-09
367,429,Потребительский,154000.0,12.16,48,2022-12-01,Отделение №4,Активен,0.479,Всеслав Борисович Горбачев,M,1994-03-14,Ростов-на-Дону,Retail,2022-03-05
368,792,Потребительский,569000.0,21.68,12,2023-10-14,Отделение №5,Закрыт,0.103,Бирюкова Алина Кузьминична,F,2004-12-29,Екатеринбург,Retail,2023-10-14
369,55,Потребительский,715000.0,6.52,48,2022-10-18,Отделение №4,Активен,0.224,Анастасия Степановна Федорова,F,1999-12-11,Казань,Retail,2022-10-15
370,778,Ипотека,3474000.0,23.46,240,2023-04-08,Отделение №11,Активен,0.684,Якушева Варвара Руслановна,F,1958-06-19,Казань,Retail,2022-01-17
371,137,Кредитная карта,252000.0,9.62,12,2024-10-04,Отделение №2,Закрыт,0.11,Родион Витальевич Кудряшов,M,1964-10-31,Челябинск,Retail,2024-09-26
372,234,Кредитная карта,106000.0,12.64,12,2025-06-14,Отделение №15,Активен,0.36,Фролов Тимофей Венедиктович,M,1975-11-19,Москва,Business,2024-12-13
373,184,Кредитная карта,272000.0,9.78,36,2024-10-04,Отделение №10,Активен,0.53,Федотова Таисия Владимировна,F,2003-11-30,Москва,Retail,2024-10-04
374,472,Потребительский,369000.0,21.54,36,2025-07-03,Отделение №2,Активен,0.348,Аггей Демидович Ершов,M,1959-03-05,Ростов-на-Дону,Business,2023-08-18
375,563,Потребительский,424000.0,21.42,36,2023-06-28,Отделение №2,Активен,0.711,Шилов Парфен Фомич,M,1967-09-24,Казань,Premium,2022-01-08
376,252,Вексель,4322000.0,9.2,6,2025-11-14,Отделение №8,Активен,0.148,Архипова Милица Олеговна,F,1991-05-09,Казань,Retail,2025-11-14
377,294,Вексель,3949000.0,8.58,12,2024-05-12,Отделение №12,Закрыт,0.427,Прохор Захарьевич Князев,M,2006-03-01,Санкт-Петербург,Retail,2024-05-12
378,776,Потребительский,118000.0,20.62,24,2024-04-01,Отделение №8,Активен,0.353,Бронислав Гурьевич Казаков,M,1967-04-15,Самара,Retail,2024-04-01
379,91,Ипотека,8934000.0,21.1,300,2025-09-27,Отделение №13,Активен,0.333,Ладимир Юльевич Никифоров,M,1990-05-09,Уфа,Retail,2025-09-27
380,796,Кредитная карта,279000.0,16.61,24,2024-05-07,Отделение №8,Активен,0.539,Василиса Даниловна Гурьева,F,1956-10-24,Самара,Retail,2023-03-02
381,134,Автокредит,2536000.0,17.19,60,2023-02-28,Отделение №10,Активен,0.422,Андроник Изотович Лукин,M,1977-12-13,Челябинск,Premium,2023-02-28
382,766,Вексель,4075000.0,8.11,6,2025-12-10,Отделение №4,Активен,0.362,Мстислав Еремеевич Петухов,M,1991-04-07,Нижний Новгород,Retail,2024-10-13
383,175,Кредитная карта,35000.0,24.12,36,2024-08-28,Отделение №1,Активен,0.921,Ираида Филипповна Волкова,F,1995-05-10,Новосибирск,Premium,2022-09-02
384,646,Кредитная карта,127000.0,14.97,12,2023-08-27,Отделение №9,Закрыт,0.835,Молчанова Лариса Ивановна,F,1998-08-17,Самара,Premium,2023-05-21
385,93,Кредитная карта,276000.0,21.73,12,2023-03-08,Отделение №3,Просрочен,0.056,Субботин Натан Всеволодович,M,1987-09-06,Москва,Business,2022-12-29
386,335,Потребительский,572000.0,19.99,24,2024-02-18,Отделение №7,Активен,0.696,Ратмир Арсенович Макаров,M,1999-03-08,Екатеринбург,Retail,2024-02-18
387,145,Ипотека,9014000.0,21.91,120,2024-09-03,Отделение №1,Активен,0.87,Молчанова Надежда Рудольфовна,F,1984-07-17,Москва,Premium,2022-02-09
388,555,Потребительский,156000.0,6.73,24,2025-03-30,Отделение №7,Активен,0.831,Дементьев Спартак Гурьевич,M,1978-11-08,Челябинск,Retail,2025-03-30
389,58,Потребительский,187000.0,19.35,24,2024-12-16,Отделение №7,Активен,0.3,Прохоров Фортунат Жанович,M,2004-04-11,Екатеринбург,Business,2022-07-11
390,456,Вексель,2275000.0,8.55,3,2023-08-11,Отделение №11,Просрочен,0.06,Евпраксия Филипповна Белякова,F,1963-06-20,Уфа,Retail,2023-02-07
391,448,Потребительский,613000.0,13.79,24,2024-03-26,Отделение №15,Активен,0.424,Агафья Захаровна Лапина,F,1974-05-15,Самара,Business,2024-03-26
392,22,Ипотека,9114000.0,15.73,240,2025-03-17,Отделение №7,Активен,0.709,Горшкова Анна Альбертовна,F,2000-06-13,Ростов-на-Дону,Retail,2022-05-16
393,680,Кредитная карта,103000.0,13.45,12,2025-03-28,Отделение №12,Активен,0.951,Аркадий Афанасьевич Матвеев,M,1975-08-04,Уфа,Retail,2025-03-28
394,795,Потребительский,514000.0,9.88,24,2024-03-14,Отделение №9,Активен,0.746,Глафира Ниловна Соколова,F,1967-07-21,Уфа,Retail,2023-10-06
395,774,Автокредит,601000.0,12.26,60,2024-09-04,Отделение №14,Активен,0.642,Прохорова Тамара Геннадиевна,F,1970-12-13,Санкт-Петербург,Retail,2022-06-09
396,678,Ипотека,2547000.0,14.31,240,2025-08-17,Отделение №2,Активен,0.27,Матвеев Прокофий Вилорович,M,1957-06-23,Челябинск,Retail,2024-07-09
397,158,Потребительский,502000.0,10.91,36,2024-06-06,Отделение №2,Активен,0.163,Субботин Самсон Валентинович,M,1998-06-04,Самара,Business,2024-06-06
398,589,Потребительский,498000.0,16.65,36,2024-03-23,Отделение №1,Активен,0.638,Давыд Захарьевич Крюков,M,1970-11-22,Уфа,Business,2024-03-23
399,557,Потребительский,114000.0,24.65,12,2025-02-28,Отделение №1,Активен,0.484,тов. Орлов Лавр Фёдорович,M,2003-07-17,Челябинск,Retail,2024-08-24
400,498,Потребительский,758000.0,20.33,12,2024-01-01,Отделение №9,Закрыт,0.959,Сигизмунд Игоревич Сидоров,M,1995-05-15,Новосибирск,Retail,2022-04-16
401,156,Потребительский,614000.0,19.43,36,2025-09-16,Отделение №7,Дефолт,0.097,Пелагея Борисовна Уварова,F,1956-04-23,Уфа,Retail,2025-09-16
402,138,Кредитная карта,166000.0,6.94,36,2022-11-04,Отделение №8,Закрыт,0.796,Ираида Юрьевна Константинова,F,2003-06-30,Челябинск,Retail,2022-03-01
403,472,Автокредит,2615000.0,9.29,48,2023-08-18,Отделение №15,Активен,0.463,Аггей Демидович Ершов,M,1959-03-05,Ростов-на-Дону,Business,2023-08-18
404,677,Автокредит,2877000.0,21.36,36,2024-03-21,Отделение №13,Активен,0.654,Котова Дарья Матвеевна,F,1966-11-03,Ростов-на-Дону,Retail,2024-03-21
405,707,Вексель,4968000.0,20.95,9,2025-05-07,Отделение №6,Активен,0.339,Лора Петровна Кузнецова,F,1969-06-19,Нижний Новгород,Retail,2025-05-07
406,117,Автокредит,2844000.0,20.74,24,2025-12-30,Отделение №4,Активен,0.388,Элеонора Дмитриевна Мартынова,F,1967-01-31,Новосибирск,Premium,2023-04-06
407,555,Кредитная карта,194000.0,18.05,12,2025-03-30,Отделение №13,Активен,0.498,Дементьев Спартак Гурьевич,M,1978-11-08,Челябинск,Retail,2025-03-30
408,793,Потребительский,625000.0,22.46,36,2025-01-25,Отделение №15,Активен,0.797,Галкин Эдуард Игоревич,M,1978-03-23,Ростов-на-Дону,Retail,2023-02-20
409,80,Потребительский,121000.0,23.69,36,2022-12-14,Отделение №5,Закрыт,0.161,Наум Алексеевич Гордеев,M,1980-02-24,Санкт-Петербург,Retail,2022-10-03
410,269,Автокредит,1319000.0,19.58,24,2023-06-26,Отделение №8,Закрыт,0.461,Гущин Карл Аксёнович,M,1965-01-20,Самара,Retail,2023-06-26
411,478,Кредитная карта,236000.0,23.5,24,2025-08-24,Отделение №10,Активен,0.94,г-н Тихонов Ладимир Елизарович,M,1958-11-04,Москва,Retail,2025-04-09
412,292,Ипотека,5635000.0,14.03,240,2024-04-01,Отделение №11,Активен,0.62,Захаров Эраст Витальевич,M,1995-03-16,Екатеринбург,Premium,2024-01-04
413,527,Потребительский,325000.0,8.04,36,2024-02-05,Отделение №8,Активен,0.413,Федотова Виктория Мироновна,F,1992-09-05,Ростов-на-Дону,Retail,2022-03-18
414,736,Потребительский,707000.0,24.48,12,2025-06-25,Отделение №13,Просрочен,0.057,Чеслав Дорофеевич Филиппов,M,2003-01-13,Новосибирск,Premium,2024-02-23
415,64,Потребительский,666000.0,22.2,12,2025-04-01,Отделение №3,Активен,0.291,Яковлев Порфирий Ефимьевич,M,1987-06-25,Москва,Premium,2025-04-01
416,126,Автокредит,2620000.0,22.58,36,2025-01-27,Отделение №6,Активен,0.669,Алина Алексеевна Селиверстова,F,1968-07-13,Новосибирск,Retail,2025-01-27
417,321,Ипотека,8425000.0,8.08,300,2022-08-12,Отделение №15,Активен,0.732,Нинель Рубеновна Комиссарова,F,1970-04-29,Москва,Retail,2022-05-23
418,98,Кредитная карта,137000.0,13.89,24,2023-02-13,Отделение №6,Просрочен,0.064,Марк Бенедиктович Зыков,M,2005-03-06,Челябинск,Premium,2022-02-18
419,206,Кредитная карта,161000.0,8.6,36,2024-09-02,Отделение №9,Активен,0.455,Ия Евгеньевна Дементьева,F,1960-05-16,Челябинск,Business,2023-01-07
420,703,Потребительский,402000.0,16.96,24,2023-10-18,Отделение №13,Закрыт,0.988,Татьяна Антоновна Королева,F,1986-12-31,Екатеринбург,Premium,2022-08-29
421,516,Ипотека,11365000.0,24.51,240,2024-05-30,Отделение №4,Активен,0.213,Татьяна Руслановна Дорофеева,F,1958-02-04,Ростов-на-Дону,Retail,2022-10-09
422,102,Кредитная карта,287000.0,11.47,36,2025-04-04,Отделение №2,Активен,0.636,Илья Виленович Лапин,M,1991-06-07,Казань,Business,2025-04-04
423,362,Потребительский,255000.0,22.58,12,2025-12-20,Отделение №7,Активен,0.451,Степанов Радим Исидорович,M,1975-01-07,Самара,Retail,2025-12-20
424,46,Автокредит,2141000.0,21.78,48,2025-04-20,Отделение №15,Дефолт,0.092,Вышеслав Федосьевич Королев,M,1970-02-27,Санкт-Петербург,Retail,2025-04-20
425,654,Ипотека,11634000.0,10.15,240,2022-12-03,Отделение №8,Активен,0.942,Дьячкова Агафья Леоновна,F,1955-10-01,Екатеринбург,Business,2022-08-22
426,231,Ипотека,8888000.0,14.54,180,2025-11-27,Отделение №10,Активен,0.913,Тамара Леонидовна Фомичева,F,1987-05-26,Новосибирск,Premium,2025-09-21
427,282,Ипотека,2099000.0,19.8,180,2022-07-23,Отделение №3,Активен,0.578,Щербакова Синклитикия Евгеньевна,F,1981-09-08,Нижний Новгород,Business,2022-07-23
428,39,Потребительский,790000.0,9.27,36,2022-06-25,Отделение №3,Закрыт,0.459,Иван Арсеньевич Лихачев,M,1957-04-22,Санкт-Петербург,Premium,2022-06-25
429,95,Ипотека,5164000.0,16.08,300,2023-07-01,Отделение №8,Просрочен,0.004,Савин Эрнст Захарьевич,M,1979-11-08,Санкт-Петербург,Retail,2023-07-01
430,717,Кредитная карта,261000.0,18.26,36,2024-07-27,Отделение №1,Активен,0.578,Белозеров Платон Владиленович,M,1958-06-17,Нижний Новгород,Retail,2024-07-27
431,298,Потребительский,784000.0,16.55,48,2025-11-27,Отделение №7,Активен,0.166,Бажен Бенедиктович Горбачев,M,1986-07-26,Челябинск,Business,2022-05-05
432,516,Потребительский,207000.0,17.11,24,2025-10-23,Отделение №14,Просрочен,0.014,Татьяна Руслановна Дорофеева,F,1958-02-04,Ростов-на-Дону,Retail,2022-10-09
433,489,Ипотека,5019000.0,21.57,240,2024-10-25,Отделение №8,Активен,0.125,Лазарь Авдеевич Соболев,M,2004-05-28,Уфа,Premium,2023-11-14
434,217,Автокредит,1586000.0,12.98,60,2025-12-24,Отделение №9,Активен,0.542,Лавр Адамович Никонов,M,1989-11-25,Уфа,Retail,2025-12-24
435,412,Кредитная карта,121000.0,14.38,12,2025-07-17,Отделение №10,Активен,0.177,Алевтина Эльдаровна Мухина,F,1969-06-25,Новосибирск,Retail,2025-07-17
436,601,Потребительский,377000.0,19.17,36,2025-09-12,Отделение №5,Активен,0.437,Александров Анисим Андреевич,M,1960-11-07,Самара,Premium,2022-10-14
437,18,Вексель,4696000.0,21.33,3,2025-06-01,Отделение №11,Закрыт,0.104,Лука Гордеевич Лапин,M,1981-08-19,Уфа,Retail,2025-06-01
438,299,Потребительский,749000.0,20.3,12,2025-11-06,Отделение №9,Активен,0.624,Савина Таисия Аскольдовна,F,1979-01-22,Самара,Retail,2025-11-06
439,231,Потребительский,383000.0,11.83,12,2025-09-29,Отделение №4,Активен,0.421,Тамара Леонидовна Фомичева,F,1987-05-26,Новосибирск,Premium,2025-09-21
440,259,Вексель,2803000.0,22.26,3,2025-10-20,Отделение №6,Активен,0.951,Белова Лариса Олеговна,F,1971-12-04,Новосибирск,Premium,2025-10-20
441,109,Кредитная карта,277000.0,19.45,24,2025-09-27,Отделение №1,Активен,0.741,Кабанова Ирина Семеновна,F,1980-11-14,Челябинск,Retail,2025-09-27
442,436,Кредитная карта,241000.0,11.42,36,2024-10-19,Отделение №5,Активен,0.659,Андрей Всеволодович Аксенов,M,2001-07-20,Уфа,Retail,2024-10-19
443,683,Вексель,3996000.0,10.94,12,2025-10-10,Отделение №7,Активен,0.9,Шарова Пелагея Макаровна,F,2003-02-18,Челябинск,Retail,2025-05-07
444,111,Потребительский,70000.0,21.59,36,2025-10-19,Отделение №6,Активен,0.6,Рожкова София Артемовна,F,1962-11-14,Новосибирск,Premium,2025-10-19
445,303,Потребительский,479000.0,16.73,48,2024-07-18,Отделение №10,Активен,0.391,Быкова Нинель Станиславовна,F,1982-11-09,Челябинск,Retail,2024-07-18
446,662,Автокредит,2554000.0,23.78,60,2022-09-21,Отделение №12,Активен,0.39,Фокин Егор Венедиктович,M,1996-03-25,Нижний Новгород,Premium,2022-08-12
447,176,Потребительский,728000.0,10.75,24,2024-06-14,Отделение №3,Активен,0.71,Михеев Пров Елисеевич,M,1965-02-10,Казань,Premium,2023-03-20
448,637,Автокредит,2042000.0,23.37,60,2025-07-08,Отделение №3,Активен,0.837,Иванна Викторовна Давыдова,F,1962-04-10,Челябинск,Retail,2025-02-14
449,490,Кредитная карта,85000.0,14.55,12,2022-11-02,Отделение №10,Закрыт,0.629,Варвара Романовна Фомичева,F,1968-04-15,Уфа,Retail,2022-11-02
450,41,Потребительский,514000.0,13.54,12,2025-03-17,Отделение №3,Активен,0.742,Титов Филимон Харламович,M,1968-04-23,Ростов-на-Дону,Retail,2023-06-27
451,665,Кредитная карта,201000.0,10.91,24,2023-01-18,Отделение №5,Закрыт,0.898,Тимофеев Ростислав Евсеевич,M,2000-01-02,Екатеринбург,Retail,2022-01-22
452,130,Потребительский,680000.0,18.63,48,2023-07-11,Отделение №15,Активен,0.275,Гремислав Ефстафьевич Киселев,M,1985-10-06,Уфа,Retail,2023-07-11
453,602,Потребительский,67000.0,14.95,12,2025-01-15,Отделение №2,Активен,0.596,Родион Аверьянович Ильин,M,2004-01-02,Москва,Business,2025-01-15
454,766,Потребительский,246000.0,7.92,24,2024-10-13,Отделение №15,Активен,0.845,Мстислав Еремеевич Петухов,M,1991-04-07,Нижний Новгород,Retail,2024-10-13
455,191,Вексель,2015000.0,14.11,12,2023-05-07,Отделение №11,Закрыт,0.487,Симон Венедиктович Князев,M,1959-04-21,Санкт-Петербург,Retail,2023-05-07
456,122,Потребительский,566000.0,18.16,48,2024-05-20,Отделение №3,Активен,0.451,Осипов Натан Зиновьевич,M,1966-09-06,Уфа,Retail,2024-05-20
457,208,Потребительский,58000.0,16.94,24,2025-09-12,Отделение №1,Активен,0.607,Алина Леонидовна Евсеева,F,1958-08-04,Новосибирск,Premium,2023-10-20
458,109,Потребительский,307000.0,24.81,36,2025-09-27,Отделение №1,Активен,0.6,Кабанова Ирина Семеновна,F,1980-11-14,Челябинск,Retail,2025-09-27
459,351,Потребительский,606000.0,17.65,12,2025-07-08,Отделение №9,Активен,0.536,Власова Нинель Натановна,F,1973-04-21,Самара,Retail,2025-07-08
460,175,Автокредит,796000.0,23.03,48,2022-09-02,Отделение №3,Просрочен,0.029,Ираида Филипповна Волкова,F,1995-05-10,Новосибирск,Premium,2022-09-02
461,59,Потребительский,596000.0,11.54,24,2024-04-12,Отделение №2,Активен,0.199,Терентьев Лонгин Демидович,M,1969-06-26,Екатеринбург,Retail,2024-04-12
462,552,Потребительский,464000.0,20.21,36,2024-08-14,Отделение №9,Активен,0.496,Комиссаров Ипат Ильич,M,1964-04-28,Челябинск,Retail,2024-07-17
463,649,Кредитная карта,279000.0,10.14,24,2023-11-06,Отделение №12,Закрыт,0.846,Абрамова Ия Константиновна,F,1972-09-10,Челябинск,Retail,2023-11-06
464,688,Потребительский,345000.0,21.11,36,2024-11-12,Отделение №8,Активен,0.954,Аполлон Гурьевич Игнатьев,M,1999-09-10,Ростов-на-Дону,Retail,2024-11-12
465,607,Ипотека,6462000.0,17.96,240,2025-09-12,Отделение №7,Активен,0.607,Елизавета Олеговна Лапина,F,1960-06-01,Москва,Retail,2025-09-12
466,573,Потребительский,315000.0,9.58,12,2024-07-09,Отделение №9,Просрочен,0.034,Колесникова Наина Эльдаровна,F,1962-11-04,Новосибирск,Retail,2023-05-01
467,524,Потребительский,357000.0,7.05,36,2024-12-31,Отделение №6,Активен,0.18,Дорофеев Радим Эдгардович,M,1967-07-16,Москва,Premium,2024-12-31
468,168,Ипотека,3859000.0,10.46,180,2024-04-12,Отделение №3,Активен,0.372,Белоусов Ярослав Герасимович,M,1977-10-12,Екатеринбург,Retail,2024-04-12
469,500,Вексель,699000.0,6.7,9,2025-11-10,Отделение №8,Активен,0.329,Давыд Викентьевич Молчанов,M,1984-02-04,Санкт-Петербург,Business,2025-03-18
470,63,Автокредит,1236000.0,7.72,36,2025-02-24,Отделение №4,Активен,0.284,Тетерина Любовь Афанасьевна,F,2001-05-24,Екатеринбург,Retail,2022-11-14
471,469,Автокредит,668000.0,23.91,48,2025-05-29,Отделение №11,Активен,0.807,Наталья Тарасовна Щербакова,F,1998-06-28,Нижний Новгород,Retail,2024-03-27
472,365,Потребительский,719000.0,20.41,48,2025-10-29,Отделение №6,Активен,0.318,Михеев Никанор Валерианович,M,1969-04-14,Санкт-Петербург,Retail,2025-07-16
473,99,Потребительский,87000.0,7.36,48,2024-10-18,Отделение №2,Активен,0.274,Никифорова Елена Геннадьевна,F,1963-05-03,Казань,Business,2023-07-25
474,35,Потребительский,178000.0,13.54,36,2025-04-25,Отделение №5,Активен,0.576,Соболев Тимур Германович,M,1992-09-30,Новосибирск,Retail,2022-11-10
475,295,Потребительский,637000.0,11.73,12,2024-08-03,Отделение №7,Закрыт,0.842,Быкова Ангелина Руслановна,F,1978-09-01,Уфа,Premium,2024-07-07
476,616,Потребительский,450000.0,18.36,12,2023-11-22,Отделение №2,Просрочен,0.069,Анна Болеславовна Кудрявцева,F,1994-10-20,Новосибирск,Retail,2022-04-25
477,775,Вексель,2134000.0,12.34,9,2023-07-17,Отделение №2,Закрыт,0.346,Гришин Исидор Гавриилович,M,2004-11-29,Уфа,Retail,2023-01-03
478,327,Автокредит,1214000.0,11.99,24,2025-05-28,Отделение №8,Активен,0.984,Нонна Макаровна Тетерина,F,1957-01-22,Казань,Retail,2025-05-28
479,466,Вексель,4839000.0,23.75,3,2025-11-11,Отделение №4,Активен,0.103,Тимур Венедиктович Лапин,M,2000-05-29,Самара,Retail,2025-11-11
480,286,Потребительский,58000.0,22.35,12,2025-03-02,Отделение №4,Активен,0.724,Маслов Адриан Зиновьевич,M,1964-08-11,Уфа,Retail,2025-03-02
481,617,Потребительский,193000.0,24.71,36,2025-01-05,Отделение №14,Активен,0.934,Нестор Иларионович Силин,M,1978-01-01,Нижний Новгород,Premium,2024-10-20
482,356,Потребительский,712000.0,7.38,12,2025-06-13,Отделение №5,Активен,0.304,Пахомов Прокл Иларионович,M,1978-12-04,Челябинск,Retail,2025-06-13
483,624,Потребительский,510000.0,19.36,48,2025-10-18,Отделение №10,Активен,0.925,Денисова Лариса Владимировна,F,1975-10-16,Нижний Новгород,Business,2025-10-18
484,307,Ипотека,3263000.0,22.84,180,2025-04-11,Отделение №7,Активен,0.966,Элеонора Владиславовна Миронова,F,1959-11-29,Нижний Новгород,Retail,2022-07-14
485,794,Автокредит,2137000.0,15.29,36,2025-03-29,Отделение №5,Активен,0.49,Всеволод Измаилович Мясников,M,1981-02-28,Самара,Retail,2022-11-15
486,325,Потребительский,598000.0,11.35,24,2022-11-19,Отделение №2,Закрыт,0.296,Кондратий Архипович Фадеев,M,1964-01-04,Москва,Premium,2022-11-19
487,640,Ипотека,10355000.0,18.41,180,2025-09-12,Отделение №12,Активен,0.856,Анжела Святославовна Панова,F,1982-03-27,Челябинск,Retail,2022-01-26
488,230,Потребительский,779000.0,6.74,12,2023-10-14,Отделение №14,Закрыт,0.216,Муравьев Игорь Харитонович,M,1956-12-22,Челябинск,Premium,2023-10-14
489,647,Ипотека,6876000.0,21.48,240,2024-07-26,Отделение №9,Активен,0.762,Виссарион Юлианович Муравьев,M,2002-07-29,Казань,Retail,2024-07-26
490,71,Кредитная карта,235000.0,14.85,24,2025-12-22,Отделение №9,Активен,0.154,Иванна Валериевна Гришина,F,1978-08-25,Нижний Новгород,Retail,2023-06-19
491,418,Потребительский,148000.0,24.44,36,2024-02-29,Отделение №9,Активен,0.868,Якушева Анастасия Валентиновна,F,1982-08-24,Нижний Новгород,Retail,2023-07-14
492,245,Потребительский,350000.0,14.28,12,2024-12-23,Отделение №14,Закрыт,0.686,г-н Потапов Ипатий Всеволодович,M,1961-05-22,Новосибирск,Retail,2024-12-23
493,560,Автокредит,665000.0,20.21,60,2022-08-08,Отделение №15,Активен,0.241,Молчанова Нонна Кузьминична,F,1959-03-02,Уфа,Premium,2022-06-14
494,206,Ипотека,4668000.0,16.27,300,2025-09-17,Отделение №2,Активен,0.352,Ия Евгеньевна Дементьева,F,1960-05-16,Челябинск,Business,2023-01-07
495,243,Кредитная карта,53000.0,9.27,24,2023-03-11,Отделение №9,Закрыт,0.502,Емельян Григорьевич Авдеев,M,2000-11-24,Москва,Retail,2022-04-05
496,665,Потребительский,381000.0,7.4,36,2022-07-20,Отделение №15,Закрыт,0.383,Тимофеев Ростислав Евсеевич,M,2000-01-02,Екатеринбург,Retail,2022-01-22
497,344,Ипотека,4940000.0,17.43,300,2023-03-30,Отделение №8,Активен,0.53,Казакова София Львовна,F,1997-12-22,Новосибирск,Retail,2023-03-30
498,434,Автокредит,684000.0,11.08,24,2025-08-16,Отделение №2,Активен,0.111,Любим Ермилович Юдин,M,1958-10-01,Нижний Новгород,Retail,2024-12-20
499,162,Потребительский,77000.0,7.71,36,2023-10-23,Отделение №4,Активен,0.101,Марина Петровна Бурова,F,1978-09-11,Санкт-Петербург,Business,2023-10-23
500,333,Кредитная карта,219000.0,13.73,24,2024-03-13,Отделение №14,Активен,0.22,Трофим Федосьевич Макаров,M,1996-01-13,Санкт-Петербург,Retail,2023-06-08
501,729,Кредитная карта,102000.0,20.96,12,2025-09-04,Отделение №5,Активен,0.348,Феврония Евгеньевна Жданова,F,1958-11-05,Санкт-Петербург,Retail,2025-09-04
502,191,Вексель,1511000.0,9.91,3,2023-05-07,Отделение №10,Закрыт,0.908,Симон Венедиктович Князев,M,1959-04-21,Санкт-Петербург,Retail,2023-05-07
503,694,Ипотека,5053000.0,12.3,180,2024-04-17,Отделение №3,Дефолт,0.069,Суханова Эмилия Геннадьевна,F,1997-08-10,Челябинск,Premium,2024-04-17
504,679,Потребительский,391000.0,15.23,12,2025-12-14,Отделение №3,Активен,0.334,Иннокентий Ерофеевич Чернов,M,1977-02-04,Казань,Retail,2025-12-14
505,753,Кредитная карта,268000.0,20.49,12,2025-10-23,Отделение №6,Просрочен,0.01,Алевтина Вячеславовна Григорьева,F,2001-03-08,Уфа,Retail,2024-11-03
506,598,Кредитная карта,187000.0,15.2,24,2025-02-01,Отделение №1,Просрочен,0.045,Голубева Синклитикия Никифоровна,F,1967-01-01,Нижний Новгород,Premium,2025-02-01
507,346,Автокредит,2975000.0,15.76,36,2024-12-11,Отделение №13,Активен,0.755,Арсений Фокич Петров,M,1970-12-07,Новосибирск,Retail,2023-12-17
508,650,Потребительский,278000.0,15.53,36,2024-07-15,Отделение №9,Активен,0.351,Авксентий Исидорович Медведев,M,1970-11-02,Екатеринбург,Retail,2023-09-08
509,597,Потребительский,415000.0,6.75,36,2024-07-28,Отделение №12,Активен,0.353,Вадим Фокич Калашников,M,1990-03-18,Екатеринбург,Retail,2024-02-17
510,620,Потребительский,438000.0,11.47,48,2022-08-19,Отделение №11,Активен,0.519,Сазонова Клавдия Григорьевна,F,1982-08-06,Казань,Business,2022-04-06
511,175,Потребительский,784000.0,24.79,24,2025-09-12,Отделение №1,Активен,0.357,Ираида Филипповна Волкова,F,1995-05-10,Новосибирск,Premium,2022-09-02
512,209,Потребительский,606000.0,10.3,48,2024-04-23,Отделение №15,Дефолт,0.089,Горбунова Вероника Ефимовна,F,1983-04-18,Казань,Premium,2024-04-23
513,91,Кредитная карта,202000.0,18.99,24,2025-09-27,Отделение №8,Активен,0.899,Ладимир Юльевич Никифоров,M,1990-05-09,Уфа,Retail,2025-09-27
514,59,Кредитная карта,267000.0,23.25,12,2024-04-12,Отделение №6,Закрыт,0.349,Терентьев Лонгин Демидович,M,1969-06-26,Екатеринбург,Retail,2024-04-12
515,146,Ипотека,6173000.0,10.01,240,2023-09-26,Отделение №12,Активен,0.58,Мухина Пелагея Петровна,F,1996-11-27,Москва,Premium,2023-04-05
516,156,Потребительский,509000.0,16.93,48,2025-09-16,Отделение №6,Активен,0.793,Пелагея Борисовна Уварова,F,1956-04-23,Уфа,Retail,2025-09-16
517,441,Потребительский,777000.0,9.21,48,2025-11-04,Отделение №9,Активен,0.681,Руслан Егорович Григорьев,M,1997-09-24,Нижний Новгород,Business,2025-10-28
518,765,Кредитная карта,198000.0,12.09,36,2024-12-08,Отделение №13,Активен,0.288,Юлия Никифоровна Логинова,F,1960-12-29,Ростов-на-Дону,Retail,2024-12-08
519,618,Потребительский,390000.0,21.69,24,2024-12-17,Отделение №8,Активен,0.123,Иосиф Елизарович Юдин,M,1960-01-21,Екатеринбург,Business,2024-12-17
520,238,Потребительский,373000.0,11.13,12,2025-10-13,Отделение №5,Активен,0.35,Зуева Жанна Михайловна,F,1960-11-03,Челябинск,Business,2025-10-13
521,71,Вексель,2560000.0,19.62,6,2023-06-19,Отделение №12,Закрыт,0.143,Иванна Валериевна Гришина,F,1978-08-25,Нижний Новгород,Retail,2023-06-19
522,252,Потребительский,489000.0,10.53,12,2025-11-14,Отделение №6,Активен,0.473,Архипова Милица Олеговна,F,1991-05-09,Казань,Retail,2025-11-14
523,286,Потребительский,559000.0,13.84,48,2025-03-02,Отделение №15,Активен,0.904,Маслов Адриан Зиновьевич,M,1964-08-11,Уфа,Retail,2025-03-02
524,701,Потребительский,277000.0,16.88,36,2025-08-31,Отделение №6,Активен,0.679,Наркис Ефремович Гурьев,M,1991-06-23,Казань,Premium,2025-08-31
525,623,Вексель,782000.0,9.0,6,2023-09-05,Отделение №5,Закрыт,0.554,Чеслав Артёмович Лобанов,M,2001-11-20,Екатеринбург,Retail,2023-09-05
526,632,Потребительский,273000.0,9.87,48,2025-12-31,Отделение №14,Активен,0.782,Артемий Ефстафьевич Игнатов,M,1978-06-04,Казань,Retail,2025-12-31
527,462,Ипотека,3386000.0,12.26,300,2025-11-22,Отделение №12,Активен,0.935,Богданова Алина Олеговна,F,1973-08-03,Ростов-на-Дону,Retail,2025-08-26
528,765,Ипотека,5542000.0,24.19,300,2024-12-08,Отделение №15,Активен,0.461,Юлия Никифоровна Логинова,F,1960-12-29,Ростов-на-Дону,Retail,2024-12-08
529,220,Автокредит,2889000.0,20.41,60,2023-08-21,Отделение №5,Активен,0.615,Вера Болеславовна Лихачева,F,1988-04-20,Казань,Retail,2023-08-21
530,561,Вексель,2944000.0,17.92,9,2025-08-31,Отделение №15,Активен,0.9,Рогов Викентий Адамович,M,1999-10-31,Санкт-Петербург,Business,2025-08-31
531,173,Потребительский,617000.0,13.91,48,2023-12-22,Отделение №13,Просрочен,0.006,Элеонора Ждановна Козлова,F,1960-06-03,Казань,Premium,2023-12-22
532,268,Вексель,2638000.0,7.51,3,2025-02-15,Отделение №11,Закрыт,0.83,Юлия Юрьевна Муравьева,F,1989-02-03,Челябинск,Retail,2025-02-15
533,234,Потребительский,496000.0,15.36,36,2025-03-04,Отделение №1,Активен,0.331,Фролов Тимофей Венедиктович,M,1975-11-19,Москва,Business,2024-12-13
534,383,Потребительский,488000.0,10.27,12,2025-12-07,Отделение №12,Активен,0.144,Прохоров Ярополк Игоревич,M,1999-06-27,Самара,Retail,2024-12-29
535,446,Кредитная карта,67000.0,22.18,36,2025-08-03,Отделение №5,Активен,0.301,Колобова Зинаида Александровна,F,1969-03-27,Самара,Retail,2025-02-08
536,332,Вексель,4689000.0,19.16,12,2025-07-01,Отделение №1,Активен,0.115,Иванов Богдан Аверьянович,M,1968-12-24,Екатеринбург,Retail,2023-02-23
537,674,Потребительский,710000.0,10.26,12,2024-11-22,Отделение №14,Закрыт,0.474,Владимир Бенедиктович Лихачев,M,1999-09-25,Новосибирск,Retail,2024-11-22
538,682,Автокредит,1416000.0,13.94,24,2023-09-07,Отделение №14,Закрыт,0.983,Адам Тарасович Шаров,M,1992-10-08,Самара,Premium,2023-06-22
539,564,Потребительский,686000.0,19.04,36,2025-10-11,Отделение №10,Активен,0.859,Герасимова Евгения Оскаровна,F,1976-03-30,Челябинск,Premium,2025-10-11
540,327,Потребительский,160000.0,9.11,12,2025-05-28,Отделение №4,Активен,0.745,Нонна Макаровна Тетерина,F,1957-01-22,Казань,Retail,2025-05-28
541,797,Потребительский,606000.0,15.34,24,2024-09-02,Отделение №2,Активен,0.289,Варвара Михайловна Кулакова,F,1989-07-02,Казань,Retail,2022-09-03
542,362,Кредитная карта,163000.0,13.7,36,2025-12-20,Отделение №2,Активен,0.698,Степанов Радим Исидорович,M,1975-01-07,Самара,Retail,2025-12-20
543,771,Ипотека,10135000.0,11.71,180,2024-02-24,Отделение №7,Активен,0.12,Колесникова Александра Харитоновна,F,1992-06-29,Новосибирск,Business,2024-02-24
544,87,Потребительский,277000.0,23.21,48,2025-02-22,Отделение №3,Активен,0.355,Нина Юльевна Панфилова,F,1961-09-08,Санкт-Петербург,Retail,2025-02-22
545,536,Ипотека,9231000.0,24.56,240,2023-05-24,Отделение №14,Активен,0.358,Трофимова Анжела Михайловна,F,1968-10-05,Челябинск,Retail,2023-05-24
546,439,Кредитная карта,87000.0,13.69,36,2024-12-11,Отделение №11,Дефолт,0.063,Вацлав Игнатьевич Бобров,M,1979-04-20,Санкт-Петербург,Retail,2022-09-09
547,526,Потребительский,542000.0,19.66,36,2024-07-30,Отделение №5,Активен,0.787,Борислав Ерофеевич Лаврентьев,M,1968-06-27,Новосибирск,Premium,2024-03-24
548,217,Вексель,3326000.0,23.36,12,2025-12-24,Отделение №7,Активен,0.645,Лавр Адамович Никонов,M,1989-11-25,Уфа,Retail,2025-12-24
549,412,Кредитная карта,194000.0,19.54,12,2025-07-17,Отделение №11,Активен,0.507,Алевтина Эльдаровна Мухина,F,1969-06-25,Новосибирск,Retail,2025-07-17
550,160,Автокредит,736000.0,24.08,48,2025-06-15,Отделение №10,Активен,0.348,Клавдия Артемовна Крылова,F,1961-10-31,Уфа,Premium,2025-06-15
551,185,Вексель,431000.0,10.76,3,2022-11-22,Отделение №8,Закрыт,0.665,Игнатов Святослав Валерьевич,M,1957-03-05,Казань,Premium,2022-11-02
552,578,Кредитная карта,159000.0,8.44,12,2024-02-10,Отделение №12,Закрыт,0.881,Наина Павловна Емельянова,F,1964-05-15,Уфа,Retail,2024-02-10
553,261,Кредитная карта,234000.0,7.64,24,2022-05-12,Отделение №1,Закрыт,0.25,Анна Оскаровна Белова,F,1994-05-23,Новосибирск,Retail,2022-03-10
554,613,Вексель,457000.0,18.12,9,2025-05-27,Отделение №3,Просрочен,0.029,Гаврила Арсеньевич Лобанов,M,1984-12-18,Самара,Business,2024-02-04
555,427,Потребительский,574000.0,24.7,48,2025-08-02,Отделение №4,Активен,0.574,Любовь Павловна Лапина,F,1969-01-03,Москва,Business,2025-08-02
556,80,Потребительский,418000.0,10.2,36,2023-04-07,Отделение №14,Активен,0.162,Наум Алексеевич Гордеев,M,1980-02-24,Санкт-Петербург,Retail,2022-10-03
557,798,Автокредит,2454000.0,6.95,24,2025-04-07,Отделение №2,Активен,0.96,Шашков Ираклий Анисимович,M,1986-07-23,Нижний Новгород,Premium,2023-03-17
558,255,Потребительский,658000.0,20.75,12,2025-12-03,Отделение №14,Активен,0.568,Лидия Мироновна Кириллова,F,1983-04-06,Челябинск,Retail,2025-12-03
559,431,Потребительский,189000.0,21.82,48,2024-01-12,Отделение №8,Активен,0.57,Тихонова Лора Руслановна,F,1960-11-25,Ростов-на-Дону,Retail,2024-01-12
560,779,Автокредит,1327000.0,14.58,36,2025-06-29,Отделение №14,Активен,0.625,Фаина Яковлевна Богданова,F,1980-03-24,Нижний Новгород,Retail,2025-06-29
561,799,Потребительский,109000.0,8.67,36,2022-07-26,Отделение №10,Закрыт,0.231,Киселев Адриан Анисимович,M,1991-07-17,Нижний Новгород,Premium,2022-07-06
562,616,Автокредит,459000.0,13.68,48,2023-05-30,Отделение №14,Активен,0.358,Анна Болеславовна Кудрявцева,F,1994-10-20,Новосибирск,Retail,2022-04-25
563,746,Кредитная карта,291000.0,17.09,12,2024-12-30,Отделение №15,Закрыт,0.853,Давыдова Акулина Львовна,F,1998-03-06,Екатеринбург,Retail,2023-08-29
564,760,Автокредит,1212000.0,19.33,24,2025-09-26,Отделение №8,Активен,0.111,Евфросиния Ивановна Кулагина,F,1976-12-19,Новосибирск,Premium,2025-09-26
565,768,Кредитная карта,296000.0,7.09,36,2022-11-19,Отделение №4,Закрыт,0.421,Кулакова Клавдия Георгиевна,F,1963-06-21,Санкт-Петербург,Retail,2022-11-19
566,709,Потребительский,624000.0,16.57,24,2023-02-23,Отделение №15,Закрыт,0.734,Анисим Теймуразович Быков,M,1993-10-07,Челябинск,Business,2022-10-05
567,83,Вексель,4570000.0,15.58,3,2023-05-30,Отделение №10,Закрыт,0.806,Матвеева Ангелина Игоревна,F,1973-12-07,Москва,Business,2023-05-30
568,627,Кредитная карта,220000.0,24.55,12,2023-12-10,Отделение №10,Закрыт,0.95,Волков Аристарх Тихонович,M,1982-01-07,Ростов-на-Дону,Retail,2023-11-29
569,473,Вексель,4654000.0,11.48,12,2023-05-24,Отделение №1,Просрочен,0.042,Нонна Эльдаровна Муравьева,F,1992-03-30,Новосибирск,Business,2023-05-24
570,193,Ипотека,4252000.0,15.29,240,2024-06-02,Отделение №15,Активен,0.782,Смирнова Ия Кузьминична,F,1999-03-23,Казань,Retail,2023-08-20
571,452,Кредитная карта,36000.0,20.73,12,2022-09-22,Отделение №9,Закрыт,0.811,Степанов Радован Марсович,M,1977-04-19,Москва,Retail,2022-09-22
572,638,Автокредит,1386000.0,15.37,24,2025-02-05,Отделение №7,Активен,0.387,Карп Валерианович Мамонтов,M,2002-06-20,Уфа,Retail,2022-02-23
573,601,Вексель,2206000.0,9.03,12,2025-01-30,Отделение №15,Активен,0.438,Александров Анисим Андреевич,M,1960-11-07,Самара,Premium,2022-10-14
574,95,Автокредит,2749000.0,12.81,48,2023-07-01,Отделение №4,Активен,0.918,Савин Эрнст Захарьевич,M,1979-11-08,Санкт-Петербург,Retail,2023-07-01
575,751,Потребительский,491000.0,20.25,24,2024-04-25,Отделение №13,Активен,0.888,Павлова Раиса Валериевна,F,1959-02-01,Санкт-Петербург,Retail,2022-05-30
576,692,Автокредит,519000.0,21.45,24,2024-07-12,Отделение №3,Дефолт,0.077,Полина Тимофеевна Никифорова,F,1964-10-20,Нижний Новгород,Retail,2024-07-12
577,597,Ипотека,4826000.0,17.58,240,2024-02-17,Отделение №5,Активен,0.89,Вадим Фокич Калашников,M,1990-03-18,Екатеринбург,Retail,2024-02-17
578,398,Потребительский,348000.0,7.91,12,2025-09-06,Отделение №9,Активен,0.25,Ермолай Ильич Васильев,M,1958-04-20,Екатеринбург,Retail,2022-06-12
579,530,Потребительский,579000.0,14.66,36,2023-03-28,Отделение №6,Активен,0.303,Беляева Евгения Оскаровна,F,1979-01-05,Нижний Новгород,Premium,2023-01-30
580,416,Вексель,1534000.0,22.93,6,2024-12-14,Отделение №9,Закрыт,0.319,Быкова Лариса Николаевна,F,1963-07-20,Екатеринбург,Retail,2023-06-03
581,247,Автокредит,540000.0,23.99,60,2025-12-15,Отделение №2,Активен,0.486,Марков Аггей Всеволодович,M,1969-06-22,Новосибирск,Business,2024-10-16
582,324,Потребительский,153000.0,20.15,24,2025-03-08,Отделение №6,Активен,0.211,Таисия Борисовна Кулакова,F,1999-08-30,Москва,Retail,2025-03-08
583,604,Вексель,3961000.0,19.35,3,2024-04-24,Отделение №8,Закрыт,0.65,Влас Ефимьевич Яковлев,M,2001-02-21,Екатеринбург,Retail,2024-04-24
584,689,Кредитная карта,36000.0,11.61,12,2025-03-23,Отделение №14,Активен,0.384,Мина Всеволодович Борисов,M,1967-12-22,Новосибирск,Retail,2025-03-23
585,79,Кредитная карта,46000.0,15.61,36,2025-09-29,Отделение №7,Активен,0.863,Остап Денисович Федотов,M,1963-12-14,Казань,Premium,2025-09-29
586,208,Ипотека,4244000.0,18.64,300,2023-10-20,Отделение №11,Активен,0.532,Алина Леонидовна Евсеева,F,1958-08-04,Новосибирск,Premium,2023-10-20
587,546,Потребительский,456000.0,23.24,36,2023-05-22,Отделение №6,Активен,0.754,Епифан Феоктистович Лаврентьев,M,1970-10-28,Ростов-на-Дону,Premium,2023-05-22
588,420,Кредитная карта,275000.0,20.43,36,2023-03-20,Отделение №14,Активен,0.341,Сысоева Синклитикия Львовна,F,1984-01-30,Самара,Retail,2023-01-18
589,514,Автокредит,2651000.0,16.68,24,2024-06-24,Отделение №15,Активен,0.952,Сазонова Нина Леоновна,F,1985-02-05,Самара,Premium,2024-06-24
590,5,Вексель,4307000.0,17.04,12,2025-02-23,Отделение №9,Активен,0.568,Беспалов Аверьян Владиленович,M,1991-12-23,Уфа,Retail,2025-02-23
591,405,Потребительский,770000.0,8.93,48,2023-05-08,Отделение №13,Просрочен,0.015,Панфилова Милица Сергеевна,F,1957-10-07,Новосибирск,Retail,2023-05-08
592,72,Вексель,1445000.0,11.94,6,2025-01-16,Отделение №1,Закрыт,0.571,Феликс Августович Макаров,M,1959-08-03,Казань,Retail,2023-06-28
593,732,Автокредит,1340000.0,21.41,48,2025-11-25,Отделение №2,Активен,0.608,Сила Ярославович Лаврентьев,M,1985-05-23,Санкт-Петербург,Retail,2025-11-25
594,102,Потребительский,546000.0,14.67,36,2025-04-04,Отделение №1,Просрочен,0.017,Илья Виленович Лапин,M,1991-06-07,Казань,Business,2025-04-04
595,686,Ипотека,11659000.0,22.04,300,2025-10-08,Отделение №1,Активен,0.218,Ефимов Фотий Даниилович,M,2006-04-27,Санкт-Петербург,Retail,2025-10-08
596,608,Автокредит,607000.0,14.6,48,2022-05-12,Отделение №13,Активен,0.258,Соболева Ольга Анатольевна,F,1962-07-29,Казань,Retail,2022-01-25
597,563,Потребительский,702000.0,18.1,24,2023-04-11,Отделение №10,Закрыт,0.147,Шилов Парфен Фомич,M,1967-09-24,Казань,Premium,2022-01-08
598,478,Вексель,1240000.0,19.09,3,2025-04-09,Отделение №10,Закрыт,0.861,г-н Тихонов Ладимир Елизарович,M,1958-11-04,Москва,Retail,2025-04-09
599,487,Потребительский,465000.0,24.01,24,2022-10-23,Отделение №5,Закрыт,0.992,Алина Анатольевна Пономарева,F,1997-07-07,Уфа,Retail,2022-10-23
600,654,Потребительский,684000.0,19.72,36,2025-01-11,Отделение №6,Активен,0.601,Дьячкова Агафья Леоновна,F,1955-10-01,Екатеринбург,Business,2022-08-22
601,746,Потребительский,430000.0,7.93,12,2024-11-12,Отделение №10,Закрыт,0.204,Давыдова Акулина Львовна,F,1998-03-06,Екатеринбург,Retail,2023-08-29
602,347,Ипотека,10227000.0,18.31,300,2022-07-30,Отделение №3,Активен,0.876,Медведев Андроник Жанович,M,2004-03-17,Екатеринбург,Retail,2022-07-30
603,780,Потребительский,505000.0,24.44,36,2023-11-18,Отделение №6,Активен,0.897,Ковалева Марина Станиславовна,F,1971-03-10,Уфа,Premium,2023-02-05
604,234,Ипотека,11735000.0,13.28,120,2024-12-13,Отделение №3,Активен,0.291,Фролов Тимофей Венедиктович,M,1975-11-19,Москва,Business,2024-12-13
605,113,Кредитная карта,37000.0,21.37,36,2023-08-11,Отделение №13,Активен,0.511,Потапова Октябрина Николаевна,F,1958-11-29,Ростов-на-Дону,Retail,2023-08-11
606,186,Вексель,3939000.0,13.47,9,2023-05-24,Отделение №11,Закрыт,0.583,Изяслав Владиленович Никифоров,M,1984-04-26,Челябинск,Retail,2023-05-24
607,732,Вексель,1967000.0,24.14,3,2025-11-25,Отделение №10,Активен,0.992,Сила Ярославович Лаврентьев,M,1985-05-23,Санкт-Петербург,Retail,2025-11-25
608,4,Автокредит,1894000.0,19.99,60,2025-01-08,Отделение №9,Активен,0.848,Трифон Федосеевич Поляков,M,1979-01-12,Ростов-на-Дону,Retail,2023-03-24
609,761,Вексель,3075000.0,11.45,12,2023-10-12,Отделение №5,Закрыт,0.836,Гуляев Авксентий Харламович,M,2003-01-27,Москва,Premium,2022-01-26
610,544,Кредитная карта,119000.0,14.89,24,2023-04-18,Отделение №2,Закрыт,0.748,Андреева Татьяна Геннадьевна,F,1986-06-21,Ростов-на-Дону,Retail,2022-11-10
611,53,Вексель,2281000.0,7.97,12,2024-01-12,Отделение №2,Закрыт,0.56,Павлов Фока Ануфриевич,M,1994-07-27,Нижний Новгород,Retail,2022-05-05
612,542,Кредитная карта,206000.0,14.76,36,2025-08-01,Отделение №10,Активен,0.419,Филиппов Кузьма Эдгардович,M,2005-12-30,Казань,Business,2025-08-01
613,236,Вексель,4935000.0,18.9,6,2024-08-19,Отделение №10,Закрыт,0.666,Павел Бориславович Щукин,M,1981-02-13,Казань,Premium,2024-08-19
614,647,Потребительский,265000.0,8.0,36,2024-07-26,Отделение №3,Активен,0.421,Виссарион Юлианович Муравьев,M,2002-07-29,Казань,Retail,2024-07-26
615,14,Автокредит,2045000.0,22.63,36,2025-09-16,Отделение №2,Просрочен,0.016,Гремислав Фомич Щербаков,M,1969-09-17,Казань,Retail,2025-09-16
616,697,Ипотека,9655000.0,8.83,300,2025-01-06,Отделение №7,Просрочен,0.034,Богданов Мстислав Тихонович,M,1986-02-23,Самара,Retail,2025-01-06
617,316,Потребительский,175000.0,15.97,12,2023-12-19,Отделение №7,Закрыт,0.529,Влас Матвеевич Степанов,M,1964-02-10,Нижний Новгород,Premium,2023-12-19
618,754,Кредитная карта,126000.0,16.75,24,2025-11-28,Отделение №2,Активен,0.712,Павлова Зинаида Антоновна,F,1979-05-30,Санкт-Петербург,Premium,2024-05-17
619,5,Потребительский,669000.0,17.7,36,2025-04-26,Отделение №12,Активен,0.108,Беспалов Аверьян Владиленович,M,1991-12-23,Уфа,Retail,2025-02-23
620,516,Потребительский,604000.0,23.26,36,2024-07-08,Отделение №12,Активен,0.631,Татьяна Руслановна Дорофеева,F,1958-02-04,Ростов-на-Дону,Retail,2022-10-09
621,21,Вексель,1518000.0,8.98,12,2025-12-04,Отделение №13,Активен,0.183,Нифонт Иосипович Поляков,M,2007-07-15,Челябинск,Premium,2022-03-07
622,592,Автокредит,2532000.0,22.98,24,2024-08-12,Отделение №6,Активен,0.594,Василиса Ефимовна Куликова,F,1992-08-31,Самара,Retail,2024-08-12
623,583,Вексель,2322000.0,9.75,9,2024-07-10,Отделение №5,Закрыт,0.723,Молчанов Потап Григорьевич,M,2007-02-21,Санкт-Петербург,Premium,2024-07-10
624,479,Кредитная карта,56000.0,12.78,24,2024-10-10,Отделение №15,Активен,0.564,Дарья Олеговна Наумова,F,1981-06-12,Самара,Retail,2024-10-10
625,272,Автокредит,1721000.0,12.44,60,2024-08-23,Отделение №3,Активен,0.319,Амвросий Бенедиктович Дементьев,M,1983-04-05,Уфа,Retail,2024-08-23
626,419,Кредитная карта,41000.0,14.42,36,2024-03-30,Отделение №15,Активен,0.278,Ольга Станиславовна Мельникова,F,1971-12-28,Челябинск,Premium,2024-03-30
627,790,Автокредит,659000.0,8.68,48,2025-09-18,Отделение №8,Активен,0.274,Зинаида Дмитриевна Шубина,F,2001-04-11,Екатеринбург,Business,2025-09-18
628,147,Потребительский,177000.0,20.36,36,2025-05-26,Отделение №11,Активен,0.925,Поляков Онуфрий Демьянович,M,1971-08-06,Москва,Retail,2023-05-22
629,771,Потребительский,122000.0,17.51,24,2024-02-24,Отделение №15,Просрочен,0.04,Колесникова Александра Харитоновна,F,1992-06-29,Новосибирск,Business,2024-02-24
630,251,Автокредит,2477000.0,21.82,24,2024-09-27,Отделение №4,Просрочен,0.026,Регина Кузьминична Рыбакова,F,1989-02-15,Казань,Business,2023-12-09
631,5,Потребительский,761000.0,16.08,48,2025-02-23,Отделение №5,Активен,0.831,Беспалов Аверьян Владиленович,M,1991-12-23,Уфа,Retail,2025-02-23
632,304,Кредитная карта,223000.0,22.86,12,2025-12-08,Отделение №2,Активен,0.493,Давыдов Кондрат Терентьевич,M,1976-12-05,Уфа,Retail,2025-12-08
633,682,Кредитная карта,298000.0,8.64,36,2025-10-01,Отделение №2,Активен,0.354,Адам Тарасович Шаров,M,1992-10-08,Самара,Premium,2023-06-22
634,713,Вексель,1190000.0,9.38,3,2025-07-09,Отделение №8,Закрыт,0.335,Кира Архиповна Филиппова,F,1969-04-02,Самара,Retail,2025-07-09
635,141,Автокредит,1733000.0,19.16,24,2025-12-18,Отделение №1,Активен,0.892,Ситников Ростислав Тарасович,M,1973-03-02,Самара,Retail,2025-08-09
636,194,Ипотека,11324000.0,21.98,240,2025-12-10,Отделение №15,Активен,0.661,Пелагея Владиславовна Третьякова,F,1983-09-06,Санкт-Петербург,Business,2025-12-10
637,159,Автокредит,2868000.0,9.02,24,2024-06-10,Отделение №4,Активен,0.376,Богданов Флорентин Антипович,M,1963-07-25,Уфа,Retail,2024-06-10
638,215,Вексель,1400000.0,21.48,6,2024-09-19,Отделение №5,Закрыт,0.734,Ипатий Филиппович Сазонов,M,1971-05-21,Казань,Retail,2023-07-01
639,742,Потребительский,526000.0,22.27,12,2024-11-23,Отделение №1,Закрыт,0.749,Тихонова Иванна Натановна,F,1989-09-21,Екатеринбург,Premium,2023-10-07
640,585,Ипотека,6907000.0,9.78,180,2025-12-25,Отделение №5,Активен,0.418,Белоусов Милен Афанасьевич,M,1978-07-04,Ростов-на-Дону,Retail,2022-05-30
641,584,Автокредит,2041000.0,12.92,36,2025-07-30,Отделение №3,Активен,0.53,Никонов Иосиф Ефимович,M,2001-03-01,Ростов-на-Дону,Retail,2022-04-16
642,780,Кредитная карта,257000.0,15.43,24,2025-09-30,Отделение №7,Активен,0.797,Ковалева Марина Станиславовна,F,1971-03-10,Уфа,Premium,2023-02-05
643,460,Автокредит,1813000.0,10.53,48,2025-02-28,Отделение №15,Активен,0.963,Тамара Рубеновна Муравьева,F,1997-08-19,Москва,Retail,2025-02-28
644,645,Вексель,1508000.0,11.05,12,2024-09-18,Отделение №3,Закрыт,0.425,Таисия Николаевна Цветкова,F,1972-05-28,Нижний Новгород,Premium,2024-09-18
645,341,Ипотека,5189000.0,19.32,120,2025-11-13,Отделение №13,Активен,0.705,Калашникова Мария Максимовна,F,1968-11-11,Санкт-Петербург,Business,2025-11-13
646,596,Кредитная карта,257000.0,14.08,24,2025-05-15,Отделение №5,Активен,0.235,Маргарита Робертовна Селиверстова,F,1981-01-19,Нижний Новгород,Retail,2023-08-28
647,49,Потребительский,211000.0,16.85,48,2023-03-15,Отделение №11,Активен,0.323,Анна Егоровна Сергеева,F,1976-10-22,Ростов-на-Дону,Retail,2023-03-15
648,633,Потребительский,344000.0,13.84,48,2024-05-20,Отделение №5,Активен,0.912,Изяслав Антонович Николаев,M,1960-02-27,Новосибирск,Premium,2024-02-18
649,539,Ипотека,4189000.0,14.74,120,2025-08-31,Отделение №15,Активен,0.221,Самойлова Лора Павловна,F,1973-01-29,Екатеринбург,Retail,2025-08-31
650,114,Потребительский,205000.0,17.74,12,2025-06-10,Отделение №9,Активен,0.129,Мария Харитоновна Блохина,F,1991-11-04,Екатеринбург,Retail,2024-08-10
651,484,Потребительский,592000.0,20.86,48,2024-10-29,Отделение №6,Активен,0.333,Вера Натановна Николаева,F,1968-12-07,Уфа,Retail,2024-10-29
652,297,Вексель,2809000.0,10.37,3,2025-09-11,Отделение №3,Закрыт,0.535,Суворов Радислав Алексеевич,M,1958-08-19,Самара,Retail,2025-09-11
653,187,Вексель,2038000.0,21.24,6,2024-12-06,Отделение №6,Закрыт,0.911,Вадим Давидович Одинцов,M,2003-02-23,Самара,Retail,2024-12-06
654,411,Ипотека,7530000.0,7.16,180,2025-08-09,Отделение №9,Просрочен,0.02,Макарова Наина Харитоновна,F,1971-09-03,Самара,Retail,2025-08-09
655,54,Потребительский,348000.0,9.39,48,2023-05-25,Отделение №4,Активен,0.301,Логинов Самсон Юлианович,M,2003-06-25,Уфа,Retail,2023-05-25
656,415,Автокредит,2189000.0,20.3,24,2024-11-21,Отделение №7,Активен,0.813,Александра Филипповна Блохина,F,1992-02-06,Уфа,Retail,2024-11-21
657,172,Вексель,743000.0,7.91,9,2025-02-07,Отделение №12,Закрыт,0.505,Анжелика Эльдаровна Волкова,F,2001-12-03,Челябинск,Retail,2025-02-07
658,783,Вексель,2135000.0,17.63,3,2025-01-14,Отделение №12,Закрыт,0.152,Анжелика Рудольфовна Миронова,F,1988-06-27,Челябинск,Premium,2022-01-03
659,126,Автокредит,1417000.0,14.32,48,2025-01-27,Отделение №5,Активен,0.743,Алина Алексеевна Селиверстова,F,1968-07-13,Новосибирск,Retail,2025-01-27
660,67,Потребительский,202000.0,17.1,36,2025-09-05,Отделение №7,Активен,0.377,Жданов Герман Егорович,M,1970-04-29,Екатеринбург,Retail,2022-05-21
661,6,Потребительский,775000.0,11.73,36,2024-09-16,Отделение №9,Активен,0.703,Степанова Екатерина Львовна,F,1960-12-27,Казань,Retail,2023-03-28
662,123,Потребительский,63000.0,24.01,48,2024-03-17,Отделение №12,Активен,0.763,Мишина Марина Игоревна,F,1994-10-11,Санкт-Петербург,Retail,2022-04-13
663,230,Потребительский,218000.0,20.69,12,2024-03-24,Отделение №8,Закрыт,0.447,Муравьев Игорь Харитонович,M,1956-12-22,Челябинск,Premium,2023-10-14
664,269,Автокредит,2071000.0,21.4,48,2023-06-26,Отделение №2,Активен,0.976,Гущин Карл Аксёнович,M,1965-01-20,Самара,Retail,2023-06-26
665,494,Автокредит,940000.0,11.1,60,2025-12-22,Отделение №10,Активен,0.141,Брагина Олимпиада Кузьминична,F,2003-03-21,Самара,Retail,2025-12-22
666,472,Вексель,2665000.0,20.62,6,2023-08-18,Отделение №5,Закрыт,0.252,Аггей Демидович Ершов,M,1959-03-05,Ростов-на-Дону,Business,2023-08-18
667,390,Вексель,4188000.0,19.18,3,2024-07-09,Отделение №14,Закрыт,0.599,Баранова Лариса Кузьминична,F,1993-11-07,Новосибирск,Business,2024-07-09
668,710,Потребительский,568000.0,15.7,48,2025-01-22,Отделение №4,Активен,0.959,Остромир Эдгарович Бобылев,M,1975-05-14,Новосибирск,Business,2023-07-22
669,453,Потребительский,582000.0,14.33,12,2024-11-27,Отделение №3,Просрочен,0.078,Савва Григорьевич Фадеев,M,1968-07-17,Новосибирск,Retail,2024-11-27
670,159,Вексель,894000.0,10.13,3,2024-06-10,Отделение №2,Закрыт,0.87,Богданов Флорентин Антипович,M,1963-07-25,Уфа,Retail,2024-06-10
671,66,Потребительский,368000.0,21.28,24,2025-07-06,Отделение №12,Активен,0.487,Шашков Всеволод Евсеевич,M,1961-09-04,Санкт-Петербург,Business,2022-04-27
672,696,Кредитная карта,143000.0,8.66,12,2023-08-31,Отделение №12,Закрыт,0.996,Вячеслав Брониславович Сазонов,M,1983-01-15,Казань,Retail,2023-03-28
673,143,Кредитная карта,213000.0,17.82,36,2024-07-20,Отделение №11,Активен,0.372,Матвей Елисеевич Бобылев,M,1986-09-03,Челябинск,Retail,2024-07-20
674,201,Потребительский,268000.0,24.02,24,2025-06-11,Отделение №10,Активен,0.371,Антонина Станиславовна Сысоева,F,1979-06-08,Челябинск,Retail,2022-06-14
675,351,Потребительский,397000.0,9.52,36,2025-07-08,Отделение №8,Активен,0.715,Власова Нинель Натановна,F,1973-04-21,Самара,Retail,2025-07-08
676,694,Потребительский,362000.0,7.73,24,2024-08-21,Отделение №5,Активен,0.977,Суханова Эмилия Геннадьевна,F,1997-08-10,Челябинск,Premium,2024-04-17
677,121,Вексель,1076000.0,14.94,3,2025-01-06,Отделение №10,Закрыт,0.095,Носков Пахом Венедиктович,M,2000-10-01,Москва,Premium,2022-10-30
678,617,Ипотека,3565000.0,16.79,240,2025-07-27,Отделение №11,Активен,0.226,Нестор Иларионович Силин,M,1978-01-01,Нижний Новгород,Premium,2024-10-20
679,62,Потребительский,194000.0,17.25,36,2024-05-22,Отделение №10,Активен,0.306,Антонина Анатольевна Белякова,F,1966-10-04,Уфа,Premium,2024-05-16
680,528,Вексель,4678000.0,17.4,6,2023-11-18,Отделение №4,Закрыт,0.103,Никита Жоресович Денисов,M,1961-03-19,Уфа,Retail,2023-11-18
681,556,Потребительский,247000.0,21.16,12,2025-12-05,Отделение №13,Активен,0.587,Мамонтова Феврония Сергеевна,F,1963-07-07,Москва,Retail,2025-12-05
682,496,Ипотека,7757000.0,18.8,240,2025-06-15,Отделение №3,Активен,0.473,Жданова Фаина Харитоновна,F,1993-02-11,Москва,Retail,2025-04-10
683,367,Потребительский,224000.0,23.6,24,2023-06-01,Отделение №3,Закрыт,0.615,Пелагея Геннадьевна Ильина,F,1962-09-24,Ростов-на-Дону,Premium,2023-06-01
684,576,Потребительский,706000.0,22.99,36,2022-06-09,Отделение №9,Просрочен,0.052,Людмила Андреевна Мартынова,F,1962-10-10,Челябинск,Business,2022-04-07
685,264,Вексель,2184000.0,12.07,12,2024-12-23,Отделение №4,Закрыт,0.76,Наталья Альбертовна Меркушева,F,1970-08-18,Казань,Retail,2024-12-23
686,757,Автокредит,1381000.0,15.23,60,2025-12-17,Отделение №9,Активен,0.312,Демьян Харламович Сафонов,M,1984-05-05,Екатеринбург,Premium,2023-09-28
687,660,Потребительский,109000.0,23.9,24,2025-04-07,Отделение №12,Активен,0.834,Нестерова Василиса Егоровна,F,1970-11-03,Уфа,Retail,2025-04-07
688,439,Потребительский,378000.0,19.29,48,2024-09-30,Отделение №2,Активен,0.251,Вацлав Игнатьевич Бобров,M,1979-04-20,Санкт-Петербург,Retail,2022-09-09
689,364,Автокредит,1532000.0,6.97,48,2024-04-17,Отделение №8,Активен,0.366,Матвеева Зинаида Вадимовна,F,1957-01-08,Ростов-на-Дону,Premium,2024-04-17
690,219,Вексель,1795000.0,17.85,12,2024-08-03,Отделение №15,Закрыт,0.876,Иван Ильич Поляков,M,1988-10-11,Новосибирск,Business,2024-08-03
691,509,Кредитная карта,133000.0,10.1,12,2025-12-14,Отделение №4,Активен,0.361,Жанна Георгиевна Орехова,F,1983-01-18,Самара,Retail,2025-12-14
692,672,Потребительский,283000.0,23.35,12,2024-01-26,Отделение №1,Закрыт,0.503,Маргарита Артемовна Логинова,F,1986-02-25,Санкт-Петербург,Retail,2022-05-18
693,644,Автокредит,487000.0,15.31,48,2025-08-07,Отделение №12,Просрочен,0.044,Русаков Геннадий Вячеславович,M,2004-02-04,Челябинск,Retail,2022-12-09
694,81,Вексель,1443000.0,21.65,3,2025-03-17,Отделение №15,Закрыт,0.863,Русаков Родион Иларионович,M,1971-07-18,Екатеринбург,Retail,2023-07-12
695,332,Ипотека,8075000.0,9.7,300,2024-10-01,Отделение №11,Активен,0.75,Иванов Богдан Аверьянович,M,1968-12-24,Екатеринбург,Retail,2023-02-23
696,25,Вексель,4056000.0,7.03,3,2025-04-12,Отделение №3,Закрыт,0.894,Агафья Вадимовна Федосеева,F,2001-09-06,Ростов-на-Дону,Retail,2025-04-12
697,791,Вексель,967000.0,14.22,6,2023-06-19,Отделение №1,Закрыт,0.846,Орлова Мария Сергеевна,F,1986-04-14,Челябинск,Business,2023-06-19
698,1,Ипотека,9106000.0,22.29,240,2022-07-19,Отделение №14,Активен,0.277,Аким Елизарович Николаев,M,1967-04-13,Екатеринбург,Premium,2022-02-21
699,347,Потребительский,511000.0,21.91,12,2023-11-13,Отделение №6,Закрыт,0.848,Медведев Андроник Жанович,M,2004-03-17,Екатеринбург,Retail,2022-07-30
700,722,Кредитная карта,76000.0,16.0,36,2024-01-21,Отделение №7,Активен,0.941,Нестеров Ярослав Харлампович,M,1966-01-21,Самара,Retail,2022-07-23
701,557,Ипотека,8677000.0,10.05,120,2024-08-24,Отделение №3,Активен,0.761,тов. Орлов Лавр Фёдорович,M,2003-07-17,Челябинск,Retail,2024-08-24
702,358,Вексель,511000.0,11.57,12,2025-03-16,Отделение №9,Активен,0.199,г-жа Воробьева Милица Михайловна,F,1982-05-10,Нижний Новгород,Premium,2025-03-16
703,596,Ипотека,8353000.0,11.54,120,2023-09-30,Отделение №6,Активен,0.351,Маргарита Робертовна Селиверстова,F,1981-01-19,Нижний Новгород,Retail,2023-08-28
704,792,Ипотека,10361000.0,23.62,120,2025-03-05,Отделение №15,Дефолт,0.088,Бирюкова Алина Кузьминична,F,2004-12-29,Екатеринбург,Retail,2023-10-14
705,800,Потребительский,597000.0,17.38,24,2024-11-17,Отделение №13,Активен,0.966,Щербакова Варвара Тимуровна,F,1968-10-25,Казань,Retail,2024-11-17
706,162,Потребительский,58000.0,8.0,36,2024-07-31,Отделение №4,Активен,0.724,Марина Петровна Бурова,F,1978-09-11,Санкт-Петербург,Business,2023-10-23
707,518,Потребительский,561000.0,12.21,24,2025-07-30,Отделение №5,Активен,0.379,Аггей Глебович Сафонов,M,1963-03-04,Санкт-Петербург,Retail,2025-07-30
708,388,Потребительский,155000.0,10.66,36,2025-02-09,Отделение №15,Активен,0.188,Милица Кузьминична Панова,F,1959-06-20,Уфа,Business,2025-02-09
709,148,Потребительский,784000.0,14.59,36,2025-11-29,Отделение №6,Дефолт,0.092,Савватий Изотович Родионов,M,2007-07-02,Санкт-Петербург,Retail,2023-05-04
710,422,Автокредит,1307000.0,19.14,60,2025-07-16,Отделение №14,Активен,0.17,Наумова Клавдия Дмитриевна,F,2004-08-18,Новосибирск,Retail,2022-06-11
711,361,Автокредит,805000.0,14.48,36,2025-12-09,Отделение №11,Активен,0.646,Михей Иосипович Блинов,M,2005-01-17,Москва,Retail,2024-10-30
712,768,Вексель,1116000.0,15.94,9,2022-11-19,Отделение №4,Закрыт,0.211,Кулакова Клавдия Георгиевна,F,1963-06-21,Санкт-Петербург,Retail,2022-11-19
713,641,Ипотека,2314000.0,18.61,120,2025-02-19,Отделение №3,Активен,0.186,Гордеев Ферапонт Владленович,M,1974-10-17,Екатеринбург,Business,2025-02-19
714,638,Ипотека,5230000.0,17.33,300,2025-09-10,Отделение №12,Просрочен,0.034,Карп Валерианович Мамонтов,M,2002-06-20,Уфа,Retail,2022-02-23
715,767,Потребительский,319000.0,14.25,12,2024-10-20,Отделение №11,Закрыт,0.335,Ширяев Кирилл Зиновьевич,M,2000-06-21,Новосибирск,Business,2024-10-20
716,418,Кредитная карта,81000.0,9.49,24,2023-09-20,Отделение №13,Закрыт,0.547,Якушева Анастасия Валентиновна,F,1982-08-24,Нижний Новгород,Retail,2023-07-14
717,56,Потребительский,657000.0,17.1,48,2025-04-30,Отделение №7,Активен,0.435,Виноградова Жанна Ниловна,F,1961-11-28,Санкт-Петербург,Business,2023-05-27
718,686,Ипотека,4436000.0,12.72,240,2025-10-08,Отделение №5,Активен,0.679,Ефимов Фотий Даниилович,M,2006-04-27,Санкт-Петербург,Retail,2025-10-08
719,218,Потребительский,747000.0,8.48,24,2025-02-05,Отделение №5,Активен,0.426,Воронцов Антип Эдуардович,M,1998-12-25,Екатеринбург,Retail,2025-02-05
720,209,Кредитная карта,138000.0,15.92,12,2024-04-23,Отделение №15,Закрыт,0.922,Горбунова Вероника Ефимовна,F,1983-04-18,Казань,Premium,2024-04-23
721,390,Автокредит,2214000.0,20.33,36,2025-03-09,Отделение №6,Активен,0.13,Баранова Лариса Кузьминична,F,1993-11-07,Новосибирск,Business,2024-07-09
722,123,Вексель,364000.0,21.09,3,2023-09-26,Отделение №6,Закрыт,0.141,Мишина Марина Игоревна,F,1994-10-11,Санкт-Петербург,Retail,2022-04-13
723,235,Ипотека,3653000.0,9.21,120,2025-09-10,Отделение №5,Активен,0.883,Селиверстов Тимур Федосеевич,M,1986-03-20,Новосибирск,Business,2024-04-19
724,157,Потребительский,188000.0,8.16,24,2024-06-13,Отделение №11,Активен,0.245,Архипова Нинель Львовна,F,1965-04-05,Самара,Premium,2022-01-26
725,770,Автокредит,2417000.0,9.43,24,2024-09-04,Отделение №9,Дефолт,0.1,Козлов Сергей Ерофеевич,M,1969-03-01,Самара,Retail,2022-01-26
726,545,Вексель,3524000.0,13.42,12,2025-09-30,Отделение №4,Активен,0.463,Таисия Алексеевна Селиверстова,F,1993-06-27,Самара,Premium,2024-05-01
727,126,Вексель,570000.0,20.54,6,2025-01-27,Отделение №13,Закрыт,0.134,Алина Алексеевна Селиверстова,F,1968-07-13,Новосибирск,Retail,2025-01-27
728,46,Потребительский,262000.0,13.75,48,2025-05-07,Отделение №8,Дефолт,0.072,Вышеслав Федосьевич Королев,M,1970-02-27,Санкт-Петербург,Retail,2025-04-20
729,241,Вексель,4854000.0,22.79,3,2023-03-31,Отделение №4,Закрыт,0.178,Эдуард Адамович Васильев,M,1996-08-02,Санкт-Петербург,Retail,2022-07-05
730,520,Ипотека,5399000.0,17.52,120,2025-06-04,Отделение №2,Активен,0.398,Щукин Никита Игнатович,M,1975-08-20,Новосибирск,Business,2022-01-11
731,162,Автокредит,759000.0,10.39,36,2023-10-23,Отделение №6,Активен,0.435,Марина Петровна Бурова,F,1978-09-11,Санкт-Петербург,Business,2023-10-23
732,185,Ипотека,3799000.0,12.22,180,2023-08-07,Отделение №8,Активен,0.675,Игнатов Святослав Валерьевич,M,1957-03-05,Казань,Premium,2022-11-02
733,726,Потребительский,769000.0,9.51,48,2023-07-16,Отделение №14,Активен,0.682,Герасимов Прокофий Андреевич,M,1969-05-13,Нижний Новгород,Retail,2023-07-16
734,608,Потребительский,655000.0,19.98,36,2025-11-06,Отделение №7,Активен,0.656,Соболева Ольга Анатольевна,F,1962-07-29,Казань,Retail,2022-01-25
735,718,Вексель,160000.0,17.07,9,2024-12-30,Отделение №8,Закрыт,0.384,Туров Евграф Устинович,M,1991-12-05,Челябинск,Retail,2024-12-30
736,629,Потребительский,540000.0,20.69,48,2024-10-01,Отделение №5,Активен,0.303,Белякова Синклитикия Юрьевна,F,1963-08-12,Уфа,Retail,2024-10-01
737,598,Вексель,668000.0,13.36,12,2025-02-01,Отделение №6,Активен,0.474,Голубева Синклитикия Никифоровна,F,1967-01-01,Нижний Новгород,Premium,2025-02-01
738,140,Вексель,4862000.0,24.55,3,2024-03-17,Отделение №7,Закрыт,0.532,Красильников Иннокентий Афанасьевич,M,1970-03-06,Москва,Retail,2024-03-17
739,94,Кредитная карта,52000.0,23.95,12,2023-11-22,Отделение №5,Закрыт,0.708,Хохлов Август Ефимьевич,M,1970-08-05,Челябинск,Premium,2023-11-12
740,469,Потребительский,660000.0,7.39,48,2024-06-09,Отделение №2,Активен,0.282,Наталья Тарасовна Щербакова,F,1998-06-28,Нижний Новгород,Retail,2024-03-27
741,22,Кредитная карта,154000.0,19.13,12,2025-05-12,Отделение №6,Активен,0.252,Горшкова Анна Альбертовна,F,2000-06-13,Ростов-на-Дону,Retail,2022-05-16
742,17,Вексель,3857000.0,11.42,3,2025-01-16,Отделение №7,Закрыт,0.293,Федотов Артемий Гордеевич,M,2003-02-27,Казань,Retail,2024-01-29
743,579,Потребительский,293000.0,8.55,12,2025-05-05,Отделение №9,Активен,0.732,Елена Кирилловна Морозова,F,1969-12-19,Казань,Premium,2023-05-09
744,602,Вексель,1318000.0,8.24,3,2025-01-15,Отделение №11,Закрыт,0.727,Родион Аверьянович Ильин,M,2004-01-02,Москва,Business,2025-01-15
745,52,Ипотека,10927000.0,19.18,240,2024-07-27,Отделение №14,Активен,0.244,Тамара Рудольфовна Степанова,F,1965-07-19,Москва,Retail,2024-05-17
746,312,Кредитная карта,282000.0,14.93,36,2025-10-04,Отделение №6,Дефолт,0.077,Акулина Михайловна Никифорова,F,1965-01-17,Нижний Новгород,Retail,2025-10-04
747,19,Потребительский,507000.0,15.93,12,2024-02-22,Отделение №6,Закрыт,0.725,Ратмир Викторович Белоусов,M,1962-12-07,Казань,Retail,2022-12-01
748,19,Кредитная карта,232000.0,6.91,24,2024-03-31,Отделение №5,Активен,0.95,Ратмир Викторович Белоусов,M,1962-12-07,Казань,Retail,2022-12-01
749,316,Вексель,3739000.0,24.26,3,2024-06-06,Отделение №10,Закрыт,0.794,Влас Матвеевич Степанов,M,1964-02-10,Нижний Новгород,Premium,2023-12-19
750,51,Потребительский,277000.0,21.2,24,2025-11-22,Отделение №8,Активен,0.374,Колесников Капитон Филиппович,M,1970-07-04,Челябинск,Retail,2022-07-13
751,229,Потребительский,752000.0,20.82,36,2025-11-11,Отделение №11,Активен,0.277,Каллистрат Тарасович Бирюков,M,1988-11-16,Челябинск,Retail,2025-03-17
752,474,Потребительский,349000.0,11.74,24,2025-10-20,Отделение №4,Просрочен,0.005,Гришина Алина Ниловна,F,1978-07-02,Екатеринбург,Premium,2025-03-29
753,336,Потребительский,361000.0,11.41,24,2023-07-17,Отделение №11,Закрыт,0.599,Синклитикия Архиповна Евдокимова,F,1982-06-22,Москва,Retail,2022-05-28
754,749,Потребительский,216000.0,12.47,12,2025-12-23,Отделение №5,Дефолт,0.064,Юдина Анна Георгиевна,F,1978-08-23,Ростов-на-Дону,Retail,2023-10-11
755,88,Вексель,3086000.0,14.24,12,2025-04-19,Отделение №9,Активен,0.595,Евграф Дмитриевич Соловьев,M,1992-07-12,Нижний Новгород,Retail,2025-01-22
756,198,Ипотека,11299000.0,12.77,120,2023-12-04,Отделение №8,Активен,0.346,Наум Теймуразович Нестеров,M,1996-11-16,Ростов-на-Дону,Premium,2022-12-06
757,15,Потребительский,691000.0,16.29,48,2023-04-22,Отделение №7,Активен,0.17,Федосий Гурьевич Зимин,M,1972-07-15,Челябинск,Business,2023-04-22
758,665,Потребительский,74000.0,15.45,12,2025-07-17,Отделение №2,Активен,0.985,Тимофеев Ростислав Евсеевич,M,2000-01-02,Екатеринбург,Retail,2022-01-22
759,122,Потребительский,789000.0,11.87,36,2024-05-20,Отделение №11,Активен,0.315,Осипов Натан Зиновьевич,M,1966-09-06,Уфа,Retail,2024-05-20
760,239,Ипотека,3559000.0,12.97,180,2025-07-07,Отделение №13,Активен,0.432,София Матвеевна Семенова,F,1976-05-17,Самара,Premium,2025-07-07
761,553,Потребительский,780000.0,13.41,48,2025-02-28,Отделение №7,Активен,0.538,Татьяна Ниловна Меркушева,F,1994-10-24,Самара,Retail,2025-02-28
762,553,Автокредит,2609000.0,10.52,24,2025-02-28,Отделение №10,Активен,0.992,Татьяна Ниловна Меркушева,F,1994-10-24,Самара,Retail,2025-02-28
763,645,Потребительский,699000.0,14.02,48,2025-01-31,Отделение №7,Активен,0.751,Таисия Николаевна Цветкова,F,1972-05-28,Нижний Новгород,Premium,2024-09-18
764,494,Кредитная карта,105000.0,8.44,24,2025-12-22,Отделение №11,Активен,0.885,Брагина Олимпиада Кузьминична,F,2003-03-21,Самара,Retail,2025-12-22
765,503,Вексель,1657000.0,22.31,12,2023-04-07,Отделение №8,Закрыт,0.495,Евдокимова Елизавета Афанасьевна,F,1992-06-12,Уфа,Premium,2022-05-08
766,259,Потребительский,743000.0,13.86,24,2025-10-20,Отделение №14,Просрочен,0.003,Белова Лариса Олеговна,F,1971-12-04,Новосибирск,Premium,2025-10-20
767,673,Потребительский,398000.0,23.19,24,2025-10-31,Отделение №11,Активен,0.383,Афиноген Адамович Голубев,M,1965-12-15,Новосибирск,Retail,2023-12-04
768,489,Ипотека,6183000.0,7.03,180,2025-07-27,Отделение №10,Активен,0.224,Лазарь Авдеевич Соболев,M,2004-05-28,Уфа,Premium,2023-11-14
769,84,Автокредит,2997000.0,12.48,60,2025-07-23,Отделение №10,Активен,0.25,Терентий Игнатович Субботин,M,1957-02-09,Казань,Retail,2025-07-23
770,40,Автокредит,2179000.0,20.17,48,2022-09-20,Отделение №11,Активен,0.884,Копылов Изот Елисеевич,M,1990-06-17,Уфа,Premium,2022-09-20
771,675,Ипотека,7113000.0,14.92,180,2025-02-20,Отделение №4,Активен,0.723,Варвара Аскольдовна Фокина,F,1979-08-24,Самара,Retail,2025-02-20
772,794,Потребительский,753000.0,8.94,24,2023-10-23,Отделение №1,Просрочен,0.065,Всеволод Измаилович Мясников,M,1981-02-28,Самара,Retail,2022-11-15
773,792,Потребительский,396000.0,17.6,24,2025-11-01,Отделение №13,Активен,0.99,Бирюкова Алина Кузьминична,F,2004-12-29,Екатеринбург,Retail,2023-10-14
774,615,Потребительский,396000.0,21.92,12,2025-05-22,Отделение №15,Активен,0.872,Георгий Фадеевич Горбачев,M,1991-05-17,Челябинск,Retail,2022-07-11
775,623,Потребительский,397000.0,20.27,12,2023-09-05,Отделение №7,Закрыт,0.682,Чеслав Артёмович Лобанов,M,2001-11-20,Екатеринбург,Retail,2023-09-05
776,495,Кредитная карта,299000.0,20.91,24,2024-01-25,Отделение №15,Активен,0.958,Тихонов Аникита Гурьевич,M,1994-03-21,Санкт-Петербург,Retail,2024-01-25
777,340,Вексель,693000.0,15.35,3,2024-06-17,Отделение №5,Закрыт,0.726,Прасковья Тимуровна Лебедева,F,1975-12-23,Ростов-на-Дону,Premium,2022-12-18
778,352,Вексель,4159000.0,13.85,3,2024-08-18,Отделение №11,Закрыт,0.927,Шубин Сергей Исидорович,M,2003-09-27,Казань,Retail,2024-08-18
779,185,Автокредит,1514000.0,9.19,24,2022-11-02,Отделение №14,Закрыт,0.262,Игнатов Святослав Валерьевич,M,1957-03-05,Казань,Premium,2022-11-02
780,270,Автокредит,2458000.0,14.1,36,2025-10-09,Отделение №15,Активен,0.34,Ксения Львовна Шестакова,F,1955-12-28,Казань,Premium,2025-10-09
781,82,Потребительский,412000.0,12.57,36,2023-02-21,Отделение №8,Активен,0.694,Елизавета Дмитриевна Козлова,F,1989-12-30,Казань,Premium,2023-02-21
782,393,Кредитная карта,163000.0,12.8,12,2024-03-22,Отделение №6,Закрыт,0.689,Баранов Валерий Анисимович,M,1970-10-06,Екатеринбург,Retail,2024-03-22
783,765,Вексель,3528000.0,7.16,9,2025-05-02,Отделение №9,Активен,0.14,Юлия Никифоровна Логинова,F,1960-12-29,Ростов-на-Дону,Retail,2024-12-08
784,728,Потребительский,216000.0,13.17,36,2025-02-28,Отделение №12,Активен,0.291,Валерий Архипович Агафонов,M,1973-07-20,Екатеринбург,Retail,2024-03-22
785,268,Потребительский,525000.0,14.59,48,2025-12-31,Отделение №12,Активен,0.295,Юлия Юрьевна Муравьева,F,1989-02-03,Челябинск,Retail,2025-02-15
786,292,Вексель,730000.0,11.23,9,2024-02-26,Отделение №14,Закрыт,0.228,Захаров Эраст Витальевич,M,1995-03-16,Екатеринбург,Premium,2024-01-04
787,203,Потребительский,277000.0,13.2,12,2025-10-12,Отделение №14,Активен,0.509,Мартьян Тихонович Кулагин,M,1959-11-07,Ростов-на-Дону,Premium,2025-10-12
788,452,Кредитная карта,140000.0,24.39,36,2022-12-15,Отделение №10,Закрыт,0.644,Степанов Радован Марсович,M,1977-04-19,Москва,Retail,2022-09-22
789,491,Кредитная карта,115000.0,22.42,24,2024-02-14,Отделение №3,Активен,0.485,Елизар Тихонович Фомичев,M,1968-02-13,Нижний Новгород,Business,2023-11-03
790,4,Кредитная карта,160000.0,6.76,24,2024-02-17,Отделение №6,Активен,0.947,Трифон Федосеевич Поляков,M,1979-01-12,Ростов-на-Дону,Retail,2023-03-24
791,134,Потребительский,205000.0,17.7,24,2023-07-24,Отделение №2,Закрыт,0.729,Андроник Изотович Лукин,M,1977-12-13,Челябинск,Premium,2023-02-28
792,56,Автокредит,1327000.0,23.29,60,2025-03-12,Отделение №14,Активен,0.906,Виноградова Жанна Ниловна,F,1961-11-28,Санкт-Петербург,Business,2023-05-27
793,192,Вексель,4113000.0,13.19,6,2023-02-19,Отделение №11,Просрочен,0.033,Павел Измаилович Колобов,M,1996-08-20,Ростов-на-Дону,Retail,2022-01-06
794,702,Потребительский,297000.0,16.68,12,2024-07-10,Отделение №12,Закрыт,0.535,Артемьев Август Тимурович,M,1999-11-30,Санкт-Петербург,Retail,2024-07-10
795,422,Автокредит,607000.0,16.93,24,2024-07-03,Отделение №5,Активен,0.248,Наумова Клавдия Дмитриевна,F,2004-08-18,Новосибирск,Retail,2022-06-11
796,25,Вексель,995000.0,19.19,6,2025-04-12,Отделение №1,Закрыт,0.456,Агафья Вадимовна Федосеева,F,2001-09-06,Ростов-на-Дону,Retail,2025-04-12
797,341,Кредитная карта,102000.0,20.17,24,2025-11-13,Отделение №15,Активен,0.733,Калашникова Мария Максимовна,F,1968-11-11,Санкт-Петербург,Business,2025-11-13
798,186,Потребительский,727000.0,10.32,36,2023-05-24,Отделение №13,Активен,0.244,Изяслав Владиленович Никифоров,M,1984-04-26,Челябинск,Retail,2023-05-24
799,470,Автокредит,1607000.0,21.04,24,2023-10-16,Отделение №8,Просрочен,0.073,Коновалов Герман Елизарович,M,1965-06-22,Санкт-Петербург,Retail,2023-10-16
800,241,Потребительский,113000.0,16.48,24,2022-07-24,Отделение №8,Закрыт,0.215,Эдуард Адамович Васильев,M,1996-08-02,Санкт-Петербург,Retail,2022-07-05
801,384,Потребительский,57000.0,19.75,48,2024-01-24,Отделение №11,Активен,0.443,Алексей Артурович Соловьев,M,2004-12-30,Ростов-на-Дону,Premium,2024-01-24
802,412,Потребительский,654000.0,11.13,48,2025-07-17,Отделение №5,Активен,0.407,Алевтина Эльдаровна Мухина,F,1969-06-25,Новосибирск,Retail,2025-07-17
803,73,Ипотека,3765000.0,11.72,300,2024-11-19,Отделение №5,Активен,0.645,Виктория Тимофеевна Петрова,F,1999-01-27,Санкт-Петербург,Business,2023-10-10
804,516,Кредитная карта,97000.0,16.83,24,2025-10-20,Отделение №8,Активен,0.309,Татьяна Руслановна Дорофеева,F,1958-02-04,Ростов-на-Дону,Retail,2022-10-09
805,392,Потребительский,617000.0,6.62,24,2024-09-25,Отделение №9,Активен,0.893,Лариса Егоровна Абрамова,F,1962-01-17,Челябинск,Business,2023-12-17
806,781,Ипотека,3631000.0,18.88,120,2024-06-03,Отделение №14,Дефолт,0.095,Красильников Георгий Викентьевич,M,2007-04-11,Челябинск,Retail,2022-11-05
807,431,Ипотека,8379000.0,20.83,180,2024-01-12,Отделение №4,Активен,0.763,Тихонова Лора Руслановна,F,1960-11-25,Ростов-на-Дону,Retail,2024-01-12
808,676,Потребительский,279000.0,19.1,48,2024-04-09,Отделение №4,Активен,0.928,Дроздов Пимен Тихонович,M,1981-06-21,Новосибирск,Retail,2024-04-09
809,662,Автокредит,802000.0,20.6,36,2023-01-29,Отделение №14,Активен,0.786,Фокин Егор Венедиктович,M,1996-03-25,Нижний Новгород,Premium,2022-08-12
810,48,Потребительский,547000.0,24.55,36,2024-11-23,Отделение №13,Активен,0.653,Антонина Альбертовна Кулагина,F,2007-08-21,Казань,Retail,2022-05-26
811,463,Ипотека,9265000.0,15.18,180,2025-06-19,Отделение №5,Активен,0.856,Семенова Ангелина Руслановна,F,1957-04-28,Самара,Retail,2025-06-19
812,418,Ипотека,5062000.0,14.77,240,2023-10-08,Отделение №7,Активен,0.425,Якушева Анастасия Валентиновна,F,1982-08-24,Нижний Новгород,Retail,2023-07-14
813,104,Вексель,128000.0,24.32,12,2024-06-12,Отделение №13,Закрыт,0.354,Регина Рубеновна Васильева,F,1984-08-28,Уфа,Retail,2024-06-12
814,687,Потребительский,393000.0,21.56,36,2023-09-18,Отделение №11,Активен,0.202,Прохоров Иларион Евстигнеевич,M,1983-06-05,Нижний Новгород,Retail,2023-09-18
815,706,Вексель,1545000.0,12.42,9,2022-05-02,Отделение №6,Закрыт,0.791,Филиппов Гурий Афанасьевич,M,1998-05-26,Уфа,Retail,2022-05-02
816,409,Автокредит,2321000.0,15.75,36,2025-06-18,Отделение №2,Активен,0.856,Ширяева Прасковья Степановна,F,1983-05-10,Санкт-Петербург,Retail,2022-05-19
817,1,Потребительский,170000.0,15.15,48,2025-04-29,Отделение №1,Активен,0.971,Аким Елизарович Николаев,M,1967-04-13,Екатеринбург,Premium,2022-02-21
818,38,Вексель,2011000.0,11.65,12,2023-05-27,Отделение №7,Закрыт,0.607,Иван Гурьевич Иванов,M,1959-05-14,Ростов-на-Дону,Retail,2022-04-29
819,497,Потребительский,92000.0,16.4,36,2023-07-20,Отделение №5,Активен,0.438,Лазарева Лора Евгеньевна,F,1975-06-05,Ростов-на-Дону,Business,2023-06-28
820,234,Потребительский,151000.0,24.48,12,2024-12-13,Отделение №14,Закрыт,0.732,Фролов Тимофей Венедиктович,M,1975-11-19,Москва,Business,2024-12-13
821,721,Потребительский,163000.0,10.18,36,2025-03-21,Отделение №4,Дефолт,0.088,Алла Михайловна Смирнова,F,1977-11-28,Москва,Business,2023-12-05
822,664,Потребительский,460000.0,16.27,36,2025-02-14,Отделение №1,Активен,0.291,Ковалева Синклитикия Матвеевна,F,2005-11-01,Челябинск,Business,2023-11-11
823,495,Потребительский,627000.0,23.15,36,2024-01-25,Отделение №15,Активен,0.446,Тихонов Аникита Гурьевич,M,1994-03-21,Санкт-Петербург,Retail,2024-01-25
824,655,Потребительский,291000.0,13.16,24,2025-10-28,Отделение №12,Активен,0.199,Леон Бориславович Ершов,M,1983-03-23,Москва,Premium,2025-10-28
825,70,Потребительский,503000.0,8.69,12,2024-05-08,Отделение №7,Закрыт,0.411,Аникей Ааронович Миронов,M,1995-10-09,Ростов-на-Дону,Premium,2024-05-08
826,282,Вексель,4011000.0,13.37,3,2024-11-15,Отделение №1,Закрыт,0.566,Щербакова Синклитикия Евгеньевна,F,1981-09-08,Нижний Новгород,Business,2022-07-23
827,357,Кредитная карта,266000.0,15.55,24,2025-04-03,Отделение №11,Активен,0.575,Людмила Юрьевна Кудряшова,F,1969-12-13,Москва,Retail,2025-04-03
828,173,Потребительский,107000.0,20.86,12,2025-02-17,Отделение №13,Активен,0.532,Элеонора Ждановна Козлова,F,1960-06-03,Казань,Premium,2023-12-22
829,426,Автокредит,2614000.0,18.46,60,2025-06-03,Отделение №2,Активен,0.191,Галактион Ермолаевич Волков,M,1970-08-18,Челябинск,Retail,2023-12-24
830,728,Вексель,2212000.0,14.8,9,2024-08-11,Отделение №12,Закрыт,0.881,Валерий Архипович Агафонов,M,1973-07-20,Екатеринбург,Retail,2024-03-22
831,663,Потребительский,298000.0,17.08,24,2025-08-19,Отделение №13,Активен,0.454,Герман Борисович Сергеев,M,1979-01-19,Ростов-на-Дону,Retail,2025-08-18
832,736,Вексель,4119000.0,13.89,12,2024-02-23,Отделение №10,Закрыт,0.294,Чеслав Дорофеевич Филиппов,M,2003-01-13,Новосибирск,Premium,2024-02-23
833,285,Вексель,192000.0,14.36,6,2023-10-23,Отделение №4,Закрыт,0.259,Филипп Трофимович Рогов,M,1988-12-17,Екатеринбург,Premium,2022-04-14
834,611,Автокредит,2396000.0,18.74,60,2025-08-31,Отделение №10,Активен,0.77,Беляев Варфоломей Бориславович,M,1971-12-20,Уфа,Retail,2023-05-09
835,276,Кредитная карта,271000.0,9.31,36,2025-03-27,Отделение №4,Активен,0.773,Нестерова Наталья Рудольфовна,F,1987-03-30,Екатеринбург,Retail,2024-10-05
836,354,Потребительский,126000.0,16.44,12,2023-09-28,Отделение №6,Закрыт,0.955,г-н Некрасов Куприян Захарьевич,M,1961-01-03,Москва,Retail,2023-09-28
837,112,Кредитная карта,281000.0,10.21,36,2024-04-11,Отделение №5,Активен,0.163,Шубина Виктория Даниловна,F,1959-01-05,Москва,Retail,2024-04-11
838,799,Потребительский,740000.0,9.03,36,2022-07-06,Отделение №8,Закрыт,0.899,Киселев Адриан Анисимович,M,1991-07-17,Нижний Новгород,Premium,2022-07-06
839,226,Потребительский,761000.0,22.46,12,2024-06-28,Отделение №4,Закрыт,0.854,Воробьева Вероника Дмитриевна,F,2000-05-26,Самара,Retail,2022-11-01
840,516,Ипотека,6468000.0,10.28,300,2023-02-11,Отделение №14,Активен,0.381,Татьяна Руслановна Дорофеева,F,1958-02-04,Ростов-на-Дону,Retail,2022-10-09
841,464,Потребительский,777000.0,20.42,12,2025-08-07,Отделение №8,Активен,0.12,Комиссарова Вера Николаевна,F,1975-02-23,Самара,Business,2025-08-07
842,369,Вексель,1856000.0,10.01,9,2024-04-30,Отделение №13,Закрыт,0.985,Лариса Макаровна Рогова,F,1959-01-19,Челябинск,Business,2023-09-28
843,503,Автокредит,1643000.0,6.8,24,2024-07-24,Отделение №7,Активен,0.38,Евдокимова Елизавета Афанасьевна,F,1992-06-12,Уфа,Premium,2022-05-08
844,510,Ипотека,10575000.0,23.9,240,2024-09-09,Отделение №7,Активен,0.837,Ираида Никифоровна Федорова,F,1975-01-27,Казань,Retail,2024-09-09
845,94,Кредитная карта,206000.0,8.05,12,2025-12-07,Отделение №7,Активен,0.644,Хохлов Август Ефимьевич,M,1970-08-05,Челябинск,Premium,2023-11-12
846,20,Кредитная карта,34000.0,23.01,24,2025-11-03,Отделение №14,Просрочен,0.045,Тимофей Евсеевич Дементьев,M,1986-01-27,Москва,Retail,2025-11-03
847,521,Потребительский,473000.0,9.37,24,2025-08-30,Отделение №13,Активен,0.695,Анжелика Сергеевна Кононова,F,2006-05-04,Самара,Business,2025-08-30
848,51,Потребительский,497000.0,11.89,24,2025-09-15,Отделение №14,Активен,0.618,Колесников Капитон Филиппович,M,1970-07-04,Челябинск,Retail,2022-07-13
849,635,Потребительский,179000.0,9.84,24,2025-10-01,Отделение №2,Активен,0.879,Демид Валерианович Попов,M,1992-06-26,Казань,Retail,2023-09-24
850,324,Вексель,247000.0,13.93,6,2025-03-08,Отделение №14,Закрыт,0.373,Таисия Борисовна Кулакова,F,1999-08-30,Москва,Retail,2025-03-08
851,57,Потребительский,291000.0,7.02,12,2025-02-01,Отделение №12,Активен,0.471,Зинаида Харитоновна Кириллова,F,1957-09-27,Уфа,Retail,2025-02-01
852,615,Кредитная карта,277000.0,13.44,12,2025-01-09,Отделение №9,Активен,0.599,Георгий Фадеевич Горбачев,M,1991-05-17,Челябинск,Retail,2022-07-11
853,231,Потребительский,125000.0,8.2,36,2025-09-21,Отделение №2,Активен,0.988,Тамара Леонидовна Фомичева,F,1987-05-26,Новосибирск,Premium,2025-09-21
854,6,Кредитная карта,155000.0,14.6,24,2025-01-04,Отделение №13,Активен,0.857,Степанова Екатерина Львовна,F,1960-12-27,Казань,Retail,2023-03-28
855,276,Автокредит,1210000.0,8.86,60,2024-10-05,Отделение №6,Активен,0.656,Нестерова Наталья Рудольфовна,F,1987-03-30,Екатеринбург,Retail,2024-10-05
856,449,Кредитная карта,210000.0,15.57,12,2024-09-05,Отделение №10,Закрыт,0.831,Харитонова Варвара Рубеновна,F,1971-08-18,Санкт-Петербург,Premium,2024-04-18
857,575,Потребительский,214000.0,10.65,24,2025-07-06,Отделение №2,Дефолт,0.082,Кудрявцев Дорофей Жанович,M,1999-06-16,Уфа,Premium,2025-07-06
858,146,Вексель,1483000.0,10.66,3,2023-05-27,Отделение №11,Закрыт,0.185,Мухина Пелагея Петровна,F,1996-11-27,Москва,Premium,2023-04-05
859,265,Потребительский,583000.0,17.37,48,2025-09-30,Отделение №15,Активен,0.517,Орлов Флорентин Юльевич,M,1966-09-26,Самара,Business,2023-06-11
860,43,Потребительский,725000.0,13.4,36,2024-05-14,Отделение №12,Активен,0.145,Родионова Надежда Рубеновна,F,2000-08-04,Нижний Новгород,Business,2024-03-28
861,522,Кредитная карта,39000.0,7.38,24,2025-08-25,Отделение №3,Активен,0.198,Кудряшова Елизавета Анатольевна,F,1973-05-20,Казань,Retail,2025-08-25
862,242,Потребительский,526000.0,13.8,24,2024-06-27,Отделение №8,Просрочен,0.012,Гусев Феофан Гертрудович,M,1959-03-30,Казань,Retail,2024-06-27
863,705,Ипотека,5439000.0,24.77,300,2024-07-14,Отделение №5,Активен,0.453,Вероника Леоновна Кононова,F,1959-09-20,Екатеринбург,Retail,2022-12-06
864,587,Автокредит,706000.0,20.64,48,2025-09-04,Отделение №6,Активен,0.924,Наталья Викторовна Горбачева,F,1962-11-30,Екатеринбург,Retail,2022-02-01
865,420,Кредитная карта,80000.0,20.7,24,2024-09-25,Отделение №2,Активен,0.456,Сысоева Синклитикия Львовна,F,1984-01-30,Самара,Retail,2023-01-18
866,184,Вексель,1778000.0,20.89,9,2024-10-04,Отделение №1,Закрыт,0.427,Федотова Таисия Владимировна,F,2003-11-30,Москва,Retail,2024-10-04
867,168,Кредитная карта,64000.0,21.77,12,2024-07-25,Отделение №12,Закрыт,0.12,Белоусов Ярослав Герасимович,M,1977-10-12,Екатеринбург,Retail,2024-04-12
868,581,Потребительский,705000.0,14.53,36,2024-07-15,Отделение №2,Активен,0.984,Таисия Степановна Макарова,F,1985-06-15,Новосибирск,Retail,2024-05-03
869,211,Кредитная карта,292000.0,21.59,12,2024-03-25,Отделение №9,Закрыт,0.886,Юлия Егоровна Чернова,F,2003-02-21,Челябинск,Retail,2023-06-01
870,82,Потребительский,680000.0,10.16,24,2023-02-21,Отделение №9,Закрыт,0.745,Елизавета Дмитриевна Козлова,F,1989-12-30,Казань,Premium,2023-02-21
871,224,Автокредит,795000.0,13.17,24,2024-12-27,Отделение №9,Активен,0.23,Глафира Ждановна Сысоева,F,1998-07-23,Москва,Retail,2024-11-05
872,689,Потребительский,169000.0,18.17,24,2025-07-24,Отделение №14,Активен,0.618,Мина Всеволодович Борисов,M,1967-12-22,Новосибирск,Retail,2025-03-23
873,109,Кредитная карта,223000.0,14.3,36,2025-09-27,Отделение №1,Активен,0.202,Кабанова Ирина Семеновна,F,1980-11-14,Челябинск,Retail,2025-09-27
874,607,Кредитная карта,286000.0,23.08,24,2025-09-12,Отделение №15,Активен,0.972,Елизавета Олеговна Лапина,F,1960-06-01,Москва,Retail,2025-09-12
875,399,Ипотека,5219000.0,7.88,240,2025-01-28,Отделение №11,Активен,0.708,Рюрик Ермилович Беляков,M,1956-02-06,Ростов-на-Дону,Business,2025-01-28
876,35,Потребительский,742000.0,20.4,12,2022-11-10,Отделение №8,Закрыт,0.14,Соболев Тимур Германович,M,1992-09-30,Новосибирск,Retail,2022-11-10
877,530,Вексель,3847000.0,20.97,6,2024-03-12,Отделение №7,Закрыт,0.646,Беляева Евгения Оскаровна,F,1979-01-05,Нижний Новгород,Premium,2023-01-30
878,547,Автокредит,1046000.0,10.66,48,2024-12-12,Отделение №3,Активен,0.949,Осип Эдуардович Кудрявцев,M,1988-08-09,Нижний Новгород,Retail,2024-12-12
879,647,Кредитная карта,63000.0,23.88,36,2025-04-14,Отделение №8,Активен,0.152,Виссарион Юлианович Муравьев,M,2002-07-29,Казань,Retail,2024-07-26
880,39,Потребительский,257000.0,18.22,36,2022-06-25,Отделение №9,Закрыт,0.521,Иван Арсеньевич Лихачев,M,1957-04-22,Санкт-Петербург,Premium,2022-06-25
881,87,Потребительский,521000.0,18.65,48,2025-02-22,Отделение №2,Активен,0.299,Нина Юльевна Панфилова,F,1961-09-08,Санкт-Петербург,Retail,2025-02-22
882,353,Автокредит,1986000.0,22.7,36,2025-04-26,Отделение №12,Активен,0.754,Анжелика Олеговна Федорова,F,1978-01-24,Уфа,Retail,2025-04-26
883,582,Потребительский,254000.0,21.92,12,2024-02-21,Отделение №11,Закрыт,0.255,Некрасова Майя Тимофеевна,F,1998-06-13,Нижний Новгород,Retail,2023-05-13
884,472,Ипотека,7850000.0,10.63,300,2023-08-20,Отделение №12,Активен,0.103,Аггей Демидович Ершов,M,1959-03-05,Ростов-на-Дону,Business,2023-08-18
885,428,Автокредит,1958000.0,22.5,48,2025-10-06,Отделение №14,Активен,0.665,Медведев Тимофей Егорович,M,2004-03-10,Нижний Новгород,Retail,2025-10-06
886,3,Вексель,2219000.0,8.44,3,2025-07-30,Отделение №14,Закрыт,0.77,Рябов Игорь Юльевич,M,1986-12-24,Москва,Retail,2025-04-24
887,542,Вексель,1452000.0,15.84,9,2025-08-04,Отделение №14,Активен,0.42,Филиппов Кузьма Эдгардович,M,2005-12-30,Казань,Business,2025-08-01
888,595,Потребительский,317000.0,19.62,12,2023-06-19,Отделение №10,Закрыт,0.486,Вадим Трофимович Копылов,M,1994-08-30,Ростов-на-Дону,Retail,2023-06-19
889,460,Ипотека,7911000.0,24.85,240,2025-02-28,Отделение №8,Активен,0.826,Тамара Рубеновна Муравьева,F,1997-08-19,Москва,Retail,2025-02-28
890,62,Автокредит,2577000.0,16.05,60,2025-05-27,Отделение №7,Активен,0.925,Антонина Анатольевна Белякова,F,1966-10-04,Уфа,Premium,2024-05-16
891,327,Потребительский,131000.0,8.25,12,2025-05-28,Отделение №4,Активен,0.967,Нонна Макаровна Тетерина,F,1957-01-22,Казань,Retail,2025-05-28
892,459,Ипотека,8726000.0,19.72,300,2024-03-17,Отделение №11,Просрочен,0.04,Радован Васильевич Копылов,M,1977-04-11,Ростов-на-Дону,Premium,2022-12-17
893,511,Вексель,4276000.0,21.46,3,2024-03-27,Отделение №13,Закрыт,0.628,Воронцова Зинаида Дмитриевна,F,1971-04-10,Уфа,Retail,2022-09-07
894,358,Ипотека,11081000.0,9.83,180,2025-03-16,Отделение №6,Активен,0.631,г-жа Воробьева Милица Михайловна,F,1982-05-10,Нижний Новгород,Premium,2025-03-16
895,376,Потребительский,741000.0,22.13,12,2024-07-24,Отделение №14,Закрыт,0.254,Радим Фролович Федосеев,M,1982-07-30,Новосибирск,Business,2023-04-09
896,656,Вексель,1827000.0,14.71,6,2025-12-21,Отделение №8,Просрочен,0.048,Емельянова Анастасия Вениаминовна,F,1992-09-05,Казань,Retail,2025-12-21
897,581,Вексель,3211000.0,16.78,6,2024-05-03,Отделение №11,Закрыт,0.863,Таисия Степановна Макарова,F,1985-06-15,Новосибирск,Retail,2024-05-03
898,736,Потребительский,351000.0,22.04,36,2024-02-23,Отделение №6,Активен,0.857,Чеслав Дорофеевич Филиппов,M,2003-01-13,Новосибирск,Premium,2024-02-23
899,359,Ипотека,7382000.0,21.75,180,2024-10-23,Отделение №12,Активен,0.101,Галина Алексеевна Баранова,F,1999-10-21,Москва,Retail,2024-10-23
900,177,Потребительский,355000.0,9.93,48,2025-08-02,Отделение №5,Активен,0.383,Пелагея Богдановна Воронова,F,1973-10-07,Казань,Premium,2022-07-25
901,270,Кредитная карта,161000.0,22.98,24,2025-10-09,Отделение №3,Активен,0.755,Ксения Львовна Шестакова,F,1955-12-28,Казань,Premium,2025-10-09
902,323,Потребительский,134000.0,19.38,36,2024-11-02,Отделение №13,Активен,0.56,Вера Ждановна Зайцева,F,1989-01-05,Казань,Retail,2023-11-30
903,1,Автокредит,863000.0,8.22,24,2023-02-11,Отделение №15,Закрыт,0.712,Аким Елизарович Николаев,M,1967-04-13,Екатеринбург,Premium,2022-02-21
904,713,Кредитная карта,139000.0,19.67,24,2025-07-09,Отделение №7,Активен,0.533,Кира Архиповна Филиппова,F,1969-04-02,Самара,Retail,2025-07-09
905,646,Потребительский,339000.0,16.99,36,2025-06-10,Отделение №4,Дефолт,0.082,Молчанова Лариса Ивановна,F,1998-08-17,Самара,Premium,2023-05-21
906,288,Ипотека,2408000.0,24.77,180,2025-09-29,Отделение №4,Просрочен,0.026,Кудряшова Феврония Ниловна,F,1982-12-02,Ростов-на-Дону,Premium,2022-10-30
907,746,Вексель,4918000.0,14.6,6,2023-08-29,Отделение №3,Закрыт,0.812,Давыдова Акулина Львовна,F,1998-03-06,Екатеринбург,Retail,2023-08-29
908,202,Потребительский,233000.0,15.39,12,2025-06-07,Отделение №9,Активен,0.439,Надежда Владиславовна Воробьева,F,1980-02-02,Санкт-Петербург,Retail,2025-05-21
909,766,Автокредит,1877000.0,22.1,60,2024-10-13,Отделение №11,Активен,0.581,Мстислав Еремеевич Петухов,M,1991-04-07,Нижний Новгород,Retail,2024-10-13
910,747,Автокредит,2746000.0,19.5,60,2024-03-01,Отделение №13,Активен,0.982,Матвеева Пелагея Болеславовна,F,2006-03-30,Самара,Retail,2024-03-01
911,243,Вексель,2213000.0,12.39,9,2023-04-26,Отделение №12,Закрыт,0.357,Емельян Григорьевич Авдеев,M,2000-11-24,Москва,Retail,2022-04-05
912,568,Потребительский,695000.0,17.15,24,2025-01-07,Отделение №15,Дефолт,0.097,Большаков Евсей Фокич,M,1961-08-07,Ростов-на-Дону,Retail,2023-02-27
913,140,Вексель,2587000.0,12.27,12,2025-01-01,Отделение №10,Активен,0.807,Красильников Иннокентий Афанасьевич,M,1970-03-06,Москва,Retail,2024-03-17
914,642,Потребительский,311000.0,11.45,24,2025-11-04,Отделение №8,Активен,0.837,Орлов Филипп Валентинович,M,1967-07-21,Новосибирск,Retail,2025-11-04
915,202,Автокредит,1693000.0,24.04,60,2025-05-21,Отделение №9,Активен,0.171,Надежда Владиславовна Воробьева,F,1980-02-02,Санкт-Петербург,Retail,2025-05-21
916,732,Ипотека,8503000.0,22.46,240,2025-11-25,Отделение №11,Активен,0.148,Сила Ярославович Лаврентьев,M,1985-05-23,Санкт-Петербург,Retail,2025-11-25
917,138,Ипотека,11547000.0,11.14,240,2025-03-12,Отделение №1,Активен,0.897,Ираида Юрьевна Константинова,F,2003-06-30,Челябинск,Retail,2022-03-01
918,513,Вексель,2505000.0,10.46,6,2024-03-22,Отделение №9,Закрыт,0.452,Мухина Анастасия Андреевна,F,1992-03-22,Санкт-Петербург,Retail,2022-03-28
919,417,Вексель,1593000.0,21.19,6,2025-03-13,Отделение №7,Закрыт,0.508,Надежда Сергеевна Носова,F,1987-06-21,Москва,Business,2024-01-02
920,338,Потребительский,455000.0,24.36,36,2025-03-25,Отделение №13,Просрочен,0.053,Дроздова Наина Геннадиевна,F,1990-03-22,Челябинск,Retail,2025-03-25
921,420,Ипотека,3197000.0,7.67,120,2025-06-11,Отделение №3,Активен,0.414,Сысоева Синклитикия Львовна,F,1984-01-30,Самара,Retail,2023-01-18
922,411,Вексель,1319000.0,7.04,6,2025-08-09,Отделение №12,Активен,0.929,Макарова Наина Харитоновна,F,1971-09-03,Самара,Retail,2025-08-09
923,568,Потребительский,117000.0,19.4,48,2025-03-21,Отделение №13,Активен,0.685,Большаков Евсей Фокич,M,1961-08-07,Ростов-на-Дону,Retail,2023-02-27
924,649,Ипотека,8964000.0,9.87,180,2023-12-05,Отделение №3,Активен,0.311,Абрамова Ия Константиновна,F,1972-09-10,Челябинск,Retail,2023-11-06
925,644,Вексель,4407000.0,9.9,12,2022-12-09,Отделение №4,Закрыт,0.401,Русаков Геннадий Вячеславович,M,2004-02-04,Челябинск,Retail,2022-12-09
926,51,Ипотека,8472000.0,14.81,120,2023-11-27,Отделение №5,Дефолт,0.094,Колесников Капитон Филиппович,M,1970-07-04,Челябинск,Retail,2022-07-13
927,767,Потребительский,505000.0,13.37,12,2025-10-30,Отделение №9,Активен,0.169,Ширяев Кирилл Зиновьевич,M,2000-06-21,Новосибирск,Business,2024-10-20
928,569,Потребительский,295000.0,21.22,36,2024-07-03,Отделение №6,Активен,0.568,Селиван Жанович Кириллов,M,1975-11-19,Москва,Retail,2024-07-03
929,145,Кредитная карта,288000.0,17.92,12,2025-07-27,Отделение №4,Активен,0.182,Молчанова Надежда Рудольфовна,F,1984-07-17,Москва,Premium,2022-02-09
930,611,Кредитная карта,56000.0,17.53,36,2023-05-09,Отделение №15,Активен,0.574,Беляев Варфоломей Бориславович,M,1971-12-20,Уфа,Retail,2023-05-09
931,733,Ипотека,10460000.0,9.24,180,2025-11-22,Отделение №1,Активен,0.819,г-жа Ковалева Нонна Вячеславовна,F,2005-01-09,Санкт-Петербург,Retail,2025-11-22
932,202,Автокредит,2832000.0,23.7,24,2025-05-21,Отделение №11,Активен,0.108,Надежда Владиславовна Воробьева,F,1980-02-02,Санкт-Петербург,Retail,2025-05-21
933,308,Потребительский,439000.0,10.05,12,2024-10-16,Отделение №10,Закрыт,0.155,Любовь Константиновна Меркушева,F,1989-10-15,Самара,Business,2024-02-06
934,275,Кредитная карта,283000.0,21.8,36,2025-01-27,Отделение №2,Активен,0.784,Симонов Ян Анисимович,M,1990-09-20,Москва,Retail,2022-10-14
935,155,Вексель,421000.0,9.1,6,2025-03-05,Отделение №8,Закрыт,0.96,Фадей Ермолаевич Игнатов,M,2004-10-07,Нижний Новгород,Premium,2025-03-05
936,190,Потребительский,353000.0,23.37,36,2025-07-05,Отделение №13,Активен,0.921,г-н Панов Устин Виленович,M,1975-08-15,Санкт-Петербург,Retail,2025-07-05
937,714,Вексель,3332000.0,8.17,3,2025-07-21,Отделение №15,Закрыт,0.655,Александров Данила Матвеевич,M,1964-01-16,Санкт-Петербург,Premium,2025-07-21
938,514,Автокредит,1895000.0,18.33,60,2025-01-23,Отделение №3,Активен,0.283,Сазонова Нина Леоновна,F,1985-02-05,Самара,Premium,2024-06-24
939,59,Ипотека,3980000.0,14.51,300,2024-04-12,Отделение №1,Дефолт,0.082,Терентьев Лонгин Демидович,M,1969-06-26,Екатеринбург,Retail,2024-04-12
940,194,Ипотека,5215000.0,13.65,300,2025-12-10,Отделение №13,Активен,0.498,Пелагея Владиславовна Третьякова,F,1983-09-06,Санкт-Петербург,Business,2025-12-10
941,581,Вексель,3877000.0,21.8,3,2024-12-16,Отделение №2,Закрыт,0.188,Таисия Степановна Макарова,F,1985-06-15,Новосибирск,Retail,2024-05-03
942,433,Потребительский,491000.0,12.27,24,2025-08-05,Отделение №1,Просрочен,0.048,Олимпиада Романовна Кулагина,F,1966-01-17,Санкт-Петербург,Retail,2024-02-01
943,186,Потребительский,277000.0,24.24,24,2023-12-22,Отделение №14,Просрочен,0.052,Изяслав Владиленович Никифоров,M,1984-04-26,Челябинск,Retail,2023-05-24
944,502,Вексель,2226000.0,13.32,6,2024-11-07,Отделение №15,Закрыт,0.699,Афиноген Анисимович Фадеев,M,1956-01-03,Челябинск,Premium,2024-04-25
945,1,Потребительский,393000.0,19.61,24,2023-03-30,Отделение №4,Просрочен,0.073,Аким Елизарович Николаев,M,1967-04-13,Екатеринбург,Premium,2022-02-21
946,139,Ипотека,7711000.0,23.47,120,2024-08-15,Отделение №12,Активен,0.206,Рубен Феодосьевич Шарапов,M,1993-09-08,Ростов-на-Дону,Business,2024-08-15
947,38,Потребительский,268000.0,21.47,24,2025-09-12,Отделение №3,Активен,0.831,Иван Гурьевич Иванов,M,1959-05-14,Ростов-на-Дону,Retail,2022-04-29
948,608,Кредитная карта,253000.0,7.32,24,2024-04-03,Отделение №4,Активен,0.142,Соболева Ольга Анатольевна,F,1962-07-29,Казань,Retail,2022-01-25
949,754,Автокредит,1071000.0,17.0,60,2025-10-25,Отделение №11,Активен,0.864,Павлова Зинаида Антоновна,F,1979-05-30,Санкт-Петербург,Premium,2024-05-17
950,425,Потребительский,755000.0,19.2,36,2025-11-13,Отделение №7,Активен,0.416,Натан Тихонович Зыков,M,1973-08-15,Самара,Retail,2025-11-13
951,127,Ипотека,10426000.0,11.16,180,2024-09-26,Отделение №12,Просрочен,0.01,Юлия Владиславовна Журавлева,F,1962-03-28,Екатеринбург,Retail,2024-07-10
952,77,Ипотека,8960000.0,18.7,300,2024-01-27,Отделение №11,Активен,0.223,Орехов Герман Данилович,M,2000-08-19,Самара,Retail,2024-01-27
953,467,Потребительский,169000.0,9.87,48,2024-09-18,Отделение №12,Активен,0.327,Белякова Марфа Станиславовна,F,1962-04-18,Нижний Новгород,Retail,2024-09-18
954,22,Потребительский,561000.0,16.37,48,2023-08-07,Отделение №10,Активен,0.285,Горшкова Анна Альбертовна,F,2000-06-13,Ростов-на-Дону,Retail,2022-05-16
955,519,Потребительский,621000.0,23.98,48,2023-11-08,Отделение №8,Активен,0.555,Марфа Анатольевна Петухова,F,1964-02-14,Санкт-Петербург,Premium,2023-11-08
956,731,Потребительский,439000.0,15.31,12,2024-11-29,Отделение №1,Закрыт,0.111,Петухов Богдан Тихонович,M,2002-08-14,Москва,Premium,2024-11-29
957,125,Вексель,1004000.0,14.52,3,2024-06-25,Отделение №12,Закрыт,0.371,Любовь Дмитриевна Кулагина,F,1959-03-30,Уфа,Retail,2024-06-25
958,487,Потребительский,498000.0,23.68,12,2025-09-19,Отделение №4,Активен,0.767,Алина Анатольевна Пономарева,F,1997-07-07,Уфа,Retail,2022-10-23
959,551,Вексель,3652000.0,6.76,3,2025-03-10,Отделение №14,Закрыт,0.153,Самсонова Синклитикия Эльдаровна,F,1988-11-09,Самара,Business,2022-07-06
960,490,Кредитная карта,279000.0,10.19,24,2024-08-04,Отделение №7,Активен,0.644,Варвара Романовна Фомичева,F,1968-04-15,Уфа,Retail,2022-11-02
961,97,Ипотека,11468000.0,9.88,120,2024-07-31,Отделение №11,Активен,0.194,Давыд Архипович Бобров,M,1982-06-23,Екатеринбург,Retail,2024-07-31
962,127,Вексель,224000.0,22.02,12,2024-07-10,Отделение №5,Закрыт,0.602,Юлия Владиславовна Журавлева,F,1962-03-28,Екатеринбург,Retail,2024-07-10
963,94,Автокредит,773000.0,8.55,48,2023-11-12,Отделение №9,Дефолт,0.065,Хохлов Август Ефимьевич,M,1970-08-05,Челябинск,Premium,2023-11-12
964,414,Автокредит,2008000.0,13.31,36,2023-10-21,Отделение №2,Активен,0.143,Назаров Якуб Тарасович,M,1963-05-11,Нижний Новгород,Business,2023-02-13
965,259,Вексель,129000.0,7.57,3,2025-10-20,Отделение №10,Активен,0.388,Белова Лариса Олеговна,F,1971-12-04,Новосибирск,Premium,2025-10-20
966,488,Потребительский,218000.0,16.54,12,2025-02-28,Отделение №14,Просрочен,0.02,Тамара Даниловна Архипова,F,1966-07-15,Москва,Retail,2024-10-21
967,154,Кредитная карта,283000.0,11.7,36,2025-11-28,Отделение №8,Активен,0.616,Рогов Творимир Валерьянович,M,1969-12-08,Ростов-на-Дону,Premium,2025-11-28
968,98,Кредитная карта,94000.0,11.1,24,2025-06-08,Отделение №11,Активен,0.98,Марк Бенедиктович Зыков,M,2005-03-06,Челябинск,Premium,2022-02-18
969,459,Ипотека,11194000.0,16.37,180,2024-07-19,Отделение №3,Активен,0.36,Радован Васильевич Копылов,M,1977-04-11,Ростов-на-Дону,Premium,2022-12-17
970,665,Потребительский,598000.0,22.73,48,2023-06-11,Отделение №1,Активен,0.368,Тимофеев Ростислав Евсеевич,M,2000-01-02,Екатеринбург,Retail,2022-01-22
971,522,Ипотека,4999000.0,14.05,120,2025-08-25,Отделение №14,Активен,0.88,Кудряшова Елизавета Анатольевна,F,1973-05-20,Казань,Retail,2025-08-25
972,690,Потребительский,352000.0,23.83,36,2025-07-25,Отделение №7,Активен,0.421,Зиновьева Людмила Эдуардовна,F,1957-02-20,Новосибирск,Retail,2025-07-25
973,159,Ипотека,6523000.0,13.19,300,2024-08-07,Отделение №7,Активен,0.326,Богданов Флорентин Антипович,M,1963-07-25,Уфа,Retail,2024-06-10
974,220,Потребительский,447000.0,19.61,24,2023-08-21,Отделение №14,Закрыт,0.568,Вера Болеславовна Лихачева,F,1988-04-20,Казань,Retail,2023-08-21
975,474,Вексель,3942000.0,16.59,9,2025-03-29,Отделение №7,Закрыт,0.764,Гришина Алина Ниловна,F,1978-07-02,Екатеринбург,Premium,2025-03-29
976,498,Ипотека,5069000.0,15.15,300,2022-10-17,Отделение №8,Активен,0.543,Сигизмунд Игоревич Сидоров,M,1995-05-15,Новосибирск,Retail,2022-04-16
977,395,Потребительский,675000.0,10.17,48,2022-07-22,Отделение №15,Активен,0.338,Лидия Филипповна Молчанова,F,1971-12-08,Нижний Новгород,Premium,2022-07-22
978,694,Потребительский,338000.0,23.85,48,2024-04-17,Отделение №4,Просрочен,0.024,Суханова Эмилия Геннадьевна,F,1997-08-10,Челябинск,Premium,2024-04-17
979,59,Ипотека,8670000.0,16.87,240,2025-10-25,Отделение №7,Активен,0.156,Терентьев Лонгин Демидович,M,1969-06-26,Екатеринбург,Retail,2024-04-12
980,245,Автокредит,2482000.0,12.32,36,2024-12-23,Отделение №12,Активен,0.246,г-н Потапов Ипатий Всеволодович,M,1961-05-22,Новосибирск,Retail,2024-12-23
981,223,Потребительский,748000.0,23.67,36,2025-06-04,Отделение №12,Активен,0.612,Титов Тимур Иосифович,M,1983-04-12,Челябинск,Retail,2022-05-23
982,30,Автокредит,492000.0,8.08,24,2025-02-07,Отделение №14,Просрочен,0.009,Светлана Александровна Моисеева,F,1972-07-12,Москва,Business,2025-02-07
983,309,Кредитная карта,120000.0,23.64,12,2023-10-04,Отделение №12,Закрыт,0.357,Владислав Архипович Никифоров,M,1984-09-26,Санкт-Петербург,Premium,2022-07-06
984,403,Потребительский,210000.0,17.97,12,2025-07-18,Отделение №15,Активен,0.316,Климент Валерианович Гусев,M,2006-05-18,Екатеринбург,Retail,2025-07-18
985,232,Вексель,2428000.0,12.08,6,2023-08-17,Отделение №3,Закрыт,0.802,Октябрина Кузьминична Кулагина,F,1976-11-26,Ростов-на-Дону,Retail,2022-03-17
986,23,Кредитная карта,71000.0,16.29,24,2023-03-12,Отделение №3,Закрыт,0.618,Яковлева Наталья Эльдаровна,F,1958-12-23,Челябинск,Premium,2023-03-12
987,430,Автокредит,2035000.0,22.1,48,2025-11-14,Отделение №2,Активен,0.249,Васильева Светлана Дмитриевна,F,1988-11-05,Екатеринбург,Retail,2022-03-13
988,427,Вексель,819000.0,20.4,12,2025-08-02,Отделение №7,Активен,0.136,Любовь Павловна Лапина,F,1969-01-03,Москва,Business,2025-08-02
989,374,Ипотека,6769000.0,19.16,120,2025-04-15,Отделение №15,Активен,0.818,Афанасьева Ольга Станиславовна,F,1977-01-13,Новосибирск,Retail,2022-02-07
990,754,Ипотека,7719000.0,24.35,300,2024-05-17,Отделение №10,Активен,0.947,Павлова Зинаида Антоновна,F,1979-05-30,Санкт-Петербург,Premium,2024-05-17
991,762,Потребительский,305000.0,7.77,12,2024-10-13,Отделение №5,Закрыт,0.135,Эмиль Августович Цветков,M,1968-10-18,Уфа,Business,2024-10-13
992,47,Вексель,4592000.0,10.13,3,2025-10-01,Отделение №5,Активен,0.634,Стрелков Афиноген Феофанович,M,1997-09-09,Москва,Retail,2023-04-14
993,299,Вексель,4749000.0,17.59,3,2025-11-06,Отделение №1,Активен,0.799,Савина Таисия Аскольдовна,F,1979-01-22,Самара,Retail,2025-11-06
994,4,Автокредит,1935000.0,22.16,36,2024-01-18,Отделение №5,Активен,0.192,Трифон Федосеевич Поляков,M,1979-01-12,Ростов-на-Дону,Retail,2023-03-24
995,673,Кредитная карта,274000.0,12.36,12,2024-09-29,Отделение №11,Закрыт,0.167,Афиноген Адамович Голубев,M,1965-12-15,Новосибирск,Retail,2023-12-04
996,340,Потребительский,280000.0,12.71,48,2024-06-05,Отделение №13,Активен,0.273,Прасковья Тимуровна Лебедева,F,1975-12-23,Ростов-на-Дону,Premium,2022-12-18
997,777,Вексель,3331000.0,7.08,9,2025-02-03,Отделение №15,Закрыт,0.872,Наина Леоновна Давыдова,F,1969-03-22,Уфа,Retail,2023-09-29
998,375,Автокредит,2310000.0,13.5,24,2023-12-01,Отделение №7,Закрыт,0.905,Игнатьев Афанасий Валерьянович,M,2006-03-28,Самара,Business,2023-12-01
999,78,Ипотека,8953000.0,13.4,240,2025-11-28,Отделение №9,Активен,0.367,Дарья Наумовна Козлова,F,1964-12-31,Уфа,Business,2025-06-06
1000,547,Кредитная карта,242000.0,12.8,24,2025-12-19,Отделение №12,Активен,0.943,Осип Эдуардович Кудрявцев,M,1988-08-09,Нижний Новгород,Retail,2024-12-12
1001,27,Потребительский,195000.0,8.03,36,2023-07-01,Отделение №11,Активен,0.45,Пестова Иванна Сергеевна,F,1995-04-18,Санкт-Петербург,Premium,2022-07-06
1002,505,Потребительский,550000.0,22.98,36,2024-11-08,Отделение №3,Просрочен,0.023,Эмилия Романовна Прохорова,F,1981-01-15,Самара,Business,2023-10-05
1003,505,Вексель,625000.0,13.37,3,2023-10-05,Отделение №13,Закрыт,0.154,Эмилия Романовна Прохорова,F,1981-01-15,Самара,Business,2023-10-05
1004,710,Потребительский,116000.0,19.81,12,2023-07-22,Отделение №6,Закрыт,0.737,Остромир Эдгарович Бобылев,M,1975-05-14,Новосибирск,Business,2023-07-22
1005,734,Кредитная карта,197000.0,18.02,12,2025-04-08,Отделение №8,Активен,0.871,Соболев Евдоким Валерьянович,M,1957-11-22,Санкт-Петербург,Retail,2024-02-24
1006,671,Автокредит,1260000.0,8.74,24,2025-06-08,Отделение №4,Активен,0.704,Попова Анастасия Дмитриевна,F,1962-06-21,Самара,Retail,2022-07-19
1007,793,Кредитная карта,280000.0,19.72,12,2023-02-20,Отделение №7,Закрыт,0.092,Галкин Эдуард Игоревич,M,1978-03-23,Ростов-на-Дону,Retail,2023-02-20
1008,44,Вексель,1242000.0,13.62,3,2024-11-25,Отделение №4,Закрыт,0.625,Лапина Антонина Аркадьевна,F,1976-08-10,Екатеринбург,Retail,2024-11-25
1009,5,Ипотека,3973000.0,19.5,300,2025-05-24,Отделение №12,Активен,0.469,Беспалов Аверьян Владиленович,M,1991-12-23,Уфа,Retail,2025-02-23
1010,193,Вексель,4339000.0,9.9,3,2024-06-25,Отделение №3,Просрочен,0.006,Смирнова Ия Кузьминична,F,1999-03-23,Казань,Retail,2023-08-20
1011,385,Кредитная карта,101000.0,24.4,36,2025-03-24,Отделение №12,Активен,0.7,Иванна Григорьевна Комиссарова,F,1985-06-04,Челябинск,Premium,2024-08-03
1012,10,Вексель,1022000.0,9.49,9,2025-05-21,Отделение №10,Активен,0.635,Алина Евгеньевна Мамонтова,F,1970-09-21,Москва,Retail,2025-05-21
1013,643,Потребительский,359000.0,14.35,36,2023-09-09,Отделение №12,Активен,0.824,Алина Андреевна Николаева,F,1958-01-24,Новосибирск,Retail,2023-09-09
1014,390,Потребительский,55000.0,20.38,36,2024-07-09,Отделение №2,Дефолт,0.065,Баранова Лариса Кузьминична,F,1993-11-07,Новосибирск,Business,2024-07-09
1015,84,Ипотека,11027000.0,20.4,120,2025-07-23,Отделение №11,Активен,0.43,Терентий Игнатович Субботин,M,1957-02-09,Казань,Retail,2025-07-23
1016,614,Вексель,3609000.0,8.12,3,2025-11-28,Отделение №15,Активен,0.588,Григорий Феоктистович Шестаков,M,1993-03-29,Санкт-Петербург,Retail,2025-11-28
1017,572,Кредитная карта,218000.0,24.15,36,2025-10-20,Отделение №12,Активен,0.569,Тимофеев Виктор Гавриилович,M,1975-02-01,Ростов-на-Дону,Retail,2025-03-25
1018,154,Вексель,2309000.0,15.69,12,2025-11-28,Отделение №6,Активен,0.763,Рогов Творимир Валерьянович,M,1969-12-08,Ростов-на-Дону,Premium,2025-11-28
1019,512,Автокредит,2337000.0,9.64,36,2025-04-17,Отделение №7,Активен,0.691,Анжелика Антоновна Тарасова,F,1976-09-30,Новосибирск,Premium,2024-03-19
1020,390,Ипотека,6616000.0,22.48,300,2024-08-07,Отделение №3,Активен,0.464,Баранова Лариса Кузьминична,F,1993-11-07,Новосибирск,Business,2024-07-09
1021,464,Потребительский,613000.0,22.57,48,2025-08-07,Отделение №7,Активен,0.788,Комиссарова Вера Николаевна,F,1975-02-23,Самара,Business,2025-08-07
1022,786,Кредитная карта,201000.0,6.76,24,2024-01-19,Отделение №11,Активен,0.791,Фадеева Анна Владимировна,F,1987-08-17,Екатеринбург,Retail,2022-07-10
1023,666,Кредитная карта,71000.0,8.25,12,2024-07-01,Отделение №3,Закрыт,0.391,Константинов Лазарь Анатольевич,M,1966-11-08,Самара,Retail,2024-07-01
1024,304,Потребительский,198000.0,9.41,48,2025-12-08,Отделение №14,Активен,0.83,Давыдов Кондрат Терентьевич,M,1976-12-05,Уфа,Retail,2025-12-08
1025,353,Автокредит,992000.0,19.82,60,2025-05-27,Отделение №14,Активен,0.433,Анжелика Олеговна Федорова,F,1978-01-24,Уфа,Retail,2025-04-26
1026,357,Потребительский,777000.0,24.19,12,2025-04-03,Отделение №6,Дефолт,0.067,Людмила Юрьевна Кудряшова,F,1969-12-13,Москва,Retail,2025-04-03
1027,271,Вексель,3078000.0,16.05,6,2025-07-31,Отделение №4,Активен,0.494,Татьяна Ниловна Виноградова,F,1963-01-19,Санкт-Петербург,Business,2025-07-31
1028,431,Ипотека,2130000.0,9.42,240,2025-07-17,Отделение №11,Активен,0.63,Тихонова Лора Руслановна,F,1960-11-25,Ростов-на-Дону,Retail,2024-01-12
1029,650,Автокредит,1990000.0,11.69,36,2024-12-20,Отделение №13,Активен,0.725,Авксентий Исидорович Медведев,M,1970-11-02,Екатеринбург,Retail,2023-09-08
1030,66,Вексель,728000.0,6.83,12,2022-05-10,Отделение №4,Закрыт,0.37,Шашков Всеволод Евсеевич,M,1961-09-04,Санкт-Петербург,Business,2022-04-27
1031,274,Потребительский,295000.0,18.16,24,2025-12-06,Отделение №8,Активен,0.902,Татьяна Эльдаровна Михайлова,F,2001-08-10,Челябинск,Retail,2025-12-06
1032,321,Вексель,2819000.0,10.08,9,2025-12-01,Отделение №6,Активен,0.127,Нинель Рубеновна Комиссарова,F,1970-04-29,Москва,Retail,2022-05-23
1033,255,Вексель,2904000.0,17.41,6,2025-12-21,Отделение №14,Активен,0.237,Лидия Мироновна Кириллова,F,1983-04-06,Челябинск,Retail,2025-12-03
1034,399,Потребительский,472000.0,15.9,12,2025-01-28,Отделение №13,Дефолт,0.096,Рюрик Ермилович Беляков,M,1956-02-06,Ростов-на-Дону,Business,2025-01-28
1035,410,Потребительский,291000.0,17.59,48,2024-08-05,Отделение №12,Активен,0.891,Клавдия Руслановна Авдеева,F,1956-07-15,Уфа,Retail,2022-10-01
1036,283,Потребительский,387000.0,19.6,24,2023-07-20,Отделение №13,Закрыт,0.364,Людмила Анатольевна Афанасьева,F,2000-06-26,Екатеринбург,Retail,2022-05-05
1037,552,Потребительский,235000.0,13.05,12,2024-07-17,Отделение №9,Закрыт,0.621,Комиссаров Ипат Ильич,M,1964-04-28,Челябинск,Retail,2024-07-17
1038,442,Потребительский,255000.0,24.63,36,2025-12-24,Отделение №9,Активен,0.605,Гурьева Оксана Ждановна,F,1993-01-15,Уфа,Retail,2025-12-24
1039,281,Потребительский,658000.0,17.63,24,2025-05-08,Отделение №1,Активен,0.296,Ковалев Аверьян Эдуардович,M,1994-07-09,Екатеринбург,Retail,2024-06-27
1040,405,Вексель,1055000.0,21.05,9,2023-05-24,Отделение №14,Закрыт,0.423,Панфилова Милица Сергеевна,F,1957-10-07,Новосибирск,Retail,2023-05-08
1041,365,Кредитная карта,111000.0,11.95,12,2025-07-16,Отделение №11,Просрочен,0.029,Михеев Никанор Валерианович,M,1969-04-14,Санкт-Петербург,Retail,2025-07-16
1042,624,Вексель,486000.0,14.72,12,2025-10-18,Отделение №3,Активен,0.382,Денисова Лариса Владимировна,F,1975-10-16,Нижний Новгород,Business,2025-10-18
1043,369,Автокредит,2372000.0,14.89,24,2023-09-28,Отделение №10,Закрыт,0.198,Лариса Макаровна Рогова,F,1959-01-19,Челябинск,Business,2023-09-28
1044,538,Ипотека,3629000.0,24.09,180,2025-04-07,Отделение №14,Активен,0.124,Иванова Марфа Леоновна,F,1999-06-09,Москва,Premium,2025-04-07
1045,164,Потребительский,408000.0,21.81,24,2023-11-20,Отделение №1,Закрыт,0.375,Антонина Григорьевна Исаева,F,1966-08-25,Нижний Новгород,Retail,2023-11-20
1046,743,Автокредит,2080000.0,12.51,60,2025-08-13,Отделение №1,Активен,0.836,Олимпиада Антоновна Захарова,F,1969-12-29,Уфа,Retail,2025-08-13
1047,455,Автокредит,1242000.0,7.53,24,2024-11-28,Отделение №3,Активен,0.717,Воронцова Валерия Аркадьевна,F,1998-10-08,Санкт-Петербург,Business,2024-11-28
1048,461,Ипотека,11269000.0,8.38,180,2022-11-07,Отделение №12,Активен,0.163,Николай Дмитриевич Зыков,M,1955-10-31,Ростов-на-Дону,Business,2022-04-04
1049,133,Потребительский,616000.0,7.99,36,2023-11-24,Отделение №2,Активен,0.344,Зимина Фёкла Васильевна,F,1997-01-28,Челябинск,Retail,2023-11-09
1050,244,Ипотека,7451000.0,21.03,300,2025-08-07,Отделение №9,Активен,0.695,Куликова Фёкла Александровна,F,1970-02-03,Новосибирск,Retail,2024-01-05
1051,449,Вексель,4090000.0,8.62,12,2024-04-18,Отделение №5,Закрыт,0.911,Харитонова Варвара Рубеновна,F,1971-08-18,Санкт-Петербург,Premium,2024-04-18
1052,673,Потребительский,92000.0,18.33,12,2023-12-04,Отделение №8,Закрыт,0.697,Афиноген Адамович Голубев,M,1965-12-15,Новосибирск,Retail,2023-12-04
1053,635,Потребительский,214000.0,24.06,24,2023-09-24,Отделение №6,Закрыт,0.138,Демид Валерианович Попов,M,1992-06-26,Казань,Retail,2023-09-24
1054,376,Потребительский,617000.0,15.89,48,2023-04-09,Отделение №1,Активен,0.29,Радим Фролович Федосеев,M,1982-07-30,Новосибирск,Business,2023-04-09
1055,142,Вексель,3516000.0,10.18,3,2022-04-13,Отделение №4,Просрочен,0.036,Любосмысл Гавриилович Мартынов,M,1966-09-14,Нижний Новгород,Retail,2022-04-13
1056,219,Автокредит,419000.0,22.72,24,2025-04-06,Отделение №14,Активен,0.509,Иван Ильич Поляков,M,1988-10-11,Новосибирск,Business,2024-08-03
1057,340,Потребительский,210000.0,20.19,12,2025-07-09,Отделение №9,Активен,0.281,Прасковья Тимуровна Лебедева,F,1975-12-23,Ростов-на-Дону,Premium,2022-12-18
1058,514,Ипотека,5884000.0,11.22,180,2025-05-29,Отделение №15,Активен,0.196,Сазонова Нина Леоновна,F,1985-02-05,Самара,Premium,2024-06-24
1059,60,Потребительский,139000.0,7.03,36,2024-07-13,Отделение №11,Активен,0.603,Юдина Клавдия Робертовна,F,1972-02-12,Москва,Retail,2022-05-01
1060,95,Вексель,3873000.0,8.57,6,2023-07-01,Отделение №2,Закрыт,0.387,Савин Эрнст Захарьевич,M,1979-11-08,Санкт-Петербург,Retail,2023-07-01
1061,712,Вексель,4384000.0,20.04,6,2025-10-16,Отделение №12,Активен,0.299,Зиновий Владиславович Савельев,M,1959-07-04,Новосибирск,Retail,2025-10-16
1062,133,Вексель,4445000.0,15.03,9,2024-01-10,Отделение №4,Закрыт,0.648,Зимина Фёкла Васильевна,F,1997-01-28,Челябинск,Retail,2023-11-09
1063,100,Автокредит,2699000.0,15.9,48,2025-08-06,Отделение №4,Активен,0.31,Мухина Эмилия Анатольевна,F,1979-05-10,Уфа,Retail,2025-08-06
1064,567,Вексель,4316000.0,23.92,6,2025-09-14,Отделение №6,Активен,0.389,Арсений Бориславович Лаврентьев,M,2001-01-06,Москва,Retail,2025-09-14
1065,189,Ипотека,5908000.0,15.34,180,2025-06-02,Отделение №13,Активен,0.597,Крюков Ким Фёдорович,M,1999-01-29,Санкт-Петербург,Business,2025-06-02
1066,664,Кредитная карта,261000.0,17.84,12,2023-11-11,Отделение №14,Закрыт,0.884,Ковалева Синклитикия Матвеевна,F,2005-11-01,Челябинск,Business,2023-11-11
1067,213,Потребительский,88000.0,23.61,12,2023-07-16,Отделение №7,Закрыт,0.303,Брагина Октябрина Ильинична,F,1990-11-28,Нижний Новгород,Retail,2022-04-22
1068,12,Вексель,4810000.0,13.27,3,2025-02-04,Отделение №7,Закрыт,0.646,Михаил Владиславович Фомин,M,1974-02-23,Ростов-на-Дону,Retail,2025-02-04
1069,726,Вексель,1927000.0,18.53,9,2024-05-05,Отделение №1,Закрыт,0.297,Герасимов Прокофий Андреевич,M,1969-05-13,Нижний Новгород,Retail,2023-07-16
1070,235,Кредитная карта,112000.0,23.61,24,2024-07-24,Отделение №13,Активен,0.887,Селиверстов Тимур Федосеевич,M,1986-03-20,Новосибирск,Business,2024-04-19
1071,389,Кредитная карта,62000.0,21.09,36,2025-10-28,Отделение №15,Активен,0.88,Быков Павел Харлампьевич,M,1979-10-29,Новосибирск,Retail,2023-08-07
1072,194,Ипотека,2143000.0,14.88,120,2025-12-10,Отделение №12,Активен,0.886,Пелагея Владиславовна Третьякова,F,1983-09-06,Санкт-Петербург,Business,2025-12-10
1073,163,Автокредит,1102000.0,19.96,60,2024-07-12,Отделение №2,Активен,0.153,Наталья Константиновна Ермакова,F,1987-12-20,Самара,Retail,2024-07-12
1074,741,Ипотека,5774000.0,14.46,120,2025-04-22,Отделение №3,Активен,0.466,Варлаам Ермилович Беспалов,M,1983-07-12,Нижний Новгород,Premium,2025-04-22
1075,689,Кредитная карта,186000.0,7.66,12,2025-09-06,Отделение №5,Активен,0.77,Мина Всеволодович Борисов,M,1967-12-22,Новосибирск,Retail,2025-03-23
1076,532,Вексель,3622000.0,6.95,6,2023-11-22,Отделение №14,Закрыт,0.272,Эдуард Зиновьевич Князев,M,1975-09-15,Ростов-на-Дону,Premium,2023-11-22
1077,342,Потребительский,567000.0,7.31,12,2025-08-24,Отделение №14,Активен,0.563,Устинова Ангелина Макаровна,F,1968-03-18,Ростов-на-Дону,Retail,2022-08-05
1078,619,Ипотека,11521000.0,19.67,300,2025-11-18,Отделение №5,Активен,0.743,Эмиль Еремеевич Гуляев,M,2004-08-14,Самара,Business,2025-11-18
1079,483,Ипотека,7980000.0,16.52,300,2024-08-25,Отделение №15,Активен,0.373,Суворов Арефий Фадеевич,M,2005-12-31,Санкт-Петербург,Retail,2024-01-13
1080,103,Ипотека,7510000.0,20.03,180,2023-10-19,Отделение №3,Активен,0.347,Вацлав Федосьевич Поляков,M,1964-10-26,Нижний Новгород,Retail,2022-08-11
1081,40,Автокредит,1367000.0,9.22,48,2023-08-22,Отделение №15,Активен,0.673,Копылов Изот Елисеевич,M,1990-06-17,Уфа,Premium,2022-09-20
1082,479,Ипотека,7423000.0,8.09,240,2024-10-10,Отделение №3,Активен,0.253,Дарья Олеговна Наумова,F,1981-06-12,Самара,Retail,2024-10-10
1083,324,Потребительский,319000.0,20.37,48,2025-03-08,Отделение №3,Активен,0.862,Таисия Борисовна Кулакова,F,1999-08-30,Москва,Retail,2025-03-08
1084,410,Кредитная карта,123000.0,17.52,36,2022-10-25,Отделение №14,Закрыт,0.54,Клавдия Руслановна Авдеева,F,1956-07-15,Уфа,Retail,2022-10-01
1085,215,Вексель,4270000.0,21.67,6,2023-07-01,Отделение №14,Закрыт,0.396,Ипатий Филиппович Сазонов,M,1971-05-21,Казань,Retail,2023-07-01
1086,768,Ипотека,3119000.0,8.41,120,2024-11-30,Отделение №15,Просрочен,0.004,Кулакова Клавдия Георгиевна,F,1963-06-21,Санкт-Петербург,Retail,2022-11-19
1087,255,Автокредит,2850000.0,19.56,36,2025-12-03,Отделение №2,Активен,0.335,Лидия Мироновна Кириллова,F,1983-04-06,Челябинск,Retail,2025-12-03
1088,514,Потребительский,677000.0,23.74,36,2025-01-28,Отделение №14,Активен,0.523,Сазонова Нина Леоновна,F,1985-02-05,Самара,Premium,2024-06-24
1089,545,Ипотека,7770000.0,20.33,300,2025-11-09,Отделение №11,Активен,0.106,Таисия Алексеевна Селиверстова,F,1993-06-27,Самара,Premium,2024-05-01
1090,531,Автокредит,805000.0,22.93,36,2024-07-28,Отделение №13,Активен,0.969,Орест Бориславович Козлов,M,1960-05-02,Новосибирск,Retail,2024-07-28
1091,394,Потребительский,158000.0,23.98,12,2025-11-24,Отделение №7,Активен,0.242,Горбачева Наина Ефимовна,F,2005-09-25,Москва,Retail,2022-06-17
1092,643,Потребительский,207000.0,6.93,12,2023-09-09,Отделение №2,Просрочен,0.031,Алина Андреевна Николаева,F,1958-01-24,Новосибирск,Retail,2023-09-09
1093,311,Потребительский,671000.0,11.16,12,2025-02-13,Отделение №7,Активен,0.951,Степан Бенедиктович Юдин,M,1990-07-15,Уфа,Retail,2025-02-13
1094,163,Кредитная карта,209000.0,17.5,12,2025-11-30,Отделение №6,Активен,0.343,Наталья Константиновна Ермакова,F,1987-12-20,Самара,Retail,2024-07-12
1095,618,Потребительский,371000.0,17.81,48,2025-07-24,Отделение №8,Просрочен,0.042,Иосиф Елизарович Юдин,M,1960-01-21,Екатеринбург,Business,2024-12-17
1096,236,Кредитная карта,165000.0,11.21,24,2024-08-19,Отделение №13,Активен,0.474,Павел Бориславович Щукин,M,1981-02-13,Казань,Premium,2024-08-19
1097,301,Ипотека,7390000.0,19.17,120,2024-05-15,Отделение №6,Активен,0.62,Семенов Радим Бориславович,M,1997-11-04,Ростов-на-Дону,Retail,2022-09-16
1098,655,Кредитная карта,215000.0,7.21,12,2025-10-28,Отделение №15,Активен,0.487,Леон Бориславович Ершов,M,1983-03-23,Москва,Premium,2025-10-28
1099,204,Потребительский,239000.0,11.02,12,2025-10-08,Отделение №11,Активен,0.831,Муравьев Творимир Тарасович,M,2005-04-15,Ростов-на-Дону,Premium,2025-10-08
1100,773,Кредитная карта,153000.0,10.94,36,2023-11-22,Отделение №1,Активен,0.984,Савелий Ильясович Селезнев,M,1971-04-14,Нижний Новгород,Retail,2023-10-22
1101,136,Потребительский,464000.0,17.79,48,2023-09-04,Отделение №11,Дефолт,0.095,Валентина Оскаровна Кондратьева,F,1974-07-05,Челябинск,Premium,2023-09-04
1102,320,Потребительский,697000.0,14.68,12,2024-11-02,Отделение №8,Закрыт,0.502,Олимпиада Георгиевна Фомина,F,1990-12-12,Новосибирск,Retail,2023-12-20
1103,51,Потребительский,474000.0,17.28,12,2023-06-03,Отделение №8,Закрыт,0.698,Колесников Капитон Филиппович,M,1970-07-04,Челябинск,Retail,2022-07-13
1104,721,Потребительский,389000.0,11.84,24,2023-12-05,Отделение №2,Закрыт,0.331,Алла Михайловна Смирнова,F,1977-11-28,Москва,Business,2023-12-05
1105,353,Вексель,4846000.0,15.37,3,2025-04-26,Отделение №7,Закрыт,0.249,Анжелика Олеговна Федорова,F,1978-01-24,Уфа,Retail,2025-04-26
1106,721,Вексель,4053000.0,7.31,6,2024-02-11,Отделение №6,Закрыт,0.183,Алла Михайловна Смирнова,F,1977-11-28,Москва,Business,2023-12-05
1107,590,Кредитная карта,188000.0,19.63,24,2023-08-03,Отделение №15,Закрыт,0.808,Раиса Болеславовна Кузьмина,F,2005-09-26,Уфа,Retail,2023-08-03
1108,19,Потребительский,173000.0,16.85,24,2025-05-24,Отделение №6,Активен,0.438,Ратмир Викторович Белоусов,M,1962-12-07,Казань,Retail,2022-12-01
1109,286,Вексель,2207000.0,16.5,9,2025-07-24,Отделение №1,Активен,0.419,Маслов Адриан Зиновьевич,M,1964-08-11,Уфа,Retail,2025-03-02
1110,51,Потребительский,468000.0,7.7,48,2022-07-13,Отделение №11,Активен,0.263,Колесников Капитон Филиппович,M,1970-07-04,Челябинск,Retail,2022-07-13
1111,669,Ипотека,6013000.0,8.73,180,2022-10-18,Отделение №10,Активен,0.162,г-н Селиверстов Онуфрий Филимонович,M,1984-08-01,Нижний Новгород,Retail,2022-10-18
1112,458,Потребительский,197000.0,11.34,36,2025-02-15,Отделение №13,Дефолт,0.067,Селиван Бенедиктович Мясников,M,1982-03-19,Ростов-на-Дону,Retail,2024-10-26
1113,108,Вексель,2952000.0,7.23,3,2025-09-20,Отделение №5,Закрыт,0.202,Галина Руслановна Савельева,F,1969-02-24,Казань,Premium,2025-09-20
1114,35,Потребительский,576000.0,7.6,12,2024-02-01,Отделение №2,Закрыт,0.788,Соболев Тимур Германович,M,1992-09-30,Новосибирск,Retail,2022-11-10
1115,186,Автокредит,1091000.0,22.7,24,2023-09-14,Отделение №15,Закрыт,0.137,Изяслав Владиленович Никифоров,M,1984-04-26,Челябинск,Retail,2023-05-24
1116,717,Потребительский,410000.0,18.72,24,2024-07-27,Отделение №4,Активен,0.478,Белозеров Платон Владиленович,M,1958-06-17,Нижний Новгород,Retail,2024-07-27
1117,620,Потребительский,341000.0,18.77,12,2022-10-27,Отделение №3,Закрыт,0.858,Сазонова Клавдия Григорьевна,F,1982-08-06,Казань,Business,2022-04-06
1118,188,Кредитная карта,48000.0,16.92,36,2025-04-20,Отделение №13,Активен,0.247,Ковалева Виктория Святославовна,F,2004-03-03,Казань,Business,2025-04-20
1119,358,Ипотека,8256000.0,13.98,180,2025-03-16,Отделение №1,Активен,0.752,г-жа Воробьева Милица Михайловна,F,1982-05-10,Нижний Новгород,Premium,2025-03-16
1120,752,Кредитная карта,241000.0,18.86,12,2023-06-21,Отделение №7,Закрыт,0.931,Олимпий Венедиктович Гуляев,M,1999-12-10,Москва,Retail,2023-06-21
1121,40,Ипотека,10364000.0,15.32,180,2022-09-20,Отделение №9,Активен,0.949,Копылов Изот Елисеевич,M,1990-06-17,Уфа,Premium,2022-09-20
1122,660,Кредитная карта,204000.0,10.94,36,2025-04-07,Отделение №8,Активен,0.521,Нестерова Василиса Егоровна,F,1970-11-03,Уфа,Retail,2025-04-07
1123,157,Вексель,2220000.0,7.72,3,2024-05-04,Отделение №15,Закрыт,0.085,Архипова Нинель Львовна,F,1965-04-05,Самара,Premium,2022-01-26
1124,361,Вексель,3887000.0,11.6,3,2024-10-30,Отделение №11,Закрыт,0.281,Михей Иосипович Блинов,M,2005-01-17,Москва,Retail,2024-10-30
1125,248,Вексель,4594000.0,17.64,9,2025-01-01,Отделение №14,Закрыт,0.919,Гаврилов Степан Валентинович,M,1994-06-13,Самара,Retail,2024-08-02
1126,548,Кредитная карта,168000.0,17.35,24,2025-11-10,Отделение №11,Активен,0.56,Прохоров Герасим Федосьевич,M,1996-09-14,Уфа,Retail,2025-03-01
1127,77,Автокредит,2119000.0,12.7,36,2024-08-19,Отделение №6,Активен,0.691,Орехов Герман Данилович,M,2000-08-19,Самара,Retail,2024-01-27
1128,209,Автокредит,2003000.0,18.08,24,2024-04-23,Отделение №14,Активен,0.934,Горбунова Вероника Ефимовна,F,1983-04-18,Казань,Premium,2024-04-23
1129,69,Потребительский,435000.0,23.19,36,2025-03-31,Отделение №6,Активен,0.566,Буров Антонин Бенедиктович,M,1988-08-27,Ростов-на-Дону,Retail,2025-03-31
1130,687,Кредитная карта,82000.0,18.94,24,2024-11-26,Отделение №10,Активен,0.279,Прохоров Иларион Евстигнеевич,M,1983-06-05,Нижний Новгород,Retail,2023-09-18
1131,128,Ипотека,8591000.0,11.93,180,2025-11-10,Отделение №6,Активен,0.687,Татьяна Даниловна Абрамова,F,1992-01-17,Екатеринбург,Retail,2024-12-03
1132,103,Вексель,2809000.0,17.2,6,2024-08-05,Отделение №12,Закрыт,0.173,Вацлав Федосьевич Поляков,M,1964-10-26,Нижний Новгород,Retail,2022-08-11
1133,768,Вексель,1528000.0,17.51,6,2023-02-26,Отделение №6,Закрыт,0.633,Кулакова Клавдия Георгиевна,F,1963-06-21,Санкт-Петербург,Retail,2022-11-19
1134,158,Потребительский,536000.0,11.02,48,2024-06-06,Отделение №5,Активен,0.484,Субботин Самсон Валентинович,M,1998-06-04,Самара,Business,2024-06-06
1135,502,Кредитная карта,154000.0,11.19,24,2024-04-25,Отделение №2,Дефолт,0.072,Афиноген Анисимович Фадеев,M,1956-01-03,Челябинск,Premium,2024-04-25
1136,375,Кредитная карта,250000.0,7.72,24,2023-12-01,Отделение №5,Закрыт,0.812,Игнатьев Афанасий Валерьянович,M,2006-03-28,Самара,Business,2023-12-01
1137,70,Кредитная карта,153000.0,21.61,36,2025-04-10,Отделение №7,Активен,0.511,Аникей Ааронович Миронов,M,1995-10-09,Ростов-на-Дону,Premium,2024-05-08
1138,753,Потребительский,88000.0,24.56,48,2025-07-10,Отделение №8,Активен,0.595,Алевтина Вячеславовна Григорьева,F,2001-03-08,Уфа,Retail,2024-11-03
1139,522,Ипотека,5131000.0,8.76,180,2025-08-25,Отделение №1,Активен,0.76,Кудряшова Елизавета Анатольевна,F,1973-05-20,Казань,Retail,2025-08-25
1140,441,Потребительский,103000.0,16.35,12,2025-10-28,Отделение №2,Активен,0.127,Руслан Егорович Григорьев,M,1997-09-24,Нижний Новгород,Business,2025-10-28
1141,113,Кредитная карта,215000.0,22.9,12,2023-08-11,Отделение №1,Закрыт,0.567,Потапова Октябрина Николаевна,F,1958-11-29,Ростов-на-Дону,Retail,2023-08-11
1142,164,Потребительский,783000.0,14.41,36,2023-11-20,Отделение №10,Активен,0.23,Антонина Григорьевна Исаева,F,1966-08-25,Нижний Новгород,Retail,2023-11-20
1143,278,Автокредит,2354000.0,9.29,48,2025-04-17,Отделение №6,Активен,0.554,Ларионова Феврония Рудольфовна,F,1983-01-28,Новосибирск,Premium,2025-04-17
1144,752,Вексель,942000.0,16.47,12,2023-06-21,Отделение №3,Просрочен,0.017,Олимпий Венедиктович Гуляев,M,1999-12-10,Москва,Retail,2023-06-21
1145,681,Потребительский,605000.0,8.79,36,2024-09-22,Отделение №7,Активен,0.246,Носков Степан Денисович,M,1988-06-21,Самара,Retail,2024-01-20
1146,569,Потребительский,395000.0,23.38,24,2024-07-03,Отделение №1,Активен,0.279,Селиван Жанович Кириллов,M,1975-11-19,Москва,Retail,2024-07-03
1147,217,Потребительский,281000.0,10.43,48,2025-12-24,Отделение №2,Активен,0.1,Лавр Адамович Никонов,M,1989-11-25,Уфа,Retail,2025-12-24
1148,336,Ипотека,6441000.0,22.15,180,2024-02-27,Отделение №1,Активен,0.751,Синклитикия Архиповна Евдокимова,F,1982-06-22,Москва,Retail,2022-05-28
1149,536,Автокредит,1106000.0,21.03,60,2024-06-13,Отделение №6,Активен,0.524,Трофимова Анжела Михайловна,F,1968-10-05,Челябинск,Retail,2023-05-24
1150,83,Потребительский,431000.0,17.66,48,2024-06-24,Отделение №12,Активен,0.373,Матвеева Ангелина Игоревна,F,1973-12-07,Москва,Business,2023-05-30
1151,699,Потребительский,678000.0,21.0,48,2023-07-03,Отделение №6,Активен,0.207,Кабанов Севастьян Жоресович,M,1964-09-24,Нижний Новгород,Premium,2023-07-03
1152,725,Ипотека,4741000.0,13.48,240,2025-11-11,Отделение №1,Активен,0.878,Будимир Терентьевич Герасимов,M,1974-12-19,Казань,Business,2025-11-11
1153,378,Вексель,2860000.0,19.62,3,2025-09-17,Отделение №10,Просрочен,0.022,Овчинников Аполлон Валерьевич,M,1982-08-13,Ростов-на-Дону,Retail,2025-09-17
1154,623,Потребительский,336000.0,19.82,48,2024-06-12,Отделение №2,Активен,0.909,Чеслав Артёмович Лобанов,M,2001-11-20,Екатеринбург,Retail,2023-09-05
1155,482,Ипотека,5482000.0,23.27,240,2024-01-21,Отделение №3,Активен,0.26,Якушева Елена Кузьминична,F,2000-04-07,Москва,Retail,2024-01-20
1156,625,Потребительский,690000.0,24.52,24,2022-10-14,Отделение №13,Закрыт,0.365,Наина Михайловна Некрасова,F,1991-03-10,Санкт-Петербург,Premium,2022-10-14
1157,563,Потребительский,580000.0,17.82,24,2022-07-09,Отделение №5,Закрыт,0.553,Шилов Парфен Фомич,M,1967-09-24,Казань,Premium,2022-01-08
1158,89,Потребительский,749000.0,11.89,48,2024-05-30,Отделение №5,Активен,0.859,Стрелков Тимофей Герасимович,M,1974-08-12,Казань,Retail,2024-05-30
1159,174,Кредитная карта,80000.0,9.57,24,2023-10-01,Отделение №14,Просрочен,0.067,Ульяна Эдуардовна Селиверстова,F,1956-10-02,Екатеринбург,Retail,2023-05-30
1160,82,Потребительский,89000.0,16.58,24,2023-08-14,Отделение №15,Закрыт,0.942,Елизавета Дмитриевна Козлова,F,1989-12-30,Казань,Premium,2023-02-21
1161,777,Потребительский,63000.0,19.61,24,2025-05-19,Отделение №2,Дефолт,0.067,Наина Леоновна Давыдова,F,1969-03-22,Уфа,Retail,2023-09-29
1162,23,Потребительский,637000.0,16.68,12,2024-08-05,Отделение №3,Закрыт,0.369,Яковлева Наталья Эльдаровна,F,1958-12-23,Челябинск,Premium,2023-03-12
1163,240,Потребительский,749000.0,12.49,24,2025-06-18,Отделение №5,Активен,0.172,Ильин Радован Бенедиктович,M,1990-02-19,Казань,Retail,2025-06-18
1164,420,Автокредит,454000.0,8.98,24,2024-03-17,Отделение №3,Просрочен,0.048,Сысоева Синклитикия Львовна,F,1984-01-30,Самара,Retail,2023-01-18
1165,334,Вексель,1285000.0,20.91,9,2025-03-21,Отделение №8,Закрыт,0.462,Ильин Анисим Демидович,M,1977-07-03,Новосибирск,Premium,2024-10-15
1166,344,Потребительский,132000.0,18.28,24,2023-03-30,Отделение №2,Закрыт,0.755,Казакова София Львовна,F,1997-12-22,Новосибирск,Retail,2023-03-30
1167,528,Кредитная карта,67000.0,16.23,24,2024-08-01,Отделение №13,Активен,0.49,Никита Жоресович Денисов,M,1961-03-19,Уфа,Retail,2023-11-18
1168,772,Ипотека,7415000.0,15.09,300,2025-02-06,Отделение №9,Активен,0.647,Евграф Измаилович Владимиров,M,1992-10-08,Челябинск,Premium,2025-02-06
1169,186,Ипотека,8055000.0,16.13,300,2023-05-30,Отделение №9,Активен,0.408,Изяслав Владиленович Никифоров,M,1984-04-26,Челябинск,Retail,2023-05-24
1170,787,Кредитная карта,64000.0,7.85,12,2025-12-06,Отделение №14,Активен,0.995,Милица Олеговна Меркушева,F,1980-07-01,Самара,Business,2025-12-06
1171,201,Потребительский,503000.0,13.42,48,2024-02-23,Отделение №6,Активен,0.374,Антонина Станиславовна Сысоева,F,1979-06-08,Челябинск,Retail,2022-06-14
1172,501,Ипотека,9503000.0,20.76,180,2024-06-10,Отделение №8,Активен,0.75,Белозеров Тит Ануфриевич,M,1982-12-02,Челябинск,Retail,2022-02-08
1173,112,Кредитная карта,243000.0,18.44,36,2024-04-11,Отделение №4,Активен,0.302,Шубина Виктория Даниловна,F,1959-01-05,Москва,Retail,2024-04-11
1174,267,Потребительский,725000.0,15.46,48,2023-06-02,Отделение №8,Активен,0.466,Фадеев Клавдий Давидович,M,1997-08-25,Екатеринбург,Premium,2022-10-16
1175,424,Ипотека,4047000.0,24.16,180,2024-05-01,Отделение №3,Активен,0.245,Колобова Ирина Ильинична,F,1962-01-04,Челябинск,Retail,2023-09-20
1176,319,Кредитная карта,279000.0,7.48,24,2024-02-06,Отделение №7,Активен,0.465,Прохор Даниилович Лукин,M,1968-02-10,Казань,Retail,2023-01-05
1177,777,Кредитная карта,265000.0,11.91,12,2025-05-10,Отделение №9,Активен,0.821,Наина Леоновна Давыдова,F,1969-03-22,Уфа,Retail,2023-09-29
1178,612,Ипотека,11340000.0,12.99,300,2023-12-27,Отделение №15,Активен,0.193,Вера Мироновна Носова,F,1997-12-20,Челябинск,Retail,2023-12-27
1179,605,Автокредит,429000.0,20.2,24,2025-12-19,Отделение №1,Активен,0.562,Вадим Иосипович Максимов,M,1959-12-17,Екатеринбург,Retail,2025-12-19
1180,48,Потребительский,214000.0,14.75,36,2022-05-26,Отделение №10,Закрыт,0.334,Антонина Альбертовна Кулагина,F,2007-08-21,Казань,Retail,2022-05-26
1181,291,Ипотека,8218000.0,7.44,240,2025-09-15,Отделение №2,Активен,0.517,Милий Виленович Фролов,M,1961-01-07,Новосибирск,Business,2025-09-15
1182,213,Кредитная карта,235000.0,7.17,24,2024-11-18,Отделение №12,Активен,0.779,Брагина Октябрина Ильинична,F,1990-11-28,Нижний Новгород,Retail,2022-04-22
1183,176,Вексель,2579000.0,12.57,6,2024-02-13,Отделение №12,Закрыт,0.714,Михеев Пров Елисеевич,M,1965-02-10,Казань,Premium,2023-03-20
1184,539,Вексель,1409000.0,8.21,6,2025-08-31,Отделение №7,Активен,0.384,Самойлова Лора Павловна,F,1973-01-29,Екатеринбург,Retail,2025-08-31
1185,239,Потребительский,83000.0,10.08,12,2025-07-07,Отделение №7,Активен,0.569,София Матвеевна Семенова,F,1976-05-17,Самара,Premium,2025-07-07
1186,567,Вексель,4428000.0,16.95,12,2025-09-14,Отделение №4,Активен,0.99,Арсений Бориславович Лаврентьев,M,2001-01-06,Москва,Retail,2025-09-14
1187,642,Потребительский,100000.0,19.88,12,2025-11-04,Отделение №4,Активен,0.787,Орлов Филипп Валентинович,M,1967-07-21,Новосибирск,Retail,2025-11-04
1188,567,Ипотека,11812000.0,7.97,300,2025-09-14,Отделение №15,Активен,0.46,Арсений Бориславович Лаврентьев,M,2001-01-06,Москва,Retail,2025-09-14
1189,221,Потребительский,596000.0,24.08,36,2024-09-15,Отделение №9,Активен,0.258,Устинова Нинель Антоновна,F,1985-10-23,Екатеринбург,Business,2024-09-15
1190,218,Автокредит,2743000.0,18.73,48,2025-07-17,Отделение №11,Активен,0.527,Воронцов Антип Эдуардович,M,1998-12-25,Екатеринбург,Retail,2025-02-05
1191,136,Вексель,3611000.0,20.82,9,2025-05-01,Отделение №14,Активен,0.245,Валентина Оскаровна Кондратьева,F,1974-07-05,Челябинск,Premium,2023-09-04
1192,167,Потребительский,413000.0,12.03,36,2024-11-24,Отделение №7,Активен,0.973,Дмитриев Кондрат Филиппович,M,1959-05-17,Санкт-Петербург,Business,2024-11-24
1193,405,Потребительский,494000.0,21.66,36,2023-05-08,Отделение №14,Активен,0.555,Панфилова Милица Сергеевна,F,1957-10-07,Новосибирск,Retail,2023-05-08
1194,364,Вексель,4416000.0,23.16,6,2024-08-08,Отделение №12,Закрыт,0.926,Матвеева Зинаида Вадимовна,F,1957-01-08,Ростов-на-Дону,Premium,2024-04-17
1195,227,Автокредит,1344000.0,16.92,60,2024-05-08,Отделение №4,Активен,0.299,Марфа Федоровна Громова,F,1960-05-15,Уфа,Retail,2023-11-12
1196,654,Потребительский,411000.0,23.54,12,2023-10-05,Отделение №7,Просрочен,0.057,Дьячкова Агафья Леоновна,F,1955-10-01,Екатеринбург,Business,2022-08-22
1197,534,Вексель,855000.0,12.64,12,2024-11-21,Отделение №5,Закрыт,0.37,Щербакова Глафира Валентиновна,F,1969-08-28,Челябинск,Retail,2024-11-21
1198,276,Потребительский,709000.0,17.33,48,2024-10-05,Отделение №14,Активен,0.405,Нестерова Наталья Рудольфовна,F,1987-03-30,Екатеринбург,Retail,2024-10-05
1199,4,Потребительский,232000.0,9.43,24,2023-11-20,Отделение №7,Закрыт,0.327,Трифон Федосеевич Поляков,M,1979-01-12,Ростов-на-Дону,Retail,2023-03-24
1200,135,Кредитная карта,57000.0,9.26,12,2025-03-25,Отделение №15,Активен,0.429,Селезнев Матвей Авдеевич,M,1999-11-07,Москва,Retail,2025-03-25
1201,593,Потребительский,778000.0,6.54,24,2023-02-21,Отделение №3,Закрыт,0.178,Марфа Рудольфовна Баранова,F,1985-09-13,Челябинск,Retail,2023-02-21
1202,679,Потребительский,683000.0,17.02,36,2025-12-14,Отделение №15,Просрочен,0.04,Иннокентий Ерофеевич Чернов,M,1977-02-04,Казань,Retail,2025-12-14
1203,455,Потребительский,125000.0,17.8,12,2024-11-28,Отделение №4,Закрыт,0.821,Воронцова Валерия Аркадьевна,F,1998-10-08,Санкт-Петербург,Business,2024-11-28
1204,107,Вексель,4496000.0,11.42,12,2024-01-16,Отделение №14,Закрыт,0.291,Юлий Юльевич Котов,M,1998-11-12,Нижний Новгород,Retail,2024-01-16
1205,345,Автокредит,2563000.0,7.69,48,2024-11-11,Отделение №5,Активен,0.606,Гуляев Ростислав Харлампович,M,1988-07-10,Уфа,Retail,2024-11-11
1206,139,Потребительский,632000.0,17.66,12,2024-10-13,Отделение №1,Закрыт,0.689,Рубен Феодосьевич Шарапов,M,1993-09-08,Ростов-на-Дону,Business,2024-08-15
1207,462,Ипотека,5387000.0,15.2,180,2025-11-24,Отделение №9,Активен,0.453,Богданова Алина Олеговна,F,1973-08-03,Ростов-на-Дону,Retail,2025-08-26
1208,368,Потребительский,540000.0,21.35,48,2024-05-06,Отделение №14,Активен,0.235,Захаров Прокл Афанасьевич,M,1997-10-27,Новосибирск,Retail,2023-11-14
1209,433,Потребительский,295000.0,9.24,24,2024-08-02,Отделение №2,Активен,0.155,Олимпиада Романовна Кулагина,F,1966-01-17,Санкт-Петербург,Retail,2024-02-01
1210,256,Потребительский,706000.0,24.87,24,2022-08-09,Отделение №12,Закрыт,0.126,Елисеева Нина Болеславовна,F,1996-11-30,Москва,Retail,2022-01-17
1211,43,Потребительский,628000.0,10.9,36,2025-04-01,Отделение №7,Активен,0.482,Родионова Надежда Рубеновна,F,2000-08-04,Нижний Новгород,Business,2024-03-28
1212,358,Потребительский,533000.0,10.36,36,2025-12-23,Отделение №1,Активен,0.473,г-жа Воробьева Милица Михайловна,F,1982-05-10,Нижний Новгород,Premium,2025-03-16
1213,596,Ипотека,5908000.0,7.4,240,2023-08-28,Отделение №13,Активен,0.841,Маргарита Робертовна Селиверстова,F,1981-01-19,Нижний Новгород,Retail,2023-08-28
1214,695,Потребительский,190000.0,18.61,48,2024-09-27,Отделение №12,Активен,0.397,Борисова Лидия Аркадьевна,F,1956-10-24,Ростов-на-Дону,Retail,2024-09-27
1215,749,Кредитная карта,151000.0,14.27,24,2025-12-19,Отделение №15,Активен,0.315,Юдина Анна Георгиевна,F,1978-08-23,Ростов-на-Дону,Retail,2023-10-11
1216,725,Вексель,4354000.0,22.49,6,2025-11-11,Отделение №5,Активен,0.164,Будимир Терентьевич Герасимов,M,1974-12-19,Казань,Business,2025-11-11
1217,515,Ипотека,6869000.0,7.27,240,2023-02-18,Отделение №9,Активен,0.14,Валентин Анатольевич Данилов,M,1966-09-01,Казань,Premium,2023-02-18
1218,677,Автокредит,2888000.0,14.19,36,2024-03-21,Отделение №11,Активен,0.771,Котова Дарья Матвеевна,F,1966-11-03,Ростов-на-Дону,Retail,2024-03-21
1219,161,Ипотека,5430000.0,6.55,240,2024-08-10,Отделение №14,Активен,0.483,Элеонора Эльдаровна Вишнякова,F,1987-10-31,Ростов-на-Дону,Retail,2024-08-10
1220,303,Кредитная карта,84000.0,19.02,12,2024-07-18,Отделение №12,Закрыт,0.858,Быкова Нинель Станиславовна,F,1982-11-09,Челябинск,Retail,2024-07-18
1221,246,Автокредит,1780000.0,20.66,36,2024-06-09,Отделение №1,Активен,0.731,Влас Авдеевич Ефимов,M,1996-10-02,Челябинск,Retail,2022-12-25
1222,140,Ипотека,9191000.0,24.84,240,2025-01-08,Отделение №5,Активен,0.456,Красильников Иннокентий Афанасьевич,M,1970-03-06,Москва,Retail,2024-03-17
1223,204,Потребительский,356000.0,21.76,12,2025-10-08,Отделение №8,Активен,0.417,Муравьев Творимир Тарасович,M,2005-04-15,Ростов-на-Дону,Premium,2025-10-08
1224,184,Кредитная карта,194000.0,21.86,12,2024-10-04,Отделение №5,Закрыт,0.223,Федотова Таисия Владимировна,F,2003-11-30,Москва,Retail,2024-10-04
1225,544,Потребительский,539000.0,18.8,12,2023-04-15,Отделение №7,Закрыт,0.58,Андреева Татьяна Геннадьевна,F,1986-06-21,Ростов-на-Дону,Retail,2022-11-10
1226,349,Потребительский,448000.0,24.02,12,2025-07-10,Отделение №7,Активен,0.449,Конон Ильясович Самойлов,M,1996-04-11,Ростов-на-Дону,Retail,2025-07-10
1227,537,Потребительский,86000.0,16.35,12,2024-07-03,Отделение №7,Закрыт,0.899,Исаев Серафим Герасимович,M,1979-06-26,Нижний Новгород,Premium,2024-07-03
1228,129,Потребительский,701000.0,18.7,36,2025-05-14,Отделение №10,Активен,0.497,Глафира Юльевна Кошелева,F,2005-10-15,Казань,Retail,2024-06-19
1229,48,Потребительский,546000.0,22.24,36,2022-08-26,Отделение №7,Закрыт,0.926,Антонина Альбертовна Кулагина,F,2007-08-21,Казань,Retail,2022-05-26
1230,100,Автокредит,1254000.0,19.11,36,2025-08-06,Отделение №11,Дефолт,0.08,Мухина Эмилия Анатольевна,F,1979-05-10,Уфа,Retail,2025-08-06
1231,585,Потребительский,410000.0,23.63,12,2022-09-23,Отделение №3,Закрыт,0.731,Белоусов Милен Афанасьевич,M,1978-07-04,Ростов-на-Дону,Retail,2022-05-30
1232,313,Вексель,3392000.0,23.17,12,2022-11-28,Отделение №3,Закрыт,0.204,Блохина Пелагея Георгиевна,F,1967-06-15,Ростов-на-Дону,Business,2022-04-16
1233,246,Ипотека,9651000.0,24.86,240,2023-09-26,Отделение №11,Активен,0.692,Влас Авдеевич Ефимов,M,1996-10-02,Челябинск,Retail,2022-12-25
1234,713,Потребительский,787000.0,24.05,12,2025-07-09,Отделение №13,Дефолт,0.066,Кира Архиповна Филиппова,F,1969-04-02,Самара,Retail,2025-07-09
1235,54,Вексель,4727000.0,20.57,6,2023-05-25,Отделение №9,Закрыт,0.338,Логинов Самсон Юлианович,M,2003-06-25,Уфа,Retail,2023-05-25
1236,100,Вексель,3920000.0,8.75,12,2025-08-06,Отделение №5,Активен,0.668,Мухина Эмилия Анатольевна,F,1979-05-10,Уфа,Retail,2025-08-06
1237,311,Вексель,1846000.0,9.75,3,2025-02-13,Отделение №9,Закрыт,0.807,Степан Бенедиктович Юдин,M,1990-07-15,Уфа,Retail,2025-02-13
1238,199,Кредитная карта,226000.0,24.76,36,2024-06-18,Отделение №6,Активен,0.162,Виктория Святославовна Силина,F,1957-08-07,Казань,Retail,2024-06-18
1239,229,Потребительский,661000.0,24.74,24,2025-03-17,Отделение №6,Активен,0.757,Каллистрат Тарасович Бирюков,M,1988-11-16,Челябинск,Retail,2025-03-17
1240,31,Потребительский,690000.0,21.35,48,2025-10-28,Отделение №7,Активен,0.776,Гущин Митофан Ефремович,M,1968-02-15,Казань,Business,2025-10-28
1241,437,Потребительский,193000.0,20.26,48,2025-04-15,Отделение №12,Дефолт,0.067,Русаков Анатолий Тихонович,M,1996-08-24,Самара,Premium,2023-06-21
1242,271,Потребительский,543000.0,20.68,48,2025-07-31,Отделение №11,Активен,0.387,Татьяна Ниловна Виноградова,F,1963-01-19,Санкт-Петербург,Business,2025-07-31
1243,248,Ипотека,11000000.0,9.96,120,2024-08-02,Отделение №1,Активен,0.571,Гаврилов Степан Валентинович,M,1994-06-13,Самара,Retail,2024-08-02
1244,253,Кредитная карта,282000.0,14.15,36,2024-02-27,Отделение №6,Активен,0.838,Прокл Артёмович Мясников,M,1959-11-16,Санкт-Петербург,Business,2024-02-27
1245,481,Кредитная карта,53000.0,16.08,12,2025-05-02,Отделение №10,Активен,0.766,Петухова Марина Геннадиевна,F,1994-11-26,Нижний Новгород,Business,2022-10-02
1246,322,Потребительский,421000.0,18.0,36,2024-12-22,Отделение №14,Просрочен,0.032,Лобанов Панкрат Владиславович,M,1998-02-25,Челябинск,Retail,2024-12-22
1247,69,Автокредит,1040000.0,7.22,60,2025-03-31,Отделение №5,Активен,0.107,Буров Антонин Бенедиктович,M,1988-08-27,Ростов-на-Дону,Retail,2025-03-31
1248,20,Вексель,4992000.0,24.89,9,2025-11-03,Отделение №14,Активен,0.281,Тимофей Евсеевич Дементьев,M,1986-01-27,Москва,Retail,2025-11-03
1249,696,Ипотека,2744000.0,15.67,240,2023-03-28,Отделение №7,Активен,0.739,Вячеслав Брониславович Сазонов,M,1983-01-15,Казань,Retail,2023-03-28
1250,373,Потребительский,786000.0,19.6,36,2025-08-16,Отделение №15,Активен,0.87,Руслан Васильевич Костин,M,2001-08-27,Уфа,Premium,2025-08-16
1251,283,Автокредит,1959000.0,8.59,24,2024-01-13,Отделение №13,Активен,0.975,Людмила Анатольевна Афанасьева,F,2000-06-26,Екатеринбург,Retail,2022-05-05
1252,5,Потребительский,716000.0,10.41,24,2025-03-26,Отделение №4,Активен,0.8,Беспалов Аверьян Владиленович,M,1991-12-23,Уфа,Retail,2025-02-23
1253,119,Потребительский,284000.0,16.6,12,2025-12-30,Отделение №12,Активен,0.577,Григорий Фролович Русаков,M,1962-04-24,Ростов-на-Дону,Retail,2024-07-21
1254,345,Автокредит,2756000.0,22.97,48,2024-11-11,Отделение №1,Активен,0.752,Гуляев Ростислав Харлампович,M,1988-07-10,Уфа,Retail,2024-11-11
1255,760,Потребительский,708000.0,12.63,12,2025-09-26,Отделение №3,Активен,0.741,Евфросиния Ивановна Кулагина,F,1976-12-19,Новосибирск,Premium,2025-09-26
1256,32,Потребительский,762000.0,22.9,12,2022-08-17,Отделение №13,Просрочен,0.043,Ермакова Анжелика Артемовна,F,1993-09-25,Новосибирск,Retail,2022-08-17
1257,460,Ипотека,7420000.0,17.37,240,2025-02-28,Отделение №13,Активен,0.561,Тамара Рубеновна Муравьева,F,1997-08-19,Москва,Retail,2025-02-28
1258,504,Потребительский,301000.0,23.39,24,2025-08-21,Отделение №2,Активен,0.701,Селезнев Ратибор Марсович,M,1958-10-26,Самара,Retail,2025-02-22
1259,196,Автокредит,444000.0,8.83,36,2025-12-21,Отделение №14,Активен,0.738,Пономарев Изяслав Теймуразович,M,1967-10-27,Екатеринбург,Retail,2024-05-20
1260,241,Кредитная карта,168000.0,19.04,24,2022-07-05,Отделение №10,Закрыт,0.875,Эдуард Адамович Васильев,M,1996-08-02,Санкт-Петербург,Retail,2022-07-05
1261,702,Вексель,3904000.0,16.58,6,2024-10-05,Отделение №4,Просрочен,0.059,Артемьев Август Тимурович,M,1999-11-30,Санкт-Петербург,Retail,2024-07-10
1262,96,Автокредит,1410000.0,9.01,48,2023-12-07,Отделение №7,Активен,0.974,Соболева Раиса Руслановна,F,1996-12-12,Екатеринбург,Business,2022-03-21
1263,566,Кредитная карта,108000.0,22.25,12,2025-06-16,Отделение №7,Активен,0.125,Соболев Елисей Елисеевич,M,1994-10-17,Санкт-Петербург,Retail,2023-07-19
1264,496,Потребительский,504000.0,13.96,12,2025-04-10,Отделение №5,Активен,0.191,Жданова Фаина Харитоновна,F,1993-02-11,Москва,Retail,2025-04-10
1265,30,Вексель,2925000.0,11.08,3,2025-10-06,Отделение №4,Активен,0.711,Светлана Александровна Моисеева,F,1972-07-12,Москва,Business,2025-02-07
1266,296,Кредитная карта,231000.0,19.09,36,2024-07-14,Отделение №4,Активен,0.133,Егоров Харлампий Антонович,M,1973-12-22,Ростов-на-Дону,Retail,2024-07-14
1267,716,Потребительский,134000.0,10.37,12,2025-08-27,Отделение №12,Активен,0.111,Ольга Алексеевна Горбунова,F,2004-09-05,Москва,Retail,2024-09-26
1268,125,Потребительский,130000.0,9.16,24,2024-07-04,Отделение №13,Активен,0.724,Любовь Дмитриевна Кулагина,F,1959-03-30,Уфа,Retail,2024-06-25
1269,525,Потребительский,327000.0,18.64,48,2024-05-05,Отделение №8,Активен,0.68,Назар Феликсович Герасимов,M,1991-01-07,Новосибирск,Business,2024-05-05
1270,253,Вексель,4303000.0,13.66,6,2024-02-27,Отделение №11,Закрыт,0.188,Прокл Артёмович Мясников,M,1959-11-16,Санкт-Петербург,Business,2024-02-27
1271,611,Кредитная карта,209000.0,23.96,24,2024-09-28,Отделение №5,Активен,0.437,Беляев Варфоломей Бориславович,M,1971-12-20,Уфа,Retail,2023-05-09
1272,245,Потребительский,398000.0,20.27,12,2024-12-23,Отделение №4,Закрыт,0.524,г-н Потапов Ипатий Всеволодович,M,1961-05-22,Новосибирск,Retail,2024-12-23
1273,39,Ипотека,10813000.0,11.64,180,2023-08-04,Отделение №1,Активен,0.426,Иван Арсеньевич Лихачев,M,1957-04-22,Санкт-Петербург,Premium,2022-06-25
1274,670,Ипотека,9626000.0,14.86,120,2025-04-16,Отделение №4,Активен,0.303,Антонина Рубеновна Орлова,F,1997-06-23,Нижний Новгород,Retail,2023-02-28
1275,92,Ипотека,8884000.0,24.23,240,2025-06-25,Отделение №8,Активен,0.27,Игнатова Кира Тимуровна,F,1962-04-17,Екатеринбург,Premium,2025-06-25
1276,602,Потребительский,729000.0,18.37,12,2025-01-15,Отделение №9,Активен,0.385,Родион Аверьянович Ильин,M,2004-01-02,Москва,Business,2025-01-15
1277,64,Автокредит,2828000.0,19.77,24,2025-04-01,Отделение №12,Активен,0.522,Яковлев Порфирий Ефимьевич,M,1987-06-25,Москва,Premium,2025-04-01
1278,201,Потребительский,697000.0,6.87,36,2024-04-06,Отделение №15,Активен,0.567,Антонина Станиславовна Сысоева,F,1979-06-08,Челябинск,Retail,2022-06-14
1279,49,Потребительский,724000.0,20.44,36,2023-05-16,Отделение №9,Активен,0.668,Анна Егоровна Сергеева,F,1976-10-22,Ростов-на-Дону,Retail,2023-03-15
1280,606,Кредитная карта,185000.0,18.05,36,2024-02-04,Отделение №1,Активен,0.977,Глафира Альбертовна Афанасьева,F,1988-03-16,Ростов-на-Дону,Retail,2024-02-04
1281,191,Потребительский,65000.0,12.78,48,2025-03-09,Отделение №3,Активен,0.481,Симон Венедиктович Князев,M,1959-04-21,Санкт-Петербург,Retail,2023-05-07
1282,632,Потребительский,280000.0,19.31,48,2025-12-31,Отделение №4,Активен,0.272,Артемий Ефстафьевич Игнатов,M,1978-06-04,Казань,Retail,2025-12-31
1283,444,Автокредит,2142000.0,13.49,48,2024-11-07,Отделение №15,Активен,0.625,Костина Милица Олеговна,F,1982-06-20,Екатеринбург,Retail,2024-11-07
1284,273,Потребительский,84000.0,15.17,36,2025-06-03,Отделение №6,Активен,0.241,Панова Лукия Валериевна,F,1974-12-01,Санкт-Петербург,Retail,2025-06-03
1285,75,Ипотека,6308000.0,7.9,120,2025-11-13,Отделение №3,Активен,0.565,Тетерин Андрон Ильясович,M,1966-08-06,Уфа,Retail,2022-05-31
1286,112,Потребительский,700000.0,14.09,24,2024-08-14,Отделение №2,Активен,0.996,Шубина Виктория Даниловна,F,1959-01-05,Москва,Retail,2024-04-11
1287,160,Потребительский,792000.0,10.56,48,2025-06-15,Отделение №6,Активен,0.215,Клавдия Артемовна Крылова,F,1961-10-31,Уфа,Premium,2025-06-15
1288,366,Потребительский,242000.0,24.74,48,2022-09-04,Отделение №15,Активен,0.643,Третьякова Екатерина Юрьевна,F,1970-07-10,Челябинск,Retail,2022-07-13
1289,84,Ипотека,4091000.0,17.76,240,2025-07-23,Отделение №5,Дефолт,0.094,Терентий Игнатович Субботин,M,1957-02-09,Казань,Retail,2025-07-23
1290,601,Вексель,2731000.0,15.26,6,2022-10-14,Отделение №3,Закрыт,0.277,Александров Анисим Андреевич,M,1960-11-07,Самара,Premium,2022-10-14
1291,159,Вексель,3510000.0,21.53,3,2024-09-29,Отделение №7,Закрыт,0.216,Богданов Флорентин Антипович,M,1963-07-25,Уфа,Retail,2024-06-10
1292,60,Кредитная карта,57000.0,10.72,36,2025-04-08,Отделение №1,Активен,0.576,Юдина Клавдия Робертовна,F,1972-02-12,Москва,Retail,2022-05-01
1293,767,Ипотека,5490000.0,16.74,240,2024-10-20,Отделение №12,Активен,0.164,Ширяев Кирилл Зиновьевич,M,2000-06-21,Новосибирск,Business,2024-10-20
1294,534,Потребительский,520000.0,11.56,12,2025-09-28,Отделение №3,Активен,0.172,Щербакова Глафира Валентиновна,F,1969-08-28,Челябинск,Retail,2024-11-21
1295,392,Потребительский,84000.0,21.72,24,2023-12-17,Отделение №5,Закрыт,0.198,Лариса Егоровна Абрамова,F,1962-01-17,Челябинск,Business,2023-12-17
1296,371,Ипотека,8617000.0,8.98,180,2025-06-20,Отделение №15,Активен,0.118,Дарья Михайловна Панфилова,F,1967-05-03,Нижний Новгород,Retail,2025-02-18
1297,515,Вексель,1897000.0,14.45,9,2025-11-07,Отделение №14,Активен,0.688,Валентин Анатольевич Данилов,M,1966-09-01,Казань,Premium,2023-02-18
1298,175,Кредитная карта,158000.0,13.39,12,2022-12-17,Отделение №11,Закрыт,0.533,Ираида Филипповна Волкова,F,1995-05-10,Новосибирск,Premium,2022-09-02
1299,209,Вексель,2160000.0,10.4,3,2024-04-23,Отделение №2,Закрыт,0.154,Горбунова Вероника Ефимовна,F,1983-04-18,Казань,Premium,2024-04-23
1300,656,Ипотека,8997000.0,19.63,180,2025-12-21,Отделение №15,Активен,0.714,Емельянова Анастасия Вениаминовна,F,1992-09-05,Казань,Retail,2025-12-21
1301,721,Вексель,4755000.0,9.4,9,2024-07-16,Отделение №9,Закрыт,0.997,Алла Михайловна Смирнова,F,1977-11-28,Москва,Business,2023-12-05
1302,324,Вексель,1156000.0,9.67,12,2025-03-08,Отделение №8,Активен,0.837,Таисия Борисовна Кулакова,F,1999-08-30,Москва,Retail,2025-03-08
1303,501,Потребительский,245000.0,10.11,24,2022-02-11,Отделение №13,Закрыт,0.296,Белозеров Тит Ануфриевич,M,1982-12-02,Челябинск,Retail,2022-02-08
1304,783,Автокредит,2811000.0,8.83,24,2025-11-23,Отделение №12,Просрочен,0.054,Анжелика Рудольфовна Миронова,F,1988-06-27,Челябинск,Premium,2022-01-03
1305,429,Вексель,4753000.0,15.32,3,2025-02-21,Отделение №10,Закрыт,0.909,Всеслав Борисович Горбачев,M,1994-03-14,Ростов-на-Дону,Retail,2022-03-05
1306,253,Вексель,4102000.0,9.81,3,2024-11-26,Отделение №13,Закрыт,0.876,Прокл Артёмович Мясников,M,1959-11-16,Санкт-Петербург,Business,2024-02-27
1307,689,Потребительский,731000.0,16.42,12,2025-03-23,Отделение №9,Дефолт,0.084,Мина Всеволодович Борисов,M,1967-12-22,Новосибирск,Retail,2025-03-23
1308,365,Автокредит,1075000.0,9.01,48,2025-07-16,Отделение №7,Активен,0.178,Михеев Никанор Валерианович,M,1969-04-14,Санкт-Петербург,Retail,2025-07-16
1309,151,Ипотека,10379000.0,19.36,180,2023-09-30,Отделение №3,Дефолт,0.089,Доброслав Георгиевич Рябов,M,1994-01-30,Москва,Retail,2023-09-30
1310,52,Автокредит,586000.0,14.98,24,2024-05-17,Отделение №14,Активен,0.681,Тамара Рудольфовна Степанова,F,1965-07-19,Москва,Retail,2024-05-17
1311,247,Потребительский,75000.0,20.77,12,2024-10-16,Отделение №14,Закрыт,0.691,Марков Аггей Всеволодович,M,1969-06-22,Новосибирск,Business,2024-10-16
1312,201,Вексель,249000.0,20.44,9,2022-12-04,Отделение №10,Закрыт,0.808,Антонина Станиславовна Сысоева,F,1979-06-08,Челябинск,Retail,2022-06-14
1313,624,Потребительский,566000.0,14.58,48,2025-10-18,Отделение №11,Активен,0.894,Денисова Лариса Владимировна,F,1975-10-16,Нижний Новгород,Business,2025-10-18
1314,509,Ипотека,9875000.0,24.69,120,2025-12-14,Отделение №11,Активен,0.313,Жанна Георгиевна Орехова,F,1983-01-18,Самара,Retail,2025-12-14
1315,435,Потребительский,736000.0,11.3,36,2023-08-22,Отделение №14,Дефолт,0.085,Ульяна Евгеньевна Лукина,F,1994-01-31,Москва,Business,2023-05-27
1316,362,Потребительский,551000.0,15.54,48,2025-12-20,Отделение №2,Активен,0.91,Степанов Радим Исидорович,M,1975-01-07,Самара,Retail,2025-12-20
1317,232,Потребительский,668000.0,17.94,36,2024-10-23,Отделение №7,Просрочен,0.042,Октябрина Кузьминична Кулагина,F,1976-11-26,Ростов-на-Дону,Retail,2022-03-17
1318,630,Ипотека,7071000.0,7.31,300,2024-06-03,Отделение №11,Просрочен,0.049,Федорова Раиса Григорьевна,F,2006-05-04,Ростов-на-Дону,Retail,2024-06-03
1319,427,Потребительский,234000.0,12.78,36,2025-08-02,Отделение №9,Активен,0.361,Любовь Павловна Лапина,F,1969-01-03,Москва,Business,2025-08-02
1320,397,Потребительский,162000.0,8.76,48,2025-12-15,Отделение №13,Активен,0.413,Лебедев Будимир Тимурович,M,1981-12-15,Ростов-на-Дону,Retail,2025-12-15
1321,476,Потребительский,221000.0,18.67,36,2024-01-27,Отделение №14,Активен,0.366,Фомичева Ульяна Кузьминична,F,1985-09-13,Санкт-Петербург,Retail,2023-09-24
1322,504,Потребительский,483000.0,19.64,12,2025-02-22,Отделение №1,Активен,0.625,Селезнев Ратибор Марсович,M,1958-10-26,Самара,Retail,2025-02-22
1323,269,Ипотека,4404000.0,13.03,300,2025-06-19,Отделение №13,Активен,0.999,Гущин Карл Аксёнович,M,1965-01-20,Самара,Retail,2023-06-26
1324,88,Автокредит,2054000.0,7.69,36,2025-01-22,Отделение №1,Активен,0.268,Евграф Дмитриевич Соловьев,M,1992-07-12,Нижний Новгород,Retail,2025-01-22
1325,634,Кредитная карта,264000.0,8.79,24,2024-12-18,Отделение №9,Активен,0.556,Панова Эмилия Юльевна,F,1958-07-15,Санкт-Петербург,Retail,2023-10-11
1326,784,Вексель,1382000.0,9.76,9,2025-08-11,Отделение №8,Активен,0.948,Калашникова Анастасия Александровна,F,1979-03-07,Екатеринбург,Retail,2022-08-01
1327,485,Кредитная карта,97000.0,19.71,12,2025-06-30,Отделение №11,Активен,0.188,Федорова Нонна Максимовна,F,1960-06-25,Санкт-Петербург,Premium,2025-06-30
1328,196,Потребительский,251000.0,7.71,24,2025-10-10,Отделение №10,Активен,0.697,Пономарев Изяслав Теймуразович,M,1967-10-27,Екатеринбург,Retail,2024-05-20
1329,655,Вексель,3657000.0,11.98,9,2025-10-28,Отделение №15,Просрочен,0.021,Леон Бориславович Ершов,M,1983-03-23,Москва,Premium,2025-10-28
1330,626,Ипотека,9170000.0,14.43,240,2024-12-18,Отделение №13,Активен,0.104,Анжела Архиповна Сафонова,F,1959-03-09,Екатеринбург,Retail,2022-04-20
1331,521,Потребительский,396000.0,11.87,12,2025-08-30,Отделение №7,Активен,0.982,Анжелика Сергеевна Кононова,F,2006-05-04,Самара,Business,2025-08-30
1332,310,Потребительский,760000.0,22.44,36,2023-08-19,Отделение №7,Просрочен,0.042,Лора Владимировна Агафонова,F,1992-03-21,Нижний Новгород,Premium,2022-07-17
1333,227,Вексель,3634000.0,16.5,9,2023-11-28,Отделение №4,Закрыт,0.187,Марфа Федоровна Громова,F,1960-05-15,Уфа,Retail,2023-11-12
1334,406,Кредитная карта,276000.0,8.06,12,2025-10-01,Отделение №7,Активен,0.377,Кулаков Мариан Харламович,M,1982-09-05,Санкт-Петербург,Business,2024-12-08
1335,600,Вексель,4329000.0,19.95,3,2023-04-08,Отделение №9,Закрыт,0.368,Хохлова Ульяна Владимировна,F,1985-02-10,Нижний Новгород,Premium,2022-12-11
1336,580,Вексель,2642000.0,19.85,9,2024-08-06,Отделение №10,Закрыт,0.134,Давыд Фокич Воронцов,M,1994-04-14,Уфа,Business,2024-08-06
1337,656,Вексель,401000.0,11.83,9,2025-12-21,Отделение №14,Активен,0.639,Емельянова Анастасия Вениаминовна,F,1992-09-05,Казань,Retail,2025-12-21
1338,151,Потребительский,203000.0,24.34,24,2023-09-30,Отделение №4,Закрыт,0.824,Доброслав Георгиевич Рябов,M,1994-01-30,Москва,Retail,2023-09-30
1339,94,Вексель,1363000.0,8.75,9,2025-12-22,Отделение №13,Активен,0.728,Хохлов Август Ефимьевич,M,1970-08-05,Челябинск,Premium,2023-11-12
1340,203,Потребительский,127000.0,17.54,12,2025-12-27,Отделение №12,Активен,0.526,Мартьян Тихонович Кулагин,M,1959-11-07,Ростов-на-Дону,Premium,2025-10-12
1341,744,Кредитная карта,63000.0,24.45,12,2025-11-15,Отделение №2,Активен,0.241,Кошелева Милица Антоновна,F,1976-04-03,Казань,Retail,2025-11-15
1342,572,Автокредит,915000.0,13.95,36,2025-03-25,Отделение №4,Активен,0.323,Тимофеев Виктор Гавриилович,M,1975-02-01,Ростов-на-Дону,Retail,2025-03-25
1343,292,Потребительский,355000.0,24.09,12,2024-01-04,Отделение №10,Закрыт,0.918,Захаров Эраст Витальевич,M,1995-03-16,Екатеринбург,Premium,2024-01-04
1344,694,Вексель,2534000.0,8.25,9,2024-04-17,Отделение №14,Закрыт,0.961,Суханова Эмилия Геннадьевна,F,1997-08-10,Челябинск,Premium,2024-04-17
1345,190,Ипотека,7525000.0,23.27,120,2025-07-05,Отделение №1,Активен,0.209,г-н Панов Устин Виленович,M,1975-08-15,Санкт-Петербург,Retail,2025-07-05
1346,407,Кредитная карта,38000.0,20.83,12,2024-03-10,Отделение №3,Закрыт,0.112,Рожков Софон Викентьевич,M,1972-09-23,Москва,Business,2024-03-10
1347,562,Вексель,2667000.0,19.17,3,2025-01-05,Отделение №11,Закрыт,0.334,Григорий Демьянович Михеев,M,1964-09-29,Новосибирск,Retail,2025-01-05
1348,541,Вексель,1393000.0,8.7,9,2025-05-05,Отделение №7,Активен,0.725,Евстигней Харлампович Веселов,M,1964-11-28,Казань,Premium,2024-04-10
1349,710,Кредитная карта,268000.0,13.71,36,2023-07-22,Отделение №6,Активен,0.61,Остромир Эдгарович Бобылев,M,1975-05-14,Новосибирск,Business,2023-07-22
1350,130,Потребительский,93000.0,7.8,36,2025-05-21,Отделение №9,Активен,0.123,Гремислав Ефстафьевич Киселев,M,1985-10-06,Уфа,Retail,2023-07-11
1351,588,Автокредит,1895000.0,11.88,24,2025-01-09,Отделение №9,Активен,0.231,Ершов Аристарх Иларионович,M,1983-05-09,Ростов-на-Дону,Business,2024-09-07
1352,440,Ипотека,10381000.0,10.08,180,2024-04-14,Отделение №3,Активен,0.815,Светлана Святославовна Белозерова,F,2004-06-24,Самара,Business,2022-12-20
1353,401,Кредитная карта,194000.0,7.85,36,2022-10-30,Отделение №6,Закрыт,0.451,Власова Алла Феликсовна,F,1984-11-20,Челябинск,Retail,2022-09-07
1354,538,Потребительский,108000.0,19.3,36,2025-04-07,Отделение №5,Активен,0.857,Иванова Марфа Леоновна,F,1999-06-09,Москва,Premium,2025-04-07
1355,192,Потребительский,452000.0,18.1,12,2024-01-22,Отделение №6,Закрыт,0.778,Павел Измаилович Колобов,M,1996-08-20,Ростов-на-Дону,Retail,2022-01-06
1356,373,Потребительский,752000.0,24.28,48,2025-08-16,Отделение №9,Активен,0.744,Руслан Васильевич Костин,M,2001-08-27,Уфа,Premium,2025-08-16
1357,470,Вексель,671000.0,20.86,6,2024-05-23,Отделение №1,Просрочен,0.018,Коновалов Герман Елизарович,M,1965-06-22,Санкт-Петербург,Retail,2023-10-16
1358,618,Кредитная карта,266000.0,22.78,12,2024-12-17,Отделение №7,Закрыт,0.361,Иосиф Елизарович Юдин,M,1960-01-21,Екатеринбург,Business,2024-12-17
1359,35,Кредитная карта,54000.0,9.33,12,2024-03-02,Отделение №6,Закрыт,0.456,Соболев Тимур Германович,M,1992-09-30,Новосибирск,Retail,2022-11-10
1360,559,Кредитная карта,87000.0,11.17,12,2024-02-23,Отделение №1,Закрыт,0.341,Ершова Регина Романовна,F,1973-10-14,Челябинск,Retail,2024-02-23
1361,245,Вексель,2594000.0,17.03,6,2024-12-23,Отделение №14,Закрыт,0.485,г-н Потапов Ипатий Всеволодович,M,1961-05-22,Новосибирск,Retail,2024-12-23
1362,202,Ипотека,9631000.0,10.38,180,2025-06-26,Отделение №5,Активен,0.524,Надежда Владиславовна Воробьева,F,1980-02-02,Санкт-Петербург,Retail,2025-05-21
1363,242,Потребительский,772000.0,12.09,12,2024-06-27,Отделение №13,Закрыт,0.555,Гусев Феофан Гертрудович,M,1959-03-30,Казань,Retail,2024-06-27
1364,540,Автокредит,1563000.0,11.99,36,2025-09-29,Отделение №11,Активен,0.477,Чеслав Венедиктович Петухов,M,1972-05-07,Казань,Retail,2025-09-29
1365,326,Кредитная карта,229000.0,14.0,36,2023-07-12,Отделение №11,Активен,0.212,Копылов Гедеон Феодосьевич,M,1960-06-10,Челябинск,Retail,2023-07-12
1366,346,Ипотека,9239000.0,18.77,120,2023-12-17,Отделение №12,Активен,0.452,Арсений Фокич Петров,M,1970-12-07,Новосибирск,Retail,2023-12-17
1367,28,Потребительский,667000.0,17.19,36,2025-07-09,Отделение №5,Дефолт,0.065,Вацлав Ефимович Одинцов,M,1988-11-24,Челябинск,Retail,2025-07-09
1368,278,Потребительский,186000.0,24.75,12,2025-04-17,Отделение №3,Активен,0.583,Ларионова Феврония Рудольфовна,F,1983-01-28,Новосибирск,Premium,2025-04-17
1369,603,Ипотека,7979000.0,17.04,300,2025-07-02,Отделение №13,Активен,0.376,Панов Август Федотович,M,1966-03-12,Москва,Business,2022-06-02
1370,397,Вексель,4168000.0,22.86,12,2025-12-15,Отделение №9,Активен,0.296,Лебедев Будимир Тимурович,M,1981-12-15,Ростов-на-Дону,Retail,2025-12-15
1371,718,Вексель,2938000.0,12.58,6,2024-12-30,Отделение №1,Закрыт,0.103,Туров Евграф Устинович,M,1991-12-05,Челябинск,Retail,2024-12-30
1372,369,Вексель,4448000.0,22.89,6,2023-09-28,Отделение №14,Закрыт,0.108,Лариса Макаровна Рогова,F,1959-01-19,Челябинск,Business,2023-09-28
1373,390,Вексель,4115000.0,20.78,9,2024-07-09,Отделение №10,Закрыт,0.43,Баранова Лариса Кузьминична,F,1993-11-07,Новосибирск,Business,2024-07-09
1374,670,Автокредит,2838000.0,19.37,60,2025-06-28,Отделение №8,Активен,0.99,Антонина Рубеновна Орлова,F,1997-06-23,Нижний Новгород,Retail,2023-02-28
1375,493,Потребительский,530000.0,24.39,48,2024-11-04,Отделение №8,Просрочен,0.031,Осипова Майя Степановна,F,2001-07-31,Уфа,Premium,2024-11-04
1376,750,Потребительский,212000.0,17.66,24,2024-11-30,Отделение №11,Активен,0.326,Надежда Рудольфовна Мишина,F,1982-07-13,Новосибирск,Retail,2024-01-19
1377,319,Автокредит,1341000.0,9.05,36,2024-12-01,Отделение №13,Активен,0.897,Прохор Даниилович Лукин,M,1968-02-10,Казань,Retail,2023-01-05
1378,644,Потребительский,664000.0,23.01,36,2022-12-09,Отделение №15,Закрыт,0.96,Русаков Геннадий Вячеславович,M,2004-02-04,Челябинск,Retail,2022-12-09
1379,157,Вексель,4910000.0,7.05,12,2023-12-01,Отделение №13,Закрыт,0.805,Архипова Нинель Львовна,F,1965-04-05,Самара,Premium,2022-01-26
1380,173,Потребительский,493000.0,18.95,36,2025-01-20,Отделение №5,Активен,0.434,Элеонора Ждановна Козлова,F,1960-06-03,Казань,Premium,2023-12-22
1381,219,Потребительский,463000.0,13.99,48,2024-08-03,Отделение №14,Дефолт,0.073,Иван Ильич Поляков,M,1988-10-11,Новосибирск,Business,2024-08-03
1382,777,Потребительский,471000.0,18.87,48,2023-09-29,Отделение №3,Активен,0.686,Наина Леоновна Давыдова,F,1969-03-22,Уфа,Retail,2023-09-29
1383,255,Вексель,4055000.0,12.7,9,2025-12-03,Отделение №2,Активен,0.924,Лидия Мироновна Кириллова,F,1983-04-06,Челябинск,Retail,2025-12-03
1384,536,Потребительский,194000.0,16.46,36,2024-03-27,Отделение №13,Активен,0.241,Трофимова Анжела Михайловна,F,1968-10-05,Челябинск,Retail,2023-05-24
1385,600,Вексель,4264000.0,23.04,9,2025-07-06,Отделение №14,Активен,0.855,Хохлова Ульяна Владимировна,F,1985-02-10,Нижний Новгород,Premium,2022-12-11
1386,31,Кредитная карта,159000.0,6.62,12,2025-10-28,Отделение №7,Активен,0.852,Гущин Митофан Ефремович,M,1968-02-15,Казань,Business,2025-10-28
1387,6,Автокредит,2759000.0,24.87,60,2023-03-28,Отделение №13,Активен,0.117,Степанова Екатерина Львовна,F,1960-12-27,Казань,Retail,2023-03-28
1388,237,Ипотека,4021000.0,10.06,120,2025-09-30,Отделение №14,Активен,0.612,Селиверстова Ирина Антоновна,F,1991-07-27,Санкт-Петербург,Premium,2025-06-30
1389,119,Кредитная карта,261000.0,13.4,12,2024-07-21,Отделение №11,Просрочен,0.056,Григорий Фролович Русаков,M,1962-04-24,Ростов-на-Дону,Retail,2024-07-21
1390,376,Потребительский,270000.0,7.5,12,2023-10-21,Отделение №3,Закрыт,0.408,Радим Фролович Федосеев,M,1982-07-30,Новосибирск,Business,2023-04-09
1391,74,Кредитная карта,171000.0,18.31,36,2024-07-27,Отделение №1,Активен,0.627,Гедеон Феликсович Гусев,M,1957-11-06,Ростов-на-Дону,Retail,2024-07-27
1392,147,Вексель,1181000.0,6.81,9,2023-07-08,Отделение №8,Закрыт,0.495,Поляков Онуфрий Демьянович,M,1971-08-06,Москва,Retail,2023-05-22
1393,157,Автокредит,1416000.0,22.79,24,2024-07-08,Отделение №13,Активен,0.726,Архипова Нинель Львовна,F,1965-04-05,Самара,Premium,2022-01-26
1394,606,Кредитная карта,211000.0,12.84,36,2024-02-04,Отделение №2,Активен,0.555,Глафира Альбертовна Афанасьева,F,1988-03-16,Ростов-на-Дону,Retail,2024-02-04
1395,555,Вексель,2511000.0,23.48,12,2025-03-30,Отделение №10,Активен,0.982,Дементьев Спартак Гурьевич,M,1978-11-08,Челябинск,Retail,2025-03-30
1396,654,Вексель,3049000.0,13.81,9,2022-08-22,Отделение №9,Закрыт,0.524,Дьячкова Агафья Леоновна,F,1955-10-01,Екатеринбург,Business,2022-08-22
1397,735,Потребительский,778000.0,14.85,24,2023-10-04,Отделение №3,Закрыт,0.089,Федосеев Платон Германович,M,2007-07-14,Казань,Retail,2023-10-04
1398,103,Кредитная карта,115000.0,10.23,36,2022-12-17,Отделение №7,Закрыт,0.916,Вацлав Федосьевич Поляков,M,1964-10-26,Нижний Новгород,Retail,2022-08-11
1399,277,Потребительский,459000.0,6.7,12,2024-08-08,Отделение №15,Закрыт,0.85,Рябов Соломон Валентинович,M,1973-08-15,Уфа,Retail,2024-03-06
1400,410,Кредитная карта,213000.0,9.51,12,2025-05-19,Отделение №4,Активен,0.38,Клавдия Руслановна Авдеева,F,1956-07-15,Уфа,Retail,2022-10-01
1401,346,Вексель,1266000.0,15.11,9,2023-12-17,Отделение №6,Закрыт,0.546,Арсений Фокич Петров,M,1970-12-07,Новосибирск,Retail,2023-12-17
1402,284,Ипотека,3904000.0,22.9,300,2024-07-20,Отделение №5,Активен,0.545,Соколов Родион Артемьевич,M,2000-07-03,Екатеринбург,Retail,2024-07-20
1403,682,Потребительский,87000.0,12.44,24,2025-03-31,Отделение №7,Активен,0.141,Адам Тарасович Шаров,M,1992-10-08,Самара,Premium,2023-06-22
1404,320,Потребительский,82000.0,11.57,12,2024-06-02,Отделение №4,Закрыт,0.995,Олимпиада Георгиевна Фомина,F,1990-12-12,Новосибирск,Retail,2023-12-20
1405,313,Ипотека,8820000.0,15.16,120,2024-03-26,Отделение №3,Активен,0.108,Блохина Пелагея Георгиевна,F,1967-06-15,Ростов-на-Дону,Business,2022-04-16
1406,703,Кредитная карта,230000.0,15.95,24,2025-09-28,Отделение №2,Активен,0.915,Татьяна Антоновна Королева,F,1986-12-31,Екатеринбург,Premium,2022-08-29
1407,9,Потребительский,171000.0,22.95,12,2024-10-03,Отделение №14,Закрыт,0.589,Анисимов Ян Иосипович,M,1985-09-11,Нижний Новгород,Retail,2022-07-09
1408,492,Потребительский,521000.0,23.62,36,2024-11-29,Отделение №10,Активен,0.42,Бобров Натан Фролович,M,1983-06-04,Казань,Business,2024-03-15
1409,258,Автокредит,2310000.0,17.66,60,2025-11-07,Отделение №7,Активен,0.234,Надежда Львовна Шарапова,F,1979-04-04,Ростов-на-Дону,Retail,2023-03-25
1410,127,Кредитная карта,93000.0,22.63,36,2024-07-10,Отделение №3,Активен,0.848,Юлия Владиславовна Журавлева,F,1962-03-28,Екатеринбург,Retail,2024-07-10
1411,97,Автокредит,2989000.0,12.73,60,2024-07-31,Отделение №8,Активен,0.572,Давыд Архипович Бобров,M,1982-06-23,Екатеринбург,Retail,2024-07-31
1412,584,Кредитная карта,36000.0,16.52,36,2025-04-20,Отделение №7,Активен,0.637,Никонов Иосиф Ефимович,M,2001-03-01,Ростов-на-Дону,Retail,2022-04-16
1413,431,Вексель,4973000.0,19.38,12,2024-09-06,Отделение №8,Закрыт,0.403,Тихонова Лора Руслановна,F,1960-11-25,Ростов-на-Дону,Retail,2024-01-12
1414,491,Потребительский,354000.0,13.22,24,2023-11-03,Отделение №9,Просрочен,0.002,Елизар Тихонович Фомичев,M,1968-02-13,Нижний Новгород,Business,2023-11-03
1415,73,Потребительский,544000.0,10.62,24,2023-10-10,Отделение №11,Закрыт,0.349,Виктория Тимофеевна Петрова,F,1999-01-27,Санкт-Петербург,Business,2023-10-10
1416,660,Потребительский,794000.0,20.8,36,2025-04-07,Отделение №8,Активен,0.539,Нестерова Василиса Егоровна,F,1970-11-03,Уфа,Retail,2025-04-07
1417,112,Кредитная карта,215000.0,9.27,24,2025-03-12,Отделение №11,Дефолт,0.073,Шубина Виктория Даниловна,F,1959-01-05,Москва,Retail,2024-04-11
1418,157,Вексель,954000.0,16.95,6,2023-11-02,Отделение №13,Закрыт,0.969,Архипова Нинель Львовна,F,1965-04-05,Самара,Premium,2022-01-26
1419,393,Автокредит,503000.0,14.41,48,2024-03-22,Отделение №5,Активен,0.609,Баранов Валерий Анисимович,M,1970-10-06,Екатеринбург,Retail,2024-03-22
1420,230,Вексель,4354000.0,22.92,6,2023-10-14,Отделение №6,Просрочен,0.038,Муравьев Игорь Харитонович,M,1956-12-22,Челябинск,Premium,2023-10-14
1421,519,Вексель,4762000.0,21.99,6,2025-09-18,Отделение №12,Активен,0.433,Марфа Анатольевна Петухова,F,1964-02-14,Санкт-Петербург,Premium,2023-11-08
1422,586,Автокредит,2198000.0,8.89,48,2025-08-20,Отделение №6,Активен,0.882,г-н Никитин Харитон Иларионович,M,2000-06-12,Нижний Новгород,Retail,2024-09-08
1423,739,Вексель,3088000.0,8.05,3,2025-08-18,Отделение №11,Закрыт,0.347,Ярополк Федосеевич Макаров,M,1977-03-23,Самара,Retail,2024-04-23
1424,624,Автокредит,1591000.0,18.55,24,2025-11-24,Отделение №15,Дефолт,0.092,Денисова Лариса Владимировна,F,1975-10-16,Нижний Новгород,Business,2025-10-18
1425,699,Потребительский,721000.0,13.69,48,2024-07-05,Отделение №13,Активен,0.196,Кабанов Севастьян Жоресович,M,1964-09-24,Нижний Новгород,Premium,2023-07-03
1426,665,Кредитная карта,80000.0,11.56,36,2024-07-14,Отделение №10,Активен,0.78,Тимофеев Ростислав Евсеевич,M,2000-01-02,Екатеринбург,Retail,2022-01-22
1427,44,Потребительский,521000.0,17.73,48,2024-11-25,Отделение №9,Активен,0.492,Лапина Антонина Аркадьевна,F,1976-08-10,Екатеринбург,Retail,2024-11-25
1428,320,Потребительский,518000.0,15.65,48,2024-11-01,Отделение №14,Активен,0.846,Олимпиада Георгиевна Фомина,F,1990-12-12,Новосибирск,Retail,2023-12-20
1429,645,Вексель,1669000.0,24.79,6,2024-10-08,Отделение №11,Просрочен,0.038,Таисия Николаевна Цветкова,F,1972-05-28,Нижний Новгород,Premium,2024-09-18
1430,641,Автокредит,2172000.0,18.34,24,2025-02-19,Отделение №13,Активен,0.682,Гордеев Ферапонт Владленович,M,1974-10-17,Екатеринбург,Business,2025-02-19
1431,202,Потребительский,89000.0,18.71,36,2025-05-21,Отделение №13,Активен,0.868,Надежда Владиславовна Воробьева,F,1980-02-02,Санкт-Петербург,Retail,2025-05-21
1432,6,Кредитная карта,133000.0,19.12,36,2023-11-11,Отделение №1,Активен,0.569,Степанова Екатерина Львовна,F,1960-12-27,Казань,Retail,2023-03-28
1433,503,Вексель,923000.0,22.19,6,2023-12-03,Отделение №3,Закрыт,0.268,Евдокимова Елизавета Афанасьевна,F,1992-06-12,Уфа,Premium,2022-05-08
1434,254,Кредитная карта,136000.0,10.11,36,2024-03-18,Отделение №14,Активен,0.353,Артемий Валерьянович Егоров,M,1988-02-20,Ростов-на-Дону,Retail,2024-02-21
1435,224,Автокредит,883000.0,24.01,36,2025-07-22,Отделение №12,Активен,0.684,Глафира Ждановна Сысоева,F,1998-07-23,Москва,Retail,2024-11-05
1436,334,Автокредит,1100000.0,22.44,60,2024-10-15,Отделение №15,Активен,0.195,Ильин Анисим Демидович,M,1977-07-03,Новосибирск,Premium,2024-10-15
1437,585,Кредитная карта,282000.0,9.53,24,2024-04-09,Отделение №11,Дефолт,0.08,Белоусов Милен Афанасьевич,M,1978-07-04,Ростов-на-Дону,Retail,2022-05-30
1438,652,Кредитная карта,80000.0,9.77,24,2024-09-16,Отделение №7,Активен,0.945,Евпраксия Тимофеевна Мишина,F,1997-01-23,Самара,Premium,2023-08-20
1439,148,Потребительский,482000.0,10.58,48,2025-04-21,Отделение №6,Активен,0.695,Савватий Изотович Родионов,M,2007-07-02,Санкт-Петербург,Retail,2023-05-04
1440,39,Автокредит,2432000.0,10.61,48,2022-07-29,Отделение №9,Активен,0.991,Иван Арсеньевич Лихачев,M,1957-04-22,Санкт-Петербург,Premium,2022-06-25
1441,26,Потребительский,583000.0,6.97,36,2024-01-20,Отделение №9,Активен,0.646,Лукия Вадимовна Анисимова,F,1978-04-13,Новосибирск,Retail,2024-01-12
1442,235,Потребительский,340000.0,17.72,36,2024-04-19,Отделение №13,Активен,0.756,Селиверстов Тимур Федосеевич,M,1986-03-20,Новосибирск,Business,2024-04-19
1443,296,Вексель,4142000.0,10.07,6,2024-07-14,Отделение №2,Закрыт,0.628,Егоров Харлампий Антонович,M,1973-12-22,Ростов-на-Дону,Retail,2024-07-14
1444,180,Кредитная карта,271000.0,23.54,36,2025-11-29,Отделение №8,Активен,0.113,Беляева Лариса Ждановна,F,1972-06-25,Самара,Business,2025-11-29
1445,744,Автокредит,829000.0,21.83,36,2025-11-15,Отделение №4,Активен,0.334,Кошелева Милица Антоновна,F,1976-04-03,Казань,Retail,2025-11-15
1446,737,Потребительский,78000.0,13.76,36,2023-03-07,Отделение №5,Дефолт,0.088,Артем Афанасьевич Колесников,M,1984-08-09,Москва,Retail,2022-05-21
1447,384,Ипотека,5268000.0,8.47,240,2024-01-24,Отделение №6,Активен,0.729,Алексей Артурович Соловьев,M,2004-12-30,Ростов-на-Дону,Premium,2024-01-24
1448,246,Автокредит,958000.0,19.89,60,2024-09-01,Отделение №2,Активен,0.951,Влас Авдеевич Ефимов,M,1996-10-02,Челябинск,Retail,2022-12-25
1449,216,Потребительский,370000.0,6.8,36,2025-12-01,Отделение №14,Активен,0.621,тов. Киселева Жанна Мироновна,F,1985-05-31,Москва,Retail,2025-12-01
1450,488,Потребительский,698000.0,23.99,12,2024-10-21,Отделение №1,Закрыт,0.792,Тамара Даниловна Архипова,F,1966-07-15,Москва,Retail,2024-10-21
1451,345,Вексель,969000.0,16.24,12,2025-06-14,Отделение №12,Активен,0.998,Гуляев Ростислав Харлампович,M,1988-07-10,Уфа,Retail,2024-11-11
1452,692,Автокредит,1630000.0,19.98,24,2025-05-24,Отделение №8,Активен,0.132,Полина Тимофеевна Никифорова,F,1964-10-20,Нижний Новгород,Retail,2024-07-12
1453,380,Потребительский,321000.0,16.19,24,2025-11-19,Отделение №6,Активен,0.856,Кондратий Артурович Максимов,M,1965-11-18,Новосибирск,Premium,2025-11-19
1454,19,Ипотека,10902000.0,21.39,240,2025-02-15,Отделение №7,Активен,0.809,Ратмир Викторович Белоусов,M,1962-12-07,Казань,Retail,2022-12-01
1455,552,Ипотека,11555000.0,16.42,300,2024-07-17,Отделение №14,Активен,0.28,Комиссаров Ипат Ильич,M,1964-04-28,Челябинск,Retail,2024-07-17
1456,389,Потребительский,420000.0,12.71,36,2024-11-10,Отделение №11,Активен,0.741,Быков Павел Харлампьевич,M,1979-10-29,Новосибирск,Retail,2023-08-07
1457,10,Потребительский,524000.0,21.16,48,2025-05-21,Отделение №12,Активен,0.317,Алина Евгеньевна Мамонтова,F,1970-09-21,Москва,Retail,2025-05-21
1458,44,Вексель,1511000.0,24.13,6,2024-11-25,Отделение №2,Закрыт,0.91,Лапина Антонина Аркадьевна,F,1976-08-10,Екатеринбург,Retail,2024-11-25
1459,796,Вексель,2198000.0,9.0,9,2023-03-02,Отделение №15,Закрыт,0.851,Василиса Даниловна Гурьева,F,1956-10-24,Самара,Retail,2023-03-02
1460,246,Потребительский,167000.0,18.26,36,2024-02-02,Отделение №15,Активен,0.586,Влас Авдеевич Ефимов,M,1996-10-02,Челябинск,Retail,2022-12-25
1461,380,Потребительский,769000.0,22.64,24,2025-11-19,Отделение №14,Активен,0.883,Кондратий Артурович Максимов,M,1965-11-18,Новосибирск,Premium,2025-11-19
1462,761,Потребительский,294000.0,10.33,36,2022-05-22,Отделение №8,Закрыт,0.324,Гуляев Авксентий Харламович,M,2003-01-27,Москва,Premium,2022-01-26
1463,487,Потребительский,203000.0,20.08,48,2025-02-11,Отделение №5,Активен,0.682,Алина Анатольевна Пономарева,F,1997-07-07,Уфа,Retail,2022-10-23
1464,230,Потребительский,688000.0,17.29,48,2024-03-01,Отделение №8,Активен,0.995,Муравьев Игорь Харитонович,M,1956-12-22,Челябинск,Premium,2023-10-14
1465,483,Потребительский,772000.0,14.76,24,2024-05-16,Отделение №8,Активен,0.637,Суворов Арефий Фадеевич,M,2005-12-31,Санкт-Петербург,Retail,2024-01-13
1466,759,Вексель,1534000.0,20.24,12,2024-07-17,Отделение №14,Закрыт,0.13,Сорокин Филимон Гордеевич,M,2000-03-30,Москва,Retail,2024-07-17
1467,348,Автокредит,2321000.0,11.8,36,2025-05-18,Отделение №2,Активен,0.95,Тихон Харламович Максимов,M,1957-07-30,Санкт-Петербург,Retail,2025-05-18
1468,269,Автокредит,2494000.0,16.5,36,2025-12-20,Отделение №12,Активен,0.816,Гущин Карл Аксёнович,M,1965-01-20,Самара,Retail,2023-06-26
1469,71,Потребительский,677000.0,17.66,24,2023-06-19,Отделение №11,Закрыт,0.879,Иванна Валериевна Гришина,F,1978-08-25,Нижний Новгород,Retail,2023-06-19
1470,668,Потребительский,279000.0,13.44,12,2023-08-29,Отделение №2,Просрочен,0.008,Копылов Антип Ефимович,M,1969-03-15,Санкт-Петербург,Retail,2023-08-29
1471,718,Автокредит,1480000.0,10.25,60,2024-12-30,Отделение №6,Активен,0.553,Туров Евграф Устинович,M,1991-12-05,Челябинск,Retail,2024-12-30
1472,197,Потребительский,174000.0,16.04,48,2024-04-07,Отделение №8,Дефолт,0.087,Аникей Жоресович Кононов,M,1980-04-08,Санкт-Петербург,Premium,2023-06-29
1473,331,Потребительский,185000.0,15.04,36,2024-09-10,Отделение №6,Активен,0.26,Савва Викентьевич Мишин,M,1992-05-12,Москва,Business,2024-03-20
1474,358,Автокредит,1091000.0,9.35,36,2025-03-16,Отделение №1,Активен,0.571,г-жа Воробьева Милица Михайловна,F,1982-05-10,Нижний Новгород,Premium,2025-03-16
1475,423,Потребительский,514000.0,23.05,48,2024-02-23,Отделение №12,Активен,0.554,тов. Крюкова Евфросиния Рудольфовна,F,1972-02-28,Нижний Новгород,Retail,2023-10-20
1476,249,Потребительский,90000.0,24.17,24,2025-09-27,Отделение №3,Активен,0.645,Гуляева Майя Степановна,F,1986-07-18,Самара,Retail,2025-09-27
1477,32,Потребительский,566000.0,20.98,24,2024-06-26,Отделение №15,Активен,0.728,Ермакова Анжелика Артемовна,F,1993-09-25,Новосибирск,Retail,2022-08-17
1478,70,Автокредит,1915000.0,12.5,36,2024-05-08,Отделение №10,Активен,0.173,Аникей Ааронович Миронов,M,1995-10-09,Ростов-на-Дону,Premium,2024-05-08
1479,278,Кредитная карта,276000.0,22.72,12,2025-04-17,Отделение №12,Активен,0.955,Ларионова Феврония Рудольфовна,F,1983-01-28,Новосибирск,Premium,2025-04-17
1480,570,Ипотека,5270000.0,12.08,120,2025-08-04,Отделение №3,Активен,0.553,Андреев Милен Ильич,M,1999-08-22,Екатеринбург,Retail,2022-04-01
1481,276,Потребительский,175000.0,24.24,36,2025-12-09,Отделение №14,Активен,0.789,Нестерова Наталья Рудольфовна,F,1987-03-30,Екатеринбург,Retail,2024-10-05
1482,245,Кредитная карта,85000.0,11.41,36,2024-12-23,Отделение №12,Активен,0.122,г-н Потапов Ипатий Всеволодович,M,1961-05-22,Новосибирск,Retail,2024-12-23
1483,477,Автокредит,2316000.0,9.47,60,2024-11-01,Отделение №4,Активен,0.393,Лидия Егоровна Антонова,F,2001-03-28,Екатеринбург,Retail,2024-11-01
1484,211,Кредитная карта,184000.0,17.13,24,2023-06-04,Отделение №8,Закрыт,0.953,Юлия Егоровна Чернова,F,2003-02-21,Челябинск,Retail,2023-06-01
1485,337,Автокредит,2285000.0,17.61,36,2024-07-04,Отделение №10,Активен,0.848,Баранова Кира Олеговна,F,1955-10-03,Санкт-Петербург,Retail,2022-02-08
1486,645,Ипотека,3868000.0,7.79,180,2024-09-18,Отделение №4,Просрочен,0.055,Таисия Николаевна Цветкова,F,1972-05-28,Нижний Новгород,Premium,2024-09-18
1487,236,Вексель,3020000.0,10.44,12,2024-08-19,Отделение №14,Закрыт,0.708,Павел Бориславович Щукин,M,1981-02-13,Казань,Premium,2024-08-19
1488,414,Потребительский,485000.0,9.25,24,2023-02-13,Отделение №13,Закрыт,0.812,Назаров Якуб Тарасович,M,1963-05-11,Нижний Новгород,Business,2023-02-13
1489,595,Кредитная карта,66000.0,19.92,24,2024-03-24,Отделение №1,Активен,0.726,Вадим Трофимович Копылов,M,1994-08-30,Ростов-на-Дону,Retail,2023-06-19
1490,753,Автокредит,850000.0,20.5,24,2024-11-03,Отделение №13,Активен,0.489,Алевтина Вячеславовна Григорьева,F,2001-03-08,Уфа,Retail,2024-11-03
1491,539,Кредитная карта,269000.0,15.81,36,2025-08-31,Отделение №6,Активен,0.569,Самойлова Лора Павловна,F,1973-01-29,Екатеринбург,Retail,2025-08-31
1492,100,Вексель,3497000.0,15.96,9,2025-09-28,Отделение №11,Активен,0.185,Мухина Эмилия Анатольевна,F,1979-05-10,Уфа,Retail,2025-08-06
1493,558,Автокредит,2803000.0,6.82,24,2023-02-18,Отделение №4,Закрыт,0.978,Никонов Вячеслав Иларионович,M,1971-11-22,Челябинск,Premium,2022-10-05
1494,486,Кредитная карта,204000.0,12.4,36,2025-03-21,Отделение №6,Активен,0.46,Евграф Антипович Федотов,M,1975-04-15,Нижний Новгород,Retail,2022-07-18
1495,585,Вексель,899000.0,23.03,6,2025-03-14,Отделение №1,Закрыт,0.868,Белоусов Милен Афанасьевич,M,1978-07-04,Ростов-на-Дону,Retail,2022-05-30
1496,274,Вексель,3250000.0,20.29,6,2025-12-06,Отделение №2,Активен,0.664,Татьяна Эльдаровна Михайлова,F,2001-08-10,Челябинск,Retail,2025-12-06
1497,559,Потребительский,408000.0,17.76,24,2024-02-23,Отделение №1,Активен,0.196,Ершова Регина Романовна,F,1973-10-14,Челябинск,Retail,2024-02-23
1498,312,Автокредит,2980000.0,19.14,24,2025-10-04,Отделение №10,Активен,0.5,Акулина Михайловна Никифорова,F,1965-01-17,Нижний Новгород,Retail,2025-10-04
1499,517,Кредитная карта,69000.0,9.28,12,2025-07-20,Отделение №4,Активен,0.152,Стрелков Климент Александрович,M,1964-12-31,Уфа,Retail,2023-05-12
1500,64,Потребительский,700000.0,15.08,48,2025-04-01,Отделение №1,Активен,0.66,Яковлев Порфирий Ефимьевич,M,1987-06-25,Москва,Premium,2025-04-01
