loan_id,customer_id,loan_type,amount,interest_rate,term_months,issue_date,branch,status,risk_score
1,341,Потребительский,513000.0,17.23,24,2025-11-13,Отделение №2,Активен,0.647
2,275,Потребительский,150000.0,13.82,36,2025-11-20,Отделение №7,Активен,0.212
3,174,Вексель,3707000.0,8.25,9,2023-05-30,Отделение №6,Просрочен,0.059
4,631,Кредитная карта,157000.0,23.78,24,2025-05-26,Отделение №10,Активен,0.967
5,266,Вексель,4068000.0,15.78,3,2023-11-25,Отделение №7,Закрыт,0.381
6,557,Вексель,748000.0,9.8,3,2025-04-03,Отделение №8,Закрыт,0.17
7,15,Кредитная карта,267000.0,12.34,12,2023-04-22,Отделение №3,Закрыт,0.53
8,509,Потребительский,285000.0,22.54,24,2025-12-14,Отделение №12,Активен,0.835
9,532,Ипотека,6301000.0,21.76,240,2025-06-09,Отделение №9,Активен,0.927
10,358,Потребительский,720000.0,20.55,36,2025-03-16,Отделение №14,Активен,0.151
11,609,Кредитная карта,202000.0,9.98,24,2022-04-19,Отделение №3,Просрочен,0.055
12,15,Потребительский,245000.0,8.63,48,2024-06-12,Отделение №8,Активен,0.895
13,703,Потребительский,317000.0,15.57,48,2024-07-26,Отделение №14,Активен,0.846
14,185,Потребительский,312000.0,9.82,24,2023-08-05,Отделение №9,Закрыт,0.168
15,189,Вексель,2860000.0,24.86,6,2025-06-02,Отделение №13,Просрочен,0.004
16,283,Автокредит,1483000.0,20.64,24,2023-05-20,Отделение №15,Закрыт,0.677
17,552,Потребительский,263000.0,13.37,12,2024-07-17,Отделение №2,Закрыт,0.929
18,357,Вексель,853000.0,21.78,3,2025-04-03,Отделение №8,Закрыт,0.66
19,719,Автокредит,1100000.0,24.34,24,2024-10-10,Отделение №8,Активен,0.656
20,391,Потребительский,599000.0,22.38,24,2023-03-09,Отделение №5,Закрыт,0.802
21,543,Потребительский,92000.0,24.01,12,2025-06-12,Отделение №7,Активен,0.381
22,499,Потребительский,230000.0,6.88,48,2022-10-30,Отделение №7,Активен,0.208
23,643,Вексель,1496000.0,11.99,6,2023-09-09,Отделение №12,Закрыт,0.801
24,682,Вексель,1619000.0,18.75,6,2024-01-06,Отделение №9,Закрыт,0.832
25,671,Потребительский,384000.0,11.44,48,2024-09-02,Отделение №2,Активен,0.6
26,770,Вексель,4074000.0,18.1,6,2024-06-08,Отделение №9,Закрыт,0.093
27,597,Потребительский,398000.0,19.13,24,2025-08-19,Отделение №8,Активен,0.155
28,55,Автокредит,2083000.0,15.12,24,2023-08-19,Отделение №13,Просрочен,0.079
29,203,Ипотека,3486000.0,23.11,180,2025-11-02,Отделение №9,Активен,0.842
30,142,Ипотека,7685000.0,15.95,120,2022-04-13,Отделение №7,Активен,0.511
31,113,Потребительский,546000.0,11.19,36,2023-12-29,Отделение №9,Дефолт,0.082
32,370,Потребительский,605000.0,20.97,48,2025-05-03,Отделение №1,Активен,0.843
33,650,Потребительский,708000.0,17.3,36,2023-10-05,Отделение №11,Активен,0.455
34,356,Ипотека,10078000.0,10.38,240,2025-06-13,Отделение №10,Дефолт,0.078
35,798,Потребительский,555000.0,6.83,48,2024-12-30,Отделение №1,Активен,0.395
36,420,Потребительский,408000.0,24.27,48,2025-09-09,Отделение №8,Активен,0.602
37,318,Потребительский,660000.0,18.9,36,2025-11-15,Отделение №7,Активен,0.69
38,784,Вексель,529000.0,10.01,6,2022-08-01,Отделение №12,Закрыт,0.816
39,446,Кредитная карта,262000.0,18.43,12,2025-02-08,Отделение №7,Активен,0.65
40,158,Вексель,4305000.0,12.04,6,2024-06-06,Отделение №8,Закрыт,0.463
41,600,Ипотека,3165000.0,14.69,180,2025-12-09,Отделение №1,Активен,0.485
42,286,Кредитная карта,188000.0,16.98,12,2025-03-02,Отделение №1,Активен,0.834
43,445,Потребительский,127000.0,22.11,48,2024-05-01,Отделение №10,Активен,0.737
44,236,Вексель,4995000.0,13.85,3,2024-09-25,Отделение №12,Закрыт,0.513
45,359,Автокредит,2165000.0,19.64,60,2024-10-23,Отделение №7,Активен,0.528
46,223,Автокредит,1838000.0,14.18,48,2025-08-20,Отделение №8,Активен,0.473
47,552,Автокредит,2080000.0,14.53,60,2025-11-29,Отделение №12,Активен,0.161
48,635,Потребительский,308000.0,10.54,24,2024-11-05,Отделение №6,Активен,0.909
49,378,Кредитная карта,260000.0,15.12,36,2025-09-17,Отделение №12,Активен,0.883
50,606,Вексель,4803000.0,21.22,9,2024-08-25,Отделение №10,Закрыт,0.845
51,115,Потребительский,568000.0,15.39,12,2025-09-28,Отделение №3,Активен,0.173
52,698,Автокредит,662000.0,12.09,60,2025-01-30,Отделение №1,Активен,0.209
53,738,Кредитная карта,127000.0,18.96,24,2024-06-20,Отделение №14,Активен,0.175
54,241,Кредитная карта,39000.0,14.42,12,2023-11-23,Отделение №2,Закрыт,0.618
55,762,Автокредит,1665000.0,20.66,48,2024-10-13,Отделение №9,Активен,0.77
56,552,Потребительский,163000.0,7.43,12,2025-12-17,Отделение №13,Активен,0.946
57,320,Ипотека,10416000.0,20.88,120,2023-12-20,Отделение №14,Активен,0.61
58,619,Кредитная карта,252000.0,8.44,12,2025-11-18,Отделение №14,Активен,0.63
59,613,Потребительский,321000.0,14.62,36,2025-12-21,Отделение №12,Активен,0.506
60,31,Кредитная карта,72000.0,21.57,24,2025-10-28,Отделение №4,Активен,0.123
61,434,Ипотека,6157000.0,21.86,120,2024-12-20,Отделение №5,Активен,0.474
62,251,Автокредит,622000.0,13.14,48,2024-04-29,Отделение №3,Активен,0.665
63,408,Вексель,2695000.0,21.25,6,2024-02-04,Отделение №7,Закрыт,0.413
64,779,Кредитная карта,287000.0,13.16,36,2025-10-29,Отделение №3,Просрочен,0.03
65,225,Вексель,3616000.0,12.72,3,2023-09-04,Отделение №13,Закрыт,0.402
66,788,Потребительский,96000.0,23.47,12,2025-09-14,Отделение №10,Активен,0.151
67,713,Потребительский,524000.0,13.9,36,2025-07-09,Отделение №9,Активен,0.681
68,472,Кредитная карта,225000.0,6.65,24,2023-12-06,Отделение №9,Закрыт,0.28
69,148,Автокредит,782000.0,18.35,60,2024-07-02,Отделение №10,Активен,0.888
70,613,Вексель,3295000.0,13.94,9,2025-08-21,Отделение №5,Активен,0.197
71,43,Потребительский,453000.0,16.08,48,2024-03-28,Отделение №4,Активен,0.541
72,517,Потребительский,464000.0,9.44,36,2025-07-25,Отделение №13,Просрочен,0.028
73,449,Автокредит,1073000.0,24.66,48,2024-05-15,Отделение №1,Активен,0.11
74,496,Вексель,1373000.0,7.38,9,2025-04-10,Отделение №2,Активен,0.651
75,13,Ипотека,7724000.0,12.74,120,2025-03-28,Отделение №12,Активен,0.236
76,374,Кредитная карта,183000.0,16.31,36,2025-09-24,Отделение №6,Активен,0.596
77,664,Потребительский,550000.0,16.06,24,2024-02-13,Отделение №6,Активен,0.248
78,104,Автокредит,901000.0,8.3,48,2024-07-19,Отделение №14,Активен,0.712
79,24,Ипотека,2922000.0,15.26,300,2022-10-20,Отделение №6,Активен,0.446
80,190,Вексель,2073000.0,17.25,12,2025-07-05,Отделение №8,Активен,0.636
81,42,Вексель,4744000.0,9.16,12,2023-03-10,Отделение №12,Закрыт,0.127
82,17,Ипотека,11680000.0,10.41,120,2025-11-23,Отделение №12,Активен,0.473
83,430,Потребительский,469000.0,22.18,12,2025-05-17,Отделение №6,Активен,0.11
84,365,Автокредит,505000.0,13.33,36,2025-07-16,Отделение №5,Активен,0.991
85,734,Потребительский,71000.0,20.92,24,2024-02-24,Отделение №15,Активен,0.422
86,187,Кредитная карта,270000.0,21.57,12,2024-12-06,Отделение №2,Закрыт,0.489
87,762,Автокредит,576000.0,15.35,24,2024-10-13,Отделение №8,Активен,0.31
88,650,Кредитная карта,241000.0,8.94,24,2025-05-25,Отделение №11,Активен,0.139
89,695,Ипотека,6499000.0,22.44,300,2024-09-27,Отделение №13,Активен,0.325
90,346,Автокредит,2021000.0,23.06,60,2023-12-17,Отделение №1,Активен,0.339
91,628,Кредитная карта,270000.0,18.38,36,2023-10-31,Отделение №12,Активен,0.866
92,470,Потребительский,523000.0,18.37,36,2025-02-23,Отделение №2,Активен,0.644
93,534,Потребительский,514000.0,16.1,12,2025-03-13,Отделение №9,Активен,0.751
94,782,Кредитная карта,62000.0,24.21,36,2023-04-23,Отделение №4,Активен,0.275
95,437,Потребительский,579000.0,21.35,48,2023-06-21,Отделение №7,Активен,0.607
96,33,Автокредит,1678000.0,14.54,24,2023-11-28,Отделение №14,Закрыт,0.415
97,142,Автокредит,1393000.0,24.53,24,2022-08-23,Отделение №5,Закрыт,0.542
98,178,Потребительский,242000.0,12.15,12,2024-01-10,Отделение №3,Закрыт,0.407
99,468,Потребительский,771000.0,19.62,24,2023-10-03,Отделение №2,Закрыт,0.298
100,793,Потребительский,360000.0,13.41,36,2023-06-13,Отделение №2,Активен,0.828
101,48,Потребительский,230000.0,15.86,24,2024-10-06,Отделение №2,Активен,0.504
102,719,Потребительский,289000.0,15.41,48,2024-10-10,Отделение №4,Активен,0.407
103,299,Кредитная карта,35000.0,18.92,36,2025-11-06,Отделение №9,Активен,0.246
104,144,Вексель,715000.0,8.04,12,2024-07-02,Отделение №4,Закрыт,0.636
105,443,Вексель,798000.0,16.39,6,2023-09-07,Отделение №15,Закрыт,0.424
106,51,Автокредит,509000.0,11.82,60,2025-06-25,Отделение №1,Активен,0.972
107,485,Потребительский,741000.0,11.12,36,2025-06-30,Отделение №6,Активен,0.68
108,50,Вексель,1142000.0,9.47,9,2023-05-13,Отделение №2,Закрыт,0.534
109,683,Потребительский,346000.0,19.84,12,2025-05-07,Отделение №15,Активен,0.999
110,166,Ипотека,8104000.0,23.9,240,2025-10-28,Отделение №13,Активен,0.635
111,574,Вексель,1438000.0,10.38,9,2024-04-26,Отделение №6,Закрыт,0.959
112,788,Потребительский,569000.0,15.27,12,2025-05-31,Отделение №11,Активен,0.901
113,463,Потребительский,467000.0,16.4,48,2025-06-19,Отделение №11,Активен,0.787
114,633,Вексель,2739000.0,8.77,12,2025-10-08,Отделение №7,Активен,0.972
115,590,Вексель,1854000.0,24.6,6,2025-11-28,Отделение №6,Активен,0.125
116,359,Кредитная карта,150000.0,20.45,12,2024-10-23,Отделение №12,Закрыт,0.681
117,517,Ипотека,2900000.0,10.81,240,2023-05-12,Отделение №6,Активен,0.494
118,580,Потребительский,420000.0,10.11,24,2024-08-06,Отделение №7,Активен,0.821
119,694,Потребительский,258000.0,16.65,48,2024-04-17,Отделение №10,Активен,0.66
120,94,Вексель,3055000.0,17.32,6,2023-11-12,Отделение №3,Закрыт,0.746
121,497,Потребительский,477000.0,19.91,24,2024-12-07,Отделение №14,Активен,0.274
122,138,Вексель,4961000.0,16.81,9,2025-10-26,Отделение №7,Активен,0.454
123,784,Автокредит,2852000.0,14.46,24,2023-10-24,Отделение №5,Закрыт,0.995
124,360,Потребительский,439000.0,16.02,48,2024-01-11,Отделение №12,Просрочен,0.043
125,792,Потребительский,258000.0,14.76,48,2024-12-26,Отделение №4,Просрочен,0.005
126,256,Потребительский,710000.0,24.5,12,2023-04-08,Отделение №2,Закрыт,0.424
127,263,Кредитная карта,83000.0,7.66,24,2023-09-29,Отделение №1,Закрыт,0.625
128,325,Ипотека,10081000.0,11.05,240,2023-05-28,Отделение №6,Активен,0.474
129,455,Вексель,4126000.0,20.77,6,2024-11-28,Отделение №13,Закрыт,0.62
130,278,Потребительский,385000.0,24.43,12,2025-04-17,Отделение №7,Активен,0.917
131,338,Потребительский,686000.0,7.64,12,2025-03-25,Отделение №1,Активен,0.802
132,194,Потребительский,520000.0,18.97,12,2025-12-10,Отделение №5,Активен,0.559
133,789,Вексель,2068000.0,22.41,12,2023-04-23,Отделение №10,Закрыт,0.787
134,359,Потребительский,338000.0,17.89,48,2025-06-24,Отделение №11,Активен,0.34
135,570,Вексель,2325000.0,10.04,9,2025-04-18,Отделение №10,Активен,0.103
136,262,Вексель,3005000.0,8.82,6,2025-03-19,Отделение №6,Закрыт,0.509
137,555,Ипотека,9246000.0,10.97,300,2025-03-30,Отделение №1,Активен,0.797
138,768,Потребительский,488000.0,17.24,36,2023-09-30,Отделение №3,Активен,0.541
139,738,Потребительский,282000.0,13.29,36,2024-06-20,Отделение №10,Просрочен,0.008
140,193,Вексель,809000.0,21.57,6,2024-11-04,Отделение №1,Закрыт,0.559
141,425,Ипотека,3954000.0,23.22,180,2025-11-13,Отделение №6,Активен,0.785
142,310,Потребительский,407000.0,19.24,48,2025-05-13,Отделение №10,Активен,0.852
143,182,Кредитная карта,196000.0,9.49,24,2024-06-21,Отделение №13,Активен,0.454
144,478,Кредитная карта,164000.0,10.6,12,2025-08-01,Отделение №10,Активен,0.23
145,608,Потребительский,411000.0,10.28,36,2024-02-09,Отделение №1,Активен,0.184
146,176,Ипотека,2737000.0,8.62,120,2025-02-10,Отделение №4,Активен,0.291
147,633,Автокредит,2773000.0,24.45,48,2024-02-18,Отделение №5,Активен,0.199
148,621,Потребительский,714000.0,22.09,24,2023-11-27,Отделение №4,Закрыт,0.246
149,491,Потребительский,682000.0,21.8,12,2023-11-03,Отделение №11,Закрыт,0.137
150,253,Вексель,644000.0,14.89,6,2024-02-27,Отделение №6,Закрыт,0.37
151,231,Вексель,4712000.0,7.7,12,2025-12-27,Отделение №15,Активен,0.144
152,208,Потребительский,192000.0,13.39,48,2025-11-23,Отделение №11,Активен,0.6
153,394,Потребительский,85000.0,11.91,24,2025-01-01,Отделение №4,Активен,0.149
154,631,Потребительский,647000.0,24.32,24,2024-11-06,Отделение №4,Активен,0.886
155,499,Вексель,3945000.0,15.86,3,2022-12-09,Отделение №11,Закрыт,0.751
156,333,Вексель,1934000.0,12.42,12,2023-06-08,Отделение №12,Закрыт,0.374
157,160,Ипотека,11558000.0,17.19,300,2025-06-15,Отделение №13,Активен,0.638
158,279,Автокредит,495000.0,14.82,36,2025-09-03,Отделение №4,Активен,0.234
159,365,Потребительский,717000.0,11.18,24,2025-07-16,Отделение №13,Дефолт,0.085
160,390,Потребительский,383000.0,17.24,36,2024-07-09,Отделение №10,Активен,0.465
161,290,Потребительский,388000.0,13.26,48,2025-01-11,Отделение №5,Активен,0.498
162,661,Ипотека,3796000.0,18.37,180,2025-01-18,Отделение №2,Активен,0.359
163,684,Потребительский,426000.0,23.55,12,2023-12-14,Отделение №2,Закрыт,0.098
164,387,Ипотека,7460000.0,18.92,240,2023-05-28,Отделение №12,Активен,0.25
165,30,Вексель,3449000.0,19.48,9,2025-02-07,Отделение №14,Закрыт,0.998
166,399,Вексель,3725000.0,20.67,9,2025-01-28,Отделение №6,Закрыт,0.282
167,245,Вексель,2079000.0,20.44,12,2025-04-02,Отделение №11,Просрочен,0.012
168,328,Автокредит,2379000.0,10.69,36,2024-11-15,Отделение №4,Активен,0.723
169,345,Ипотека,7158000.0,12.77,300,2024-11-11,Отделение №14,Дефолт,0.086
170,419,Потребительский,628000.0,14.57,48,2024-03-30,Отделение №1,Активен,0.853
171,556,Ипотека,7775000.0,23.86,180,2025-12-05,Отделение №13,Просрочен,0.01
172,580,Вексель,1838000.0,14.33,6,2024-08-06,Отделение №13,Закрыт,0.753
173,60,Вексель,2734000.0,6.93,9,2025-04-17,Отделение №15,Активен,0.785
174,768,Потребительский,783000.0,18.09,36,2025-03-09,Отделение №10,Активен,0.603
175,152,Автокредит,1416000.0,23.96,60,2025-03-25,Отделение №7,Дефолт,0.064
176,308,Потребительский,131000.0,22.96,48,2025-08-01,Отделение №2,Дефолт,0.093
177,777,Вексель,970000.0,9.94,12,2023-09-29,Отделение №7,Просрочен,0.069
178,356,Потребительский,225000.0,7.56,12,2025-06-13,Отделение №3,Активен,0.519
179,597,Потребительский,732000.0,24.71,48,2024-02-17,Отделение №7,Активен,0.129
180,331,Ипотека,2688000.0,22.52,180,2024-03-20,Отделение №14,Активен,0.31
181,231,Вексель,2426000.0,10.23,9,2025-09-21,Отделение №8,Активен,0.717
182,69,Потребительский,56000.0,7.68,24,2025-03-31,Отделение №13,Активен,0.399
183,23,Потребительский,297000.0,15.01,48,2024-07-31,Отделение №2,Просрочен,0.039
184,354,Потребительский,711000.0,19.39,48,2023-12-12,Отделение №5,Активен,0.712
185,535,Ипотека,10234000.0,11.08,180,2024-04-30,Отделение №12,Активен,0.9
186,608,Ипотека,5847000.0,16.96,180,2025-12-01,Отделение №1,Активен,0.394
187,704,Потребительский,703000.0,16.39,36,2025-07-10,Отделение №2,Активен,0.667
188,378,Вексель,3640000.0,14.07,6,2025-09-17,Отделение №2,Активен,0.762
189,372,Кредитная карта,51000.0,20.6,12,2025-10-04,Отделение №8,Активен,0.326
190,267,Потребительский,206000.0,6.99,12,2024-08-04,Отделение №11,Закрыт,0.639
191,85,Вексель,1968000.0,13.8,12,2023-02-03,Отделение №2,Просрочен,0.011
192,240,Вексель,769000.0,14.99,12,2025-06-18,Отделение №11,Дефолт,0.083
193,224,Потребительский,763000.0,21.6,24,2024-11-05,Отделение №3,Активен,0.842
194,166,Вексель,3074000.0,8.78,6,2023-08-26,Отделение №3,Закрыт,0.741
195,756,Потребительский,623000.0,14.61,36,2022-11-15,Отделение №12,Закрыт,0.178
196,753,Потребительский,556000.0,19.32,24,2024-11-03,Отделение №13,Активен,0.837
197,62,Автокредит,2123000.0,19.2,24,2024-05-16,Отделение №10,Активен,0.444
198,571,Потребительский,629000.0,13.39,24,2023-05-27,Отделение №2,Закрыт,0.239
199,323,Потребительский,71000.0,21.6,12,2023-11-30,Отделение №2,Закрыт,0.68
200,554,Потребительский,712000.0,7.31,24,2022-12-09,Отделение №14,Закрыт,0.513
201,91,Потребительский,472000.0,10.31,24,2025-09-27,Отделение №7,Активен,0.542
202,685,Потребительский,210000.0,9.69,36,2025-10-11,Отделение №6,Активен,0.402
203,406,Потребительский,210000.0,18.61,24,2024-12-08,Отделение №10,Активен,0.278
204,535,Ипотека,2673000.0,12.05,180,2024-04-21,Отделение №2,Активен,0.599
205,673,Вексель,3977000.0,24.15,6,2023-12-04,Отделение №11,Закрыт,0.6
206,649,Вексель,3422000.0,9.73,6,2023-11-12,Отделение №12,Закрыт,0.762
207,621,Потребительский,689000.0,12.67,48,2023-01-03,Отделение №10,Активен,0.609
208,725,Ипотека,7110000.0,17.31,180,2025-11-11,Отделение №4,Активен,0.988
209,142,Потребительский,619000.0,10.85,12,2023-09-25,Отделение №4,Закрыт,0.428
210,471,Автокредит,556000.0,11.96,48,2024-10-18,Отделение №4,Активен,0.152
211,720,Автокредит,1019000.0,8.97,60,2025-01-25,Отделение №13,Активен,0.318
212,664,Вексель,2652000.0,21.45,12,2025-08-20,Отделение №4,Активен,0.751
213,342,Вексель,1723000.0,16.42,6,2023-02-26,Отделение №11,Закрыт,0.907
214,155,Кредитная карта,246000.0,17.69,36,2025-03-05,Отделение №6,Активен,0.381
215,271,Потребительский,522000.0,7.79,12,2025-07-31,Отделение №11,Активен,0.192
216,195,Кредитная карта,283000.0,9.7,12,2023-06-26,Отделение №13,Закрыт,0.549
217,767,Кредитная карта,94000.0,19.84,12,2024-10-20,Отделение №12,Закрыт,0.311
218,533,Потребительский,368000.0,11.75,24,2023-09-13,Отделение №11,Закрыт,0.448
219,55,Потребительский,697000.0,24.0,48,2022-10-15,Отделение №7,Активен,0.36
220,157,Потребительский,381000.0,21.58,48,2022-11-16,Отделение №1,Активен,0.794
221,202,Вексель,2194000.0,17.45,3,2025-05-21,Отделение №12,Закрыт,0.153
222,101,Потребительский,335000.0,11.71,36,2024-07-17,Отделение №8,Активен,0.562
223,562,Потребительский,152000.0,9.35,48,2025-01-05,Отделение №1,Активен,0.19
224,188,Кредитная карта,227000.0,13.94,24,2025-04-20,Отделение №7,Активен,0.416
225,230,Кредитная карта,131000.0,18.3,24,2023-10-14,Отделение №7,Закрыт,0.588
226,10,Кредитная карта,298000.0,23.65,12,2025-05-21,Отделение №13,Активен,0.162
227,671,Ипотека,4553000.0,19.55,240,2024-11-09,Отделение №6,Активен,0.635
228,677,Вексель,3289000.0,10.96,12,2024-03-21,Отделение №14,Просрочен,0.035
229,166,Ипотека,9066000.0,18.75,120,2025-11-29,Отделение №10,Активен,0.148
230,524,Ипотека,8811000.0,17.58,240,2024-12-31,Отделение №14,Активен,0.952
231,722,Потребительский,138000.0,19.59,12,2025-08-12,Отделение №12,Активен,0.384
232,703,Автокредит,2743000.0,9.55,36,2024-05-16,Отделение №12,Активен,0.427
233,381,Потребительский,776000.0,12.17,48,2025-04-15,Отделение №15,Активен,0.412
234,230,Кредитная карта,265000.0,17.04,12,2025-07-26,Отделение №14,Активен,0.798
235,264,Потребительский,612000.0,12.17,48,2025-12-02,Отделение №14,Активен,0.987
236,700,Ипотека,2969000.0,14.17,300,2024-12-11,Отделение №7,Активен,0.288
237,147,Потребительский,331000.0,15.45,24,2023-05-22,Отделение №2,Закрыт,0.503
238,713,Ипотека,10144000.0,7.59,180,2025-07-09,Отделение №13,Активен,0.183
239,121,Потребительский,787000.0,18.03,48,2024-06-21,Отделение №14,Активен,0.624
240,28,Автокредит,608000.0,8.79,24,2025-07-09,Отделение №1,Дефолт,0.064
241,189,Автокредит,1643000.0,7.62,24,2025-06-02,Отделение №1,Активен,0.752
242,330,Вексель,3967000.0,10.38,3,2024-12-15,Отделение №7,Закрыт,0.792
243,453,Автокредит,2966000.0,15.21,48,2024-11-27,Отделение №7,Активен,0.337
244,186,Потребительский,561000.0,21.53,36,2023-10-08,Отделение №11,Активен,0.941
245,719,Ипотека,8108000.0,21.34,240,2024-10-10,Отделение №14,Просрочен,0.003
246,414,Вексель,3654000.0,17.58,6,2023-02-13,Отделение №5,Закрыт,0.869
247,622,Кредитная карта,233000.0,14.82,12,2024-01-25,Отделение №14,Закрыт,0.686
248,127,Ипотека,6131000.0,24.65,180,2024-07-10,Отделение №14,Активен,0.958
249,231,Потребительский,525000.0,18.97,12,2025-09-21,Отделение №8,Активен,0.234
250,158,Ипотека,8126000.0,14.37,120,2024-06-06,Отделение №15,Активен,0.931
251,349,Ипотека,8583000.0,11.91,120,2025-07-10,Отделение №3,Активен,0.195
252,533,Кредитная карта,267000.0,7.08,36,2024-10-30,Отделение №2,Активен,0.498
253,100,Потребительский,555000.0,22.99,48,2025-08-06,Отделение №8,Активен,0.955
254,419,Вексель,1280000.0,20.36,6,2024-03-30,Отделение №2,Закрыт,0.66
255,365,Потребительский,795000.0,23.59,12,2025-07-16,Отделение №7,Активен,0.327
256,37,Вексель,1180000.0,15.26,9,2025-09-25,Отделение №2,Активен,0.898
257,67,Вексель,4621000.0,21.14,12,2022-07-05,Отделение №4,Закрыт,0.333
258,169,Кредитная карта,237000.0,18.35,36,2025-08-15,Отделение №12,Активен,0.377
259,18,Вексель,3653000.0,10.61,12,2025-06-01,Отделение №2,Активен,0.116
260,136,Потребительский,305000.0,17.04,24,2023-09-04,Отделение №6,Закрыт,0.127
261,345,Кредитная карта,186000.0,7.64,12,2024-11-11,Отделение №14,Закрыт,0.536
262,369,Ипотека,6237000.0,23.68,240,2025-10-23,Отделение №11,Активен,0.126
263,233,Автокредит,978000.0,16.4,60,2022-07-25,Отделение №3,Активен,0.461
264,266,Вексель,1554000.0,19.01,6,2024-10-20,Отделение №5,Закрыт,0.147
265,769,Потребительский,549000.0,12.39,12,2025-05-11,Отделение №12,Активен,0.502
266,131,Потребительский,798000.0,21.75,48,2025-07-16,Отделение №12,Активен,0.495
267,342,Кредитная карта,46000.0,21.73,24,2022-11-09,Отделение №12,Закрыт,0.211
268,249,Кредитная карта,91000.0,23.49,36,2025-09-27,Отделение №14,Активен,0.776
269,96,Ипотека,5918000.0,16.58,180,2022-03-21,Отделение №11,Активен,0.337
270,732,Ипотека,5483000.0,7.82,300,2025-11-25,Отделение №5,Активен,0.727
271,702,Вексель,1056000.0,8.91,12,2024-07-10,Отделение №10,Закрыт,0.752
272,614,Кредитная карта,45000.0,14.92,36,2025-11-28,Отделение №3,Активен,0.164
273,238,Ипотека,6824000.0,10.51,180,2025-10-13,Отделение №12,Активен,0.748
274,155,Вексель,1875000.0,20.95,3,2025-10-21,Отделение №7,Активен,0.858
275,523,Кредитная карта,145000.0,8.27,12,2023-08-08,Отделение №3,Закрыт,0.974
276,345,Кредитная карта,62000.0,12.73,36,2025-08-24,Отделение №3,Активен,0.434
277,340,Автокредит,1450000.0,10.93,24,2022-12-18,Отделение №12,Закрыт,0.489
278,548,Автокредит,848000.0,24.74,60,2025-11-17,Отделение №2,Активен,0.671
279,26,Вексель,4338000.0,18.13,12,2024-01-12,Отделение №1,Закрыт,0.445
280,237,Потребительский,112000.0,18.81,48,2025-08-06,Отделение №1,Активен,0.51
281,146,Автокредит,2967000.0,19.26,60,2023-07-15,Отделение №10,Дефолт,0.095
282,617,Потребительский,413000.0,17.01,48,2024-10-20,Отделение №2,Дефолт,0.099
283,94,Вексель,4325000.0,21.46,6,2024-04-10,Отделение №9,Просрочен,0.02
284,222,Вексель,3939000.0,16.05,12,2025-02-02,Отделение №12,Активен,0.585
285,250,Вексель,3293000.0,23.02,6,2025-10-19,Отделение №10,Активен,0.181
286,691,Вексель,126000.0,8.76,12,2024-09-29,Отделение №4,Закрыт,0.129
287,326,Вексель,530000.0,8.06,9,2023-07-12,Отделение №5,Закрыт,0.125
288,796,Ипотека,7444000.0,6.5,300,2025-09-09,Отделение №9,Активен,0.301
289,518,Кредитная карта,109000.0,9.07,36,2025-07-30,Отделение №6,Активен,0.49
290,203,Автокредит,2964000.0,16.4,48,2025-10-12,Отделение №2,Активен,0.21
291,548,Вексель,319000.0,9.11,3,2025-03-01,Отделение №4,Закрыт,0.856
292,390,Кредитная карта,193000.0,13.11,12,2025-04-26,Отделение №10,Активен,0.128
293,333,Ипотека,7498000.0,18.46,240,2024-02-21,Отделение №8,Активен,0.163
294,178,Потребительский,241000.0,9.14,48,2025-11-23,Отделение №11,Активен,0.204
295,639,Вексель,4977000.0,16.87,6,2025-05-07,Отделение №9,Закрыт,0.648
296,771,Автокредит,1491000.0,24.76,36,2024-02-24,Отделение №1,Активен,0.434
297,353,Кредитная карта,97000.0,16.28,24,2025-04-26,Отделение №7,Активен,0.684
298,646,Потребительский,530000.0,20.82,36,2023-11-15,Отделение №13,Активен,0.146
299,449,Потребительский,57000.0,13.47,48,2024-04-18,Отделение №15,Активен,0.105
300,120,Потребительский,445000.0,21.61,36,2025-11-27,Отделение №9,Активен,0.49
301,612,Потребительский,479000.0,11.49,36,2025-02-03,Отделение №1,Дефолт,0.099
302,491,Потребительский,760000.0,12.85,48,2023-11-03,Отделение №13,Активен,0.741
303,40,Автокредит,1946000.0,17.4,60,2024-09-03,Отделение №11,Активен,0.259
304,531,Автокредит,804000.0,13.47,36,2024-07-28,Отделение №1,Активен,0.735
305,509,Кредитная карта,203000.0,20.81,24,2025-12-19,Отделение №7,Активен,0.678
306,340,Вексель,997000.0,15.74,9,2024-08-17,Отделение №7,Закрыт,0.276
307,34,Автокредит,2268000.0,18.2,36,2024-11-05,Отделение №5,Дефолт,0.087
308,553,Ипотека,5127000.0,7.96,120,2025-07-23,Отделение №2,Активен,0.73
309,49,Потребительский,93000.0,23.6,36,2025-02-08,Отделение №1,Активен,0.808
310,357,Кредитная карта,144000.0,15.33,36,2025-04-03,Отделение №11,Активен,0.515
311,261,Кредитная карта,218000.0,17.84,24,2022-03-10,Отделение №12,Закрыт,0.911
312,191,Потребительский,369000.0,24.79,36,2023-05-16,Отделение №15,Активен,0.661
313,372,Вексель,4414000.0,14.76,3,2025-10-04,Отделение №15,Активен,0.169
314,70,Кредитная карта,171000.0,7.88,12,2024-05-08,Отделение №9,Закрыт,0.839
315,586,Ипотека,2509000.0,9.64,300,2024-09-08,Отделение №6,Активен,0.97
316,232,Кредитная карта,97000.0,11.84,36,2022-08-30,Отделение №5,Закрыт,0.483
317,187,Потребительский,604000.0,23.48,48,2024-12-06,Отделение №11,Активен,0.929
318,79,Автокредит,2723000.0,22.11,60,2025-09-29,Отделение №1,Просрочен,0.057
319,552,Автокредит,1254000.0,6.59,48,2024-07-17,Отделение №3,Активен,0.89
320,514,Ипотека,2089000.0,10.13,300,2024-10-04,Отделение №15,Активен,0.529
321,332,Потребительский,143000.0,9.36,48,2023-02-23,Отделение №4,Активен,0.657
322,547,Ипотека,5743000.0,22.92,240,2024-12-12,Отделение №5,Активен,0.536
323,610,Потребительский,379000.0,9.07,48,2022-11-28,Отделение №1,Активен,0.747
324,483,Ипотека,10705000.0,9.99,180,2024-01-13,Отделение №7,Просрочен,0.04
325,54,Ипотека,5312000.0,18.76,120,2023-05-25,Отделение №11,Активен,0.948
326,474,Кредитная карта,62000.0,15.62,24,2025-03-29,Отделение №3,Активен,0.682
327,84,Потребительский,623000.0,19.86,48,2025-07-23,Отделение №14,Активен,0.742
328,174,Ипотека,3097000.0,8.82,120,2023-05-30,Отделение №1,Активен,0.344
329,653,Вексель,1259000.0,24.47,9,2024-05-29,Отделение №7,Закрыт,0.737
330,19,Ипотека,4822000.0,11.06,120,2024-05-28,Отделение №9,Активен,0.152
331,451,Потребительский,261000.0,24.79,12,2025-10-24,Отделение №14,Активен,0.247
332,334,Ипотека,6739000.0,19.94,120,2025-12-06,Отделение №4,Активен,0.611
333,89,Кредитная карта,190000.0,10.72,36,2024-05-30,Отделение №1,Активен,0.132
334,692,Потребительский,194000.0,6.82,24,2024-07-12,Отделение №14,Активен,0.2
335,644,Потребительский,355000.0,18.15,36,2025-12-04,Отделение №6,Активен,0.231
336,298,Ипотека,2613000.0,7.45,300,2025-08-11,Отделение №6,Активен,0.11
337,258,Потребительский,313000.0,12.39,48,2023-05-21,Отделение №1,Просрочен,0.048
338,340,Потребительский,545000.0,11.75,36,2023-03-11,Отделение №10,Активен,0.28
339,503,Потребительский,189000.0,12.65,48,2024-01-15,Отделение №11,Активен,0.112
340,315,Потребительский,464000.0,13.13,24,2023-11-10,Отделение №12,Закрыт,0.81
341,75,Вексель,2691000.0,18.46,9,2023-05-03,Отделение №7,Закрыт,0.21
342,129,Потребительский,130000.0,17.29,12,2024-06-19,Отделение №11,Закрыт,0.912
343,679,Вексель,1045000.0,7.88,12,2025-12-14,Отделение №6,Активен,0.547
344,729,Потребительский,406000.0,19.76,24,2025-09-04,Отделение №4,Просрочен,0.044
345,223,Ипотека,9116000.0,14.75,240,2024-01-20,Отделение №15,Активен,0.717
346,129,Ипотека,6828000.0,17.52,120,2024-06-19,Отделение №3,Активен,0.697
347,532,Потребительский,767000.0,10.0,12,2025-11-21,Отделение №8,Активен,0.815
348,678,Вексель,4364000.0,14.55,3,2024-07-09,Отделение №9,Закрыт,0.509
349,713,Вексель,2064000.0,9.89,9,2025-07-09,Отделение №4,Активен,0.16
350,70,Автокредит,423000.0,19.52,60,2024-10-28,Отделение №5,Активен,0.525
351,387,Кредитная карта,110000.0,8.69,24,2025-02-04,Отделение №9,Активен,0.224
352,638,Потребительский,79000.0,23.56,24,2023-07-23,Отделение №13,Закрыт,0.27
353,136,Потребительский,785000.0,8.64,24,2024-12-30,Отделение №11,Активен,0.649
354,418,Автокредит,1360000.0,22.77,24,2025-12-15,Отделение №3,Активен,0.264
355,349,Ипотека,8115000.0,18.02,240,2025-07-10,Отделение №6,Просрочен,0.01
356,567,Потребительский,774000.0,24.38,24,2025-09-14,Отделение №14,Активен,0.537
357,140,Вексель,3925000.0,13.53,3,2025-11-10,Отделение №14,Активен,0.654
358,245,Автокредит,1971000.0,10.56,36,2024-12-23,Отделение №10,Активен,0.269
359,198,Автокредит,2631000.0,14.71,60,2022-12-06,Отделение №7,Активен,0.73
360,251,Ипотека,11022000.0,9.84,120,2024-10-12,Отделение №14,Активен,0.185
361,93,Потребительский,477000.0,11.69,24,2025-08-19,Отделение №15,Активен,0.31
362,283,Потребительский,346000.0,9.14,24,2022-05-23,Отделение №8,Закрыт,0.426
363,446,Кредитная карта,292000.0,9.03,12,2025-02-08,Отделение №1,Активен,0.75
364,396,Автокредит,1382000.0,21.71,24,2022-10-09,Отделение №11,Закрыт,0.763
365,477,Кредитная карта,66000.0,9.12,12,2024-11-01,Отделение №1,Закрыт,0.627
366,270,Вексель,146000.0,20.04,3,2025-10-09,Отделение №12,Активен,0.338
367,429,Потребительский,154000.0,12.16,48,2022-12-01,Отделение №4,Активен,0.479
368,792,Потребительский,569000.0,21.68,12,2023-10-14,Отделение №5,Закрыт,0.103
369,55,Потребительский,715000.0,6.52,48,2022-10-18,Отделение №4,Активен,0.224
370,778,Ипотека,3474000.0,23.46,240,2023-04-08,Отделение №11,Активен,0.684
371,137,Кредитная карта,252000.0,9.62,12,2024-10-04,Отделение №2,Закрыт,0.11
372,234,Кредитная карта,106000.0,12.64,12,2025-06-14,Отделение №15,Активен,0.36
373,184,Кредитная карта,272000.0,9.78,36,2024-10-04,Отделение №10,Активен,0.53
374,472,Потребительский,369000.0,21.54,36,2025-07-03,Отделение №2,Активен,0.348
375,563,Потребительский,424000.0,21.42,36,2023-06-28,Отделение №2,Активен,0.711
376,252,Вексель,4322000.0,9.2,6,2025-11-14,Отделение №8,Активен,0.148
377,294,Вексель,3949000.0,8.58,12,2024-05-12,Отделение №12,Закрыт,0.427
378,776,Потребительский,118000.0,20.62,24,2024-04-01,Отделение №8,Активен,0.353
379,91,Ипотека,8934000.0,21.1,300,2025-09-27,Отделение №13,Активен,0.333
380,796,Кредитная карта,279000.0,16.61,24,2024-05-07,Отделение №8,Активен,0.539
381,134,Автокредит,2536000.0,17.19,60,2023-02-28,Отделение №10,Активен,0.422
382,766,Вексель,4075000.0,8.11,6,2025-12-10,Отделение №4,Активен,0.362
383,175,Кредитная карта,35000.0,24.12,36,2024-08-28,Отделение №1,Активен,0.921
384,646,Кредитная карта,127000.0,14.97,12,2023-08-27,Отделение №9,Закрыт,0.835
385,93,Кредитная карта,276000.0,21.73,12,2023-03-08,Отделение №3,Просрочен,0.056
386,335,Потребительский,572000.0,19.99,24,2024-02-18,Отделение №7,Активен,0.696
387,145,Ипотека,9014000.0,21.91,120,2024-09-03,Отделение №1,Активен,0.87
388,555,Потребительский,156000.0,6.73,24,2025-03-30,Отделение №7,Активен,0.831
389,58,Потребительский,187000.0,19.35,24,2024-12-16,Отделение №7,Активен,0.3
390,456,Вексель,2275000.0,8.55,3,2023-08-11,Отделение №11,Просрочен,0.06
391,448,Потребительский,613000.0,13.79,24,2024-03-26,Отделение №15,Активен,0.424
392,22,Ипотека,9114000.0,15.73,240,2025-03-17,Отделение №7,Активен,0.709
393,680,Кредитная карта,103000.0,13.45,12,2025-03-28,Отделение №12,Активен,0.951
394,795,Потребительский,514000.0,9.88,24,2024-03-14,Отделение №9,Активен,0.746
395,774,Автокредит,601000.0,12.26,60,2024-09-04,Отделение №14,Активен,0.642
396,678,Ипотека,2547000.0,14.31,240,2025-08-17,Отделение №2,Активен,0.27
397,158,Потребительский,502000.0,10.91,36,2024-06-06,Отделение №2,Активен,0.163
398,589,Потребительский,498000.0,16.65,36,2024-03-23,Отделение №1,Активен,0.638
399,557,Потребительский,114000.0,24.65,12,2025-02-28,Отделение №1,Активен,0.484
400,498,Потребительский,758000.0,20.33,12,2024-01-01,Отделение №9,Закрыт,0.959
401,156,Потребительский,614000.0,19.43,36,2025-09-16,Отделение №7,Дефолт,0.097
402,138,Кредитная карта,166000.0,6.94,36,2022-11-04,Отделение №8,Закрыт,0.796
403,472,Автокредит,2615000.0,9.29,48,2023-08-18,Отделение №15,Активен,0.463
404,677,Автокредит,2877000.0,21.36,36,2024-03-21,Отделение №13,Активен,0.654
405,707,Вексель,4968000.0,20.95,9,2025-05-07,Отделение №6,Активен,0.339
406,117,Автокредит,2844000.0,20.74,24,2025-12-30,Отделение №4,Активен,0.388
407,555,Кредитная карта,194000.0,18.05,12,2025-03-30,Отделение №13,Активен,0.498
408,793,Потребительский,625000.0,22.46,36,2025-01-25,Отделение №15,Активен,0.797
409,80,Потребительский,121000.0,23.69,36,2022-12-14,Отделение №5,Закрыт,0.161
410,269,Автокредит,1319000.0,19.58,24,2023-06-26,Отделение №8,Закрыт,0.461
411,478,Кредитная карта,236000.0,23.5,24,2025-08-24,Отделение №10,Активен,0.94
412,292,Ипотека,5635000.0,14.03,240,2024-04-01,Отделение №11,Активен,0.62
413,527,Потребительский,325000.0,8.04,36,2024-02-05,Отделение №8,Активен,0.413
414,736,Потребительский,707000.0,24.48,12,2025-06-25,Отделение №13,Просрочен,0.057
415,64,Потребительский,666000.0,22.2,12,2025-04-01,Отделение №3,Активен,0.291
416,126,Автокредит,2620000.0,22.58,36,2025-01-27,Отделение №6,Активен,0.669
417,321,Ипотека,8425000.0,8.08,300,2022-08-12,Отделение №15,Активен,0.732
418,98,Кредитная карта,137000.0,13.89,24,2023-02-13,Отделение №6,Просрочен,0.064
419,206,Кредитная карта,161000.0,8.6,36,2024-09-02,Отделение №9,Активен,0.455
420,703,Потребительский,402000.0,16.96,24,2023-10-18,Отделение №13,Закрыт,0.988
421,516,Ипотека,11365000.0,24.51,240,2024-05-30,Отделение №4,Активен,0.213
422,102,Кредитная карта,287000.0,11.47,36,2025-04-04,Отделение №2,Активен,0.636
423,362,Потребительский,255000.0,22.58,12,2025-12-20,Отделение №7,Активен,0.451
424,46,Автокредит,2141000.0,21.78,48,2025-04-20,Отделение №15,Дефолт,0.092
425,654,Ипотека,11634000.0,10.15,240,2022-12-03,Отделение №8,Активен,0.942
426,231,Ипотека,8888000.0,14.54,180,2025-11-27,Отделение №10,Активен,0.913
427,282,Ипотека,2099000.0,19.8,180,2022-07-23,Отделение №3,Активен,0.578
428,39,Потребительский,790000.0,9.27,36,2022-06-25,Отделение №3,Закрыт,0.459
429,95,Ипотека,5164000.0,16.08,300,2023-07-01,Отделение №8,Просрочен,0.004
430,717,Кредитная карта,261000.0,18.26,36,2024-07-27,Отделение №1,Активен,0.578
431,298,Потребительский,784000.0,16.55,48,2025-11-27,Отделение №7,Активен,0.166
432,516,Потребительский,207000.0,17.11,24,2025-10-23,Отделение №14,Просрочен,0.014
433,489,Ипотека,5019000.0,21.57,240,2024-10-25,Отделение №8,Активен,0.125
434,217,Автокредит,1586000.0,12.98,60,2025-12-24,Отделение №9,Активен,0.542
435,412,Кредитная карта,121000.0,14.38,12,2025-07-17,Отделение №10,Активен,0.177
436,601,Потребительский,377000.0,19.17,36,2025-09-12,Отделение №5,Активен,0.437
437,18,Вексель,4696000.0,21.33,3,2025-06-01,Отделение №11,Закрыт,0.104
438,299,Потребительский,749000.0,20.3,12,2025-11-06,Отделение №9,Активен,0.624
439,231,Потребительский,383000.0,11.83,12,2025-09-29,Отделение №4,Активен,0.421
440,259,Вексель,2803000.0,22.26,3,2025-10-20,Отделение №6,Активен,0.951
441,109,Кредитная карта,277000.0,19.45,24,2025-09-27,Отделение №1,Активен,0.741
442,436,Кредитная карта,241000.0,11.42,36,2024-10-19,Отделение №5,Активен,0.659
443,683,Вексель,3996000.0,10.94,12,2025-10-10,Отделение №7,Активен,0.9
444,111,Потребительский,70000.0,21.59,36,2025-10-19,Отделение №6,Активен,0.6
445,303,Потребительский,479000.0,16.73,48,2024-07-18,Отделение №10,Активен,0.391
446,662,Автокредит,2554000.0,23.78,60,2022-09-21,Отделение №12,Активен,0.39
447,176,Потребительский,728000.0,10.75,24,2024-06-14,Отделение №3,Активен,0.71
448,637,Автокредит,2042000.0,23.37,60,2025-07-08,Отделение №3,Активен,0.837
449,490,Кредитная карта,85000.0,14.55,12,2022-11-02,Отделение №10,Закрыт,0.629
450,41,Потребительский,514000.0,13.54,12,2025-03-17,Отделение №3,Активен,0.742
451,665,Кредитная карта,201000.0,10.91,24,2023-01-18,Отделение №5,Закрыт,0.898
452,130,Потребительский,680000.0,18.63,48,2023-07-11,Отделение №15,Активен,0.275
453,602,Потребительский,67000.0,14.95,12,2025-01-15,Отделение №2,Активен,0.596
454,766,Потребительский,246000.0,7.92,24,2024-10-13,Отделение №15,Активен,0.845
455,191,Вексель,2015000.0,14.11,12,2023-05-07,Отделение №11,Закрыт,0.487
456,122,Потребительский,566000.0,18.16,48,2024-05-20,Отделение №3,Активен,0.451
457,208,Потребительский,58000.0,16.94,24,2025-09-12,Отделение №1,Активен,0.607
458,109,Потребительский,307000.0,24.81,36,2025-09-27,Отделение №1,Активен,0.6
459,351,Потребительский,606000.0,17.65,12,2025-07-08,Отделение №9,Активен,0.536
460,175,Автокредит,796000.0,23.03,48,2022-09-02,Отделение №3,Просрочен,0.029
461,59,Потребительский,596000.0,11.54,24,2024-04-12,Отделение №2,Активен,0.199
462,552,Потребительский,464000.0,20.21,36,2024-08-14,Отделение №9,Активен,0.496
463,649,Кредитная карта,279000.0,10.14,24,2023-11-06,Отделение №12,Закрыт,0.846
464,688,Потребительский,345000.0,21.11,36,2024-11-12,Отделение №8,Активен,0.954
465,607,Ипотека,6462000.0,17.96,240,2025-09-12,Отделение №7,Активен,0.607
466,573,Потребительский,315000.0,9.58,12,2024-07-09,Отделение №9,Просрочен,0.034
467,524,Потребительский,357000.0,7.05,36,2024-12-31,Отделение №6,Активен,0.18
468,168,Ипотека,3859000.0,10.46,180,2024-04-12,Отделение №3,Активен,0.372
469,500,Вексель,699000.0,6.7,9,2025-11-10,Отделение №8,Активен,0.329
470,63,Автокредит,1236000.0,7.72,36,2025-02-24,Отделение №4,Активен,0.284
471,469,Автокредит,668000.0,23.91,48,2025-05-29,Отделение №11,Активен,0.807
472,365,Потребительский,719000.0,20.41,48,2025-10-29,Отделение №6,Активен,0.318
473,99,Потребительский,87000.0,7.36,48,2024-10-18,Отделение №2,Активен,0.274
474,35,Потребительский,178000.0,13.54,36,2025-04-25,Отделение №5,Активен,0.576
475,295,Потребительский,637000.0,11.73,12,2024-08-03,Отделение №7,Закрыт,0.842
476,616,Потребительский,450000.0,18.36,12,2023-11-22,Отделение №2,Просрочен,0.069
477,775,Вексель,2134000.0,12.34,9,2023-07-17,Отделение №2,Закрыт,0.346
478,327,Автокредит,1214000.0,11.99,24,2025-05-28,Отделение №8,Активен,0.984
479,466,Вексель,4839000.0,23.75,3,2025-11-11,Отделение №4,Активен,0.103
480,286,Потребительский,58000.0,22.35,12,2025-03-02,Отделение №4,Активен,0.724
481,617,Потребительский,193000.0,24.71,36,2025-01-05,Отделение №14,Активен,0.934
482,356,Потребительский,712000.0,7.38,12,2025-06-13,Отделение №5,Активен,0.304
483,624,Потребительский,510000.0,19.36,48,2025-10-18,Отделение №10,Активен,0.925
484,307,Ипотека,3263000.0,22.84,180,2025-04-11,Отделение №7,Активен,0.966
485,794,Автокредит,2137000.0,15.29,36,2025-03-29,Отделение №5,Активен,0.49
486,325,Потребительский,598000.0,11.35,24,2022-11-19,Отделение №2,Закрыт,0.296
487,640,Ипотека,10355000.0,18.41,180,2025-09-12,Отделение №12,Активен,0.856
488,230,Потребительский,779000.0,6.74,12,2023-10-14,Отделение №14,Закрыт,0.216
489,647,Ипотека,6876000.0,21.48,240,2024-07-26,Отделение №9,Активен,0.762
490,71,Кредитная карта,235000.0,14.85,24,2025-12-22,Отделение №9,Активен,0.154
491,418,Потребительский,148000.0,24.44,36,2024-02-29,Отделение №9,Активен,0.868
492,245,Потребительский,350000.0,14.28,12,2024-12-23,Отделение №14,Закрыт,0.686
493,560,Автокредит,665000.0,20.21,60,2022-08-08,Отделение №15,Активен,0.241
494,206,Ипотека,4668000.0,16.27,300,2025-09-17,Отделение №2,Активен,0.352
495,243,Кредитная карта,53000.0,9.27,24,2023-03-11,Отделение №9,Закрыт,0.502
496,665,Потребительский,381000.0,7.4,36,2022-07-20,Отделение №15,Закрыт,0.383
497,344,Ипотека,4940000.0,17.43,300,2023-03-30,Отделение №8,Активен,0.53
498,434,Автокредит,684000.0,11.08,24,2025-08-16,Отделение №2,Активен,0.111
499,162,Потребительский,77000.0,7.71,36,2023-10-23,Отделение №4,Активен,0.101
500,333,Кредитная карта,219000.0,13.73,24,2024-03-13,Отделение №14,Активен,0.22
501,729,Кредитная карта,102000.0,20.96,12,2025-09-04,Отделение №5,Активен,0.348
502,191,Вексель,1511000.0,9.91,3,2023-05-07,Отделение №10,Закрыт,0.908
503,694,Ипотека,5053000.0,12.3,180,2024-04-17,Отделение №3,Дефолт,0.069
504,679,Потребительский,391000.0,15.23,12,2025-12-14,Отделение №3,Активен,0.334
505,753,Кредитная карта,268000.0,20.49,12,2025-10-23,Отделение №6,Просрочен,0.01
506,598,Кредитная карта,187000.0,15.2,24,2025-02-01,Отделение №1,Просрочен,0.045
507,346,Автокредит,2975000.0,15.76,36,2024-12-11,Отделение №13,Активен,0.755
508,650,Потребительский,278000.0,15.53,36,2024-07-15,Отделение №9,Активен,0.351
509,597,Потребительский,415000.0,6.75,36,2024-07-28,Отделение №12,Активен,0.353
510,620,Потребительский,438000.0,11.47,48,2022-08-19,Отделение №11,Активен,0.519
511,175,Потребительский,784000.0,24.79,24,2025-09-12,Отделение №1,Активен,0.357
512,209,Потребительский,606000.0,10.3,48,2024-04-23,Отделение №15,Дефолт,0.089
513,91,Кредитная карта,202000.0,18.99,24,2025-09-27,Отделение №8,Активен,0.899
514,59,Кредитная карта,267000.0,23.25,12,2024-04-12,Отделение №6,Закрыт,0.349
515,146,Ипотека,6173000.0,10.01,240,2023-09-26,Отделение №12,Активен,0.58
516,156,Потребительский,509000.0,16.93,48,2025-09-16,Отделение №6,Активен,0.793
517,441,Потребительский,777000.0,9.21,48,2025-11-04,Отделение №9,Активен,0.681
518,765,Кредитная карта,198000.0,12.09,36,2024-12-08,Отделение №13,Активен,0.288
519,618,Потребительский,390000.0,21.69,24,2024-12-17,Отделение №8,Активен,0.123
520,238,Потребительский,373000.0,11.13,12,2025-10-13,Отделение №5,Активен,0.35
521,71,Вексель,2560000.0,19.62,6,2023-06-19,Отделение №12,Закрыт,0.143
522,252,Потребительский,489000.0,10.53,12,2025-11-14,Отделение №6,Активен,0.473
523,286,Потребительский,559000.0,13.84,48,2025-03-02,Отделение №15,Активен,0.904
524,701,Потребительский,277000.0,16.88,36,2025-08-31,Отделение №6,Активен,0.679
525,623,Вексель,782000.0,9.0,6,2023-09-05,Отделение №5,Закрыт,0.554
526,632,Потребительский,273000.0,9.87,48,2025-12-31,Отделение №14,Активен,0.782
527,462,Ипотека,3386000.0,12.26,300,2025-11-22,Отделение №12,Активен,0.935
528,765,Ипотека,5542000.0,24.19,300,2024-12-08,Отделение №15,Активен,0.461
529,220,Автокредит,2889000.0,20.41,60,2023-08-21,Отделение №5,Активен,0.615
530,561,Вексель,2944000.0,17.92,9,2025-08-31,Отделение №15,Активен,0.9
531,173,Потребительский,617000.0,13.91,48,2023-12-22,Отделение №13,Просрочен,0.006
532,268,Вексель,2638000.0,7.51,3,2025-02-15,Отделение №11,Закрыт,0.83
533,234,Потребительский,496000.0,15.36,36,2025-03-04,Отделение №1,Активен,0.331
534,383,Потребительский,488000.0,10.27,12,2025-12-07,Отделение №12,Активен,0.144
535,446,Кредитная карта,67000.0,22.18,36,2025-08-03,Отделение №5,Активен,0.301
536,332,Вексель,4689000.0,19.16,12,2025-07-01,Отделение №1,Активен,0.115
537,674,Потребительский,710000.0,10.26,12,2024-11-22,Отделение №14,Закрыт,0.474
538,682,Автокредит,1416000.0,13.94,24,2023-09-07,Отделение №14,Закрыт,0.983
539,564,Потребительский,686000.0,19.04,36,2025-10-11,Отделение №10,Активен,0.859
540,327,Потребительский,160000.0,9.11,12,2025-05-28,Отделение №4,Активен,0.745
541,797,Потребительский,606000.0,15.34,24,2024-09-02,Отделение №2,Активен,0.289
542,362,Кредитная карта,163000.0,13.7,36,2025-12-20,Отделение №2,Активен,0.698
543,771,Ипотека,10135000.0,11.71,180,2024-02-24,Отделение №7,Активен,0.12
544,87,Потребительский,277000.0,23.21,48,2025-02-22,Отделение №3,Активен,0.355
545,536,Ипотека,9231000.0,24.56,240,2023-05-24,Отделение №14,Активен,0.358
546,439,Кредитная карта,87000.0,13.69,36,2024-12-11,Отделение №11,Дефолт,0.063
547,526,Потребительский,542000.0,19.66,36,2024-07-30,Отделение №5,Активен,0.787
548,217,Вексель,3326000.0,23.36,12,2025-12-24,Отделение №7,Активен,0.645
549,412,Кредитная карта,194000.0,19.54,12,2025-07-17,Отделение №11,Активен,0.507
550,160,Автокредит,736000.0,24.08,48,2025-06-15,Отделение №10,Активен,0.348
551,185,Вексель,431000.0,10.76,3,2022-11-22,Отделение №8,Закрыт,0.665
552,578,Кредитная карта,159000.0,8.44,12,2024-02-10,Отделение №12,Закрыт,0.881
553,261,Кредитная карта,234000.0,7.64,24,2022-05-12,Отделение №1,Закрыт,0.25
554,613,Вексель,457000.0,18.12,9,2025-05-27,Отделение №3,Просрочен,0.029
555,427,Потребительский,574000.0,24.7,48,2025-08-02,Отделение №4,Активен,0.574
556,80,Потребительский,418000.0,10.2,36,2023-04-07,Отделение №14,Активен,0.162
557,798,Автокредит,2454000.0,6.95,24,2025-04-07,Отделение №2,Активен,0.96
558,255,Потребительский,658000.0,20.75,12,2025-12-03,Отделение №14,Активен,0.568
559,431,Потребительский,189000.0,21.82,48,2024-01-12,Отделение №8,Активен,0.57
560,779,Автокредит,1327000.0,14.58,36,2025-06-29,Отделение №14,Активен,0.625
561,799,Потребительский,109000.0,8.67,36,2022-07-26,Отделение №10,Закрыт,0.231
562,616,Автокредит,459000.0,13.68,48,2023-05-30,Отделение №14,Активен,0.358
563,746,Кредитная карта,291000.0,17.09,12,2024-12-30,Отделение №15,Закрыт,0.853
564,760,Автокредит,1212000.0,19.33,24,2025-09-26,Отделение №8,Активен,0.111
565,768,Кредитная карта,296000.0,7.09,36,2022-11-19,Отделение №4,Закрыт,0.421
566,709,Потребительский,624000.0,16.57,24,2023-02-23,Отделение №15,Закрыт,0.734
567,83,Вексель,4570000.0,15.58,3,2023-05-30,Отделение №10,Закрыт,0.806
568,627,Кредитная карта,220000.0,24.55,12,2023-12-10,Отделение №10,Закрыт,0.95
569,473,Вексель,4654000.0,11.48,12,2023-05-24,Отделение №1,Просрочен,0.042
570,193,Ипотека,4252000.0,15.29,240,2024-06-02,Отделение №15,Активен,0.782
571,452,Кредитная карта,36000.0,20.73,12,2022-09-22,Отделение №9,Закрыт,0.811
572,638,Автокредит,1386000.0,15.37,24,2025-02-05,Отделение №7,Активен,0.387
573,601,Вексель,2206000.0,9.03,12,2025-01-30,Отделение №15,Активен,0.438
574,95,Автокредит,2749000.0,12.81,48,2023-07-01,Отделение №4,Активен,0.918
575,751,Потребительский,491000.0,20.25,24,2024-04-25,Отделение №13,Активен,0.888
576,692,Автокредит,519000.0,21.45,24,2024-07-12,Отделение №3,Дефолт,0.077
577,597,Ипотека,4826000.0,17.58,240,2024-02-17,Отделение №5,Активен,0.89
578,398,Потребительский,348000.0,7.91,12,2025-09-06,Отделение №9,Активен,0.25
579,530,Потребительский,579000.0,14.66,36,2023-03-28,Отделение №6,Активен,0.303
580,416,Вексель,1534000.0,22.93,6,2024-12-14,Отделение №9,Закрыт,0.319
581,247,Автокредит,540000.0,23.99,60,2025-12-15,Отделение №2,Активен,0.486
582,324,Потребительский,153000.0,20.15,24,2025-03-08,Отделение №6,Активен,0.211
583,604,Вексель,3961000.0,19.35,3,2024-04-24,Отделение №8,Закрыт,0.65
584,689,Кредитная карта,36000.0,11.61,12,2025-03-23,Отделение №14,Активен,0.384
585,79,Кредитная карта,46000.0,15.61,36,2025-09-29,Отделение №7,Активен,0.863
586,208,Ипотека,4244000.0,18.64,300,2023-10-20,Отделение №11,Активен,0.532
587,546,Потребительский,456000.0,23.24,36,2023-05-22,Отделение №6,Активен,0.754
588,420,Кредитная карта,275000.0,20.43,36,2023-03-20,Отделение №14,Активен,0.341
589,514,Автокредит,2651000.0,16.68,24,2024-06-24,Отделение №15,Активен,0.952
590,5,Вексель,4307000.0,17.04,12,2025-02-23,Отделение №9,Активен,0.568
591,405,Потребительский,770000.0,8.93,48,2023-05-08,Отделение №13,Просрочен,0.015
592,72,Вексель,1445000.0,11.94,6,2025-01-16,Отделение №1,Закрыт,0.571
593,732,Автокредит,1340000.0,21.41,48,2025-11-25,Отделение №2,Активен,0.608
594,102,Потребительский,546000.0,14.67,36,2025-04-04,Отделение №1,Просрочен,0.017
595,686,Ипотека,11659000.0,22.04,300,2025-10-08,Отделение №1,Активен,0.218
596,608,Автокредит,607000.0,14.6,48,2022-05-12,Отделение №13,Активен,0.258
597,563,Потребительский,702000.0,18.1,24,2023-04-11,Отделение №10,Закрыт,0.147
598,478,Вексель,1240000.0,19.09,3,2025-04-09,Отделение №10,Закрыт,0.861
599,487,Потребительский,465000.0,24.01,24,2022-10-23,Отделение №5,Закрыт,0.992
600,654,Потребительский,684000.0,19.72,36,2025-01-11,Отделение №6,Активен,0.601
601,746,Потребительский,430000.0,7.93,12,2024-11-12,Отделение №10,Закрыт,0.204
602,347,Ипотека,10227000.0,18.31,300,2022-07-30,Отделение №3,Активен,0.876
603,780,Потребительский,505000.0,24.44,36,2023-11-18,Отделение №6,Активен,0.897
604,234,Ипотека,11735000.0,13.28,120,2024-12-13,Отделение №3,Активен,0.291
605,113,Кредитная карта,37000.0,21.37,36,2023-08-11,Отделение №13,Активен,0.511
606,186,Вексель,3939000.0,13.47,9,2023-05-24,Отделение №11,Закрыт,0.583
607,732,Вексель,1967000.0,24.14,3,2025-11-25,Отделение №10,Активен,0.992
608,4,Автокредит,1894000.0,19.99,60,2025-01-08,Отделение №9,Активен,0.848
609,761,Вексель,3075000.0,11.45,12,2023-10-12,Отделение №5,Закрыт,0.836
610,544,Кредитная карта,119000.0,14.89,24,2023-04-18,Отделение №2,Закрыт,0.748
611,53,Вексель,2281000.0,7.97,12,2024-01-12,Отделение №2,Закрыт,0.56
612,542,Кредитная карта,206000.0,14.76,36,2025-08-01,Отделение №10,Активен,0.419
613,236,Вексель,4935000.0,18.9,6,2024-08-19,Отделение №10,Закрыт,0.666
614,647,Потребительский,265000.0,8.0,36,2024-07-26,Отделение №3,Активен,0.421
615,14,Автокредит,2045000.0,22.63,36,2025-09-16,Отделение №2,Просрочен,0.016
616,697,Ипотека,9655000.0,8.83,300,2025-01-06,Отделение №7,Просрочен,0.034
617,316,Потребительский,175000.0,15.97,12,2023-12-19,Отделение №7,Закрыт,0.529
618,754,Кредитная карта,126000.0,16.75,24,2025-11-28,Отделение №2,Активен,0.712
619,5,Потребительский,669000.0,17.7,36,2025-04-26,Отделение №12,Активен,0.108
620,516,Потребительский,604000.0,23.26,36,2024-07-08,Отделение №12,Активен,0.631
621,21,Вексель,1518000.0,8.98,12,2025-12-04,Отделение №13,Активен,0.183
622,592,Автокредит,2532000.0,22.98,24,2024-08-12,Отделение №6,Активен,0.594
623,583,Вексель,2322000.0,9.75,9,2024-07-10,Отделение №5,Закрыт,0.723
624,479,Кредитная карта,56000.0,12.78,24,2024-10-10,Отделение №15,Активен,0.564
625,272,Автокредит,1721000.0,12.44,60,2024-08-23,Отделение №3,Активен,0.319
626,419,Кредитная карта,41000.0,14.42,36,2024-03-30,Отделение №15,Активен,0.278
627,790,Автокредит,659000.0,8.68,48,2025-09-18,Отделение №8,Активен,0.274
628,147,Потребительский,177000.0,20.36,36,2025-05-26,Отделение №11,Активен,0.925
629,771,Потребительский,122000.0,17.51,24,2024-02-24,Отделение №15,Просрочен,0.04
630,251,Автокредит,2477000.0,21.82,24,2024-09-27,Отделение №4,Просрочен,0.026
631,5,Потребительский,761000.0,16.08,48,2025-02-23,Отделение №5,Активен,0.831
632,304,Кредитная карта,223000.0,22.86,12,2025-12-08,Отделение №2,Активен,0.493
633,682,Кредитная карта,298000.0,8.64,36,2025-10-01,Отделение №2,Активен,0.354
634,713,Вексель,1190000.0,9.38,3,2025-07-09,Отделение №8,Закрыт,0.335
635,141,Автокредит,1733000.0,19.16,24,2025-12-18,Отделение №1,Активен,0.892
636,194,Ипотека,11324000.0,21.98,240,2025-12-10,Отделение №15,Активен,0.661
637,159,Автокредит,2868000.0,9.02,24,2024-06-10,Отделение №4,Активен,0.376
638,215,Вексель,1400000.0,21.48,6,2024-09-19,Отделение №5,Закрыт,0.734
639,742,Потребительский,526000.0,22.27,12,2024-11-23,Отделение №1,Закрыт,0.749
640,585,Ипотека,6907000.0,9.78,180,2025-12-25,Отделение №5,Активен,0.418
641,584,Автокредит,2041000.0,12.92,36,2025-07-30,Отделение №3,Активен,0.53
642,780,Кредитная карта,257000.0,15.43,24,2025-09-30,Отделение №7,Активен,0.797
643,460,Автокредит,1813000.0,10.53,48,2025-02-28,Отделение №15,Активен,0.963
644,645,Вексель,1508000.0,11.05,12,2024-09-18,Отделение №3,Закрыт,0.425
645,341,Ипотека,5189000.0,19.32,120,2025-11-13,Отделение №13,Активен,0.705
646,596,Кредитная карта,257000.0,14.08,24,2025-05-15,Отделение №5,Активен,0.235
647,49,Потребительский,211000.0,16.85,48,2023-03-15,Отделение №11,Активен,0.323
648,633,Потребительский,344000.0,13.84,48,2024-05-20,Отделение №5,Активен,0.912
649,539,Ипотека,4189000.0,14.74,120,2025-08-31,Отделение №15,Активен,0.221
650,114,Потребительский,205000.0,17.74,12,2025-06-10,Отделение №9,Активен,0.129
651,484,Потребительский,592000.0,20.86,48,2024-10-29,Отделение №6,Активен,0.333
652,297,Вексель,2809000.0,10.37,3,2025-09-11,Отделение №3,Закрыт,0.535
653,187,Вексель,2038000.0,21.24,6,2024-12-06,Отделение №6,Закрыт,0.911
654,411,Ипотека,7530000.0,7.16,180,2025-08-09,Отделение №9,Просрочен,0.02
655,54,Потребительский,348000.0,9.39,48,2023-05-25,Отделение №4,Активен,0.301
656,415,Автокредит,2189000.0,20.3,24,2024-11-21,Отделение №7,Активен,0.813
657,172,Вексель,743000.0,7.91,9,2025-02-07,Отделение №12,Закрыт,0.505
658,783,Вексель,2135000.0,17.63,3,2025-01-14,Отделение №12,Закрыт,0.152
659,126,Автокредит,1417000.0,14.32,48,2025-01-27,Отделение №5,Активен,0.743
660,67,Потребительский,202000.0,17.1,36,2025-09-05,Отделение №7,Активен,0.377
661,6,Потребительский,775000.0,11.73,36,2024-09-16,Отделение №9,Активен,0.703
662,123,Потребительский,63000.0,24.01,48,2024-03-17,Отделение №12,Активен,0.763
663,230,Потребительский,218000.0,20.69,12,2024-03-24,Отделение №8,Закрыт,0.447
664,269,Автокредит,2071000.0,21.4,48,2023-06-26,Отделение №2,Активен,0.976
665,494,Автокредит,940000.0,11.1,60,2025-12-22,Отделение №10,Активен,0.141
666,472,Вексель,2665000.0,20.62,6,2023-08-18,Отделение №5,Закрыт,0.252
667,390,Вексель,4188000.0,19.18,3,2024-07-09,Отделение №14,Закрыт,0.599
668,710,Потребительский,568000.0,15.7,48,2025-01-22,Отделение №4,Активен,0.959
669,453,Потребительский,582000.0,14.33,12,2024-11-27,Отделение №3,Просрочен,0.078
670,159,Вексель,894000.0,10.13,3,2024-06-10,Отделение №2,Закрыт,0.87
671,66,Потребительский,368000.0,21.28,24,2025-07-06,Отделение №12,Активен,0.487
672,696,Кредитная карта,143000.0,8.66,12,2023-08-31,Отделение №12,Закрыт,0.996
673,143,Кредитная карта,213000.0,17.82,36,2024-07-20,Отделение №11,Активен,0.372
674,201,Потребительский,268000.0,24.02,24,2025-06-11,Отделение №10,Активен,0.371
675,351,Потребительский,397000.0,9.52,36,2025-07-08,Отделение №8,Активен,0.715
676,694,Потребительский,362000.0,7.73,24,2024-08-21,Отделение №5,Активен,0.977
677,121,Вексель,1076000.0,14.94,3,2025-01-06,Отделение №10,Закрыт,0.095
678,617,Ипотека,3565000.0,16.79,240,2025-07-27,Отделение №11,Активен,0.226
679,62,Потребительский,194000.0,17.25,36,2024-05-22,Отделение №10,Активен,0.306
680,528,Вексель,4678000.0,17.4,6,2023-11-18,Отделение №4,Закрыт,0.103
681,556,Потребительский,247000.0,21.16,12,2025-12-05,Отделение №13,Активен,0.587
682,496,Ипотека,7757000.0,18.8,240,2025-06-15,Отделение №3,Активен,0.473
683,367,Потребительский,224000.0,23.6,24,2023-06-01,Отделение №3,Закрыт,0.615
684,576,Потребительский,706000.0,22.99,36,2022-06-09,Отделение №9,Просрочен,0.052
685,264,Вексель,2184000.0,12.07,12,2024-12-23,Отделение №4,Закрыт,0.76
686,757,Автокредит,1381000.0,15.23,60,2025-12-17,Отделение №9,Активен,0.312
687,660,Потребительский,109000.0,23.9,24,2025-04-07,Отделение №12,Активен,0.834
688,439,Потребительский,378000.0,19.29,48,2024-09-30,Отделение №2,Активен,0.251
689,364,Автокредит,1532000.0,6.97,48,2024-04-17,Отделение №8,Активен,0.366
690,219,Вексель,1795000.0,17.85,12,2024-08-03,Отделение №15,Закрыт,0.876
691,509,Кредитная карта,133000.0,10.1,12,2025-12-14,Отделение №4,Активен,0.361
692,672,Потребительский,283000.0,23.35,12,2024-01-26,Отделение №1,Закрыт,0.503
693,644,Автокредит,487000.0,15.31,48,2025-08-07,Отделение №12,Просрочен,0.044
694,81,Вексель,1443000.0,21.65,3,2025-03-17,Отделение №15,Закрыт,0.863
695,332,Ипотека,8075000.0,9.7,300,2024-10-01,Отделение №11,Активен,0.75
696,25,Вексель,4056000.0,7.03,3,2025-04-12,Отделение №3,Закрыт,0.894
697,791,Вексель,967000.0,14.22,6,2023-06-19,Отделение №1,Закрыт,0.846
698,1,Ипотека,9106000.0,22.29,240,2022-07-19,Отделение №14,Активен,0.277
699,347,Потребительский,511000.0,21.91,12,2023-11-13,Отделение №6,Закрыт,0.848
700,722,Кредитная карта,76000.0,16.0,36,2024-01-21,Отделение №7,Активен,0.941
701,557,Ипотека,8677000.0,10.05,120,2024-08-24,Отделение №3,Активен,0.761
702,358,Вексель,511000.0,11.57,12,2025-03-16,Отделение №9,Активен,0.199
703,596,Ипотека,8353000.0,11.54,120,2023-09-30,Отделение №6,Активен,0.351
704,792,Ипотека,10361000.0,23.62,120,2025-03-05,Отделение №15,Дефолт,0.088
705,800,Потребительский,597000.0,17.38,24,2024-11-17,Отделение №13,Активен,0.966
706,162,Потребительский,58000.0,8.0,36,2024-07-31,Отделение №4,Активен,0.724
707,518,Потребительский,561000.0,12.21,24,2025-07-30,Отделение №5,Активен,0.379
708,388,Потребительский,155000.0,10.66,36,2025-02-09,Отделение №15,Активен,0.188
709,148,Потребительский,784000.0,14.59,36,2025-11-29,Отделение №6,Дефолт,0.092
710,422,Автокредит,1307000.0,19.14,60,2025-07-16,Отделение №14,Активен,0.17
711,361,Автокредит,805000.0,14.48,36,2025-12-09,Отделение №11,Активен,0.646
712,768,Вексель,1116000.0,15.94,9,2022-11-19,Отделение №4,Закрыт,0.211
713,641,Ипотека,2314000.0,18.61,120,2025-02-19,Отделение №3,Активен,0.186
714,638,Ипотека,5230000.0,17.33,300,2025-09-10,Отделение №12,Просрочен,0.034
715,767,Потребительский,319000.0,14.25,12,2024-10-20,Отделение №11,Закрыт,0.335
716,418,Кредитная карта,81000.0,9.49,24,2023-09-20,Отделение №13,Закрыт,0.547
717,56,Потребительский,657000.0,17.1,48,2025-04-30,Отделение №7,Активен,0.435
718,686,Ипотека,4436000.0,12.72,240,2025-10-08,Отделение №5,Активен,0.679
719,218,Потребительский,747000.0,8.48,24,2025-02-05,Отделение №5,Активен,0.426
720,209,Кредитная карта,138000.0,15.92,12,2024-04-23,Отделение №15,Закрыт,0.922
721,390,Автокредит,2214000.0,20.33,36,2025-03-09,Отделение №6,Активен,0.13
722,123,Вексель,364000.0,21.09,3,2023-09-26,Отделение №6,Закрыт,0.141
723,235,Ипотека,3653000.0,9.21,120,2025-09-10,Отделение №5,Активен,0.883
724,157,Потребительский,188000.0,8.16,24,2024-06-13,Отделение №11,Активен,0.245
725,770,Автокредит,2417000.0,9.43,24,2024-09-04,Отделение №9,Дефолт,0.1
726,545,Вексель,3524000.0,13.42,12,2025-09-30,Отделение №4,Активен,0.463
727,126,Вексель,570000.0,20.54,6,2025-01-27,Отделение №13,Закрыт,0.134
728,46,Потребительский,262000.0,13.75,48,2025-05-07,Отделение №8,Дефолт,0.072
729,241,Вексель,4854000.0,22.79,3,2023-03-31,Отделение №4,Закрыт,0.178
730,520,Ипотека,5399000.0,17.52,120,2025-06-04,Отделение №2,Активен,0.398
731,162,Автокредит,759000.0,10.39,36,2023-10-23,Отделение №6,Активен,0.435
732,185,Ипотека,3799000.0,12.22,180,2023-08-07,Отделение №8,Активен,0.675
733,726,Потребительский,769000.0,9.51,48,2023-07-16,Отделение №14,Активен,0.682
734,608,Потребительский,655000.0,19.98,36,2025-11-06,Отделение №7,Активен,0.656
735,718,Вексель,160000.0,17.07,9,2024-12-30,Отделение №8,Закрыт,0.384
736,629,Потребительский,540000.0,20.69,48,2024-10-01,Отделение №5,Активен,0.303
737,598,Вексель,668000.0,13.36,12,2025-02-01,Отделение №6,Активен,0.474
738,140,Вексель,4862000.0,24.55,3,2024-03-17,Отделение №7,Закрыт,0.532
739,94,Кредитная карта,52000.0,23.95,12,2023-11-22,Отделение №5,Закрыт,0.708
740,469,Потребительский,660000.0,7.39,48,2024-06-09,Отделение №2,Активен,0.282
741,22,Кредитная карта,154000.0,19.13,12,2025-05-12,Отделение №6,Активен,0.252
742,17,Вексель,3857000.0,11.42,3,2025-01-16,Отделение №7,Закрыт,0.293
743,579,Потребительский,293000.0,8.55,12,2025-05-05,Отделение №9,Активен,0.732
744,602,Вексель,1318000.0,8.24,3,2025-01-15,Отделение №11,Закрыт,0.727
745,52,Ипотека,10927000.0,19.18,240,2024-07-27,Отделение №14,Активен,0.244
746,312,Кредитная карта,282000.0,14.93,36,2025-10-04,Отделение №6,Дефолт,0.077
747,19,Потребительский,507000.0,15.93,12,2024-02-22,Отделение №6,Закрыт,0.725
748,19,Кредитная карта,232000.0,6.91,24,2024-03-31,Отделение №5,Активен,0.95
749,316,Вексель,3739000.0,24.26,3,2024-06-06,Отделение №10,Закрыт,0.794
750,51,Потребительский,277000.0,21.2,24,2025-11-22,Отделение №8,Активен,0.374
751,229,Потребительский,752000.0,20.82,36,2025-11-11,Отделение №11,Активен,0.277
752,474,Потребительский,349000.0,11.74,24,2025-10-20,Отделение №4,Просрочен,0.005
753,336,Потребительский,361000.0,11.41,24,2023-07-17,Отделение №11,Закрыт,0.599
754,749,Потребительский,216000.0,12.47,12,2025-12-23,Отделение №5,Дефолт,0.064
755,88,Вексель,3086000.0,14.24,12,2025-04-19,Отделение №9,Активен,0.595
756,198,Ипотека,11299000.0,12.77,120,2023-12-04,Отделение №8,Активен,0.346
757,15,Потребительский,691000.0,16.29,48,2023-04-22,Отделение №7,Активен,0.17
758,665,Потребительский,74000.0,15.45,12,2025-07-17,Отделение №2,Активен,0.985
759,122,Потребительский,789000.0,11.87,36,2024-05-20,Отделение №11,Активен,0.315
760,239,Ипотека,3559000.0,12.97,180,2025-07-07,Отделение №13,Активен,0.432
761,553,Потребительский,780000.0,13.41,48,2025-02-28,Отделение №7,Активен,0.538
762,553,Автокредит,2609000.0,10.52,24,2025-02-28,Отделение №10,Активен,0.992
763,645,Потребительский,699000.0,14.02,48,2025-01-31,Отделение №7,Активен,0.751
764,494,Кредитная карта,105000.0,8.44,24,2025-12-22,Отделение №11,Активен,0.885
765,503,Вексель,1657000.0,22.31,12,2023-04-07,Отделение №8,Закрыт,0.495
766,259,Потребительский,743000.0,13.86,24,2025-10-20,Отделение №14,Просрочен,0.003
767,673,Потребительский,398000.0,23.19,24,2025-10-31,Отделение №11,Активен,0.383
768,489,Ипотека,6183000.0,7.03,180,2025-07-27,Отделение №10,Активен,0.224
769,84,Автокредит,2997000.0,12.48,60,2025-07-23,Отделение №10,Активен,0.25
770,40,Автокредит,2179000.0,20.17,48,2022-09-20,Отделение №11,Активен,0.884
771,675,Ипотека,7113000.0,14.92,180,2025-02-20,Отделение №4,Активен,0.723
772,794,Потребительский,753000.0,8.94,24,2023-10-23,Отделение №1,Просрочен,0.065
773,792,Потребительский,396000.0,17.6,24,2025-11-01,Отделение №13,Активен,0.99
774,615,Потребительский,396000.0,21.92,12,2025-05-22,Отделение №15,Активен,0.872
775,623,Потребительский,397000.0,20.27,12,2023-09-05,Отделение №7,Закрыт,0.682
776,495,Кредитная карта,299000.0,20.91,24,2024-01-25,Отделение №15,Активен,0.958
777,340,Вексель,693000.0,15.35,3,2024-06-17,Отделение №5,Закрыт,0.726
778,352,Вексель,4159000.0,13.85,3,2024-08-18,Отделение №11,Закрыт,0.927
779,185,Автокредит,1514000.0,9.19,24,2022-11-02,Отделение №14,Закрыт,0.262
780,270,Автокредит,2458000.0,14.1,36,2025-10-09,Отделение №15,Активен,0.34
781,82,Потребительский,412000.0,12.57,36,2023-02-21,Отделение №8,Активен,0.694
782,393,Кредитная карта,163000.0,12.8,12,2024-03-22,Отделение №6,Закрыт,0.689
783,765,Вексель,3528000.0,7.16,9,2025-05-02,Отделение №9,Активен,0.14
784,728,Потребительский,216000.0,13.17,36,2025-02-28,Отделение №12,Активен,0.291
785,268,Потребительский,525000.0,14.59,48,2025-12-31,Отделение №12,Активен,0.295
786,292,Вексель,730000.0,11.23,9,2024-02-26,Отделение №14,Закрыт,0.228
787,203,Потребительский,277000.0,13.2,12,2025-10-12,Отделение №14,Активен,0.509
788,452,Кредитная карта,140000.0,24.39,36,2022-12-15,Отделение №10,Закрыт,0.644
789,491,Кредитная карта,115000.0,22.42,24,2024-02-14,Отделение №3,Активен,0.485
790,4,Кредитная карта,160000.0,6.76,24,2024-02-17,Отделение №6,Активен,0.947
791,134,Потребительский,205000.0,17.7,24,2023-07-24,Отделение №2,Закрыт,0.729
792,56,Автокредит,1327000.0,23.29,60,2025-03-12,Отделение №14,Активен,0.906
793,192,Вексель,4113000.0,13.19,6,2023-02-19,Отделение №11,Просрочен,0.033
794,702,Потребительский,297000.0,16.68,12,2024-07-10,Отделение №12,Закрыт,0.535
795,422,Автокредит,607000.0,16.93,24,2024-07-03,Отделение №5,Активен,0.248
796,25,Вексель,995000.0,19.19,6,2025-04-12,Отделение №1,Закрыт,0.456
797,341,Кредитная карта,102000.0,20.17,24,2025-11-13,Отделение №15,Активен,0.733
798,186,Потребительский,727000.0,10.32,36,2023-05-24,Отделение №13,Активен,0.244
799,470,Автокредит,1607000.0,21.04,24,2023-10-16,Отделение №8,Просрочен,0.073
800,241,Потребительский,113000.0,16.48,24,2022-07-24,Отделение №8,Закрыт,0.215
801,384,Потребительский,57000.0,19.75,48,2024-01-24,Отделение №11,Активен,0.443
802,412,Потребительский,654000.0,11.13,48,2025-07-17,Отделение №5,Активен,0.407
803,73,Ипотека,3765000.0,11.72,300,2024-11-19,Отделение №5,Активен,0.645
804,516,Кредитная карта,97000.0,16.83,24,2025-10-20,Отделение №8,Активен,0.309
805,392,Потребительский,617000.0,6.62,24,2024-09-25,Отделение №9,Активен,0.893
806,781,Ипотека,3631000.0,18.88,120,2024-06-03,Отделение №14,Дефолт,0.095
807,431,Ипотека,8379000.0,20.83,180,2024-01-12,Отделение №4,Активен,0.763
808,676,Потребительский,279000.0,19.1,48,2024-04-09,Отделение №4,Активен,0.928
809,662,Автокредит,802000.0,20.6,36,2023-01-29,Отделение №14,Активен,0.786
810,48,Потребительский,547000.0,24.55,36,2024-11-23,Отделение №13,Активен,0.653
811,463,Ипотека,9265000.0,15.18,180,2025-06-19,Отделение №5,Активен,0.856
812,418,Ипотека,5062000.0,14.77,240,2023-10-08,Отделение №7,Активен,0.425
813,104,Вексель,128000.0,24.32,12,2024-06-12,Отделение №13,Закрыт,0.354
814,687,Потребительский,393000.0,21.56,36,2023-09-18,Отделение №11,Активен,0.202
815,706,Вексель,1545000.0,12.42,9,2022-05-02,Отделение №6,Закрыт,0.791
816,409,Автокредит,2321000.0,15.75,36,2025-06-18,Отделение №2,Активен,0.856
817,1,Потребительский,170000.0,15.15,48,2025-04-29,Отделение №1,Активен,0.971
818,38,Вексель,2011000.0,11.65,12,2023-05-27,Отделение №7,Закрыт,0.607
819,497,Потребительский,92000.0,16.4,36,2023-07-20,Отделение №5,Активен,0.438
820,234,Потребительский,151000.0,24.48,12,2024-12-13,Отделение №14,Закрыт,0.732
821,721,Потребительский,163000.0,10.18,36,2025-03-21,Отделение №4,Дефолт,0.088
822,664,Потребительский,460000.0,16.27,36,2025-02-14,Отделение №1,Активен,0.291
823,495,Потребительский,627000.0,23.15,36,2024-01-25,Отделение №15,Активен,0.446
824,655,Потребительский,291000.0,13.16,24,2025-10-28,Отделение №12,Активен,0.199
825,70,Потребительский,503000.0,8.69,12,2024-05-08,Отделение №7,Закрыт,0.411
826,282,Вексель,4011000.0,13.37,3,2024-11-15,Отделение №1,Закрыт,0.566
827,357,Кредитная карта,266000.0,15.55,24,2025-04-03,Отделение №11,Активен,0.575
828,173,Потребительский,107000.0,20.86,12,2025-02-17,Отделение №13,Активен,0.532
829,426,Автокредит,2614000.0,18.46,60,2025-06-03,Отделение №2,Активен,0.191
830,728,Вексель,2212000.0,14.8,9,2024-08-11,Отделение №12,Закрыт,0.881
831,663,Потребительский,298000.0,17.08,24,2025-08-19,Отделение №13,Активен,0.454
832,736,Вексель,4119000.0,13.89,12,2024-02-23,Отделение №10,Закрыт,0.294
833,285,Вексель,192000.0,14.36,6,2023-10-23,Отделение №4,Закрыт,0.259
834,611,Автокредит,2396000.0,18.74,60,2025-08-31,Отделение №10,Активен,0.77
835,276,Кредитная карта,271000.0,9.31,36,2025-03-27,Отделение №4,Активен,0.773
836,354,Потребительский,126000.0,16.44,12,2023-09-28,Отделение №6,Закрыт,0.955
837,112,Кредитная карта,281000.0,10.21,36,2024-04-11,Отделение №5,Активен,0.163
838,799,Потребительский,740000.0,9.03,36,2022-07-06,Отделение №8,Закрыт,0.899
839,226,Потребительский,761000.0,22.46,12,2024-06-28,Отделение №4,Закрыт,0.854
840,516,Ипотека,6468000.0,10.28,300,2023-02-11,Отделение №14,Активен,0.381
841,464,Потребительский,777000.0,20.42,12,2025-08-07,Отделение №8,Активен,0.12
842,369,Вексель,1856000.0,10.01,9,2024-04-30,Отделение №13,Закрыт,0.985
843,503,Автокредит,1643000.0,6.8,24,2024-07-24,Отделение №7,Активен,0.38
844,510,Ипотека,10575000.0,23.9,240,2024-09-09,Отделение №7,Активен,0.837
845,94,Кредитная карта,206000.0,8.05,12,2025-12-07,Отделение №7,Активен,0.644
846,20,Кредитная карта,34000.0,23.01,24,2025-11-03,Отделение №14,Просрочен,0.045
847,521,Потребительский,473000.0,9.37,24,2025-08-30,Отделение №13,Активен,0.695
848,51,Потребительский,497000.0,11.89,24,2025-09-15,Отделение №14,Активен,0.618
849,635,Потребительский,179000.0,9.84,24,2025-10-01,Отделение №2,Активен,0.879
850,324,Вексель,247000.0,13.93,6,2025-03-08,Отделение №14,Закрыт,0.373
851,57,Потребительский,291000.0,7.02,12,2025-02-01,Отделение №12,Активен,0.471
852,615,Кредитная карта,277000.0,13.44,12,2025-01-09,Отделение №9,Активен,0.599
853,231,Потребительский,125000.0,8.2,36,2025-09-21,Отделение №2,Активен,0.988
854,6,Кредитная карта,155000.0,14.6,24,2025-01-04,Отделение №13,Активен,0.857
855,276,Автокредит,1210000.0,8.86,60,2024-10-05,Отделение №6,Активен,0.656
856,449,Кредитная карта,210000.0,15.57,12,2024-09-05,Отделение №10,Закрыт,0.831
857,575,Потребительский,214000.0,10.65,24,2025-07-06,Отделение №2,Дефолт,0.082
858,146,Вексель,1483000.0,10.66,3,2023-05-27,Отделение №11,Закрыт,0.185
859,265,Потребительский,583000.0,17.37,48,2025-09-30,Отделение №15,Активен,0.517
860,43,Потребительский,725000.0,13.4,36,2024-05-14,Отделение №12,Активен,0.145
861,522,Кредитная карта,39000.0,7.38,24,2025-08-25,Отделение №3,Активен,0.198
862,242,Потребительский,526000.0,13.8,24,2024-06-27,Отделение №8,Просрочен,0.012
863,705,Ипотека,5439000.0,24.77,300,2024-07-14,Отделение №5,Активен,0.453
864,587,Автокредит,706000.0,20.64,48,2025-09-04,Отделение №6,Активен,0.924
865,420,Кредитная карта,80000.0,20.7,24,2024-09-25,Отделение №2,Активен,0.456
866,184,Вексель,1778000.0,20.89,9,2024-10-04,Отделение №1,Закрыт,0.427
867,168,Кредитная карта,64000.0,21.77,12,2024-07-25,Отделение №12,Закрыт,0.12
868,581,Потребительский,705000.0,14.53,36,2024-07-15,Отделение №2,Активен,0.984
869,211,Кредитная карта,292000.0,21.59,12,2024-03-25,Отделение №9,Закрыт,0.886
870,82,Потребительский,680000.0,10.16,24,2023-02-21,Отделение №9,Закрыт,0.745
871,224,Автокредит,795000.0,13.17,24,2024-12-27,Отделение №9,Активен,0.23
872,689,Потребительский,169000.0,18.17,24,2025-07-24,Отделение №14,Активен,0.618
873,109,Кредитная карта,223000.0,14.3,36,2025-09-27,Отделение №1,Активен,0.202
874,607,Кредитная карта,286000.0,23.08,24,2025-09-12,Отделение №15,Активен,0.972
875,399,Ипотека,5219000.0,7.88,240,2025-01-28,Отделение №11,Активен,0.708
876,35,Потребительский,742000.0,20.4,12,2022-11-10,Отделение №8,Закрыт,0.14
877,530,Вексель,3847000.0,20.97,6,2024-03-12,Отделение №7,Закрыт,0.646
878,547,Автокредит,1046000.0,10.66,48,2024-12-12,Отделение №3,Активен,0.949
879,647,Кредитная карта,63000.0,23.88,36,2025-04-14,Отделение №8,Активен,0.152
880,39,Потребительский,257000.0,18.22,36,2022-06-25,Отделение №9,Закрыт,0.521
881,87,Потребительский,521000.0,18.65,48,2025-02-22,Отделение №2,Активен,0.299
882,353,Автокредит,1986000.0,22.7,36,2025-04-26,Отделение №12,Активен,0.754
883,582,Потребительский,254000.0,21.92,12,2024-02-21,Отделение №11,Закрыт,0.255
884,472,Ипотека,7850000.0,10.63,300,2023-08-20,Отделение №12,Активен,0.103
885,428,Автокредит,1958000.0,22.5,48,2025-10-06,Отделение №14,Активен,0.665
886,3,Вексель,2219000.0,8.44,3,2025-07-30,Отделение №14,Закрыт,0.77
887,542,Вексель,1452000.0,15.84,9,2025-08-04,Отделение №14,Активен,0.42
888,595,Потребительский,317000.0,19.62,12,2023-06-19,Отделение №10,Закрыт,0.486
889,460,Ипотека,7911000.0,24.85,240,2025-02-28,Отделение №8,Активен,0.826
890,62,Автокредит,2577000.0,16.05,60,2025-05-27,Отделение №7,Активен,0.925
891,327,Потребительский,131000.0,8.25,12,2025-05-28,Отделение №4,Активен,0.967
892,459,Ипотека,8726000.0,19.72,300,2024-03-17,Отделение №11,Просрочен,0.04
893,511,Вексель,4276000.0,21.46,3,2024-03-27,Отделение №13,Закрыт,0.628
894,358,Ипотека,11081000.0,9.83,180,2025-03-16,Отделение №6,Активен,0.631
895,376,Потребительский,741000.0,22.13,12,2024-07-24,Отделение №14,Закрыт,0.254
896,656,Вексель,1827000.0,14.71,6,2025-12-21,Отделение №8,Просрочен,0.048
897,581,Вексель,3211000.0,16.78,6,2024-05-03,Отделение №11,Закрыт,0.863
898,736,Потребительский,351000.0,22.04,36,2024-02-23,Отделение №6,Активен,0.857
899,359,Ипотека,7382000.0,21.75,180,2024-10-23,Отделение №12,Активен,0.101
900,177,Потребительский,355000.0,9.93,48,2025-08-02,Отделение №5,Активен,0.383
901,270,Кредитная карта,161000.0,22.98,24,2025-10-09,Отделение №3,Активен,0.755
902,323,Потребительский,134000.0,19.38,36,2024-11-02,Отделение №13,Активен,0.56
903,1,Автокредит,863000.0,8.22,24,2023-02-11,Отделение №15,Закрыт,0.712
904,713,Кредитная карта,139000.0,19.67,24,2025-07-09,Отделение №7,Активен,0.533
905,646,Потребительский,339000.0,16.99,36,2025-06-10,Отделение №4,Дефолт,0.082
906,288,Ипотека,2408000.0,24.77,180,2025-09-29,Отделение №4,Просрочен,0.026
907,746,Вексель,4918000.0,14.6,6,2023-08-29,Отделение №3,Закрыт,0.812
908,202,Потребительский,233000.0,15.39,12,2025-06-07,Отделение №9,Активен,0.439
909,766,Автокредит,1877000.0,22.1,60,2024-10-13,Отделение №11,Активен,0.581
910,747,Автокредит,2746000.0,19.5,60,2024-03-01,Отделение №13,Активен,0.982
911,243,Вексель,2213000.0,12.39,9,2023-04-26,Отделение №12,Закрыт,0.357
912,568,Потребительский,695000.0,17.15,24,2025-01-07,Отделение №15,Дефолт,0.097
913,140,Вексель,2587000.0,12.27,12,2025-01-01,Отделение №10,Активен,0.807
914,642,Потребительский,311000.0,11.45,24,2025-11-04,Отделение №8,Активен,0.837
915,202,Автокредит,1693000.0,24.04,60,2025-05-21,Отделение №9,Активен,0.171
916,732,Ипотека,8503000.0,22.46,240,2025-11-25,Отделение №11,Активен,0.148
917,138,Ипотека,11547000.0,11.14,240,2025-03-12,Отделение №1,Активен,0.897
918,513,Вексель,2505000.0,10.46,6,2024-03-22,Отделение №9,Закрыт,0.452
919,417,Вексель,1593000.0,21.19,6,2025-03-13,Отделение №7,Закрыт,0.508
920,338,Потребительский,455000.0,24.36,36,2025-03-25,Отделение №13,Просрочен,0.053
921,420,Ипотека,3197000.0,7.67,120,2025-06-11,Отделение №3,Активен,0.414
922,411,Вексель,1319000.0,7.04,6,2025-08-09,Отделение №12,Активен,0.929
923,568,Потребительский,117000.0,19.4,48,2025-03-21,Отделение №13,Активен,0.685
924,649,Ипотека,8964000.0,9.87,180,2023-12-05,Отделение №3,Активен,0.311
925,644,Вексель,4407000.0,9.9,12,2022-12-09,Отделение №4,Закрыт,0.401
926,51,Ипотека,8472000.0,14.81,120,2023-11-27,Отделение №5,Дефолт,0.094
927,767,Потребительский,505000.0,13.37,12,2025-10-30,Отделение №9,Активен,0.169
928,569,Потребительский,295000.0,21.22,36,2024-07-03,Отделение №6,Активен,0.568
929,145,Кредитная карта,288000.0,17.92,12,2025-07-27,Отделение №4,Активен,0.182
930,611,Кредитная карта,56000.0,17.53,36,2023-05-09,Отделение №15,Активен,0.574
931,733,Ипотека,10460000.0,9.24,180,2025-11-22,Отделение №1,Активен,0.819
932,202,Автокредит,2832000.0,23.7,24,2025-05-21,Отделение №11,Активен,0.108
933,308,Потребительский,439000.0,10.05,12,2024-10-16,Отделение №10,Закрыт,0.155
934,275,Кредитная карта,283000.0,21.8,36,2025-01-27,Отделение №2,Активен,0.784
935,155,Вексель,421000.0,9.1,6,2025-03-05,Отделение №8,Закрыт,0.96
936,190,Потребительский,353000.0,23.37,36,2025-07-05,Отделение №13,Активен,0.921
937,714,Вексель,3332000.0,8.17,3,2025-07-21,Отделение №15,Закрыт,0.655
938,514,Автокредит,1895000.0,18.33,60,2025-01-23,Отделение №3,Активен,0.283
939,59,Ипотека,3980000.0,14.51,300,2024-04-12,Отделение №1,Дефолт,0.082
940,194,Ипотека,5215000.0,13.65,300,2025-12-10,Отделение №13,Активен,0.498
941,581,Вексель,3877000.0,21.8,3,2024-12-16,Отделение №2,Закрыт,0.188
942,433,Потребительский,491000.0,12.27,24,2025-08-05,Отделение №1,Просрочен,0.048
943,186,Потребительский,277000.0,24.24,24,2023-12-22,Отделение №14,Просрочен,0.052
944,502,Вексель,2226000.0,13.32,6,2024-11-07,Отделение №15,Закрыт,0.699
945,1,Потребительский,393000.0,19.61,24,2023-03-30,Отделение №4,Просрочен,0.073
946,139,Ипотека,7711000.0,23.47,120,2024-08-15,Отделение №12,Активен,0.206
947,38,Потребительский,268000.0,21.47,24,2025-09-12,Отделение №3,Активен,0.831
948,608,Кредитная карта,253000.0,7.32,24,2024-04-03,Отделение №4,Активен,0.142
949,754,Автокредит,1071000.0,17.0,60,2025-10-25,Отделение №11,Активен,0.864
950,425,Потребительский,755000.0,19.2,36,2025-11-13,Отделение №7,Активен,0.416
951,127,Ипотека,10426000.0,11.16,180,2024-09-26,Отделение №12,Просрочен,0.01
952,77,Ипотека,8960000.0,18.7,300,2024-01-27,Отделение №11,Активен,0.223
953,467,Потребительский,169000.0,9.87,48,2024-09-18,Отделение №12,Активен,0.327
954,22,Потребительский,561000.0,16.37,48,2023-08-07,Отделение №10,Активен,0.285
955,519,Потребительский,621000.0,23.98,48,2023-11-08,Отделение №8,Активен,0.555
956,731,Потребительский,439000.0,15.31,12,2024-11-29,Отделение №1,Закрыт,0.111
957,125,Вексель,1004000.0,14.52,3,2024-06-25,Отделение №12,Закрыт,0.371
958,487,Потребительский,498000.0,23.68,12,2025-09-19,Отделение №4,Активен,0.767
959,551,Вексель,3652000.0,6.76,3,2025-03-10,Отделение №14,Закрыт,0.153
960,490,Кредитная карта,279000.0,10.19,24,2024-08-04,Отделение №7,Активен,0.644
961,97,Ипотека,11468000.0,9.88,120,2024-07-31,Отделение №11,Активен,0.194
962,127,Вексель,224000.0,22.02,12,2024-07-10,Отделение №5,Закрыт,0.602
963,94,Автокредит,773000.0,8.55,48,2023-11-12,Отделение №9,Дефолт,0.065
964,414,Автокредит,2008000.0,13.31,36,2023-10-21,Отделение №2,Активен,0.143
965,259,Вексель,129000.0,7.57,3,2025-10-20,Отделение №10,Активен,0.388
966,488,Потребительский,218000.0,16.54,12,2025-02-28,Отделение №14,Просрочен,0.02
967,154,Кредитная карта,283000.0,11.7,36,2025-11-28,Отделение №8,Активен,0.616
968,98,Кредитная карта,94000.0,11.1,24,2025-06-08,Отделение №11,Активен,0.98
969,459,Ипотека,11194000.0,16.37,180,2024-07-19,Отделение №3,Активен,0.36
970,665,Потребительский,598000.0,22.73,48,2023-06-11,Отделение №1,Активен,0.368
971,522,Ипотека,4999000.0,14.05,120,2025-08-25,Отделение №14,Активен,0.88
972,690,Потребительский,352000.0,23.83,36,2025-07-25,Отделение №7,Активен,0.421
973,159,Ипотека,6523000.0,13.19,300,2024-08-07,Отделение №7,Активен,0.326
974,220,Потребительский,447000.0,19.61,24,2023-08-21,Отделение №14,Закрыт,0.568
975,474,Вексель,3942000.0,16.59,9,2025-03-29,Отделение №7,Закрыт,0.764
976,498,Ипотека,5069000.0,15.15,300,2022-10-17,Отделение №8,Активен,0.543
977,395,Потребительский,675000.0,10.17,48,2022-07-22,Отделение №15,Активен,0.338
978,694,Потребительский,338000.0,23.85,48,2024-04-17,Отделение №4,Просрочен,0.024
979,59,Ипотека,8670000.0,16.87,240,2025-10-25,Отделение №7,Активен,0.156
980,245,Автокредит,2482000.0,12.32,36,2024-12-23,Отделение №12,Активен,0.246
981,223,Потребительский,748000.0,23.67,36,2025-06-04,Отделение №12,Активен,0.612
982,30,Автокредит,492000.0,8.08,24,2025-02-07,Отделение №14,Просрочен,0.009
983,309,Кредитная карта,120000.0,23.64,12,2023-10-04,Отделение №12,Закрыт,0.357
984,403,Потребительский,210000.0,17.97,12,2025-07-18,Отделение №15,Активен,0.316
985,232,Вексель,2428000.0,12.08,6,2023-08-17,Отделение №3,Закрыт,0.802
986,23,Кредитная карта,71000.0,16.29,24,2023-03-12,Отделение №3,Закрыт,0.618
987,430,Автокредит,2035000.0,22.1,48,2025-11-14,Отделение №2,Активен,0.249
988,427,Вексель,819000.0,20.4,12,2025-08-02,Отделение №7,Активен,0.136
989,374,Ипотека,6769000.0,19.16,120,2025-04-15,Отделение №15,Активен,0.818
990,754,Ипотека,7719000.0,24.35,300,2024-05-17,Отделение №10,Активен,0.947
991,762,Потребительский,305000.0,7.77,12,2024-10-13,Отделение №5,Закрыт,0.135
992,47,Вексель,4592000.0,10.13,3,2025-10-01,Отделение №5,Активен,0.634
993,299,Вексель,4749000.0,17.59,3,2025-11-06,Отделение №1,Активен,0.799
994,4,Автокредит,1935000.0,22.16,36,2024-01-18,Отделение №5,Активен,0.192
995,673,Кредитная карта,274000.0,12.36,12,2024-09-29,Отделение №11,Закрыт,0.167
996,340,Потребительский,280000.0,12.71,48,2024-06-05,Отделение №13,Активен,0.273
997,777,Вексель,3331000.0,7.08,9,2025-02-03,Отделение №15,Закрыт,0.872
998,375,Автокредит,2310000.0,13.5,24,2023-12-01,Отделение №7,Закрыт,0.905
999,78,Ипотека,8953000.0,13.4,240,2025-11-28,Отделение №9,Активен,0.367
1000,547,Кредитная карта,242000.0,12.8,24,2025-12-19,Отделение №12,Активен,0.943
1001,27,Потребительский,195000.0,8.03,36,2023-07-01,Отделение №11,Активен,0.45
1002,505,Потребительский,550000.0,22.98,36,2024-11-08,Отделение №3,Просрочен,0.023
1003,505,Вексель,625000.0,13.37,3,2023-10-05,Отделение №13,Закрыт,0.154
1004,710,Потребительский,116000.0,19.81,12,2023-07-22,Отделение №6,Закрыт,0.737
1005,734,Кредитная карта,197000.0,18.02,12,2025-04-08,Отделение №8,Активен,0.871
1006,671,Автокредит,1260000.0,8.74,24,2025-06-08,Отделение №4,Активен,0.704
1007,793,Кредитная карта,280000.0,19.72,12,2023-02-20,Отделение №7,Закрыт,0.092
1008,44,Вексель,1242000.0,13.62,3,2024-11-25,Отделение №4,Закрыт,0.625
1009,5,Ипотека,3973000.0,19.5,300,2025-05-24,Отделение №12,Активен,0.469
1010,193,Вексель,4339000.0,9.9,3,2024-06-25,Отделение №3,Просрочен,0.006
1011,385,Кредитная карта,101000.0,24.4,36,2025-03-24,Отделение №12,Активен,0.7
1012,10,Вексель,1022000.0,9.49,9,2025-05-21,Отделение №10,Активен,0.635
1013,643,Потребительский,359000.0,14.35,36,2023-09-09,Отделение №12,Активен,0.824
1014,390,Потребительский,55000.0,20.38,36,2024-07-09,Отделение №2,Дефолт,0.065
1015,84,Ипотека,11027000.0,20.4,120,2025-07-23,Отделение №11,Активен,0.43
1016,614,Вексель,3609000.0,8.12,3,2025-11-28,Отделение №15,Активен,0.588
1017,572,Кредитная карта,218000.0,24.15,36,2025-10-20,Отделение №12,Активен,0.569
1018,154,Вексель,2309000.0,15.69,12,2025-11-28,Отделение №6,Активен,0.763
1019,512,Автокредит,2337000.0,9.64,36,2025-04-17,Отделение №7,Активен,0.691
1020,390,Ипотека,6616000.0,22.48,300,2024-08-07,Отделение №3,Активен,0.464
1021,464,Потребительский,613000.0,22.57,48,2025-08-07,Отделение №7,Активен,0.788
1022,786,Кредитная карта,201000.0,6.76,24,2024-01-19,Отделение №11,Активен,0.791
1023,666,Кредитная карта,71000.0,8.25,12,2024-07-01,Отделение №3,Закрыт,0.391
1024,304,Потребительский,198000.0,9.41,48,2025-12-08,Отделение №14,Активен,0.83
1025,353,Автокредит,992000.0,19.82,60,2025-05-27,Отделение №14,Активен,0.433
1026,357,Потребительский,777000.0,24.19,12,2025-04-03,Отделение №6,Дефолт,0.067
1027,271,Вексель,3078000.0,16.05,6,2025-07-31,Отделение №4,Активен,0.494
1028,431,Ипотека,2130000.0,9.42,240,2025-07-17,Отделение №11,Активен,0.63
1029,650,Автокредит,1990000.0,11.69,36,2024-12-20,Отделение №13,Активен,0.725
1030,66,Вексель,728000.0,6.83,12,2022-05-10,Отделение №4,Закрыт,0.37
1031,274,Потребительский,295000.0,18.16,24,2025-12-06,Отделение №8,Активен,0.902
1032,321,Вексель,2819000.0,10.08,9,2025-12-01,Отделение №6,Активен,0.127
1033,255,Вексель,2904000.0,17.41,6,2025-12-21,Отделение №14,Активен,0.237
1034,399,Потребительский,472000.0,15.9,12,2025-01-28,Отделение №13,Дефолт,0.096
1035,410,Потребительский,291000.0,17.59,48,2024-08-05,Отделение №12,Активен,0.891
1036,283,Потребительский,387000.0,19.6,24,2023-07-20,Отделение №13,Закрыт,0.364
1037,552,Потребительский,235000.0,13.05,12,2024-07-17,Отделение №9,Закрыт,0.621
1038,442,Потребительский,255000.0,24.63,36,2025-12-24,Отделение №9,Активен,0.605
1039,281,Потребительский,658000.0,17.63,24,2025-05-08,Отделение №1,Активен,0.296
1040,405,Вексель,1055000.0,21.05,9,2023-05-24,Отделение №14,Закрыт,0.423
1041,365,Кредитная карта,111000.0,11.95,12,2025-07-16,Отделение №11,Просрочен,0.029
1042,624,Вексель,486000.0,14.72,12,2025-10-18,Отделение №3,Активен,0.382
1043,369,Автокредит,2372000.0,14.89,24,2023-09-28,Отделение №10,Закрыт,0.198
1044,538,Ипотека,3629000.0,24.09,180,2025-04-07,Отделение №14,Активен,0.124
1045,164,Потребительский,408000.0,21.81,24,2023-11-20,Отделение №1,Закрыт,0.375
1046,743,Автокредит,2080000.0,12.51,60,2025-08-13,Отделение №1,Активен,0.836
1047,455,Автокредит,1242000.0,7.53,24,2024-11-28,Отделение №3,Активен,0.717
1048,461,Ипотека,11269000.0,8.38,180,2022-11-07,Отделение №12,Активен,0.163
1049,133,Потребительский,616000.0,7.99,36,2023-11-24,Отделение №2,Активен,0.344
1050,244,Ипотека,7451000.0,21.03,300,2025-08-07,Отделение №9,Активен,0.695
1051,449,Вексель,4090000.0,8.62,12,2024-04-18,Отделение №5,Закрыт,0.911
1052,673,Потребительский,92000.0,18.33,12,2023-12-04,Отделение №8,Закрыт,0.697
1053,635,Потребительский,214000.0,24.06,24,2023-09-24,Отделение №6,Закрыт,0.138
1054,376,Потребительский,617000.0,15.89,48,2023-04-09,Отделение №1,Активен,0.29
1055,142,Вексель,3516000.0,10.18,3,2022-04-13,Отделение №4,Просрочен,0.036
1056,219,Автокредит,419000.0,22.72,24,2025-04-06,Отделение №14,Активен,0.509
1057,340,Потребительский,210000.0,20.19,12,2025-07-09,Отделение №9,Активен,0.281
1058,514,Ипотека,5884000.0,11.22,180,2025-05-29,Отделение №15,Активен,0.196
1059,60,Потребительский,139000.0,7.03,36,2024-07-13,Отделение №11,Активен,0.603
1060,95,Вексель,3873000.0,8.57,6,2023-07-01,Отделение №2,Закрыт,0.387
1061,712,Вексель,4384000.0,20.04,6,2025-10-16,Отделение №12,Активен,0.299
1062,133,Вексель,4445000.0,15.03,9,2024-01-10,Отделение №4,Закрыт,0.648
1063,100,Автокредит,2699000.0,15.9,48,2025-08-06,Отделение №4,Активен,0.31
1064,567,Вексель,4316000.0,23.92,6,2025-09-14,Отделение №6,Активен,0.389
1065,189,Ипотека,5908000.0,15.34,180,2025-06-02,Отделение №13,Активен,0.597
1066,664,Кредитная карта,261000.0,17.84,12,2023-11-11,Отделение №14,Закрыт,0.884
1067,213,Потребительский,88000.0,23.61,12,2023-07-16,Отделение №7,Закрыт,0.303
1068,12,Вексель,4810000.0,13.27,3,2025-02-04,Отделение №7,Закрыт,0.646
1069,726,Вексель,1927000.0,18.53,9,2024-05-05,Отделение №1,Закрыт,0.297
1070,235,Кредитная карта,112000.0,23.61,24,2024-07-24,Отделение №13,Активен,0.887
1071,389,Кредитная карта,62000.0,21.09,36,2025-10-28,Отделение №15,Активен,0.88
1072,194,Ипотека,2143000.0,14.88,120,2025-12-10,Отделение №12,Активен,0.886
1073,163,Автокредит,1102000.0,19.96,60,2024-07-12,Отделение №2,Активен,0.153
1074,741,Ипотека,5774000.0,14.46,120,2025-04-22,Отделение №3,Активен,0.466
1075,689,Кредитная карта,186000.0,7.66,12,2025-09-06,Отделение №5,Активен,0.77
1076,532,Вексель,3622000.0,6.95,6,2023-11-22,Отделение №14,Закрыт,0.272
1077,342,Потребительский,567000.0,7.31,12,2025-08-24,Отделение №14,Активен,0.563
1078,619,Ипотека,11521000.0,19.67,300,2025-11-18,Отделение №5,Активен,0.743
1079,483,Ипотека,7980000.0,16.52,300,2024-08-25,Отделение №15,Активен,0.373
1080,103,Ипотека,7510000.0,20.03,180,2023-10-19,Отделение №3,Активен,0.347
1081,40,Автокредит,1367000.0,9.22,48,2023-08-22,Отделение №15,Активен,0.673
1082,479,Ипотека,7423000.0,8.09,240,2024-10-10,Отделение №3,Активен,0.253
1083,324,Потребительский,319000.0,20.37,48,2025-03-08,Отделение №3,Активен,0.862
1084,410,Кредитная карта,123000.0,17.52,36,2022-10-25,Отделение №14,Закрыт,0.54
1085,215,Вексель,4270000.0,21.67,6,2023-07-01,Отделение №14,Закрыт,0.396
1086,768,Ипотека,3119000.0,8.41,120,2024-11-30,Отделение №15,Просрочен,0.004
1087,255,Автокредит,2850000.0,19.56,36,2025-12-03,Отделение №2,Активен,0.335
1088,514,Потребительский,677000.0,23.74,36,2025-01-28,Отделение №14,Активен,0.523
1089,545,Ипотека,7770000.0,20.33,300,2025-11-09,Отделение №11,Активен,0.106
1090,531,Автокредит,805000.0,22.93,36,2024-07-28,Отделение №13,Активен,0.969
1091,394,Потребительский,158000.0,23.98,12,2025-11-24,Отделение №7,Активен,0.242
1092,643,Потребительский,207000.0,6.93,12,2023-09-09,Отделение №2,Просрочен,0.031
1093,311,Потребительский,671000.0,11.16,12,2025-02-13,Отделение №7,Активен,0.951
1094,163,Кредитная карта,209000.0,17.5,12,2025-11-30,Отделение №6,Активен,0.343
1095,618,Потребительский,371000.0,17.81,48,2025-07-24,Отделение №8,Просрочен,0.042
1096,236,Кредитная карта,165000.0,11.21,24,2024-08-19,Отделение №13,Активен,0.474
1097,301,Ипотека,7390000.0,19.17,120,2024-05-15,Отделение №6,Активен,0.62
1098,655,Кредитная карта,215000.0,7.21,12,2025-10-28,Отделение №15,Активен,0.487
1099,204,Потребительский,239000.0,11.02,12,2025-10-08,Отделение №11,Активен,0.831
1100,773,Кредитная карта,153000.0,10.94,36,2023-11-22,Отделение №1,Активен,0.984
1101,136,Потребительский,464000.0,17.79,48,2023-09-04,Отделение №11,Дефолт,0.095
1102,320,Потребительский,697000.0,14.68,12,2024-11-02,Отделение №8,Закрыт,0.502
1103,51,Потребительский,474000.0,17.28,12,2023-06-03,Отделение №8,Закрыт,0.698
1104,721,Потребительский,389000.0,11.84,24,2023-12-05,Отделение №2,Закрыт,0.331
1105,353,Вексель,4846000.0,15.37,3,2025-04-26,Отделение №7,Закрыт,0.249
1106,721,Вексель,4053000.0,7.31,6,2024-02-11,Отделение №6,Закрыт,0.183
1107,590,Кредитная карта,188000.0,19.63,24,2023-08-03,Отделение №15,Закрыт,0.808
1108,19,Потребительский,173000.0,16.85,24,2025-05-24,Отделение №6,Активен,0.438
1109,286,Вексель,2207000.0,16.5,9,2025-07-24,Отделение №1,Активен,0.419
1110,51,Потребительский,468000.0,7.7,48,2022-07-13,Отделение №11,Активен,0.263
1111,669,Ипотека,6013000.0,8.73,180,2022-10-18,Отделение №10,Активен,0.162
1112,458,Потребительский,197000.0,11.34,36,2025-02-15,Отделение №13,Дефолт,0.067
1113,108,Вексель,2952000.0,7.23,3,2025-09-20,Отделение №5,Закрыт,0.202
1114,35,Потребительский,576000.0,7.6,12,2024-02-01,Отделение №2,Закрыт,0.788
1115,186,Автокредит,1091000.0,22.7,24,2023-09-14,Отделение №15,Закрыт,0.137
1116,717,Потребительский,410000.0,18.72,24,2024-07-27,Отделение №4,Активен,0.478
1117,620,Потребительский,341000.0,18.77,12,2022-10-27,Отделение №3,Закрыт,0.858
1118,188,Кредитная карта,48000.0,16.92,36,2025-04-20,Отделение №13,Активен,0.247
1119,358,Ипотека,8256000.0,13.98,180,2025-03-16,Отделение №1,Активен,0.752
1120,752,Кредитная карта,241000.0,18.86,12,2023-06-21,Отделение №7,Закрыт,0.931
1121,40,Ипотека,10364000.0,15.32,180,2022-09-20,Отделение №9,Активен,0.949
1122,660,Кредитная карта,204000.0,10.94,36,2025-04-07,Отделение №8,Активен,0.521
1123,157,Вексель,2220000.0,7.72,3,2024-05-04,Отделение №15,Закрыт,0.085
1124,361,Вексель,3887000.0,11.6,3,2024-10-30,Отделение №11,Закрыт,0.281
1125,248,Вексель,4594000.0,17.64,9,2025-01-01,Отделение №14,Закрыт,0.919
1126,548,Кредитная карта,168000.0,17.35,24,2025-11-10,Отделение №11,Активен,0.56
1127,77,Автокредит,2119000.0,12.7,36,2024-08-19,Отделение №6,Активен,0.691
1128,209,Автокредит,2003000.0,18.08,24,2024-04-23,Отделение №14,Активен,0.934
1129,69,Потребительский,435000.0,23.19,36,2025-03-31,Отделение №6,Активен,0.566
1130,687,Кредитная карта,82000.0,18.94,24,2024-11-26,Отделение №10,Активен,0.279
1131,128,Ипотека,8591000.0,11.93,180,2025-11-10,Отделение №6,Активен,0.687
1132,103,Вексель,2809000.0,17.2,6,2024-08-05,Отделение №12,Закрыт,0.173
1133,768,Вексель,1528000.0,17.51,6,2023-02-26,Отделение №6,Закрыт,0.633
1134,158,Потребительский,536000.0,11.02,48,2024-06-06,Отделение №5,Активен,0.484
1135,502,Кредитная карта,154000.0,11.19,24,2024-04-25,Отделение №2,Дефолт,0.072
1136,375,Кредитная карта,250000.0,7.72,24,2023-12-01,Отделение №5,Закрыт,0.812
1137,70,Кредитная карта,153000.0,21.61,36,2025-04-10,Отделение №7,Активен,0.511
1138,753,Потребительский,88000.0,24.56,48,2025-07-10,Отделение №8,Активен,0.595
1139,522,Ипотека,5131000.0,8.76,180,2025-08-25,Отделение №1,Активен,0.76
1140,441,Потребительский,103000.0,16.35,12,2025-10-28,Отделение №2,Активен,0.127
1141,113,Кредитная карта,215000.0,22.9,12,2023-08-11,Отделение №1,Закрыт,0.567
1142,164,Потребительский,783000.0,14.41,36,2023-11-20,Отделение №10,Активен,0.23
1143,278,Автокредит,2354000.0,9.29,48,2025-04-17,Отделение №6,Активен,0.554
1144,752,Вексель,942000.0,16.47,12,2023-06-21,Отделение №3,Просрочен,0.017
1145,681,Потребительский,605000.0,8.79,36,2024-09-22,Отделение №7,Активен,0.246
1146,569,Потребительский,395000.0,23.38,24,2024-07-03,Отделение №1,Активен,0.279
1147,217,Потребительский,281000.0,10.43,48,2025-12-24,Отделение №2,Активен,0.1
1148,336,Ипотека,6441000.0,22.15,180,2024-02-27,Отделение №1,Активен,0.751
1149,536,Автокредит,1106000.0,21.03,60,2024-06-13,Отделение №6,Активен,0.524
1150,83,Потребительский,431000.0,17.66,48,2024-06-24,Отделение №12,Активен,0.373
1151,699,Потребительский,678000.0,21.0,48,2023-07-03,Отделение №6,Активен,0.207
1152,725,Ипотека,4741000.0,13.48,240,2025-11-11,Отделение №1,Активен,0.878
1153,378,Вексель,2860000.0,19.62,3,2025-09-17,Отделение №10,Просрочен,0.022
1154,623,Потребительский,336000.0,19.82,48,2024-06-12,Отделение №2,Активен,0.909
1155,482,Ипотека,5482000.0,23.27,240,2024-01-21,Отделение №3,Активен,0.26
1156,625,Потребительский,690000.0,24.52,24,2022-10-14,Отделение №13,Закрыт,0.365
1157,563,Потребительский,580000.0,17.82,24,2022-07-09,Отделение №5,Закрыт,0.553
1158,89,Потребительский,749000.0,11.89,48,2024-05-30,Отделение №5,Активен,0.859
1159,174,Кредитная карта,80000.0,9.57,24,2023-10-01,Отделение №14,Просрочен,0.067
1160,82,Потребительский,89000.0,16.58,24,2023-08-14,Отделение №15,Закрыт,0.942
1161,777,Потребительский,63000.0,19.61,24,2025-05-19,Отделение №2,Дефолт,0.067
1162,23,Потребительский,637000.0,16.68,12,2024-08-05,Отделение №3,Закрыт,0.369
1163,240,Потребительский,749000.0,12.49,24,2025-06-18,Отделение №5,Активен,0.172
1164,420,Автокредит,454000.0,8.98,24,2024-03-17,Отделение №3,Просрочен,0.048
1165,334,Вексель,1285000.0,20.91,9,2025-03-21,Отделение №8,Закрыт,0.462
1166,344,Потребительский,132000.0,18.28,24,2023-03-30,Отделение №2,Закрыт,0.755
1167,528,Кредитная карта,67000.0,16.23,24,2024-08-01,Отделение №13,Активен,0.49
1168,772,Ипотека,7415000.0,15.09,300,2025-02-06,Отделение №9,Активен,0.647
1169,186,Ипотека,8055000.0,16.13,300,2023-05-30,Отделение №9,Активен,0.408
1170,787,Кредитная карта,64000.0,7.85,12,2025-12-06,Отделение №14,Активен,0.995
1171,201,Потребительский,503000.0,13.42,48,2024-02-23,Отделение №6,Активен,0.374
1172,501,Ипотека,9503000.0,20.76,180,2024-06-10,Отделение №8,Активен,0.75
1173,112,Кредитная карта,243000.0,18.44,36,2024-04-11,Отделение №4,Активен,0.302
1174,267,Потребительский,725000.0,15.46,48,2023-06-02,Отделение №8,Активен,0.466
1175,424,Ипотека,4047000.0,24.16,180,2024-05-01,Отделение №3,Активен,0.245
1176,319,Кредитная карта,279000.0,7.48,24,2024-02-06,Отделение №7,Активен,0.465
1177,777,Кредитная карта,265000.0,11.91,12,2025-05-10,Отделение №9,Активен,0.821
1178,612,Ипотека,11340000.0,12.99,300,2023-12-27,Отделение №15,Активен,0.193
1179,605,Автокредит,429000.0,20.2,24,2025-12-19,Отделение №1,Активен,0.562
1180,48,Потребительский,214000.0,14.75,36,2022-05-26,Отделение №10,Закрыт,0.334
1181,291,Ипотека,8218000.0,7.44,240,2025-09-15,Отделение №2,Активен,0.517
1182,213,Кредитная карта,235000.0,7.17,24,2024-11-18,Отделение №12,Активен,0.779
1183,176,Вексель,2579000.0,12.57,6,2024-02-13,Отделение №12,Закрыт,0.714
1184,539,Вексель,1409000.0,8.21,6,2025-08-31,Отделение №7,Активен,0.384
1185,239,Потребительский,83000.0,10.08,12,2025-07-07,Отделение №7,Активен,0.569
1186,567,Вексель,4428000.0,16.95,12,2025-09-14,Отделение №4,Активен,0.99
1187,642,Потребительский,100000.0,19.88,12,2025-11-04,Отделение №4,Активен,0.787
1188,567,Ипотека,11812000.0,7.97,300,2025-09-14,Отделение №15,Активен,0.46
1189,221,Потребительский,596000.0,24.08,36,2024-09-15,Отделение №9,Активен,0.258
1190,218,Автокредит,2743000.0,18.73,48,2025-07-17,Отделение №11,Активен,0.527
1191,136,Вексель,3611000.0,20.82,9,2025-05-01,Отделение №14,Активен,0.245
1192,167,Потребительский,413000.0,12.03,36,2024-11-24,Отделение №7,Активен,0.973
1193,405,Потребительский,494000.0,21.66,36,2023-05-08,Отделение №14,Активен,0.555
1194,364,Вексель,4416000.0,23.16,6,2024-08-08,Отделение №12,Закрыт,0.926
1195,227,Автокредит,1344000.0,16.92,60,2024-05-08,Отделение №4,Активен,0.299
1196,654,Потребительский,411000.0,23.54,12,2023-10-05,Отделение №7,Просрочен,0.057
1197,534,Вексель,855000.0,12.64,12,2024-11-21,Отделение №5,Закрыт,0.37
1198,276,Потребительский,709000.0,17.33,48,2024-10-05,Отделение №14,Активен,0.405
1199,4,Потребительский,232000.0,9.43,24,2023-11-20,Отделение №7,Закрыт,0.327
1200,135,Кредитная карта,57000.0,9.26,12,2025-03-25,Отделение №15,Активен,0.429
1201,593,Потребительский,778000.0,6.54,24,2023-02-21,Отделение №3,Закрыт,0.178
1202,679,Потребительский,683000.0,17.02,36,2025-12-14,Отделение №15,Просрочен,0.04
1203,455,Потребительский,125000.0,17.8,12,2024-11-28,Отделение №4,Закрыт,0.821
1204,107,Вексель,4496000.0,11.42,12,2024-01-16,Отделение №14,Закрыт,0.291
1205,345,Автокредит,2563000.0,7.69,48,2024-11-11,Отделение №5,Активен,0.606
1206,139,Потребительский,632000.0,17.66,12,2024-10-13,Отделение №1,Закрыт,0.689
1207,462,Ипотека,5387000.0,15.2,180,2025-11-24,Отделение №9,Активен,0.453
1208,368,Потребительский,540000.0,21.35,48,2024-05-06,Отделение №14,Активен,0.235
1209,433,Потребительский,295000.0,9.24,24,2024-08-02,Отделение №2,Активен,0.155
1210,256,Потребительский,706000.0,24.87,24,2022-08-09,Отделение №12,Закрыт,0.126
1211,43,Потребительский,628000.0,10.9,36,2025-04-01,Отделение №7,Активен,0.482
1212,358,Потребительский,533000.0,10.36,36,2025-12-23,Отделение №1,Активен,0.473
1213,596,Ипотека,5908000.0,7.4,240,2023-08-28,Отделение №13,Активен,0.841
1214,695,Потребительский,190000.0,18.61,48,2024-09-27,Отделение №12,Активен,0.397
1215,749,Кредитная карта,151000.0,14.27,24,2025-12-19,Отделение №15,Активен,0.315
1216,725,Вексель,4354000.0,22.49,6,2025-11-11,Отделение №5,Активен,0.164
1217,515,Ипотека,6869000.0,7.27,240,2023-02-18,Отделение №9,Активен,0.14
1218,677,Автокредит,2888000.0,14.19,36,2024-03-21,Отделение №11,Активен,0.771
1219,161,Ипотека,5430000.0,6.55,240,2024-08-10,Отделение №14,Активен,0.483
1220,303,Кредитная карта,84000.0,19.02,12,2024-07-18,Отделение №12,Закрыт,0.858
1221,246,Автокредит,1780000.0,20.66,36,2024-06-09,Отделение №1,Активен,0.731
1222,140,Ипотека,9191000.0,24.84,240,2025-01-08,Отделение №5,Активен,0.456
1223,204,Потребительский,356000.0,21.76,12,2025-10-08,Отделение №8,Активен,0.417
1224,184,Кредитная карта,194000.0,21.86,12,2024-10-04,Отделение №5,Закрыт,0.223
1225,544,Потребительский,539000.0,18.8,12,2023-04-15,Отделение №7,Закрыт,0.58
1226,349,Потребительский,448000.0,24.02,12,2025-07-10,Отделение №7,Активен,0.449
1227,537,Потребительский,86000.0,16.35,12,2024-07-03,Отделение №7,Закрыт,0.899
1228,129,Потребительский,701000.0,18.7,36,2025-05-14,Отделение №10,Активен,0.497
1229,48,Потребительский,546000.0,22.24,36,2022-08-26,Отделение №7,Закрыт,0.926
1230,100,Автокредит,1254000.0,19.11,36,2025-08-06,Отделение №11,Дефолт,0.08
1231,585,Потребительский,410000.0,23.63,12,2022-09-23,Отделение №3,Закрыт,0.731
1232,313,Вексель,3392000.0,23.17,12,2022-11-28,Отделение №3,Закрыт,0.204
1233,246,Ипотека,9651000.0,24.86,240,2023-09-26,Отделение №11,Активен,0.692
1234,713,Потребительский,787000.0,24.05,12,2025-07-09,Отделение №13,Дефолт,0.066
1235,54,Вексель,4727000.0,20.57,6,2023-05-25,Отделение №9,Закрыт,0.338
1236,100,Вексель,3920000.0,8.75,12,2025-08-06,Отделение №5,Активен,0.668
1237,311,Вексель,1846000.0,9.75,3,2025-02-13,Отделение №9,Закрыт,0.807
1238,199,Кредитная карта,226000.0,24.76,36,2024-06-18,Отделение №6,Активен,0.162
1239,229,Потребительский,661000.0,24.74,24,2025-03-17,Отделение №6,Активен,0.757
1240,31,Потребительский,690000.0,21.35,48,2025-10-28,Отделение №7,Активен,0.776
1241,437,Потребительский,193000.0,20.26,48,2025-04-15,Отделение №12,Дефолт,0.067
1242,271,Потребительский,543000.0,20.68,48,2025-07-31,Отделение №11,Активен,0.387
1243,248,Ипотека,11000000.0,9.96,120,2024-08-02,Отделение №1,Активен,0.571
1244,253,Кредитная карта,282000.0,14.15,36,2024-02-27,Отделение №6,Активен,0.838
1245,481,Кредитная карта,53000.0,16.08,12,2025-05-02,Отделение №10,Активен,0.766
1246,322,Потребительский,421000.0,18.0,36,2024-12-22,Отделение №14,Просрочен,0.032
1247,69,Автокредит,1040000.0,7.22,60,2025-03-31,Отделение №5,Активен,0.107
1248,20,Вексель,4992000.0,24.89,9,2025-11-03,Отделение №14,Активен,0.281
1249,696,Ипотека,2744000.0,15.67,240,2023-03-28,Отделение №7,Активен,0.739
1250,373,Потребительский,786000.0,19.6,36,2025-08-16,Отделение №15,Активен,0.87
1251,283,Автокредит,1959000.0,8.59,24,2024-01-13,Отделение №13,Активен,0.975
1252,5,Потребительский,716000.0,10.41,24,2025-03-26,Отделение №4,Активен,0.8
1253,119,Потребительский,284000.0,16.6,12,2025-12-30,Отделение №12,Активен,0.577
1254,345,Автокредит,2756000.0,22.97,48,2024-11-11,Отделение №1,Активен,0.752
1255,760,Потребительский,708000.0,12.63,12,2025-09-26,Отделение №3,Активен,0.741
1256,32,Потребительский,762000.0,22.9,12,2022-08-17,Отделение №13,Просрочен,0.043
1257,460,Ипотека,7420000.0,17.37,240,2025-02-28,Отделение №13,Активен,0.561
1258,504,Потребительский,301000.0,23.39,24,2025-08-21,Отделение №2,Активен,0.701
1259,196,Автокредит,444000.0,8.83,36,2025-12-21,Отделение №14,Активен,0.738
1260,241,Кредитная карта,168000.0,19.04,24,2022-07-05,Отделение №10,Закрыт,0.875
1261,702,Вексель,3904000.0,16.58,6,2024-10-05,Отделение №4,Просрочен,0.059
1262,96,Автокредит,1410000.0,9.01,48,2023-12-07,Отделение №7,Активен,0.974
1263,566,Кредитная карта,108000.0,22.25,12,2025-06-16,Отделение №7,Активен,0.125
1264,496,Потребительский,504000.0,13.96,12,2025-04-10,Отделение №5,Активен,0.191
1265,30,Вексель,2925000.0,11.08,3,2025-10-06,Отделение №4,Активен,0.711
1266,296,Кредитная карта,231000.0,19.09,36,2024-07-14,Отделение №4,Активен,0.133
1267,716,Потребительский,134000.0,10.37,12,2025-08-27,Отделение №12,Активен,0.111
1268,125,Потребительский,130000.0,9.16,24,2024-07-04,Отделение №13,Активен,0.724
1269,525,Потребительский,327000.0,18.64,48,2024-05-05,Отделение №8,Активен,0.68
1270,253,Вексель,4303000.0,13.66,6,2024-02-27,Отделение №11,Закрыт,0.188
1271,611,Кредитная карта,209000.0,23.96,24,2024-09-28,Отделение №5,Активен,0.437
1272,245,Потребительский,398000.0,20.27,12,2024-12-23,Отделение №4,Закрыт,0.524
1273,39,Ипотека,10813000.0,11.64,180,2023-08-04,Отделение №1,Активен,0.426
1274,670,Ипотека,9626000.0,14.86,120,2025-04-16,Отделение №4,Активен,0.303
1275,92,Ипотека,8884000.0,24.23,240,2025-06-25,Отделение №8,Активен,0.27
1276,602,Потребительский,729000.0,18.37,12,2025-01-15,Отделение №9,Активен,0.385
1277,64,Автокредит,2828000.0,19.77,24,2025-04-01,Отделение №12,Активен,0.522
1278,201,Потребительский,697000.0,6.87,36,2024-04-06,Отделение №15,Активен,0.567
1279,49,Потребительский,724000.0,20.44,36,2023-05-16,Отделение №9,Активен,0.668
1280,606,Кредитная карта,185000.0,18.05,36,2024-02-04,Отделение №1,Активен,0.977
1281,191,Потребительский,65000.0,12.78,48,2025-03-09,Отделение №3,Активен,0.481
1282,632,Потребительский,280000.0,19.31,48,2025-12-31,Отделение №4,Активен,0.272
1283,444,Автокредит,2142000.0,13.49,48,2024-11-07,Отделение №15,Активен,0.625
1284,273,Потребительский,84000.0,15.17,36,2025-06-03,Отделение №6,Активен,0.241
1285,75,Ипотека,6308000.0,7.9,120,2025-11-13,Отделение №3,Активен,0.565
1286,112,Потребительский,700000.0,14.09,24,2024-08-14,Отделение №2,Активен,0.996
1287,160,Потребительский,792000.0,10.56,48,2025-06-15,Отделение №6,Активен,0.215
1288,366,Потребительский,242000.0,24.74,48,2022-09-04,Отделение №15,Активен,0.643
1289,84,Ипотека,4091000.0,17.76,240,2025-07-23,Отделение №5,Дефолт,0.094
1290,601,Вексель,2731000.0,15.26,6,2022-10-14,Отделение №3,Закрыт,0.277
1291,159,Вексель,3510000.0,21.53,3,2024-09-29,Отделение №7,Закрыт,0.216
1292,60,Кредитная карта,57000.0,10.72,36,2025-04-08,Отделение №1,Активен,0.576
1293,767,Ипотека,5490000.0,16.74,240,2024-10-20,Отделение №12,Активен,0.164
1294,534,Потребительский,520000.0,11.56,12,2025-09-28,Отделение №3,Активен,0.172
1295,392,Потребительский,84000.0,21.72,24,2023-12-17,Отделение №5,Закрыт,0.198
1296,371,Ипотека,8617000.0,8.98,180,2025-06-20,Отделение №15,Активен,0.118
1297,515,Вексель,1897000.0,14.45,9,2025-11-07,Отделение №14,Активен,0.688
1298,175,Кредитная карта,158000.0,13.39,12,2022-12-17,Отделение №11,Закрыт,0.533
1299,209,Вексель,2160000.0,10.4,3,2024-04-23,Отделение №2,Закрыт,0.154
1300,656,Ипотека,8997000.0,19.63,180,2025-12-21,Отделение №15,Активен,0.714
1301,721,Вексель,4755000.0,9.4,9,2024-07-16,Отделение №9,Закрыт,0.997
1302,324,Вексель,1156000.0,9.67,12,2025-03-08,Отделение №8,Активен,0.837
1303,501,Потребительский,245000.0,10.11,24,2022-02-11,Отделение №13,Закрыт,0.296
1304,783,Автокредит,2811000.0,8.83,24,2025-11-23,Отделение №12,Просрочен,0.054
1305,429,Вексель,4753000.0,15.32,3,2025-02-21,Отделение №10,Закрыт,0.909
1306,253,Вексель,4102000.0,9.81,3,2024-11-26,Отделение №13,Закрыт,0.876
1307,689,Потребительский,731000.0,16.42,12,2025-03-23,Отделение №9,Дефолт,0.084
1308,365,Автокредит,1075000.0,9.01,48,2025-07-16,Отделение №7,Активен,0.178
1309,151,Ипотека,10379000.0,19.36,180,2023-09-30,Отделение №3,Дефолт,0.089
1310,52,Автокредит,586000.0,14.98,24,2024-05-17,Отделение №14,Активен,0.681
1311,247,Потребительский,75000.0,20.77,12,2024-10-16,Отделение №14,Закрыт,0.691
1312,201,Вексель,249000.0,20.44,9,2022-12-04,Отделение №10,Закрыт,0.808
1313,624,Потребительский,566000.0,14.58,48,2025-10-18,Отделение №11,Активен,0.894
1314,509,Ипотека,9875000.0,24.69,120,2025-12-14,Отделение №11,Активен,0.313
1315,435,Потребительский,736000.0,11.3,36,2023-08-22,Отделение №14,Дефолт,0.085
1316,362,Потребительский,551000.0,15.54,48,2025-12-20,Отделение №2,Активен,0.91
1317,232,Потребительский,668000.0,17.94,36,2024-10-23,Отделение №7,Просрочен,0.042
1318,630,Ипотека,7071000.0,7.31,300,2024-06-03,Отделение №11,Просрочен,0.049
1319,427,Потребительский,234000.0,12.78,36,2025-08-02,Отделение №9,Активен,0.361
1320,397,Потребительский,162000.0,8.76,48,2025-12-15,Отделение №13,Активен,0.413
1321,476,Потребительский,221000.0,18.67,36,2024-01-27,Отделение №14,Активен,0.366
1322,504,Потребительский,483000.0,19.64,12,2025-02-22,Отделение №1,Активен,0.625
1323,269,Ипотека,4404000.0,13.03,300,2025-06-19,Отделение №13,Активен,0.999
1324,88,Автокредит,2054000.0,7.69,36,2025-01-22,Отделение №1,Активен,0.268
1325,634,Кредитная карта,264000.0,8.79,24,2024-12-18,Отделение №9,Активен,0.556
1326,784,Вексель,1382000.0,9.76,9,2025-08-11,Отделение №8,Активен,0.948
1327,485,Кредитная карта,97000.0,19.71,12,2025-06-30,Отделение №11,Активен,0.188
1328,196,Потребительский,251000.0,7.71,24,2025-10-10,Отделение №10,Активен,0.697
1329,655,Вексель,3657000.0,11.98,9,2025-10-28,Отделение №15,Просрочен,0.021
1330,626,Ипотека,9170000.0,14.43,240,2024-12-18,Отделение №13,Активен,0.104
1331,521,Потребительский,396000.0,11.87,12,2025-08-30,Отделение №7,Активен,0.982
1332,310,Потребительский,760000.0,22.44,36,2023-08-19,Отделение №7,Просрочен,0.042
1333,227,Вексель,3634000.0,16.5,9,2023-11-28,Отделение №4,Закрыт,0.187
1334,406,Кредитная карта,276000.0,8.06,12,2025-10-01,Отделение №7,Активен,0.377
1335,600,Вексель,4329000.0,19.95,3,2023-04-08,Отделение №9,Закрыт,0.368
1336,580,Вексель,2642000.0,19.85,9,2024-08-06,Отделение №10,Закрыт,0.134
1337,656,Вексель,401000.0,11.83,9,2025-12-21,Отделение №14,Активен,0.639
1338,151,Потребительский,203000.0,24.34,24,2023-09-30,Отделение №4,Закрыт,0.824
1339,94,Вексель,1363000.0,8.75,9,2025-12-22,Отделение №13,Активен,0.728
1340,203,Потребительский,127000.0,17.54,12,2025-12-27,Отделение №12,Активен,0.526
1341,744,Кредитная карта,63000.0,24.45,12,2025-11-15,Отделение №2,Активен,0.241
1342,572,Автокредит,915000.0,13.95,36,2025-03-25,Отделение №4,Активен,0.323
1343,292,Потребительский,355000.0,24.09,12,2024-01-04,Отделение №10,Закрыт,0.918
1344,694,Вексель,2534000.0,8.25,9,2024-04-17,Отделение №14,Закрыт,0.961
1345,190,Ипотека,7525000.0,23.27,120,2025-07-05,Отделение №1,Активен,0.209
1346,407,Кредитная карта,38000.0,20.83,12,2024-03-10,Отделение №3,Закрыт,0.112
1347,562,Вексель,2667000.0,19.17,3,2025-01-05,Отделение №11,Закрыт,0.334
1348,541,Вексель,1393000.0,8.7,9,2025-05-05,Отделение №7,Активен,0.725
1349,710,Кредитная карта,268000.0,13.71,36,2023-07-22,Отделение №6,Активен,0.61
1350,130,Потребительский,93000.0,7.8,36,2025-05-21,Отделение №9,Активен,0.123
1351,588,Автокредит,1895000.0,11.88,24,2025-01-09,Отделение №9,Активен,0.231
1352,440,Ипотека,10381000.0,10.08,180,2024-04-14,Отделение №3,Активен,0.815
1353,401,Кредитная карта,194000.0,7.85,36,2022-10-30,Отделение №6,Закрыт,0.451
1354,538,Потребительский,108000.0,19.3,36,2025-04-07,Отделение №5,Активен,0.857
1355,192,Потребительский,452000.0,18.1,12,2024-01-22,Отделение №6,Закрыт,0.778
1356,373,Потребительский,752000.0,24.28,48,2025-08-16,Отделение №9,Активен,0.744
1357,470,Вексель,671000.0,20.86,6,2024-05-23,Отделение №1,Просрочен,0.018
1358,618,Кредитная карта,266000.0,22.78,12,2024-12-17,Отделение №7,Закрыт,0.361
1359,35,Кредитная карта,54000.0,9.33,12,2024-03-02,Отделение №6,Закрыт,0.456
1360,559,Кредитная карта,87000.0,11.17,12,2024-02-23,Отделение №1,Закрыт,0.341
1361,245,Вексель,2594000.0,17.03,6,2024-12-23,Отделение №14,Закрыт,0.485
1362,202,Ипотека,9631000.0,10.38,180,2025-06-26,Отделение №5,Активен,0.524
1363,242,Потребительский,772000.0,12.09,12,2024-06-27,Отделение №13,Закрыт,0.555
1364,540,Автокредит,1563000.0,11.99,36,2025-09-29,Отделение №11,Активен,0.477
1365,326,Кредитная карта,229000.0,14.0,36,2023-07-12,Отделение №11,Активен,0.212
1366,346,Ипотека,9239000.0,18.77,120,2023-12-17,Отделение №12,Активен,0.452
1367,28,Потребительский,667000.0,17.19,36,2025-07-09,Отделение №5,Дефолт,0.065
1368,278,Потребительский,186000.0,24.75,12,2025-04-17,Отделение №3,Активен,0.583
1369,603,Ипотека,7979000.0,17.04,300,2025-07-02,Отделение №13,Активен,0.376
1370,397,Вексель,4168000.0,22.86,12,2025-12-15,Отделение №9,Активен,0.296
1371,718,Вексель,2938000.0,12.58,6,2024-12-30,Отделение №1,Закрыт,0.103
1372,369,Вексель,4448000.0,22.89,6,2023-09-28,Отделение №14,Закрыт,0.108
1373,390,Вексель,4115000.0,20.78,9,2024-07-09,Отделение №10,Закрыт,0.43
1374,670,Автокредит,2838000.0,19.37,60,2025-06-28,Отделение №8,Активен,0.99
1375,493,Потребительский,530000.0,24.39,48,2024-11-04,Отделение №8,Просрочен,0.031
1376,750,Потребительский,212000.0,17.66,24,2024-11-30,Отделение №11,Активен,0.326
1377,319,Автокредит,1341000.0,9.05,36,2024-12-01,Отделение №13,Активен,0.897
1378,644,Потребительский,664000.0,23.01,36,2022-12-09,Отделение №15,Закрыт,0.96
1379,157,Вексель,4910000.0,7.05,12,2023-12-01,Отделение №13,Закрыт,0.805
1380,173,Потребительский,493000.0,18.95,36,2025-01-20,Отделение №5,Активен,0.434
1381,219,Потребительский,463000.0,13.99,48,2024-08-03,Отделение №14,Дефолт,0.073
1382,777,Потребительский,471000.0,18.87,48,2023-09-29,Отделение №3,Активен,0.686
1383,255,Вексель,4055000.0,12.7,9,2025-12-03,Отделение №2,Активен,0.924
1384,536,Потребительский,194000.0,16.46,36,2024-03-27,Отделение №13,Активен,0.241
1385,600,Вексель,4264000.0,23.04,9,2025-07-06,Отделение №14,Активен,0.855
1386,31,Кредитная карта,159000.0,6.62,12,2025-10-28,Отделение №7,Активен,0.852
1387,6,Автокредит,2759000.0,24.87,60,2023-03-28,Отделение №13,Активен,0.117
1388,237,Ипотека,4021000.0,10.06,120,2025-09-30,Отделение №14,Активен,0.612
1389,119,Кредитная карта,261000.0,13.4,12,2024-07-21,Отделение №11,Просрочен,0.056
1390,376,Потребительский,270000.0,7.5,12,2023-10-21,Отделение №3,Закрыт,0.408
1391,74,Кредитная карта,171000.0,18.31,36,2024-07-27,Отделение №1,Активен,0.627
1392,147,Вексель,1181000.0,6.81,9,2023-07-08,Отделение №8,Закрыт,0.495
1393,157,Автокредит,1416000.0,22.79,24,2024-07-08,Отделение №13,Активен,0.726
1394,606,Кредитная карта,211000.0,12.84,36,2024-02-04,Отделение №2,Активен,0.555
1395,555,Вексель,2511000.0,23.48,12,2025-03-30,Отделение №10,Активен,0.982
1396,654,Вексель,3049000.0,13.81,9,2022-08-22,Отделение №9,Закрыт,0.524
1397,735,Потребительский,778000.0,14.85,24,2023-10-04,Отделение №3,Закрыт,0.089
1398,103,Кредитная карта,115000.0,10.23,36,2022-12-17,Отделение №7,Закрыт,0.916
1399,277,Потребительский,459000.0,6.7,12,2024-08-08,Отделение №15,Закрыт,0.85
1400,410,Кредитная карта,213000.0,9.51,12,2025-05-19,Отделение №4,Активен,0.38
1401,346,Вексель,1266000.0,15.11,9,2023-12-17,Отделение №6,Закрыт,0.546
1402,284,Ипотека,3904000.0,22.9,300,2024-07-20,Отделение №5,Активен,0.545
1403,682,Потребительский,87000.0,12.44,24,2025-03-31,Отделение №7,Активен,0.141
1404,320,Потребительский,82000.0,11.57,12,2024-06-02,Отделение №4,Закрыт,0.995
1405,313,Ипотека,8820000.0,15.16,120,2024-03-26,Отделение №3,Активен,0.108
1406,703,Кредитная карта,230000.0,15.95,24,2025-09-28,Отделение №2,Активен,0.915
1407,9,Потребительский,171000.0,22.95,12,2024-10-03,Отделение №14,Закрыт,0.589
1408,492,Потребительский,521000.0,23.62,36,2024-11-29,Отделение №10,Активен,0.42
1409,258,Автокредит,2310000.0,17.66,60,2025-11-07,Отделение №7,Активен,0.234
1410,127,Кредитная карта,93000.0,22.63,36,2024-07-10,Отделение №3,Активен,0.848
1411,97,Автокредит,2989000.0,12.73,60,2024-07-31,Отделение №8,Активен,0.572
1412,584,Кредитная карта,36000.0,16.52,36,2025-04-20,Отделение №7,Активен,0.637
1413,431,Вексель,4973000.0,19.38,12,2024-09-06,Отделение №8,Закрыт,0.403
1414,491,Потребительский,354000.0,13.22,24,2023-11-03,Отделение №9,Просрочен,0.002
1415,73,Потребительский,544000.0,10.62,24,2023-10-10,Отделение №11,Закрыт,0.349
1416,660,Потребительский,794000.0,20.8,36,2025-04-07,Отделение №8,Активен,0.539
1417,112,Кредитная карта,215000.0,9.27,24,2025-03-12,Отделение №11,Дефолт,0.073
1418,157,Вексель,954000.0,16.95,6,2023-11-02,Отделение №13,Закрыт,0.969
1419,393,Автокредит,503000.0,14.41,48,2024-03-22,Отделение №5,Активен,0.609
1420,230,Вексель,4354000.0,22.92,6,2023-10-14,Отделение №6,Просрочен,0.038
1421,519,Вексель,4762000.0,21.99,6,2025-09-18,Отделение №12,Активен,0.433
1422,586,Автокредит,2198000.0,8.89,48,2025-08-20,Отделение №6,Активен,0.882
1423,739,Вексель,3088000.0,8.05,3,2025-08-18,Отделение №11,Закрыт,0.347
1424,624,Автокредит,1591000.0,18.55,24,2025-11-24,Отделение №15,Дефолт,0.092
1425,699,Потребительский,721000.0,13.69,48,2024-07-05,Отделение №13,Активен,0.196
1426,665,Кредитная карта,80000.0,11.56,36,2024-07-14,Отделение №10,Активен,0.78
1427,44,Потребительский,521000.0,17.73,48,2024-11-25,Отделение №9,Активен,0.492
1428,320,Потребительский,518000.0,15.65,48,2024-11-01,Отделение №14,Активен,0.846
1429,645,Вексель,1669000.0,24.79,6,2024-10-08,Отделение №11,Просрочен,0.038
1430,641,Автокредит,2172000.0,18.34,24,2025-02-19,Отделение №13,Активен,0.682
1431,202,Потребительский,89000.0,18.71,36,2025-05-21,Отделение №13,Активен,0.868
1432,6,Кредитная карта,133000.0,19.12,36,2023-11-11,Отделение №1,Активен,0.569
1433,503,Вексель,923000.0,22.19,6,2023-12-03,Отделение №3,Закрыт,0.268
1434,254,Кредитная карта,136000.0,10.11,36,2024-03-18,Отделение №14,Активен,0.353
1435,224,Автокредит,883000.0,24.01,36,2025-07-22,Отделение №12,Активен,0.684
1436,334,Автокредит,1100000.0,22.44,60,2024-10-15,Отделение №15,Активен,0.195
1437,585,Кредитная карта,282000.0,9.53,24,2024-04-09,Отделение №11,Дефолт,0.08
1438,652,Кредитная карта,80000.0,9.77,24,2024-09-16,Отделение №7,Активен,0.945
1439,148,Потребительский,482000.0,10.58,48,2025-04-21,Отделение №6,Активен,0.695
1440,39,Автокредит,2432000.0,10.61,48,2022-07-29,Отделение №9,Активен,0.991
1441,26,Потребительский,583000.0,6.97,36,2024-01-20,Отделение №9,Активен,0.646
1442,235,Потребительский,340000.0,17.72,36,2024-04-19,Отделение №13,Активен,0.756
1443,296,Вексель,4142000.0,10.07,6,2024-07-14,Отделение №2,Закрыт,0.628
1444,180,Кредитная карта,271000.0,23.54,36,2025-11-29,Отделение №8,Активен,0.113
1445,744,Автокредит,829000.0,21.83,36,2025-11-15,Отделение №4,Активен,0.334
1446,737,Потребительский,78000.0,13.76,36,2023-03-07,Отделение №5,Дефолт,0.088
1447,384,Ипотека,5268000.0,8.47,240,2024-01-24,Отделение №6,Активен,0.729
1448,246,Автокредит,958000.0,19.89,60,2024-09-01,Отделение №2,Активен,0.951
1449,216,Потребительский,370000.0,6.8,36,2025-12-01,Отделение №14,Активен,0.621
1450,488,Потребительский,698000.0,23.99,12,2024-10-21,Отделение №1,Закрыт,0.792
1451,345,Вексель,969000.0,16.24,12,2025-06-14,Отделение №12,Активен,0.998
1452,692,Автокредит,1630000.0,19.98,24,2025-05-24,Отделение №8,Активен,0.132
1453,380,Потребительский,321000.0,16.19,24,2025-11-19,Отделение №6,Активен,0.856
1454,19,Ипотека,10902000.0,21.39,240,2025-02-15,Отделение №7,Активен,0.809
1455,552,Ипотека,11555000.0,16.42,300,2024-07-17,Отделение №14,Активен,0.28
1456,389,Потребительский,420000.0,12.71,36,2024-11-10,Отделение №11,Активен,0.741
1457,10,Потребительский,524000.0,21.16,48,2025-05-21,Отделение №12,Активен,0.317
1458,44,Вексель,1511000.0,24.13,6,2024-11-25,Отделение №2,Закрыт,0.91
1459,796,Вексель,2198000.0,9.0,9,2023-03-02,Отделение №15,Закрыт,0.851
1460,246,Потребительский,167000.0,18.26,36,2024-02-02,Отделение №15,Активен,0.586
1461,380,Потребительский,769000.0,22.64,24,2025-11-19,Отделение №14,Активен,0.883
1462,761,Потребительский,294000.0,10.33,36,2022-05-22,Отделение №8,Закрыт,0.324
1463,487,Потребительский,203000.0,20.08,48,2025-02-11,Отделение №5,Активен,0.682
1464,230,Потребительский,688000.0,17.29,48,2024-03-01,Отделение №8,Активен,0.995
1465,483,Потребительский,772000.0,14.76,24,2024-05-16,Отделение №8,Активен,0.637
1466,759,Вексель,1534000.0,20.24,12,2024-07-17,Отделение №14,Закрыт,0.13
1467,348,Автокредит,2321000.0,11.8,36,2025-05-18,Отделение №2,Активен,0.95
1468,269,Автокредит,2494000.0,16.5,36,2025-12-20,Отделение №12,Активен,0.816
1469,71,Потребительский,677000.0,17.66,24,2023-06-19,Отделение №11,Закрыт,0.879
1470,668,Потребительский,279000.0,13.44,12,2023-08-29,Отделение №2,Просрочен,0.008
1471,718,Автокредит,1480000.0,10.25,60,2024-12-30,Отделение №6,Активен,0.553
1472,197,Потребительский,174000.0,16.04,48,2024-04-07,Отделение №8,Дефолт,0.087
1473,331,Потребительский,185000.0,15.04,36,2024-09-10,Отделение №6,Активен,0.26
1474,358,Автокредит,1091000.0,9.35,36,2025-03-16,Отделение №1,Активен,0.571
1475,423,Потребительский,514000.0,23.05,48,2024-02-23,Отделение №12,Активен,0.554
1476,249,Потребительский,90000.0,24.17,24,2025-09-27,Отделение №3,Активен,0.645
1477,32,Потребительский,566000.0,20.98,24,2024-06-26,Отделение №15,Активен,0.728
1478,70,Автокредит,1915000.0,12.5,36,2024-05-08,Отделение №10,Активен,0.173
1479,278,Кредитная карта,276000.0,22.72,12,2025-04-17,Отделение №12,Активен,0.955
1480,570,Ипотека,5270000.0,12.08,120,2025-08-04,Отделение №3,Активен,0.553
1481,276,Потребительский,175000.0,24.24,36,2025-12-09,Отделение №14,Активен,0.789
1482,245,Кредитная карта,85000.0,11.41,36,2024-12-23,Отделение №12,Активен,0.122
1483,477,Автокредит,2316000.0,9.47,60,2024-11-01,Отделение №4,Активен,0.393
1484,211,Кредитная карта,184000.0,17.13,24,2023-06-04,Отделение №8,Закрыт,0.953
1485,337,Автокредит,2285000.0,17.61,36,2024-07-04,Отделение №10,Активен,0.848
1486,645,Ипотека,3868000.0,7.79,180,2024-09-18,Отделение №4,Просрочен,0.055
1487,236,Вексель,3020000.0,10.44,12,2024-08-19,Отделение №14,Закрыт,0.708
1488,414,Потребительский,485000.0,9.25,24,2023-02-13,Отделение №13,Закрыт,0.812
1489,595,Кредитная карта,66000.0,19.92,24,2024-03-24,Отделение №1,Активен,0.726
1490,753,Автокредит,850000.0,20.5,24,2024-11-03,Отделение №13,Активен,0.489
1491,539,Кредитная карта,269000.0,15.81,36,2025-08-31,Отделение №6,Активен,0.569
1492,100,Вексель,3497000.0,15.96,9,2025-09-28,Отделение №11,Активен,0.185
1493,558,Автокредит,2803000.0,6.82,24,2023-02-18,Отделение №4,Закрыт,0.978
1494,486,Кредитная карта,204000.0,12.4,36,2025-03-21,Отделение №6,Активен,0.46
1495,585,Вексель,899000.0,23.03,6,2025-03-14,Отделение №1,Закрыт,0.868
1496,274,Вексель,3250000.0,20.29,6,2025-12-06,Отделение №2,Активен,0.664
1497,559,Потребительский,408000.0,17.76,24,2024-02-23,Отделение №1,Активен,0.196
1498,312,Автокредит,2980000.0,19.14,24,2025-10-04,Отделение №10,Активен,0.5
1499,517,Кредитная карта,69000.0,9.28,12,2025-07-20,Отделение №4,Активен,0.152
1500,64,Потребительский,700000.0,15.08,48,2025-04-01,Отделение №1,Активен,0.66
