payment_id,loan_id,due_date,amount_due,amount_paid,payment_status
1,1,2025-12-13,21681.91,21681.91,Оплачен вовремя
2,2,2025-12-20,4214.65,4214.65,Оплачен вовремя
3,3,2023-06-29,414720.62,414720.62,Оплачен вовремя
4,3,2023-07-29,414720.62,0.0,Не оплачен
5,3,2023-08-28,414720.62,414720.62,Оплачен вовремя
6,3,2023-09-27,414720.62,0.0,Не оплачен
7,3,2023-10-27,414720.62,414720.62,Оплачен вовремя
8,3,2023-11-26,414720.62,0.0,Не оплачен
9,3,2023-12-26,414720.62,414720.62,Оплачен вовремя
10,3,2024-01-25,414720.62,0.0,Не оплачен
11,3,2024-02-24,414720.62,414720.62,Просрочен
12,4,2025-06-25,6671.3,6671.3,Оплачен вовремя
13,4,2025-07-25,6671.3,6671.3,Оплачен вовремя
14,4,2025-08-24,6671.3,6671.3,Оплачен вовремя
15,4,2025-09-23,6671.3,6671.3,Оплачен вовремя
16,4,2025-10-23,6671.3,6671.3,Оплачен вовремя
17,4,2025-11-22,6671.3,6671.3,Оплачен вовремя
18,4,2025-12-22,6671.3,6671.3,Оплачен вовремя
19,5,2023-12-25,1373831.4,1373831.4,Оплачен вовремя
20,5,2024-01-24,1373831.4,1373831.4,Оплачен вовремя
21,5,2024-02-23,1373831.4,1373831.4,Оплачен вовремя
22,6,2025-05-03,251369.56,251369.56,Оплачен вовремя
23,6,2025-06-02,251369.56,251369.56,Оплачен вовремя
24,6,2025-07-02,251369.56,251369.56,Оплачен вовремя
25,7,2023-05-22,22478.8,22478.8,Оплачен вовремя
26,7,2023-06-21,22478.8,22478.8,Оплачен вовремя
27,7,2023-07-21,22478.8,22478.8,Оплачен вовремя
28,7,2023-08-20,22478.8,22478.8,Оплачен вовремя
29,7,2023-09-19,22478.8,22478.8,Оплачен вовремя
30,7,2023-10-19,22478.8,22478.8,Оплачен вовремя
31,7,2023-11-18,22478.8,22478.8,Оплачен вовремя
32,7,2023-12-18,22478.8,22478.8,Оплачен вовремя
33,7,2024-01-17,22478.8,22478.8,Оплачен вовремя
34,7,2024-02-16,22478.8,22478.8,Оплачен вовремя
35,7,2024-03-17,22478.8,22478.8,Оплачен вовремя
36,7,2024-04-16,22478.8,22478.8,Оплачен вовремя
37,9,2025-07-09,26730.24,26730.24,Оплачен вовремя
38,9,2025-08-08,26730.24,26730.24,Оплачен вовремя
39,9,2025-09-07,26730.24,26730.24,Оплачен вовремя
40,9,2025-10-07,26730.24,26730.24,Оплачен вовремя
41,9,2025-11-06,26730.24,26730.24,Оплачен вовремя
42,9,2025-12-06,26730.24,26730.24,Оплачен вовремя
43,10,2025-04-15,20342.5,20342.5,Оплачен вовремя
44,10,2025-05-15,20342.5,20342.5,Оплачен вовремя
45,10,2025-06-14,20342.5,20342.5,Оплачен вовремя
46,10,2025-07-14,20342.5,20342.5,Оплачен вовремя
47,10,2025-08-13,20342.5,20342.5,Оплачен вовремя
48,10,2025-09-12,20342.5,20342.5,Оплачен вовремя
49,10,2025-10-12,20342.5,20342.5,Оплачен вовремя
50,10,2025-11-11,20342.5,20342.5,Оплачен вовремя
51,10,2025-12-11,20342.5,20342.5,Оплачен вовремя
52,11,2022-05-19,8486.67,8486.67,Оплачен вовремя
53,11,2022-06-18,8486.67,8486.67,Оплачен вовремя
54,11,2022-07-18,8486.67,8486.67,Оплачен вовремя
55,11,2022-08-17,8486.67,0.0,Не оплачен
56,11,2022-09-16,8486.67,8486.67,Оплачен вовремя
57,11,2022-10-16,8486.67,8486.67,Оплачен вовремя
58,11,2022-11-15,8486.67,8486.67,Оплачен вовремя
59,11,2022-12-15,8486.67,8486.67,Просрочен
60,11,2023-01-14,8486.67,8486.67,Оплачен вовремя
61,11,2023-02-13,8486.67,8486.67,Оплачен вовремя
62,11,2023-03-15,8486.67,8486.67,Оплачен вовремя
63,11,2023-04-14,8486.67,8486.67,Оплачен вовремя
64,11,2023-05-14,8486.67,8486.67,Просрочен
65,11,2023-06-13,8486.67,8486.67,Оплачен вовремя
66,11,2023-07-13,8486.67,8486.67,Просрочен
67,11,2023-08-12,8486.67,8486.67,Просрочен
68,11,2023-09-11,8486.67,8486.67,Оплачен вовремя
69,11,2023-10-11,8486.67,8486.67,Оплачен вовремя
70,11,2023-11-10,8486.67,8486.67,Оплачен вовремя
71,11,2023-12-10,8486.67,8486.67,Оплачен вовремя
72,11,2024-01-09,8486.67,8486.67,Оплачен вовремя
73,11,2024-02-08,8486.67,8486.67,Просрочен
74,11,2024-03-09,8486.67,8486.67,Оплачен вовремя
75,11,2024-04-08,8486.67,8486.67,Просрочен
76,12,2024-07-12,5140.87,5140.87,Оплачен вовремя
77,12,2024-08-11,5140.87,5140.87,Оплачен вовремя
78,12,2024-09-10,5140.87,5140.87,Оплачен вовремя
79,12,2024-10-10,5140.87,5140.87,Оплачен вовремя
80,12,2024-11-09,5140.87,5140.87,Оплачен вовремя
81,12,2024-12-09,5140.87,5140.87,Оплачен вовремя
82,12,2025-01-08,5140.87,5140.87,Оплачен вовремя
83,12,2025-02-07,5140.87,5140.87,Оплачен вовремя
84,12,2025-03-09,5140.87,5140.87,Оплачен вовремя
85,12,2025-04-08,5140.87,5140.87,Оплачен вовремя
86,12,2025-05-08,5140.87,5140.87,Оплачен вовремя
87,12,2025-06-07,5140.87,5140.87,Оплачен вовремя
88,12,2025-07-07,5140.87,5140.87,Оплачен вовремя
89,12,2025-08-06,5140.87,5140.87,Оплачен вовремя
90,12,2025-09-05,5140.87,5140.87,Оплачен вовремя
91,12,2025-10-05,5140.87,5140.87,Оплачен вовремя
92,12,2025-11-04,5140.87,5140.87,Оплачен вовремя
93,12,2025-12-04,5140.87,5140.87,Оплачен вовремя
94,13,2024-08-25,6689.86,6689.86,Оплачен вовремя
95,13,2024-09-24,6689.86,6689.86,Оплачен вовремя
96,13,2024-10-24,6689.86,6689.86,Оплачен вовремя
97,13,2024-11-23,6689.86,6689.86,Оплачен вовремя
98,13,2024-12-23,6689.86,6689.86,Оплачен вовремя
99,13,2025-01-22,6689.86,6689.86,Оплачен вовремя
100,13,2025-02-21,6689.86,6689.86,Оплачен вовремя
101,13,2025-03-23,6689.86,6689.86,Оплачен вовремя
102,13,2025-04-22,6689.86,6689.86,Оплачен вовремя
103,13,2025-05-22,6689.86,6689.86,Оплачен вовремя
104,13,2025-06-21,6689.86,6689.86,Оплачен вовремя
105,13,2025-07-21,6689.86,6689.86,Оплачен вовремя
106,13,2025-08-20,6689.86,6689.86,Оплачен вовремя
107,13,2025-09-19,6689.86,6689.86,Оплачен вовремя
108,13,2025-10-19,6689.86,6689.86,Оплачен вовремя
109,13,2025-11-18,6689.86,6689.86,Оплачен вовремя
110,13,2025-12-18,6689.86,6689.86,Оплачен вовремя
111,14,2023-09-04,13106.38,13106.38,Оплачен вовремя
112,14,2023-10-04,13106.38,13106.38,Оплачен вовремя
113,14,2023-11-03,13106.38,13106.38,Оплачен вовремя
114,14,2023-12-03,13106.38,13106.38,Оплачен вовремя
115,14,2024-01-02,13106.38,13106.38,Оплачен вовремя
116,14,2024-02-01,13106.38,13106.38,Оплачен вовремя
117,14,2024-03-02,13106.38,13106.38,Оплачен вовремя
118,14,2024-04-01,13106.38,13106.38,Оплачен вовремя
119,14,2024-05-01,13106.38,13106.38,Оплачен вовремя
120,14,2024-05-31,13106.38,13106.38,Оплачен вовремя
121,14,2024-06-30,13106.38,13106.38,Оплачен вовремя
122,14,2024-07-30,13106.38,13106.38,Оплачен вовремя
123,14,2024-08-29,13106.38,13106.38,Оплачен вовремя
124,14,2024-09-28,13106.38,13106.38,Оплачен вовремя
125,14,2024-10-28,13106.38,13106.38,Оплачен вовремя
126,14,2024-11-27,13106.38,13106.38,Оплачен вовремя
127,14,2024-12-27,13106.38,13106.38,Оплачен вовремя
128,14,2025-01-26,13106.38,13106.38,Оплачен вовремя
129,14,2025-02-25,13106.38,13106.38,Оплачен вовремя
130,14,2025-03-27,13106.38,13106.38,Оплачен вовремя
131,14,2025-04-26,13106.38,13106.38,Оплачен вовремя
132,14,2025-05-26,13106.38,13106.38,Оплачен вовремя
133,14,2025-06-25,13106.38,13106.38,Оплачен вовремя
134,14,2025-07-25,13106.38,13106.38,Оплачен вовремя
135,15,2025-07-02,486541.61,0.0,Не оплачен
136,15,2025-08-01,486541.61,486541.61,Оплачен вовремя
137,15,2025-08-31,486541.61,486541.61,Просрочен
138,15,2025-09-30,486541.61,486541.61,Просрочен
139,15,2025-10-30,486541.61,486541.61,Оплачен вовремя
140,15,2025-11-29,486541.61,486541.61,Оплачен вовремя
141,16,2023-06-19,62854.48,62854.48,Оплачен вовремя
142,16,2023-07-19,62854.48,62854.48,Оплачен вовремя
143,16,2023-08-18,62854.48,62854.48,Оплачен вовремя
144,16,2023-09-17,62854.48,62854.48,Оплачен вовремя
145,16,2023-10-17,62854.48,62854.48,Оплачен вовремя
146,16,2023-11-16,62854.48,62854.48,Оплачен вовремя
147,16,2023-12-16,62854.48,62854.48,Оплачен вовремя
148,16,2024-01-15,62854.48,62854.48,Оплачен вовремя
149,16,2024-02-14,62854.48,62854.48,Оплачен вовремя
150,16,2024-03-15,62854.48,62854.48,Оплачен вовремя
151,16,2024-04-14,62854.48,62854.48,Оплачен вовремя
152,16,2024-05-14,62854.48,62854.48,Оплачен вовремя
153,16,2024-06-13,62854.48,62854.48,Оплачен вовремя
154,16,2024-07-13,62854.48,62854.48,Оплачен вовремя
155,16,2024-08-12,62854.48,62854.48,Оплачен вовремя
156,16,2024-09-11,62854.48,62854.48,Оплачен вовремя
157,16,2024-10-11,62854.48,62854.48,Оплачен вовремя
158,16,2024-11-10,62854.48,62854.48,Оплачен вовремя
159,16,2024-12-10,62854.48,62854.48,Оплачен вовремя
160,16,2025-01-09,62854.48,62854.48,Оплачен вовремя
161,16,2025-02-08,62854.48,62854.48,Оплачен вовремя
162,16,2025-03-10,62854.48,62854.48,Оплачен вовремя
163,16,2025-04-09,62854.48,62854.48,Оплачен вовремя
164,16,2025-05-09,62854.48,62854.48,Оплачен вовремя
165,17,2024-08-16,22160.85,22160.85,Оплачен вовремя
166,17,2024-09-15,22160.85,22160.85,Оплачен вовремя
167,17,2024-10-15,22160.85,22160.85,Оплачен вовремя
168,17,2024-11-14,22160.85,22160.85,Оплачен вовремя
169,17,2024-12-14,22160.85,22160.85,Оплачен вовремя
170,17,2025-01-13,22160.85,22160.85,Оплачен вовремя
171,17,2025-02-12,22160.85,22160.85,Оплачен вовремя
172,17,2025-03-14,22160.85,22160.85,Оплачен вовремя
173,17,2025-04-13,22160.85,22160.85,Оплачен вовремя
174,17,2025-05-13,22160.85,22160.85,Оплачен вовремя
175,17,2025-06-12,22160.85,22160.85,Оплачен вовремя
176,17,2025-07-12,22160.85,22160.85,Оплачен вовремя
177,18,2025-05-03,289493.98,289493.98,Оплачен вовремя
178,18,2025-06-02,289493.98,289493.98,Оплачен вовремя
179,18,2025-07-02,289493.98,289493.98,Оплачен вовремя
180,19,2024-11-09,46762.99,46762.99,Оплачен вовремя
181,19,2024-12-09,46762.99,46762.99,Оплачен вовремя
182,19,2025-01-08,46762.99,46762.99,Оплачен вовремя
183,19,2025-02-07,46762.99,46762.99,Оплачен вовремя
184,19,2025-03-09,46762.99,46762.99,Оплачен вовремя
185,19,2025-04-08,46762.99,46762.99,Оплачен вовремя
186,19,2025-05-08,46762.99,46762.99,Оплачен вовремя
187,19,2025-06-07,46762.99,46762.99,Оплачен вовремя
188,19,2025-07-07,46762.99,46762.99,Оплачен вовремя
189,19,2025-08-06,46762.99,46762.99,Оплачен вовремя
190,19,2025-09-05,46762.99,46762.99,Оплачен вовремя
191,19,2025-10-05,46762.99,46762.99,Оплачен вовремя
192,19,2025-11-04,46762.99,46762.99,Оплачен вовремя
193,19,2025-12-04,46762.99,46762.99,Оплачен вовремя
194,20,2023-04-08,25423.81,25423.81,Оплачен вовремя
195,20,2023-05-08,25423.81,25423.81,Оплачен вовремя
196,20,2023-06-07,25423.81,25423.81,Оплачен вовремя
197,20,2023-07-07,25423.81,25423.81,Оплачен вовремя
198,20,2023-08-06,25423.81,25423.81,Оплачен вовремя
199,20,2023-09-05,25423.81,25423.81,Оплачен вовремя
200,20,2023-10-05,25423.81,25423.81,Оплачен вовремя
201,20,2023-11-04,25423.81,25423.81,Оплачен вовремя
202,20,2023-12-04,25423.81,25423.81,Оплачен вовремя
203,20,2024-01-03,25423.81,25423.81,Оплачен вовремя
204,20,2024-02-02,25423.81,25423.81,Оплачен вовремя
205,20,2024-03-03,25423.81,25423.81,Оплачен вовремя
206,20,2024-04-02,25423.81,25423.81,Оплачен вовремя
207,20,2024-05-02,25423.81,25423.81,Оплачен вовремя
208,20,2024-06-01,25423.81,25423.81,Оплачен вовремя
209,20,2024-07-01,25423.81,25423.81,Оплачен вовремя
210,20,2024-07-31,25423.81,25423.81,Оплачен вовремя
211,20,2024-08-30,25423.81,25423.81,Оплачен вовремя
212,20,2024-09-29,25423.81,25423.81,Оплачен вовремя
213,20,2024-10-29,25423.81,25423.81,Оплачен вовремя
214,20,2024-11-28,25423.81,25423.81,Оплачен вовремя
215,20,2024-12-28,25423.81,25423.81,Оплачен вовремя
216,20,2025-01-27,25423.81,25423.81,Оплачен вовремя
217,20,2025-02-26,25423.81,25423.81,Оплачен вовремя
218,21,2025-07-12,7820.06,7820.06,Оплачен вовремя
219,21,2025-08-11,7820.06,7820.06,Оплачен вовремя
220,21,2025-09-10,7820.06,7820.06,Оплачен вовремя
221,21,2025-10-10,7820.06,7820.06,Оплачен вовремя
222,21,2025-11-09,7820.06,7820.06,Оплачен вовремя
223,21,2025-12-09,7820.06,7820.06,Оплачен вовремя
224,22,2022-11-29,4819.14,4819.14,Оплачен вовремя
225,22,2022-12-29,4819.14,4819.14,Оплачен вовремя
226,22,2023-01-28,4819.14,4819.14,Оплачен вовремя
227,22,2023-02-27,4819.14,4819.14,Оплачен вовремя
228,22,2023-03-29,4819.14,4819.14,Оплачен вовремя
229,22,2023-04-28,4819.14,4819.14,Оплачен вовремя
230,22,2023-05-28,4819.14,4819.14,Оплачен вовремя
231,22,2023-06-27,4819.14,4819.14,Оплачен вовремя
232,22,2023-07-27,4819.14,4819.14,Оплачен вовремя
233,22,2023-08-26,4819.14,4819.14,Оплачен вовремя
234,22,2023-09-25,4819.14,4819.14,Оплачен вовремя
235,22,2023-10-25,4819.14,4819.14,Оплачен вовремя
236,22,2023-11-24,4819.14,4819.14,Оплачен вовремя
237,22,2023-12-24,4819.14,4819.14,Оплачен вовремя
238,22,2024-01-23,4819.14,4819.14,Оплачен вовремя
239,22,2024-02-22,4819.14,4819.14,Оплачен вовремя
240,22,2024-03-23,4819.14,4819.14,Оплачен вовремя
241,22,2024-04-22,4819.14,4819.14,Оплачен вовремя
242,22,2024-05-22,4819.14,4819.14,Оплачен вовремя
243,22,2024-06-21,4819.14,4819.14,Оплачен вовремя
244,22,2024-07-21,4819.14,4819.14,Оплачен вовремя
245,22,2024-08-20,4819.14,4819.14,Оплачен вовремя
246,22,2024-09-19,4819.14,4819.14,Оплачен вовремя
247,22,2024-10-19,4819.14,4819.14,Оплачен вовремя
248,22,2024-11-18,4819.14,4819.14,Оплачен вовремя
249,22,2024-12-18,4819.14,4819.14,Оплачен вовремя
250,22,2025-01-17,4819.14,4819.14,Оплачен вовремя
251,22,2025-02-16,4819.14,4819.14,Оплачен вовремя
252,22,2025-03-18,4819.14,4819.14,Оплачен вовремя
253,22,2025-04-17,4819.14,4819.14,Оплачен вовремя
254,22,2025-05-17,4819.14,4819.14,Оплачен вовремя
255,22,2025-06-16,4819.14,4819.14,Оплачен вовремя
256,22,2025-07-16,4819.14,4819.14,Оплачен вовремя
257,22,2025-08-15,4819.14,4819.14,Оплачен вовремя
258,22,2025-09-14,4819.14,4819.14,Оплачен вовремя
259,22,2025-10-14,4819.14,4819.14,Оплачен вовремя
260,22,2025-11-13,4819.14,4819.14,Оплачен вовремя
261,22,2025-12-13,4819.14,4819.14,Оплачен вовремя
262,23,2023-10-09,251824.59,251824.59,Оплачен вовремя
263,23,2023-11-08,251824.59,251824.59,Оплачен вовремя
264,23,2023-12-08,251824.59,251824.59,Оплачен вовремя
265,23,2024-01-07,251824.59,251824.59,Оплачен вовремя
266,23,2024-02-06,251824.59,251824.59,Оплачен вовремя
267,23,2024-03-07,251824.59,251824.59,Оплачен вовремя
268,24,2024-02-05,274049.48,274049.48,Оплачен вовремя
269,24,2024-03-06,274049.48,274049.48,Оплачен вовремя
270,24,2024-04-05,274049.48,274049.48,Оплачен вовремя
271,24,2024-05-05,274049.48,274049.48,Оплачен вовремя
272,24,2024-06-04,274049.48,274049.48,Оплачен вовремя
273,24,2024-07-04,274049.48,274049.48,Оплачен вовремя
274,25,2024-10-02,8076.27,8076.27,Оплачен вовремя
275,25,2024-11-01,8076.27,8076.27,Оплачен вовремя
276,25,2024-12-01,8076.27,8076.27,Оплачен вовремя
277,25,2024-12-31,8076.27,8076.27,Оплачен вовремя
278,25,2025-01-30,8076.27,8076.27,Оплачен вовремя
279,25,2025-03-01,8076.27,8076.27,Оплачен вовремя
280,25,2025-03-31,8076.27,8076.27,Оплачен вовремя
281,25,2025-04-30,8076.27,8076.27,Оплачен вовремя
282,25,2025-05-30,8076.27,8076.27,Оплачен вовремя
283,25,2025-06-29,8076.27,8076.27,Оплачен вовремя
284,25,2025-07-29,8076.27,8076.27,Оплачен вовремя
285,25,2025-08-28,8076.27,8076.27,Оплачен вовремя
286,25,2025-09-27,8076.27,8076.27,Оплачен вовремя
287,25,2025-10-27,8076.27,8076.27,Оплачен вовремя
288,25,2025-11-26,8076.27,8076.27,Оплачен вовремя
289,26,2024-07-08,689241.58,689241.58,Оплачен вовремя
290,26,2024-08-07,689241.58,689241.58,Оплачен вовремя
291,26,2024-09-06,689241.58,689241.58,Оплачен вовремя
292,26,2024-10-06,689241.58,689241.58,Оплачен вовремя
293,26,2024-11-05,689241.58,689241.58,Оплачен вовремя
294,26,2024-12-05,689241.58,689241.58,Оплачен вовремя
295,27,2025-09-18,16847.7,16847.7,Оплачен вовремя
296,27,2025-10-18,16847.7,16847.7,Оплачен вовремя
297,27,2025-11-17,16847.7,16847.7,Оплачен вовремя
298,27,2025-12-17,16847.7,16847.7,Оплачен вовремя
299,28,2023-09-18,87885.24,87885.24,Оплачен вовремя
300,28,2023-10-18,87885.24,0.0,Не оплачен
301,28,2023-11-17,87885.24,87885.24,Оплачен вовремя
302,28,2023-12-17,87885.24,87885.24,Оплачен вовремя
303,28,2024-01-16,87885.24,87885.24,Оплачен вовремя
304,28,2024-02-15,87885.24,87885.24,Оплачен вовремя
305,28,2024-03-16,87885.24,87885.24,Оплачен вовремя
306,28,2024-04-15,87885.24,87885.24,Оплачен вовремя
307,28,2024-05-15,87885.24,87885.24,Оплачен вовремя
308,28,2024-06-14,87885.24,87885.24,Оплачен вовремя
309,28,2024-07-14,87885.24,87885.24,Оплачен вовремя
310,28,2024-08-13,87885.24,0.0,Не оплачен
311,28,2024-09-12,87885.24,87885.24,Оплачен вовремя
312,28,2024-10-12,87885.24,0.0,Не оплачен
313,28,2024-11-11,87885.24,87885.24,Оплачен вовремя
314,28,2024-12-11,87885.24,87885.24,Оплачен вовремя
315,28,2025-01-10,87885.24,87885.24,Оплачен вовремя
316,28,2025-02-09,87885.24,87885.24,Просрочен
317,28,2025-03-11,87885.24,87885.24,Оплачен вовремя
318,28,2025-04-10,87885.24,0.0,Не оплачен
319,28,2025-05-10,87885.24,87885.24,Оплачен вовремя
320,28,2025-06-09,87885.24,0.0,Не оплачен
321,28,2025-07-09,87885.24,87885.24,Оплачен вовремя
322,28,2025-08-08,87885.24,87885.24,Оплачен вовремя
323,29,2025-12-02,19739.64,19739.64,Оплачен вовремя
324,30,2022-05-13,64892.89,64892.89,Оплачен вовремя
325,30,2022-06-12,64892.89,64892.89,Оплачен вовремя
326,30,2022-07-12,64892.89,64892.89,Оплачен вовремя
327,30,2022-08-11,64892.89,64892.89,Оплачен вовремя
328,30,2022-09-10,64892.89,64892.89,Оплачен вовремя
329,30,2022-10-10,64892.89,64892.89,Оплачен вовремя
330,30,2022-11-09,64892.89,64892.89,Оплачен вовремя
331,30,2022-12-09,64892.89,64892.89,Оплачен вовремя
332,30,2023-01-08,64892.89,64892.89,Оплачен вовремя
333,30,2023-02-07,64892.89,64892.89,Оплачен вовремя
334,30,2023-03-09,64892.89,64892.89,Оплачен вовремя
335,30,2023-04-08,64892.89,64892.89,Оплачен вовремя
336,30,2023-05-08,64892.89,64892.89,Оплачен вовремя
337,30,2023-06-07,64892.89,64892.89,Оплачен вовремя
338,30,2023-07-07,64892.89,64892.89,Оплачен вовремя
339,30,2023-08-06,64892.89,64892.89,Оплачен вовремя
340,30,2023-09-05,64892.89,64892.89,Оплачен вовремя
341,30,2023-10-05,64892.89,64892.89,Оплачен вовремя
342,30,2023-11-04,64892.89,64892.89,Оплачен вовремя
343,30,2023-12-04,64892.89,64892.89,Оплачен вовремя
344,30,2024-01-03,64892.89,64892.89,Оплачен вовремя
345,30,2024-02-02,64892.89,64892.89,Оплачен вовремя
346,30,2024-03-03,64892.89,64892.89,Оплачен вовремя
347,30,2024-04-02,64892.89,64892.89,Оплачен вовремя
348,30,2024-05-02,64892.89,64892.89,Оплачен вовремя
349,30,2024-06-01,64892.89,64892.89,Оплачен вовремя
350,30,2024-07-01,64892.89,64892.89,Оплачен вовремя
351,30,2024-07-31,64892.89,64892.89,Оплачен вовремя
352,30,2024-08-30,64892.89,64892.89,Оплачен вовремя
353,30,2024-09-29,64892.89,64892.89,Оплачен вовремя
354,30,2024-10-29,64892.89,64892.89,Оплачен вовремя
355,30,2024-11-28,64892.89,64892.89,Оплачен вовремя
356,30,2024-12-28,64892.89,64892.89,Оплачен вовремя
357,30,2025-01-27,64892.89,64892.89,Оплачен вовремя
358,30,2025-02-26,64892.89,64892.89,Оплачен вовремя
359,30,2025-03-28,64892.89,64892.89,Оплачен вовремя
360,30,2025-04-27,64892.89,64892.89,Оплачен вовремя
361,30,2025-05-27,64892.89,64892.89,Оплачен вовремя
362,30,2025-06-26,64892.89,64892.89,Оплачен вовремя
363,30,2025-07-26,64892.89,64892.89,Оплачен вовремя
364,30,2025-08-25,64892.89,64892.89,Оплачен вовремя
365,30,2025-09-24,64892.89,64892.89,Оплачен вовремя
366,30,2025-10-24,64892.89,64892.89,Оплачен вовремя
367,30,2025-11-23,64892.89,64892.89,Оплачен вовремя
368,31,2024-01-28,15308.1,15308.1,Оплачен вовремя
369,31,2024-02-27,15308.1,15308.1,Просрочен
370,31,2024-03-28,15308.1,0.0,Не оплачен
371,31,2024-04-27,15308.1,15308.1,Оплачен вовремя
372,31,2024-05-27,15308.1,0.0,Не оплачен
373,31,2024-06-26,15308.1,15308.1,Оплачен вовремя
374,31,2024-07-26,15308.1,0.0,Не оплачен
375,31,2024-08-25,15308.1,15308.1,Оплачен вовремя
376,31,2024-09-24,15308.1,15308.1,Оплачен вовремя
377,31,2024-10-24,15308.1,15308.1,Оплачен вовремя
378,31,2024-11-23,15308.1,15308.1,Просрочен
379,31,2024-12-23,15308.1,15308.1,Оплачен вовремя
380,31,2025-01-22,15308.1,15308.1,Оплачен вовремя
381,31,2025-02-21,15308.1,15308.1,Оплачен вовремя
382,31,2025-03-23,15308.1,15308.1,Оплачен вовремя
383,31,2025-04-22,15308.1,15308.1,Просрочен
384,31,2025-05-22,15308.1,15308.1,Оплачен вовремя
385,31,2025-06-21,15308.1,15308.1,Оплачен вовремя
386,31,2025-07-21,15308.1,15308.1,Оплачен вовремя
387,31,2025-08-20,15308.1,15308.1,Оплачен вовремя
388,31,2025-09-19,15308.1,15308.1,Оплачен вовремя
389,31,2025-10-19,15308.1,15308.1,Оплачен вовремя
390,31,2025-11-18,15308.1,15308.1,Оплачен вовремя
391,31,2025-12-18,15308.1,15308.1,Оплачен вовремя
392,32,2025-06-02,12824.42,12824.42,Оплачен вовремя
393,32,2025-07-02,12824.42,12824.42,Оплачен вовремя
394,32,2025-08-01,12824.42,12824.42,Оплачен вовремя
395,32,2025-08-31,12824.42,12824.42,Оплачен вовремя
396,32,2025-09-30,12824.42,12824.42,Оплачен вовремя
397,32,2025-10-30,12824.42,12824.42,Оплачен вовремя
398,32,2025-11-29,12824.42,12824.42,Оплачен вовремя
399,33,2023-11-04,19950.19,19950.19,Оплачен вовремя
400,33,2023-12-04,19950.19,19950.19,Оплачен вовремя
401,33,2024-01-03,19950.19,19950.19,Оплачен вовремя
402,33,2024-02-02,19950.19,19950.19,Оплачен вовремя
403,33,2024-03-03,19950.19,19950.19,Оплачен вовремя
404,33,2024-04-02,19950.19,19950.19,Оплачен вовремя
405,33,2024-05-02,19950.19,19950.19,Оплачен вовремя
406,33,2024-06-01,19950.19,19950.19,Оплачен вовремя
407,33,2024-07-01,19950.19,19950.19,Оплачен вовремя
408,33,2024-07-31,19950.19,19950.19,Оплачен вовремя
409,33,2024-08-30,19950.19,19950.19,Оплачен вовремя
410,33,2024-09-29,19950.19,19950.19,Оплачен вовремя
411,33,2024-10-29,19950.19,19950.19,Оплачен вовремя
412,33,2024-11-28,19950.19,19950.19,Оплачен вовремя
413,33,2024-12-28,19950.19,19950.19,Оплачен вовремя
414,33,2025-01-27,19950.19,19950.19,Оплачен вовремя
415,33,2025-02-26,19950.19,19950.19,Оплачен вовремя
416,33,2025-03-28,19950.19,19950.19,Оплачен вовремя
417,33,2025-04-27,19950.19,19950.19,Оплачен вовремя
418,33,2025-05-27,19950.19,19950.19,Оплачен вовремя
419,33,2025-06-26,19950.19,19950.19,Оплачен вовремя
420,33,2025-07-26,19950.19,19950.19,Оплачен вовремя
421,33,2025-08-25,19950.19,19950.19,Оплачен вовремя
422,33,2025-09-24,19950.19,19950.19,Оплачен вовремя
423,33,2025-10-24,19950.19,19950.19,Оплачен вовремя
424,33,2025-11-23,19950.19,19950.19,Оплачен вовремя
425,34,2025-07-13,42354.89,0.0,Не оплачен
426,34,2025-08-12,42354.89,42354.89,Оплачен вовремя
427,34,2025-09-11,42354.89,42354.89,Оплачен вовремя
428,34,2025-10-11,42354.89,42354.89,Оплачен вовремя
429,34,2025-11-10,42354.89,42354.89,Просрочен
430,34,2025-12-10,42354.89,42354.89,Оплачен вовремя
431,35,2025-01-29,11628.31,11628.31,Оплачен вовремя
432,35,2025-02-28,11628.31,11628.31,Оплачен вовремя
433,35,2025-03-30,11628.31,11628.31,Оплачен вовремя
434,35,2025-04-29,11628.31,11628.31,Оплачен вовремя
435,35,2025-05-29,11628.31,11628.31,Оплачен вовремя
436,35,2025-06-28,11628.31,11628.31,Оплачен вовремя
437,35,2025-07-28,11628.31,11628.31,Оплачен вовремя
438,35,2025-08-27,11628.31,11628.31,Оплачен вовремя
439,35,2025-09-26,11628.31,11628.31,Оплачен вовремя
440,35,2025-10-26,11628.31,11628.31,Оплачен вовремя
441,35,2025-11-25,11628.31,11628.31,Оплачен вовремя
442,35,2025-12-25,11628.31,11628.31,Оплачен вовремя
443,36,2025-10-09,8671.91,8671.91,Оплачен вовремя
444,36,2025-11-08,8671.91,8671.91,Оплачен вовремя
445,36,2025-12-08,8671.91,8671.91,Оплачен вовремя
446,37,2025-12-15,18622.08,18622.08,Оплачен вовремя
447,38,2022-08-31,88902.12,88902.12,Оплачен вовремя
448,38,2022-09-30,88902.12,88902.12,Оплачен вовремя
449,38,2022-10-30,88902.12,88902.12,Оплачен вовремя
450,38,2022-11-29,88902.12,88902.12,Оплачен вовремя
451,38,2022-12-29,88902.12,88902.12,Оплачен вовремя
452,38,2023-01-28,88902.12,88902.12,Оплачен вовремя
453,39,2025-03-10,22168.66,22168.66,Оплачен вовремя
454,39,2025-04-09,22168.66,22168.66,Оплачен вовремя
455,39,2025-05-09,22168.66,22168.66,Оплачен вовремя
456,39,2025-06-08,22168.66,22168.66,Оплачен вовремя
457,39,2025-07-08,22168.66,22168.66,Оплачен вовремя
458,39,2025-08-07,22168.66,22168.66,Оплачен вовремя
459,39,2025-09-06,22168.66,22168.66,Оплачен вовремя
460,39,2025-10-06,22168.66,22168.66,Оплачен вовремя
461,39,2025-11-05,22168.66,22168.66,Оплачен вовремя
462,39,2025-12-05,22168.66,22168.66,Оплачен вовремя
463,40,2024-07-06,724698.92,724698.92,Оплачен вовремя
464,40,2024-08-05,724698.92,724698.92,Оплачен вовремя
465,40,2024-09-04,724698.92,724698.92,Оплачен вовремя
466,40,2024-10-04,724698.92,724698.92,Оплачен вовремя
467,40,2024-11-03,724698.92,724698.92,Оплачен вовремя
468,40,2024-12-03,724698.92,724698.92,Оплачен вовремя
469,42,2025-04-01,15888.35,15888.35,Оплачен вовремя
470,42,2025-05-01,15888.35,15888.35,Оплачен вовремя
471,42,2025-05-31,15888.35,15888.35,Оплачен вовремя
472,42,2025-06-30,15888.35,15888.35,Оплачен вовремя
473,42,2025-07-30,15888.35,15888.35,Оплачен вовремя
474,42,2025-08-29,15888.35,15888.35,Оплачен вовремя
475,42,2025-09-28,15888.35,15888.35,Оплачен вовремя
476,42,2025-10-28,15888.35,15888.35,Оплачен вовремя
477,42,2025-11-27,15888.35,15888.35,Оплачен вовремя
478,43,2024-05-31,2694.58,2694.58,Оплачен вовремя
479,43,2024-06-30,2694.58,2694.58,Оплачен вовремя
480,43,2024-07-30,2694.58,2694.58,Оплачен вовремя
481,43,2024-08-29,2694.58,2694.58,Оплачен вовремя
482,43,2024-09-28,2694.58,2694.58,Оплачен вовремя
483,43,2024-10-28,2694.58,2694.58,Оплачен вовремя
484,43,2024-11-27,2694.58,2694.58,Оплачен вовремя
485,43,2024-12-27,2694.58,2694.58,Оплачен вовремя
486,43,2025-01-26,2694.58,2694.58,Оплачен вовремя
487,43,2025-02-25,2694.58,2694.58,Оплачен вовремя
488,43,2025-03-27,2694.58,2694.58,Оплачен вовремя
489,43,2025-04-26,2694.58,2694.58,Оплачен вовремя
490,43,2025-05-26,2694.58,2694.58,Оплачен вовремя
491,43,2025-06-25,2694.58,2694.58,Оплачен вовремя
492,43,2025-07-25,2694.58,2694.58,Оплачен вовремя
493,43,2025-08-24,2694.58,2694.58,Оплачен вовремя
494,43,2025-09-23,2694.58,2694.58,Оплачен вовремя
495,43,2025-10-23,2694.58,2694.58,Оплачен вовремя
496,43,2025-11-22,2694.58,2694.58,Оплачен вовремя
497,44,2024-10-25,1684216.87,1684216.87,Оплачен вовремя
498,44,2024-11-24,1684216.87,1684216.87,Оплачен вовремя
499,44,2024-12-24,1684216.87,1684216.87,Оплачен вовремя
500,45,2024-11-22,36673.9,36673.9,Оплачен вовремя
501,45,2024-12-22,36673.9,36673.9,Оплачен вовремя
502,45,2025-01-21,36673.9,36673.9,Оплачен вовремя
503,45,2025-02-20,36673.9,36673.9,Оплачен вовремя
504,45,2025-03-22,36673.9,36673.9,Оплачен вовремя
505,45,2025-04-21,36673.9,36673.9,Оплачен вовремя
506,45,2025-05-21,36673.9,36673.9,Оплачен вовремя
507,45,2025-06-20,36673.9,36673.9,Оплачен вовремя
508,45,2025-07-20,36673.9,36673.9,Оплачен вовремя
509,45,2025-08-19,36673.9,36673.9,Оплачен вовремя
510,45,2025-09-18,36673.9,36673.9,Оплачен вовремя
511,45,2025-10-18,36673.9,36673.9,Оплачен вовремя
512,45,2025-11-17,36673.9,36673.9,Оплачен вовремя
513,45,2025-12-17,36673.9,36673.9,Оплачен вовремя
514,46,2025-09-19,38744.15,38744.15,Оплачен вовремя
515,46,2025-10-19,38744.15,38744.15,Оплачен вовремя
516,46,2025-11-18,38744.15,38744.15,Оплачен вовремя
517,46,2025-12-18,38744.15,38744.15,Оплачен вовремя
518,47,2025-12-29,35086.42,35086.42,Оплачен вовремя
519,48,2024-12-05,12946.05,12946.05,Оплачен вовремя
520,48,2025-01-04,12946.05,12946.05,Оплачен вовремя
521,48,2025-02-03,12946.05,12946.05,Оплачен вовремя
522,48,2025-03-05,12946.05,12946.05,Оплачен вовремя
523,48,2025-04-04,12946.05,12946.05,Оплачен вовремя
524,48,2025-05-04,12946.05,12946.05,Оплачен вовремя
525,48,2025-06-03,12946.05,12946.05,Оплачен вовремя
526,48,2025-07-03,12946.05,12946.05,Оплачен вовремя
527,48,2025-08-02,12946.05,12946.05,Оплачен вовремя
528,48,2025-09-01,12946.05,12946.05,Оплачен вовремя
529,48,2025-10-01,12946.05,12946.05,Оплачен вовремя
530,48,2025-10-31,12946.05,12946.05,Оплачен вовремя
531,48,2025-11-30,12946.05,12946.05,Оплачен вовремя
532,49,2025-10-17,7313.22,7313.22,Оплачен вовремя
533,49,2025-11-16,7313.22,7313.22,Оплачен вовремя
534,49,2025-12-16,7313.22,7313.22,Оплачен вовремя
535,50,2024-09-24,543103.67,543103.67,Оплачен вовремя
536,50,2024-10-24,543103.67,543103.67,Оплачен вовремя
537,50,2024-11-23,543103.67,543103.67,Оплачен вовремя
538,50,2024-12-23,543103.67,543103.67,Оплачен вовремя
539,50,2025-01-22,543103.67,543103.67,Оплачен вовремя
540,50,2025-02-21,543103.67,543103.67,Оплачен вовремя
541,50,2025-03-23,543103.67,543103.67,Оплачен вовремя
542,50,2025-04-22,543103.67,543103.67,Оплачен вовремя
543,50,2025-05-22,543103.67,543103.67,Оплачен вовремя
544,51,2025-10-28,47940.38,47940.38,Оплачен вовремя
545,51,2025-11-27,47940.38,47940.38,Оплачен вовремя
546,51,2025-12-27,47940.38,47940.38,Оплачен вовремя
547,52,2025-03-01,11144.49,11144.49,Оплачен вовремя
548,52,2025-03-31,11144.49,11144.49,Оплачен вовремя
549,52,2025-04-30,11144.49,11144.49,Оплачен вовремя
550,52,2025-05-30,11144.49,11144.49,Оплачен вовремя
551,52,2025-06-29,11144.49,11144.49,Оплачен вовремя
552,52,2025-07-29,11144.49,11144.49,Оплачен вовремя
553,52,2025-08-28,11144.49,11144.49,Оплачен вовремя
554,52,2025-09-27,11144.49,11144.49,Оплачен вовремя
555,52,2025-10-27,11144.49,11144.49,Оплачен вовремя
556,52,2025-11-26,11144.49,11144.49,Оплачен вовремя
557,52,2025-12-26,11144.49,11144.49,Оплачен вовремя
558,53,2024-07-20,5375.28,5375.28,Оплачен вовремя
559,53,2024-08-19,5375.28,5375.28,Оплачен вовремя
560,53,2024-09-18,5375.28,5375.28,Оплачен вовремя
561,53,2024-10-18,5375.28,5375.28,Оплачен вовремя
562,53,2024-11-17,5375.28,5375.28,Оплачен вовремя
563,53,2024-12-17,5375.28,5375.28,Оплачен вовремя
564,53,2025-01-16,5375.28,5375.28,Оплачен вовремя
565,53,2025-02-15,5375.28,5375.28,Оплачен вовремя
566,53,2025-03-17,5375.28,5375.28,Оплачен вовремя
567,53,2025-04-16,5375.28,5375.28,Оплачен вовремя
568,53,2025-05-16,5375.28,5375.28,Оплачен вовремя
569,53,2025-06-15,5375.28,5375.28,Оплачен вовремя
570,53,2025-07-15,5375.28,5375.28,Оплачен вовремя
571,53,2025-08-14,5375.28,5375.28,Оплачен вовремя
572,53,2025-09-13,5375.28,5375.28,Оплачен вовремя
573,53,2025-10-13,5375.28,5375.28,Оплачен вовремя
574,53,2025-11-12,5375.28,5375.28,Оплачен вовремя
575,53,2025-12-12,5375.28,5375.28,Оплачен вовремя
576,54,2023-12-23,3289.05,3289.05,Оплачен вовремя
577,54,2024-01-22,3289.05,3289.05,Оплачен вовремя
578,54,2024-02-21,3289.05,3289.05,Оплачен вовремя
579,54,2024-03-22,3289.05,3289.05,Оплачен вовремя
580,54,2024-04-21,3289.05,3289.05,Оплачен вовремя
581,54,2024-05-21,3289.05,3289.05,Оплачен вовремя
582,54,2024-06-20,3289.05,3289.05,Оплачен вовремя
583,54,2024-07-20,3289.05,3289.05,Оплачен вовремя
584,54,2024-08-19,3289.05,3289.05,Оплачен вовремя
585,54,2024-09-18,3289.05,3289.05,Оплачен вовремя
586,54,2024-10-18,3289.05,3289.05,Оплачен вовремя
587,54,2024-11-17,3289.05,3289.05,Оплачен вовремя
588,55,2024-11-12,35284.7,35284.7,Оплачен вовремя
589,55,2024-12-12,35284.7,35284.7,Оплачен вовремя
590,55,2025-01-11,35284.7,35284.7,Оплачен вовремя
591,55,2025-02-10,35284.7,35284.7,Оплачен вовремя
592,55,2025-03-12,35284.7,35284.7,Оплачен вовремя
593,55,2025-04-11,35284.7,35284.7,Оплачен вовремя
594,55,2025-05-11,35284.7,35284.7,Оплачен вовремя
595,55,2025-06-10,35284.7,35284.7,Оплачен вовремя
596,55,2025-07-10,35284.7,35284.7,Оплачен вовремя
597,55,2025-08-09,35284.7,35284.7,Оплачен вовремя
598,55,2025-09-08,35284.7,35284.7,Оплачен вовремя
599,55,2025-10-08,35284.7,35284.7,Оплачен вовремя
600,55,2025-11-07,35284.7,35284.7,Оплачен вовремя
601,55,2025-12-07,35284.7,35284.7,Оплачен вовремя
602,57,2024-01-19,88310.32,88310.32,Оплачен вовремя
603,57,2024-02-18,88310.32,88310.32,Оплачен вовремя
604,57,2024-03-19,88310.32,88310.32,Оплачен вовремя
605,57,2024-04-18,88310.32,88310.32,Оплачен вовремя
606,57,2024-05-18,88310.32,88310.32,Оплачен вовремя
607,57,2024-06-17,88310.32,88310.32,Оплачен вовремя
608,57,2024-07-17,88310.32,88310.32,Оплачен вовремя
609,57,2024-08-16,88310.32,88310.32,Оплачен вовремя
610,57,2024-09-15,88310.32,88310.32,Оплачен вовремя
611,57,2024-10-15,88310.32,88310.32,Оплачен вовремя
612,57,2024-11-14,88310.32,88310.32,Оплачен вовремя
613,57,2024-12-14,88310.32,88310.32,Оплачен вовремя
614,57,2025-01-13,88310.32,88310.32,Оплачен вовремя
615,57,2025-02-12,88310.32,88310.32,Оплачен вовремя
616,57,2025-03-14,88310.32,88310.32,Оплачен вовремя
617,57,2025-04-13,88310.32,88310.32,Оплачен вовремя
618,57,2025-05-13,88310.32,88310.32,Оплачен вовремя
619,57,2025-06-12,88310.32,88310.32,Оплачен вовремя
620,57,2025-07-12,88310.32,88310.32,Оплачен вовремя
621,57,2025-08-11,88310.32,88310.32,Оплачен вовремя
622,57,2025-09-10,88310.32,88310.32,Оплачен вовремя
623,57,2025-10-10,88310.32,88310.32,Оплачен вовремя
624,57,2025-11-09,88310.32,88310.32,Оплачен вовремя
625,57,2025-12-09,88310.32,88310.32,Оплачен вовремя
626,58,2025-12-18,21147.7,21147.7,Оплачен вовремя
627,60,2025-11-27,3053.93,3053.93,Оплачен вовремя
628,60,2025-12-27,3053.93,3053.93,Оплачен вовремя
629,61,2025-01-19,52243.0,52243.0,Оплачен вовремя
630,61,2025-02-18,52243.0,52243.0,Оплачен вовремя
631,61,2025-03-20,52243.0,52243.0,Оплачен вовремя
632,61,2025-04-19,52243.0,52243.0,Оплачен вовремя
633,61,2025-05-19,52243.0,52243.0,Оплачен вовремя
634,61,2025-06-18,52243.0,52243.0,Оплачен вовремя
635,61,2025-07-18,52243.0,52243.0,Оплачен вовремя
636,61,2025-08-17,52243.0,52243.0,Оплачен вовремя
637,61,2025-09-16,52243.0,52243.0,Оплачен вовремя
638,61,2025-10-16,52243.0,52243.0,Оплачен вовремя
639,61,2025-11-15,52243.0,52243.0,Оплачен вовремя
640,61,2025-12-15,52243.0,52243.0,Оплачен вовремя
641,62,2024-05-29,13100.23,13100.23,Оплачен вовремя
642,62,2024-06-28,13100.23,13100.23,Оплачен вовремя
643,62,2024-07-28,13100.23,13100.23,Оплачен вовремя
644,62,2024-08-27,13100.23,13100.23,Оплачен вовремя
645,62,2024-09-26,13100.23,13100.23,Оплачен вовремя
646,62,2024-10-26,13100.23,13100.23,Оплачен вовремя
647,62,2024-11-25,13100.23,13100.23,Оплачен вовремя
648,62,2024-12-25,13100.23,13100.23,Оплачен вовремя
649,62,2025-01-24,13100.23,13100.23,Оплачен вовремя
650,62,2025-02-23,13100.23,13100.23,Оплачен вовремя
651,62,2025-03-25,13100.23,13100.23,Оплачен вовремя
652,62,2025-04-24,13100.23,13100.23,Оплачен вовремя
653,62,2025-05-24,13100.23,13100.23,Оплачен вовремя
654,62,2025-06-23,13100.23,13100.23,Оплачен вовремя
655,62,2025-07-23,13100.23,13100.23,Оплачен вовремя
656,62,2025-08-22,13100.23,13100.23,Оплачен вовремя
657,62,2025-09-21,13100.23,13100.23,Оплачен вовремя
658,62,2025-10-21,13100.23,13100.23,Оплачен вовремя
659,62,2025-11-20,13100.23,13100.23,Оплачен вовремя
660,62,2025-12-20,13100.23,13100.23,Оплачен вовремя
661,63,2024-03-05,457120.66,457120.66,Оплачен вовремя
662,63,2024-04-04,457120.66,457120.66,Оплачен вовремя
663,63,2024-05-04,457120.66,457120.66,Оплачен вовремя
664,63,2024-06-03,457120.66,457120.66,Оплачен вовремя
665,63,2024-07-03,457120.66,457120.66,Оплачен вовремя
666,63,2024-08-02,457120.66,457120.66,Оплачен вовремя
667,64,2025-11-28,8059.65,8059.65,Оплачен вовремя
668,64,2025-12-28,8059.65,8059.65,Оплачен вовремя
669,65,2023-10-04,1218109.87,1218109.87,Оплачен вовремя
670,65,2023-11-03,1218109.87,1218109.87,Оплачен вовремя
671,65,2023-12-03,1218109.87,1218109.87,Оплачен вовремя
672,66,2025-10-14,8156.47,8156.47,Оплачен вовремя
673,66,2025-11-13,8156.47,8156.47,Оплачен вовремя
674,66,2025-12-13,8156.47,8156.47,Оплачен вовремя
675,67,2025-08-08,14724.16,14724.16,Оплачен вовремя
676,67,2025-09-07,14724.16,14724.16,Оплачен вовремя
677,67,2025-10-07,14724.16,14724.16,Оплачен вовремя
678,67,2025-11-06,14724.16,14724.16,Оплачен вовремя
679,67,2025-12-06,14724.16,14724.16,Оплачен вовремя
680,68,2024-01-05,9426.95,9426.95,Оплачен вовремя
681,68,2024-02-04,9426.95,9426.95,Оплачен вовремя
682,68,2024-03-05,9426.95,9426.95,Оплачен вовремя
683,68,2024-04-04,9426.95,9426.95,Оплачен вовремя
684,68,2024-05-04,9426.95,9426.95,Оплачен вовремя
685,68,2024-06-03,9426.95,9426.95,Оплачен вовремя
686,68,2024-07-03,9426.95,9426.95,Оплачен вовремя
687,68,2024-08-02,9426.95,9426.95,Оплачен вовремя
688,68,2024-09-01,9426.95,9426.95,Оплачен вовремя
689,68,2024-10-01,9426.95,9426.95,Оплачен вовремя
690,68,2024-10-31,9426.95,9426.95,Оплачен вовремя
691,68,2024-11-30,9426.95,9426.95,Оплачен вовремя
692,68,2024-12-30,9426.95,9426.95,Оплачен вовремя
693,68,2025-01-29,9426.95,9426.95,Оплачен вовремя
694,68,2025-02-28,9426.95,9426.95,Оплачен вовремя
695,68,2025-03-30,9426.95,9426.95,Оплачен вовремя
696,68,2025-04-29,9426.95,9426.95,Оплачен вовремя
697,68,2025-05-29,9426.95,9426.95,Оплачен вовремя
698,68,2025-06-28,9426.95,9426.95,Оплачен вовремя
699,68,2025-07-28,9426.95,9426.95,Оплачен вовремя
700,68,2025-08-27,9426.95,9426.95,Оплачен вовремя
701,68,2025-09-26,9426.95,9426.95,Оплачен вовремя
702,68,2025-10-26,9426.95,9426.95,Оплачен вовремя
703,68,2025-11-25,9426.95,9426.95,Оплачен вовремя
704,69,2024-08-01,13232.63,13232.63,Оплачен вовремя
705,69,2024-08-31,13232.63,13232.63,Оплачен вовремя
706,69,2024-09-30,13232.63,13232.63,Оплачен вовремя
707,69,2024-10-30,13232.63,13232.63,Оплачен вовремя
708,69,2024-11-29,13232.63,13232.63,Оплачен вовремя
709,69,2024-12-29,13232.63,13232.63,Оплачен вовремя
710,69,2025-01-28,13232.63,13232.63,Оплачен вовремя
711,69,2025-02-27,13232.63,13232.63,Оплачен вовремя
712,69,2025-03-29,13232.63,13232.63,Оплачен вовремя
713,69,2025-04-28,13232.63,13232.63,Оплачен вовремя
714,69,2025-05-28,13232.63,13232.63,Оплачен вовремя
715,69,2025-06-27,13232.63,13232.63,Оплачен вовремя
716,69,2025-07-27,13232.63,13232.63,Оплачен вовремя
717,69,2025-08-26,13232.63,13232.63,Оплачен вовремя
718,69,2025-09-25,13232.63,13232.63,Оплачен вовремя
719,69,2025-10-25,13232.63,13232.63,Оплачен вовремя
720,69,2025-11-24,13232.63,13232.63,Оплачен вовремя
721,70,2025-09-20,370364.1,370364.1,Оплачен вовремя
722,70,2025-10-20,370364.1,370364.1,Оплачен вовремя
723,70,2025-11-19,370364.1,370364.1,Оплачен вовремя
724,70,2025-12-19,370364.1,370364.1,Оплачен вовремя
725,71,2024-04-27,9563.96,9563.96,Оплачен вовремя
726,71,2024-05-27,9563.96,9563.96,Оплачен вовремя
727,71,2024-06-26,9563.96,9563.96,Оплачен вовремя
728,71,2024-07-26,9563.96,9563.96,Оплачен вовремя
729,71,2024-08-25,9563.96,9563.96,Оплачен вовремя
730,71,2024-09-24,9563.96,9563.96,Оплачен вовремя
731,71,2024-10-24,9563.96,9563.96,Оплачен вовремя
732,71,2024-11-23,9563.96,9563.96,Оплачен вовремя
733,71,2024-12-23,9563.96,9563.96,Оплачен вовремя
734,71,2025-01-22,9563.96,9563.96,Оплачен вовремя
735,71,2025-02-21,9563.96,9563.96,Оплачен вовремя
736,71,2025-03-23,9563.96,9563.96,Оплачен вовремя
737,71,2025-04-22,9563.96,9563.96,Оплачен вовремя
738,71,2025-05-22,9563.96,9563.96,Оплачен вовремя
739,71,2025-06-21,9563.96,9563.96,Оплачен вовремя
740,71,2025-07-21,9563.96,9563.96,Оплачен вовремя
741,71,2025-08-20,9563.96,9563.96,Оплачен вовремя
742,71,2025-09-19,9563.96,9563.96,Оплачен вовремя
743,71,2025-10-19,9563.96,9563.96,Оплачен вовремя
744,71,2025-11-18,9563.96,9563.96,Оплачен вовремя
745,71,2025-12-18,9563.96,9563.96,Оплачен вовремя
746,72,2025-08-24,12990.28,12990.28,Оплачен вовремя
747,72,2025-09-23,12990.28,12990.28,Оплачен вовремя
748,72,2025-10-23,12990.28,0.0,Не оплачен
749,72,2025-11-22,12990.28,0.0,Не оплачен
750,72,2025-12-22,12990.28,12990.28,Оплачен вовремя
751,73,2024-06-14,22813.54,22813.54,Оплачен вовремя
752,73,2024-07-14,22813.54,22813.54,Оплачен вовремя
753,73,2024-08-13,22813.54,22813.54,Оплачен вовремя
754,73,2024-09-12,22813.54,22813.54,Оплачен вовремя
755,73,2024-10-12,22813.54,22813.54,Оплачен вовремя
756,73,2024-11-11,22813.54,22813.54,Оплачен вовремя
757,73,2024-12-11,22813.54,22813.54,Оплачен вовремя
758,73,2025-01-10,22813.54,22813.54,Оплачен вовремя
759,73,2025-02-09,22813.54,22813.54,Оплачен вовремя
760,73,2025-03-11,22813.54,22813.54,Оплачен вовремя
761,73,2025-04-10,22813.54,22813.54,Оплачен вовремя
762,73,2025-05-10,22813.54,22813.54,Оплачен вовремя
763,73,2025-06-09,22813.54,22813.54,Оплачен вовремя
764,73,2025-07-09,22813.54,22813.54,Оплачен вовремя
765,73,2025-08-08,22813.54,22813.54,Оплачен вовремя
766,73,2025-09-07,22813.54,22813.54,Оплачен вовремя
767,73,2025-10-07,22813.54,22813.54,Оплачен вовремя
768,73,2025-11-06,22813.54,22813.54,Оплачен вовремя
769,73,2025-12-06,22813.54,22813.54,Оплачен вовремя
770,74,2025-05-10,153493.77,153493.77,Оплачен вовремя
771,74,2025-06-09,153493.77,153493.77,Оплачен вовремя
772,74,2025-07-09,153493.77,153493.77,Оплачен вовремя
773,74,2025-08-08,153493.77,153493.77,Оплачен вовремя
774,74,2025-09-07,153493.77,153493.77,Оплачен вовремя
775,74,2025-10-07,153493.77,153493.77,Оплачен вовремя
776,74,2025-11-06,153493.77,153493.77,Оплачен вовремя
777,74,2025-12-06,153493.77,153493.77,Оплачен вовремя
778,75,2025-04-27,65050.03,65050.03,Оплачен вовремя
779,75,2025-05-27,65050.03,65050.03,Оплачен вовремя
780,75,2025-06-26,65050.03,65050.03,Оплачен вовремя
781,75,2025-07-26,65050.03,65050.03,Оплачен вовремя
782,75,2025-08-25,65050.03,65050.03,Оплачен вовремя
783,75,2025-09-24,65050.03,65050.03,Оплачен вовремя
784,75,2025-10-24,65050.03,65050.03,Оплачен вовремя
785,75,2025-11-23,65050.03,65050.03,Оплачен вовремя
786,75,2025-12-23,65050.03,65050.03,Оплачен вовремя
787,76,2025-10-24,5152.42,5152.42,Оплачен вовремя
788,76,2025-11-23,5152.42,5152.42,Оплачен вовремя
789,76,2025-12-23,5152.42,5152.42,Оплачен вовремя
790,77,2024-03-14,23223.37,23223.37,Оплачен вовремя
791,77,2024-04-13,23223.37,23223.37,Оплачен вовремя
792,77,2024-05-13,23223.37,23223.37,Оплачен вовремя
793,77,2024-06-12,23223.37,23223.37,Оплачен вовремя
794,77,2024-07-12,23223.37,23223.37,Оплачен вовремя
795,77,2024-08-11,23223.37,23223.37,Оплачен вовремя
796,77,2024-09-10,23223.37,23223.37,Оплачен вовремя
797,77,2024-10-10,23223.37,23223.37,Оплачен вовремя
798,77,2024-11-09,23223.37,23223.37,Оплачен вовремя
799,77,2024-12-09,23223.37,23223.37,Оплачен вовремя
800,77,2025-01-08,23223.37,23223.37,Оплачен вовремя
801,77,2025-02-07,23223.37,23223.37,Оплачен вовремя
802,77,2025-03-09,23223.37,23223.37,Оплачен вовремя
803,77,2025-04-08,23223.37,23223.37,Оплачен вовремя
804,77,2025-05-08,23223.37,23223.37,Оплачен вовремя
805,77,2025-06-07,23223.37,23223.37,Оплачен вовремя
806,77,2025-07-07,23223.37,23223.37,Оплачен вовремя
807,77,2025-08-06,23223.37,23223.37,Оплачен вовремя
808,77,2025-09-05,23223.37,23223.37,Оплачен вовремя
809,77,2025-10-05,23223.37,23223.37,Оплачен вовремя
810,77,2025-11-04,23223.37,23223.37,Оплачен вовремя
811,77,2025-12-04,23223.37,23223.37,Оплачен вовремя
812,78,2024-08-18,18900.66,18900.66,Оплачен вовремя
813,78,2024-09-17,18900.66,18900.66,Оплачен вовремя
814,78,2024-10-17,18900.66,18900.66,Оплачен вовремя
815,78,2024-11-16,18900.66,18900.66,Оплачен вовремя
816,78,2024-12-16,18900.66,18900.66,Оплачен вовремя
817,78,2025-01-15,18900.66,18900.66,Оплачен вовремя
818,78,2025-02-14,18900.66,18900.66,Оплачен вовремя
819,78,2025-03-16,18900.66,18900.66,Оплачен вовремя
820,78,2025-04-15,18900.66,18900.66,Оплачен вовремя
821,78,2025-05-15,18900.66,18900.66,Оплачен вовремя
822,78,2025-06-14,18900.66,18900.66,Оплачен вовремя
823,78,2025-07-14,18900.66,18900.66,Оплачен вовремя
824,78,2025-08-13,18900.66,18900.66,Оплачен вовремя
825,78,2025-09-12,18900.66,18900.66,Оплачен вовремя
826,78,2025-10-12,18900.66,18900.66,Оплачен вовремя
827,78,2025-11-11,18900.66,18900.66,Оплачен вовремя
828,78,2025-12-11,18900.66,18900.66,Оплачен вовремя
829,79,2022-11-19,9863.86,9863.86,Оплачен вовремя
830,79,2022-12-19,9863.86,9863.86,Оплачен вовремя
831,79,2023-01-18,9863.86,9863.86,Оплачен вовремя
832,79,2023-02-17,9863.86,9863.86,Оплачен вовремя
833,79,2023-03-19,9863.86,9863.86,Оплачен вовремя
834,79,2023-04-18,9863.86,9863.86,Оплачен вовремя
835,79,2023-05-18,9863.86,9863.86,Оплачен вовремя
836,79,2023-06-17,9863.86,9863.86,Оплачен вовремя
837,79,2023-07-17,9863.86,9863.86,Оплачен вовремя
838,79,2023-08-16,9863.86,9863.86,Оплачен вовремя
839,79,2023-09-15,9863.86,9863.86,Оплачен вовремя
840,79,2023-10-15,9863.86,9863.86,Оплачен вовремя
841,79,2023-11-14,9863.86,9863.86,Оплачен вовремя
842,79,2023-12-14,9863.86,9863.86,Оплачен вовремя
843,79,2024-01-13,9863.86,9863.86,Оплачен вовремя
844,79,2024-02-12,9863.86,9863.86,Оплачен вовремя
845,79,2024-03-13,9863.86,9863.86,Оплачен вовремя
846,79,2024-04-12,9863.86,9863.86,Оплачен вовремя
847,79,2024-05-12,9863.86,9863.86,Оплачен вовремя
848,79,2024-06-11,9863.86,9863.86,Оплачен вовремя
849,79,2024-07-11,9863.86,9863.86,Оплачен вовремя
850,79,2024-08-10,9863.86,9863.86,Оплачен вовремя
851,79,2024-09-09,9863.86,9863.86,Оплачен вовремя
852,79,2024-10-09,9863.86,9863.86,Оплачен вовремя
853,79,2024-11-08,9863.86,9863.86,Оплачен вовремя
854,79,2024-12-08,9863.86,9863.86,Оплачен вовремя
855,79,2025-01-07,9863.86,9863.86,Оплачен вовремя
856,79,2025-02-06,9863.86,9863.86,Оплачен вовремя
857,79,2025-03-08,9863.86,9863.86,Оплачен вовремя
858,79,2025-04-07,9863.86,9863.86,Оплачен вовремя
859,79,2025-05-07,9863.86,9863.86,Оплачен вовремя
860,79,2025-06-06,9863.86,9863.86,Оплачен вовремя
861,79,2025-07-06,9863.86,9863.86,Оплачен вовремя
862,79,2025-08-05,9863.86,9863.86,Оплачен вовремя
863,79,2025-09-04,9863.86,9863.86,Оплачен вовремя
864,79,2025-10-04,9863.86,9863.86,Оплачен вовремя
865,79,2025-11-03,9863.86,9863.86,Оплачен вовремя
866,79,2025-12-03,9863.86,9863.86,Оплачен вовремя
867,80,2025-08-04,175233.28,175233.28,Оплачен вовремя
868,80,2025-09-03,175233.28,175233.28,Оплачен вовремя
869,80,2025-10-03,175233.28,175233.28,Оплачен вовремя
870,80,2025-11-02,175233.28,175233.28,Оплачен вовремя
871,80,2025-12-02,175233.28,175233.28,Оплачен вовремя
872,81,2023-04-09,398351.04,398351.04,Оплачен вовремя
873,81,2023-05-09,398351.04,398351.04,Оплачен вовремя
874,81,2023-06-08,398351.04,398351.04,Оплачен вовремя
875,81,2023-07-08,398351.04,398351.04,Оплачен вовремя
876,81,2023-08-07,398351.04,398351.04,Оплачен вовремя
877,81,2023-09-06,398351.04,398351.04,Оплачен вовремя
878,81,2023-10-06,398351.04,398351.04,Оплачен вовремя
879,81,2023-11-05,398351.04,398351.04,Оплачен вовремя
880,81,2023-12-05,398351.04,398351.04,Оплачен вовремя
881,81,2024-01-04,398351.04,398351.04,Оплачен вовремя
882,81,2024-02-03,398351.04,398351.04,Оплачен вовремя
883,81,2024-03-04,398351.04,398351.04,Оплачен вовремя
884,82,2025-12-23,98177.7,98177.7,Оплачен вовремя
885,83,2025-06-16,39805.72,39805.72,Оплачен вовремя
886,83,2025-07-16,39805.72,39805.72,Оплачен вовремя
887,83,2025-08-15,39805.72,39805.72,Оплачен вовремя
888,83,2025-09-14,39805.72,39805.72,Оплачен вовремя
889,83,2025-10-14,39805.72,39805.72,Оплачен вовремя
890,83,2025-11-13,39805.72,39805.72,Оплачен вовремя
891,83,2025-12-13,39805.72,39805.72,Оплачен вовремя
892,84,2025-08-15,14183.6,14183.6,Оплачен вовремя
893,84,2025-09-14,14183.6,14183.6,Оплачен вовремя
894,84,2025-10-14,14183.6,14183.6,Оплачен вовремя
895,84,2025-11-13,14183.6,14183.6,Оплачен вовремя
896,84,2025-12-13,14183.6,14183.6,Оплачен вовремя
897,85,2024-03-25,3009.91,3009.91,Оплачен вовремя
898,85,2024-04-24,3009.91,3009.91,Оплачен вовремя
899,85,2024-05-24,3009.91,3009.91,Оплачен вовремя
900,85,2024-06-23,3009.91,3009.91,Оплачен вовремя
901,85,2024-07-23,3009.91,3009.91,Оплачен вовремя
902,85,2024-08-22,3009.91,3009.91,Оплачен вовремя
903,85,2024-09-21,3009.91,3009.91,Оплачен вовремя
904,85,2024-10-21,3009.91,3009.91,Оплачен вовремя
905,85,2024-11-20,3009.91,3009.91,Оплачен вовремя
906,85,2024-12-20,3009.91,3009.91,Оплачен вовремя
907,85,2025-01-19,3009.91,3009.91,Оплачен вовремя
908,85,2025-02-18,3009.91,3009.91,Оплачен вовремя
909,85,2025-03-20,3009.91,3009.91,Оплачен вовремя
910,85,2025-04-19,3009.91,3009.91,Оплачен вовремя
911,85,2025-05-19,3009.91,3009.91,Оплачен вовремя
912,85,2025-06-18,3009.91,3009.91,Оплачен вовремя
913,85,2025-07-18,3009.91,3009.91,Оплачен вовремя
914,85,2025-08-17,3009.91,3009.91,Оплачен вовремя
915,85,2025-09-16,3009.91,3009.91,Оплачен вовремя
916,85,2025-10-16,3009.91,3009.91,Оплачен вовремя
917,85,2025-11-15,3009.91,3009.91,Оплачен вовремя
918,85,2025-12-15,3009.91,3009.91,Оплачен вовремя
919,86,2025-01-05,22904.44,22904.44,Оплачен вовремя
920,86,2025-02-04,22904.44,22904.44,Оплачен вовремя
921,86,2025-03-06,22904.44,22904.44,Оплачен вовремя
922,86,2025-04-05,22904.44,22904.44,Оплачен вовремя
923,86,2025-05-05,22904.44,22904.44,Оплачен вовремя
924,86,2025-06-04,22904.44,22904.44,Оплачен вовремя
925,86,2025-07-04,22904.44,22904.44,Оплачен вовремя
926,86,2025-08-03,22904.44,22904.44,Оплачен вовремя
927,86,2025-09-02,22904.44,22904.44,Оплачен вовремя
928,86,2025-10-02,22904.44,22904.44,Оплачен вовремя
929,86,2025-11-01,22904.44,22904.44,Оплачен вовремя
930,86,2025-12-01,22904.44,22904.44,Оплачен вовремя
931,87,2024-11-12,24307.0,24307.0,Оплачен вовремя
932,87,2024-12-12,24307.0,24307.0,Оплачен вовремя
933,87,2025-01-11,24307.0,24307.0,Оплачен вовремя
934,87,2025-02-10,24307.0,24307.0,Оплачен вовремя
935,87,2025-03-12,24307.0,24307.0,Оплачен вовремя
936,87,2025-04-11,24307.0,24307.0,Оплачен вовремя
937,87,2025-05-11,24307.0,24307.0,Оплачен вовремя
938,87,2025-06-10,24307.0,24307.0,Оплачен вовремя
939,87,2025-07-10,24307.0,24307.0,Оплачен вовремя
940,87,2025-08-09,24307.0,24307.0,Оплачен вовремя
941,87,2025-09-08,24307.0,24307.0,Оплачен вовремя
942,87,2025-10-08,24307.0,24307.0,Оплачен вовремя
943,87,2025-11-07,24307.0,24307.0,Оплачен вовремя
944,87,2025-12-07,24307.0,24307.0,Оплачен вовремя
945,88,2025-06-24,10116.48,10116.48,Оплачен вовремя
946,88,2025-07-24,10116.48,10116.48,Оплачен вовремя
947,88,2025-08-23,10116.48,10116.48,Оплачен вовремя
948,88,2025-09-22,10116.48,10116.48,Оплачен вовремя
949,88,2025-10-22,10116.48,10116.48,Оплачен вовремя
950,88,2025-11-21,10116.48,10116.48,Оплачен вовремя
951,88,2025-12-21,10116.48,10116.48,Оплачен вовремя
952,89,2024-10-27,22068.44,22068.44,Оплачен вовремя
953,89,2024-11-26,22068.44,22068.44,Оплачен вовремя
954,89,2024-12-26,22068.44,22068.44,Оплачен вовремя
955,89,2025-01-25,22068.44,22068.44,Оплачен вовремя
956,89,2025-02-24,22068.44,22068.44,Оплачен вовремя
957,89,2025-03-26,22068.44,22068.44,Оплачен вовремя
958,89,2025-04-25,22068.44,22068.44,Оплачен вовремя
959,89,2025-05-25,22068.44,22068.44,Оплачен вовремя
960,89,2025-06-24,22068.44,22068.44,Оплачен вовремя
961,89,2025-07-24,22068.44,22068.44,Оплачен вовремя
962,89,2025-08-23,22068.44,22068.44,Оплачен вовремя
963,89,2025-09-22,22068.44,22068.44,Оплачен вовремя
964,89,2025-10-22,22068.44,22068.44,Оплачен вовремя
965,89,2025-11-21,22068.44,22068.44,Оплачен вовремя
966,89,2025-12-21,22068.44,22068.44,Оплачен вовремя
967,90,2024-01-16,34330.61,34330.61,Оплачен вовремя
968,90,2024-02-15,34330.61,34330.61,Оплачен вовремя
969,90,2024-03-16,34330.61,34330.61,Оплачен вовремя
970,90,2024-04-15,34330.61,34330.61,Оплачен вовремя
971,90,2024-05-15,34330.61,34330.61,Оплачен вовремя
972,90,2024-06-14,34330.61,34330.61,Оплачен вовремя
973,90,2024-07-14,34330.61,34330.61,Оплачен вовремя
974,90,2024-08-13,34330.61,34330.61,Оплачен вовремя
975,90,2024-09-12,34330.61,34330.61,Оплачен вовремя
976,90,2024-10-12,34330.61,34330.61,Оплачен вовремя
977,90,2024-11-11,34330.61,34330.61,Оплачен вовремя
978,90,2024-12-11,34330.61,34330.61,Оплачен вовремя
979,90,2025-01-10,34330.61,34330.61,Оплачен вовремя
980,90,2025-02-09,34330.61,34330.61,Оплачен вовремя
981,90,2025-03-11,34330.61,34330.61,Оплачен вовремя
982,90,2025-04-10,34330.61,34330.61,Оплачен вовремя
983,90,2025-05-10,34330.61,34330.61,Оплачен вовремя
984,90,2025-06-09,34330.61,34330.61,Оплачен вовремя
985,90,2025-07-09,34330.61,34330.61,Оплачен вовремя
986,90,2025-08-08,34330.61,34330.61,Оплачен вовремя
987,90,2025-09-07,34330.61,34330.61,Оплачен вовремя
988,90,2025-10-07,34330.61,34330.61,Оплачен вовремя
989,90,2025-11-06,34330.61,34330.61,Оплачен вовремя
990,90,2025-12-06,34330.61,34330.61,Оплачен вовремя
991,91,2023-11-30,7614.88,7614.88,Оплачен вовремя
992,91,2023-12-30,7614.88,7614.88,Оплачен вовремя
993,91,2024-01-29,7614.88,7614.88,Оплачен вовремя
994,91,2024-02-28,7614.88,7614.88,Оплачен вовремя
995,91,2024-03-29,7614.88,7614.88,Оплачен вовремя
996,91,2024-04-28,7614.88,7614.88,Оплачен вовремя
997,91,2024-05-28,7614.88,7614.88,Оплачен вовремя
998,91,2024-06-27,7614.88,7614.88,Оплачен вовремя
999,91,2024-07-27,7614.88,7614.88,Оплачен вовремя
1000,91,2024-08-26,7614.88,7614.88,Оплачен вовремя
1001,91,2024-09-25,7614.88,7614.88,Оплачен вовремя
1002,91,2024-10-25,7614.88,7614.88,Оплачен вовремя
1003,91,2024-11-24,7614.88,7614.88,Оплачен вовремя
1004,91,2024-12-24,7614.88,7614.88,Оплачен вовремя
1005,91,2025-01-23,7614.88,7614.88,Оплачен вовремя
1006,91,2025-02-22,7614.88,7614.88,Оплачен вовремя
1007,91,2025-03-24,7614.88,7614.88,Оплачен вовремя
1008,91,2025-04-23,7614.88,7614.88,Оплачен вовремя
1009,91,2025-05-23,7614.88,7614.88,Оплачен вовремя
1010,91,2025-06-22,7614.88,7614.88,Оплачен вовремя
1011,91,2025-07-22,7614.88,7614.88,Оплачен вовремя
1012,91,2025-08-21,7614.88,7614.88,Оплачен вовремя
1013,91,2025-09-20,7614.88,7614.88,Оплачен вовремя
1014,91,2025-10-20,7614.88,7614.88,Оплачен вовремя
1015,91,2025-11-19,7614.88,7614.88,Оплачен вовремя
1016,91,2025-12-19,7614.88,7614.88,Оплачен вовремя
1017,92,2025-03-25,14750.17,14750.17,Оплачен вовремя
1018,92,2025-04-24,14750.17,14750.17,Оплачен вовремя
1019,92,2025-05-24,14750.17,14750.17,Оплачен вовремя
1020,92,2025-06-23,14750.17,14750.17,Оплачен вовремя
1021,92,2025-07-23,14750.17,14750.17,Оплачен вовремя
1022,92,2025-08-22,14750.17,14750.17,Оплачен вовремя
1023,92,2025-09-21,14750.17,14750.17,Оплачен вовремя
1024,92,2025-10-21,14750.17,14750.17,Оплачен вовремя
1025,92,2025-11-20,14750.17,14750.17,Оплачен вовремя
1026,92,2025-12-20,14750.17,14750.17,Оплачен вовремя
1027,93,2025-04-12,43408.01,43408.01,Оплачен вовремя
1028,93,2025-05-12,43408.01,43408.01,Оплачен вовремя
1029,93,2025-06-11,43408.01,43408.01,Оплачен вовремя
1030,93,2025-07-11,43408.01,43408.01,Оплачен вовремя
1031,93,2025-08-10,43408.01,43408.01,Оплачен вовремя
1032,93,2025-09-09,43408.01,43408.01,Оплачен вовремя
1033,93,2025-10-09,43408.01,43408.01,Оплачен вовремя
1034,93,2025-11-08,43408.01,43408.01,Оплачен вовремя
1035,93,2025-12-08,43408.01,43408.01,Оплачен вовремя
1036,94,2023-05-23,1756.97,1756.97,Оплачен вовремя
1037,94,2023-06-22,1756.97,1756.97,Оплачен вовремя
1038,94,2023-07-22,1756.97,1756.97,Оплачен вовремя
1039,94,2023-08-21,1756.97,1756.97,Оплачен вовремя
1040,94,2023-09-20,1756.97,1756.97,Оплачен вовремя
1041,94,2023-10-20,1756.97,1756.97,Оплачен вовремя
1042,94,2023-11-19,1756.97,1756.97,Оплачен вовремя
1043,94,2023-12-19,1756.97,1756.97,Оплачен вовремя
1044,94,2024-01-18,1756.97,1756.97,Оплачен вовремя
1045,94,2024-02-17,1756.97,1756.97,Оплачен вовремя
1046,94,2024-03-18,1756.97,1756.97,Оплачен вовремя
1047,94,2024-04-17,1756.97,1756.97,Оплачен вовремя
1048,94,2024-05-17,1756.97,1756.97,Оплачен вовремя
1049,94,2024-06-16,1756.97,1756.97,Оплачен вовремя
1050,94,2024-07-16,1756.97,1756.97,Оплачен вовремя
1051,94,2024-08-15,1756.97,1756.97,Оплачен вовремя
1052,94,2024-09-14,1756.97,1756.97,Оплачен вовремя
1053,94,2024-10-14,1756.97,1756.97,Оплачен вовремя
1054,94,2024-11-13,1756.97,1756.97,Оплачен вовремя
1055,94,2024-12-13,1756.97,1756.97,Оплачен вовремя
1056,94,2025-01-12,1756.97,1756.97,Оплачен вовремя
1057,94,2025-02-11,1756.97,1756.97,Оплачен вовремя
1058,94,2025-03-13,1756.97,1756.97,Оплачен вовремя
1059,94,2025-04-12,1756.97,1756.97,Оплачен вовремя
1060,94,2025-05-12,1756.97,1756.97,Оплачен вовремя
1061,94,2025-06-11,1756.97,1756.97,Оплачен вовремя
1062,94,2025-07-11,1756.97,1756.97,Оплачен вовремя
1063,94,2025-08-10,1756.97,1756.97,Оплачен вовремя
1064,94,2025-09-09,1756.97,1756.97,Оплачен вовремя
1065,94,2025-10-09,1756.97,1756.97,Оплачен вовремя
1066,94,2025-11-08,1756.97,1756.97,Оплачен вовремя
1067,94,2025-12-08,1756.97,1756.97,Оплачен вовремя
1068,95,2023-07-21,12277.11,12277.11,Оплачен вовремя
1069,95,2023-08-20,12277.11,12277.11,Оплачен вовремя
1070,95,2023-09-19,12277.11,12277.11,Оплачен вовремя
1071,95,2023-10-19,12277.11,12277.11,Оплачен вовремя
1072,95,2023-11-18,12277.11,12277.11,Оплачен вовремя
1073,95,2023-12-18,12277.11,12277.11,Оплачен вовремя
1074,95,2024-01-17,12277.11,12277.11,Оплачен вовремя
1075,95,2024-02-16,12277.11,12277.11,Оплачен вовремя
1076,95,2024-03-17,12277.11,12277.11,Оплачен вовремя
1077,95,2024-04-16,12277.11,12277.11,Оплачен вовремя
1078,95,2024-05-16,12277.11,12277.11,Оплачен вовремя
1079,95,2024-06-15,12277.11,12277.11,Оплачен вовремя
1080,95,2024-07-15,12277.11,12277.11,Оплачен вовремя
1081,95,2024-08-14,12277.11,12277.11,Оплачен вовремя
1082,95,2024-09-13,12277.11,12277.11,Оплачен вовремя
1083,95,2024-10-13,12277.11,12277.11,Оплачен вовремя
1084,95,2024-11-12,12277.11,12277.11,Оплачен вовремя
1085,95,2024-12-12,12277.11,12277.11,Оплачен вовремя
1086,95,2025-01-11,12277.11,12277.11,Оплачен вовремя
1087,95,2025-02-10,12277.11,12277.11,Оплачен вовремя
1088,95,2025-03-12,12277.11,12277.11,Оплачен вовремя
1089,95,2025-04-11,12277.11,12277.11,Оплачен вовремя
1090,95,2025-05-11,12277.11,12277.11,Оплачен вовремя
1091,95,2025-06-10,12277.11,12277.11,Оплачен вовремя
1092,95,2025-07-10,12277.11,12277.11,Оплачен вовремя
1093,95,2025-08-09,12277.11,12277.11,Оплачен вовремя
1094,95,2025-09-08,12277.11,12277.11,Оплачен вовремя
1095,95,2025-10-08,12277.11,12277.11,Оплачен вовремя
1096,95,2025-11-07,12277.11,12277.11,Оплачен вовремя
1097,95,2025-12-07,12277.11,12277.11,Оплачен вовремя
1098,96,2023-12-28,70763.82,70763.82,Оплачен вовремя
1099,96,2024-01-27,70763.82,70763.82,Оплачен вовремя
1100,96,2024-02-26,70763.82,70763.82,Оплачен вовремя
1101,96,2024-03-27,70763.82,70763.82,Оплачен вовремя
1102,96,2024-04-26,70763.82,70763.82,Оплачен вовремя
1103,96,2024-05-26,70763.82,70763.82,Оплачен вовремя
1104,96,2024-06-25,70763.82,70763.82,Оплачен вовремя
1105,96,2024-07-25,70763.82,70763.82,Оплачен вовремя
1106,96,2024-08-24,70763.82,70763.82,Оплачен вовремя
1107,96,2024-09-23,70763.82,70763.82,Оплачен вовремя
1108,96,2024-10-23,70763.82,70763.82,Оплачен вовремя
1109,96,2024-11-22,70763.82,70763.82,Оплачен вовремя
1110,96,2024-12-22,70763.82,70763.82,Оплачен вовремя
1111,96,2025-01-21,70763.82,70763.82,Оплачен вовремя
1112,96,2025-02-20,70763.82,70763.82,Оплачен вовремя
1113,96,2025-03-22,70763.82,70763.82,Оплачен вовремя
1114,96,2025-04-21,70763.82,70763.82,Оплачен вовремя
1115,96,2025-05-21,70763.82,70763.82,Оплачен вовремя
1116,96,2025-06-20,70763.82,70763.82,Оплачен вовремя
1117,96,2025-07-20,70763.82,70763.82,Оплачен вовремя
1118,96,2025-08-19,70763.82,70763.82,Оплачен вовремя
1119,96,2025-09-18,70763.82,70763.82,Оплачен вовремя
1120,96,2025-10-18,70763.82,70763.82,Оплачен вовремя
1121,96,2025-11-17,70763.82,70763.82,Оплачен вовремя
1122,97,2022-09-22,59228.14,59228.14,Оплачен вовремя
1123,97,2022-10-22,59228.14,59228.14,Оплачен вовремя
1124,97,2022-11-21,59228.14,59228.14,Оплачен вовремя
1125,97,2022-12-21,59228.14,59228.14,Оплачен вовремя
1126,97,2023-01-20,59228.14,59228.14,Оплачен вовремя
1127,97,2023-02-19,59228.14,59228.14,Оплачен вовремя
1128,97,2023-03-21,59228.14,59228.14,Оплачен вовремя
1129,97,2023-04-20,59228.14,59228.14,Оплачен вовремя
1130,97,2023-05-20,59228.14,59228.14,Оплачен вовремя
1131,97,2023-06-19,59228.14,59228.14,Оплачен вовремя
1132,97,2023-07-19,59228.14,59228.14,Оплачен вовремя
1133,97,2023-08-18,59228.14,59228.14,Оплачен вовремя
1134,97,2023-09-17,59228.14,59228.14,Оплачен вовремя
1135,97,2023-10-17,59228.14,59228.14,Оплачен вовремя
1136,97,2023-11-16,59228.14,59228.14,Оплачен вовремя
1137,97,2023-12-16,59228.14,59228.14,Оплачен вовремя
1138,97,2024-01-15,59228.14,59228.14,Оплачен вовремя
1139,97,2024-02-14,59228.14,59228.14,Оплачен вовремя
1140,97,2024-03-15,59228.14,59228.14,Оплачен вовремя
1141,97,2024-04-14,59228.14,59228.14,Оплачен вовремя
1142,97,2024-05-14,59228.14,59228.14,Оплачен вовремя
1143,97,2024-06-13,59228.14,59228.14,Оплачен вовремя
1144,97,2024-07-13,59228.14,59228.14,Оплачен вовремя
1145,97,2024-08-12,59228.14,59228.14,Оплачен вовремя
1146,98,2024-02-09,20370.85,20370.85,Оплачен вовремя
1147,98,2024-03-10,20370.85,20370.85,Оплачен вовремя
1148,98,2024-04-09,20370.85,20370.85,Оплачен вовремя
1149,98,2024-05-09,20370.85,20370.85,Оплачен вовремя
1150,98,2024-06-08,20370.85,20370.85,Оплачен вовремя
1151,98,2024-07-08,20370.85,20370.85,Оплачен вовремя
1152,98,2024-08-07,20370.85,20370.85,Оплачен вовремя
1153,98,2024-09-06,20370.85,20370.85,Оплачен вовремя
1154,98,2024-10-06,20370.85,20370.85,Оплачен вовремя
1155,98,2024-11-05,20370.85,20370.85,Оплачен вовремя
1156,98,2024-12-05,20370.85,20370.85,Оплачен вовремя
1157,98,2025-01-04,20370.85,20370.85,Оплачен вовремя
1158,99,2023-11-02,32650.24,32650.24,Оплачен вовремя
1159,99,2023-12-02,32650.24,32650.24,Оплачен вовремя
1160,99,2024-01-01,32650.24,32650.24,Оплачен вовремя
1161,99,2024-01-31,32650.24,32650.24,Оплачен вовремя
1162,99,2024-03-01,32650.24,32650.24,Оплачен вовремя
1163,99,2024-03-31,32650.24,32650.24,Оплачен вовремя
1164,99,2024-04-30,32650.24,32650.24,Оплачен вовремя
1165,99,2024-05-30,32650.24,32650.24,Оплачен вовремя
1166,99,2024-06-29,32650.24,32650.24,Оплачен вовремя
1167,99,2024-07-29,32650.24,32650.24,Оплачен вовремя
1168,99,2024-08-28,32650.24,32650.24,Оплачен вовремя
1169,99,2024-09-27,32650.24,32650.24,Оплачен вовремя
1170,99,2024-10-27,32650.24,32650.24,Оплачен вовремя
1171,99,2024-11-26,32650.24,32650.24,Оплачен вовремя
1172,99,2024-12-26,32650.24,32650.24,Оплачен вовремя
1173,99,2025-01-25,32650.24,32650.24,Оплачен вовремя
1174,99,2025-02-24,32650.24,32650.24,Оплачен вовремя
1175,99,2025-03-26,32650.24,32650.24,Оплачен вовремя
1176,99,2025-04-25,32650.24,32650.24,Оплачен вовремя
1177,99,2025-05-25,32650.24,32650.24,Оплачен вовремя
1178,99,2025-06-24,32650.24,32650.24,Оплачен вовремя
1179,99,2025-07-24,32650.24,32650.24,Оплачен вовремя
1180,99,2025-08-23,32650.24,32650.24,Оплачен вовремя
1181,99,2025-09-22,32650.24,32650.24,Оплачен вовремя
1182,100,2023-07-13,10111.75,10111.75,Оплачен вовремя
1183,100,2023-08-12,10111.75,10111.75,Оплачен вовремя
1184,100,2023-09-11,10111.75,10111.75,Оплачен вовремя
1185,100,2023-10-11,10111.75,10111.75,Оплачен вовремя
1186,100,2023-11-10,10111.75,10111.75,Оплачен вовремя
1187,100,2023-12-10,10111.75,10111.75,Оплачен вовремя
1188,100,2024-01-09,10111.75,10111.75,Оплачен вовремя
1189,100,2024-02-08,10111.75,10111.75,Оплачен вовремя
1190,100,2024-03-09,10111.75,10111.75,Оплачен вовремя
1191,100,2024-04-08,10111.75,10111.75,Оплачен вовремя
1192,100,2024-05-08,10111.75,10111.75,Оплачен вовремя
1193,100,2024-06-07,10111.75,10111.75,Оплачен вовремя
1194,100,2024-07-07,10111.75,10111.75,Оплачен вовремя
1195,100,2024-08-06,10111.75,10111.75,Оплачен вовремя
1196,100,2024-09-05,10111.75,10111.75,Оплачен вовремя
1197,100,2024-10-05,10111.75,10111.75,Оплачен вовремя
1198,100,2024-11-04,10111.75,10111.75,Оплачен вовремя
1199,100,2024-12-04,10111.75,10111.75,Оплачен вовремя
1200,100,2025-01-03,10111.75,10111.75,Оплачен вовремя
1201,100,2025-02-02,10111.75,10111.75,Оплачен вовремя
1202,100,2025-03-04,10111.75,10111.75,Оплачен вовремя
1203,100,2025-04-03,10111.75,10111.75,Оплачен вовремя
1204,100,2025-05-03,10111.75,10111.75,Оплачен вовремя
1205,100,2025-06-02,10111.75,10111.75,Оплачен вовремя
1206,100,2025-07-02,10111.75,10111.75,Оплачен вовремя
1207,100,2025-08-01,10111.75,10111.75,Оплачен вовремя
1208,100,2025-08-31,10111.75,10111.75,Оплачен вовремя
1209,100,2025-09-30,10111.75,10111.75,Оплачен вовремя
1210,100,2025-10-30,10111.75,10111.75,Оплачен вовремя
1211,100,2025-11-29,10111.75,10111.75,Оплачен вовремя
1212,101,2024-11-05,9709.99,9709.99,Оплачен вовремя
1213,101,2024-12-05,9709.99,9709.99,Оплачен вовремя
1214,101,2025-01-04,9709.99,9709.99,Оплачен вовремя
1215,101,2025-02-03,9709.99,9709.99,Оплачен вовремя
1216,101,2025-03-05,9709.99,9709.99,Оплачен вовремя
1217,101,2025-04-04,9709.99,9709.99,Оплачен вовремя
1218,101,2025-05-04,9709.99,9709.99,Оплачен вовремя
1219,101,2025-06-03,9709.99,9709.99,Оплачен вовремя
1220,101,2025-07-03,9709.99,9709.99,Оплачен вовремя
1221,101,2025-08-02,9709.99,9709.99,Оплачен вовремя
1222,101,2025-09-01,9709.99,9709.99,Оплачен вовремя
1223,101,2025-10-01,9709.99,9709.99,Оплачен вовремя
1224,101,2025-10-31,9709.99,9709.99,Оплачен вовремя
1225,101,2025-11-30,9709.99,9709.99,Оплачен вовремя
1226,102,2024-11-09,6098.15,6098.15,Оплачен вовремя
1227,102,2024-12-09,6098.15,6098.15,Оплачен вовремя
1228,102,2025-01-08,6098.15,6098.15,Оплачен вовремя
1229,102,2025-02-07,6098.15,6098.15,Оплачен вовремя
1230,102,2025-03-09,6098.15,6098.15,Оплачен вовремя
1231,102,2025-04-08,6098.15,6098.15,Оплачен вовремя
1232,102,2025-05-08,6098.15,6098.15,Оплачен вовремя
1233,102,2025-06-07,6098.15,6098.15,Оплачен вовремя
1234,102,2025-07-07,6098.15,6098.15,Оплачен вовремя
1235,102,2025-08-06,6098.15,6098.15,Оплачен вовремя
1236,102,2025-09-05,6098.15,6098.15,Оплачен вовремя
1237,102,2025-10-05,6098.15,6098.15,Оплачен вовремя
1238,102,2025-11-04,6098.15,6098.15,Оплачен вовремя
1239,102,2025-12-04,6098.15,6098.15,Оплачен вовремя
1240,103,2025-12-06,987.55,987.55,Оплачен вовремя
1241,104,2024-08-01,59982.54,59982.54,Оплачен вовремя
1242,104,2024-08-31,59982.54,59982.54,Оплачен вовремя
1243,104,2024-09-30,59982.54,59982.54,Оплачен вовремя
1244,104,2024-10-30,59982.54,59982.54,Оплачен вовремя
1245,104,2024-11-29,59982.54,59982.54,Оплачен вовремя
1246,104,2024-12-29,59982.54,59982.54,Оплачен вовремя
1247,104,2025-01-28,59982.54,59982.54,Оплачен вовремя
1248,104,2025-02-27,59982.54,59982.54,Оплачен вовремя
1249,104,2025-03-29,59982.54,59982.54,Оплачен вовремя
1250,104,2025-04-28,59982.54,59982.54,Оплачен вовремя
1251,104,2025-05-28,59982.54,59982.54,Оплачен вовремя
1252,104,2025-06-27,59982.54,59982.54,Оплачен вовремя
1253,105,2023-10-07,134816.56,134816.56,Оплачен вовремя
1254,105,2023-11-06,134816.56,134816.56,Оплачен вовремя
1255,105,2023-12-06,134816.56,134816.56,Оплачен вовремя
1256,105,2024-01-05,134816.56,134816.56,Оплачен вовремя
1257,105,2024-02-04,134816.56,134816.56,Оплачен вовремя
1258,105,2024-03-05,134816.56,134816.56,Оплачен вовремя
1259,106,2025-07-25,8566.89,8566.89,Оплачен вовремя
1260,106,2025-08-24,8566.89,8566.89,Оплачен вовремя
1261,106,2025-09-23,8566.89,8566.89,Оплачен вовремя
1262,106,2025-10-23,8566.89,8566.89,Оплачен вовремя
1263,106,2025-11-22,8566.89,8566.89,Оплачен вовремя
1264,106,2025-12-22,8566.89,8566.89,Оплачен вовремя
1265,107,2025-07-30,20774.07,20774.07,Оплачен вовремя
1266,107,2025-08-29,20774.07,20774.07,Оплачен вовремя
1267,107,2025-09-28,20774.07,20774.07,Оплачен вовремя
1268,107,2025-10-28,20774.07,20774.07,Оплачен вовремя
1269,107,2025-11-27,20774.07,20774.07,Оплачен вовремя
1270,107,2025-12-27,20774.07,20774.07,Оплачен вовремя
1271,108,2023-06-12,127890.25,127890.25,Оплачен вовремя
1272,108,2023-07-12,127890.25,127890.25,Оплачен вовремя
1273,108,2023-08-11,127890.25,127890.25,Оплачен вовремя
1274,108,2023-09-10,127890.25,127890.25,Оплачен вовремя
1275,108,2023-10-10,127890.25,127890.25,Оплачен вовремя
1276,108,2023-11-09,127890.25,127890.25,Оплачен вовремя
1277,108,2023-12-09,127890.25,127890.25,Оплачен вовремя
1278,108,2024-01-08,127890.25,127890.25,Оплачен вовремя
1279,108,2024-02-07,127890.25,127890.25,Оплачен вовремя
1280,109,2025-06-06,29310.04,29310.04,Оплачен вовремя
1281,109,2025-07-06,29310.04,29310.04,Оплачен вовремя
1282,109,2025-08-05,29310.04,29310.04,Оплачен вовремя
1283,109,2025-09-04,29310.04,29310.04,Оплачен вовремя
1284,109,2025-10-04,29310.04,29310.04,Оплачен вовремя
1285,109,2025-11-03,29310.04,29310.04,Оплачен вовремя
1286,109,2025-12-03,29310.04,29310.04,Оплачен вовремя
1287,110,2025-11-27,34439.19,34439.19,Оплачен вовремя
1288,110,2025-12-27,34439.19,34439.19,Оплачен вовремя
1289,111,2024-05-26,161159.86,161159.86,Оплачен вовремя
1290,111,2024-06-25,161159.86,161159.86,Оплачен вовремя
1291,111,2024-07-25,161159.86,161159.86,Оплачен вовремя
1292,111,2024-08-24,161159.86,161159.86,Оплачен вовремя
1293,111,2024-09-23,161159.86,161159.86,Оплачен вовремя
1294,111,2024-10-23,161159.86,161159.86,Оплачен вовремя
1295,111,2024-11-22,161159.86,161159.86,Оплачен вовремя
1296,111,2024-12-22,161159.86,161159.86,Оплачен вовремя
1297,111,2025-01-21,161159.86,161159.86,Оплачен вовремя
1298,112,2025-06-30,48020.04,48020.04,Оплачен вовремя
1299,112,2025-07-30,48020.04,48020.04,Оплачен вовремя
1300,112,2025-08-29,48020.04,48020.04,Оплачен вовремя
1301,112,2025-09-28,48020.04,48020.04,Оплачен вовремя
1302,112,2025-10-28,48020.04,48020.04,Оплачен вовремя
1303,112,2025-11-27,48020.04,48020.04,Оплачен вовремя
1304,112,2025-12-27,48020.04,48020.04,Оплачен вовремя
1305,113,2025-07-19,9862.13,9862.13,Оплачен вовремя
1306,113,2025-08-18,9862.13,9862.13,Оплачен вовремя
1307,113,2025-09-17,9862.13,9862.13,Оплачен вовремя
1308,113,2025-10-17,9862.13,9862.13,Оплачен вовремя
1309,113,2025-11-16,9862.13,9862.13,Оплачен вовремя
1310,113,2025-12-16,9862.13,9862.13,Оплачен вовремя
1311,114,2025-11-07,229918.13,229918.13,Оплачен вовремя
1312,114,2025-12-07,229918.13,229918.13,Оплачен вовремя
1313,115,2025-12-28,315334.5,315334.5,Оплачен вовремя
1314,116,2024-11-22,12713.02,12713.02,Оплачен вовремя
1315,116,2024-12-22,12713.02,12713.02,Оплачен вовремя
1316,116,2025-01-21,12713.02,12713.02,Оплачен вовремя
1317,116,2025-02-20,12713.02,12713.02,Оплачен вовремя
1318,116,2025-03-22,12713.02,12713.02,Оплачен вовремя
1319,116,2025-04-21,12713.02,12713.02,Оплачен вовремя
1320,116,2025-05-21,12713.02,12713.02,Оплачен вовремя
1321,116,2025-06-20,12713.02,12713.02,Оплачен вовремя
1322,116,2025-07-20,12713.02,12713.02,Оплачен вовремя
1323,116,2025-08-19,12713.02,12713.02,Оплачен вовремя
1324,116,2025-09-18,12713.02,12713.02,Оплачен вовремя
1325,116,2025-10-18,12713.02,12713.02,Оплачен вовремя
1326,117,2023-06-11,12192.18,12192.18,Оплачен вовремя
1327,117,2023-07-11,12192.18,12192.18,Оплачен вовремя
1328,117,2023-08-10,12192.18,12192.18,Оплачен вовремя
1329,117,2023-09-09,12192.18,12192.18,Оплачен вовремя
1330,117,2023-10-09,12192.18,12192.18,Оплачен вовремя
1331,117,2023-11-08,12192.18,12192.18,Оплачен вовремя
1332,117,2023-12-08,12192.18,12192.18,Оплачен вовремя
1333,117,2024-01-07,12192.18,12192.18,Оплачен вовремя
1334,117,2024-02-06,12192.18,12192.18,Оплачен вовремя
1335,117,2024-03-07,12192.18,12192.18,Оплачен вовремя
1336,117,2024-04-06,12192.18,12192.18,Оплачен вовремя
1337,117,2024-05-06,12192.18,12192.18,Оплачен вовремя
1338,117,2024-06-05,12192.18,12192.18,Оплачен вовремя
1339,117,2024-07-05,12192.18,12192.18,Оплачен вовремя
1340,117,2024-08-04,12192.18,12192.18,Оплачен вовремя
1341,117,2024-09-03,12192.18,12192.18,Оплачен вовремя
1342,117,2024-10-03,12192.18,12192.18,Оплачен вовремя
1343,117,2024-11-02,12192.18,12192.18,Оплачен вовремя
1344,117,2024-12-02,12192.18,12192.18,Оплачен вовремя
1345,117,2025-01-01,12192.18,12192.18,Оплачен вовремя
1346,117,2025-01-31,12192.18,12192.18,Оплачен вовремя
1347,117,2025-03-02,12192.18,12192.18,Оплачен вовремя
1348,117,2025-04-01,12192.18,12192.18,Оплачен вовремя
1349,117,2025-05-01,12192.18,12192.18,Оплачен вовремя
1350,117,2025-05-31,12192.18,12192.18,Оплачен вовремя
1351,117,2025-06-30,12192.18,12192.18,Оплачен вовремя
1352,117,2025-07-30,12192.18,12192.18,Оплачен вовремя
1353,117,2025-08-29,12192.18,12192.18,Оплачен вовремя
1354,117,2025-09-28,12192.18,12192.18,Оплачен вовремя
1355,117,2025-10-28,12192.18,12192.18,Оплачен вовремя
1356,117,2025-11-27,12192.18,12192.18,Оплачен вовремя
1357,118,2024-09-05,17647.44,17647.44,Оплачен вовремя
1358,118,2024-10-05,17647.44,17647.44,Оплачен вовремя
1359,118,2024-11-04,17647.44,17647.44,Оплачен вовремя
1360,118,2024-12-04,17647.44,17647.44,Оплачен вовремя
1361,118,2025-01-03,17647.44,17647.44,Оплачен вовремя
1362,118,2025-02-02,17647.44,17647.44,Оплачен вовремя
1363,118,2025-03-04,17647.44,17647.44,Оплачен вовремя
1364,118,2025-04-03,17647.44,17647.44,Оплачен вовремя
1365,118,2025-05-03,17647.44,17647.44,Оплачен вовремя
1366,118,2025-06-02,17647.44,17647.44,Оплачен вовремя
1367,118,2025-07-02,17647.44,17647.44,Оплачен вовремя
1368,118,2025-08-01,17647.44,17647.44,Оплачен вовремя
1369,118,2025-08-31,17647.44,17647.44,Оплачен вовремя
1370,118,2025-09-30,17647.44,17647.44,Оплачен вовремя
1371,118,2025-10-30,17647.44,17647.44,Оплачен вовремя
1372,118,2025-11-29,17647.44,17647.44,Оплачен вовремя
1373,119,2024-05-17,5449.58,5449.58,Оплачен вовремя
1374,119,2024-06-16,5449.58,5449.58,Оплачен вовремя
1375,119,2024-07-16,5449.58,5449.58,Оплачен вовремя
1376,119,2024-08-15,5449.58,5449.58,Оплачен вовремя
1377,119,2024-09-14,5449.58,5449.58,Оплачен вовремя
1378,119,2024-10-14,5449.58,5449.58,Оплачен вовремя
1379,119,2024-11-13,5449.58,5449.58,Оплачен вовремя
1380,119,2024-12-13,5449.58,5449.58,Оплачен вовремя
1381,119,2025-01-12,5449.58,5449.58,Оплачен вовремя
1382,119,2025-02-11,5449.58,5449.58,Оплачен вовремя
1383,119,2025-03-13,5449.58,5449.58,Оплачен вовремя
1384,119,2025-04-12,5449.58,5449.58,Оплачен вовремя
1385,119,2025-05-12,5449.58,5449.58,Оплачен вовремя
1386,119,2025-06-11,5449.58,5449.58,Оплачен вовремя
1387,119,2025-07-11,5449.58,5449.58,Оплачен вовремя
1388,119,2025-08-10,5449.58,5449.58,Оплачен вовремя
1389,119,2025-09-09,5449.58,5449.58,Оплачен вовремя
1390,119,2025-10-09,5449.58,5449.58,Оплачен вовремя
1391,119,2025-11-08,5449.58,5449.58,Оплачен вовремя
1392,119,2025-12-08,5449.58,5449.58,Оплачен вовремя
1393,120,2023-12-12,516515.64,516515.64,Оплачен вовремя
1394,120,2024-01-11,516515.64,516515.64,Оплачен вовремя
1395,120,2024-02-10,516515.64,516515.64,Оплачен вовремя
1396,120,2024-03-11,516515.64,516515.64,Оплачен вовремя
1397,120,2024-04-10,516515.64,516515.64,Оплачен вовремя
1398,120,2024-05-10,516515.64,516515.64,Оплачен вовремя
1399,121,2025-01-06,20204.76,20204.76,Оплачен вовремя
1400,121,2025-02-05,20204.76,20204.76,Оплачен вовремя
1401,121,2025-03-07,20204.76,20204.76,Оплачен вовремя
1402,121,2025-04-06,20204.76,20204.76,Оплачен вовремя
1403,121,2025-05-06,20204.76,20204.76,Оплачен вовремя
1404,121,2025-06-05,20204.76,20204.76,Оплачен вовремя
1405,121,2025-07-05,20204.76,20204.76,Оплачен вовремя
1406,121,2025-08-04,20204.76,20204.76,Оплачен вовремя
1407,121,2025-09-03,20204.76,20204.76,Оплачен вовремя
1408,121,2025-10-03,20204.76,20204.76,Оплачен вовремя
1409,121,2025-11-02,20204.76,20204.76,Оплачен вовремя
1410,121,2025-12-02,20204.76,20204.76,Оплачен вовремя
1411,122,2025-11-25,558943.93,558943.93,Оплачен вовремя
1412,122,2025-12-25,558943.93,558943.93,Оплачен вовремя
1413,123,2023-11-23,120265.27,120265.27,Оплачен вовремя
1414,123,2023-12-23,120265.27,120265.27,Оплачен вовремя
1415,123,2024-01-22,120265.27,120265.27,Оплачен вовремя
1416,123,2024-02-21,120265.27,120265.27,Оплачен вовремя
1417,123,2024-03-22,120265.27,120265.27,Оплачен вовремя
1418,123,2024-04-21,120265.27,120265.27,Оплачен вовремя
1419,123,2024-05-21,120265.27,120265.27,Оплачен вовремя
1420,123,2024-06-20,120265.27,120265.27,Оплачен вовремя
1421,123,2024-07-20,120265.27,120265.27,Оплачен вовремя
1422,123,2024-08-19,120265.27,120265.27,Оплачен вовремя
1423,123,2024-09-18,120265.27,120265.27,Оплачен вовремя
1424,123,2024-10-18,120265.27,120265.27,Оплачен вовремя
1425,123,2024-11-17,120265.27,120265.27,Оплачен вовремя
1426,123,2024-12-17,120265.27,120265.27,Оплачен вовремя
1427,123,2025-01-16,120265.27,120265.27,Оплачен вовремя
1428,123,2025-02-15,120265.27,120265.27,Оплачен вовремя
1429,123,2025-03-17,120265.27,120265.27,Оплачен вовремя
1430,123,2025-04-16,120265.27,120265.27,Оплачен вовремя
1431,123,2025-05-16,120265.27,120265.27,Оплачен вовремя
1432,123,2025-06-15,120265.27,120265.27,Оплачен вовремя
1433,123,2025-07-15,120265.27,120265.27,Оплачен вовремя
1434,123,2025-08-14,120265.27,120265.27,Оплачен вовремя
1435,123,2025-09-13,120265.27,120265.27,Оплачен вовремя
1436,123,2025-10-13,120265.27,120265.27,Оплачен вовремя
1437,124,2024-02-10,9267.93,9267.93,Оплачен вовремя
1438,124,2024-03-11,9267.93,0.0,Не оплачен
1439,124,2024-04-10,9267.93,9267.93,Оплачен вовремя
1440,124,2024-05-10,9267.93,9267.93,Оплачен вовремя
1441,124,2024-06-09,9267.93,9267.93,Просрочен
1442,124,2024-07-09,9267.93,9267.93,Оплачен вовремя
1443,124,2024-08-08,9267.93,9267.93,Оплачен вовремя
1444,124,2024-09-07,9267.93,9267.93,Просрочен
1445,124,2024-10-07,9267.93,9267.93,Оплачен вовремя
1446,124,2024-11-06,9267.93,9267.93,Просрочен
1447,124,2024-12-06,9267.93,9267.93,Оплачен вовремя
1448,124,2025-01-05,9267.93,9267.93,Оплачен вовремя
1449,124,2025-02-04,9267.93,9267.93,Оплачен вовремя
1450,124,2025-03-06,9267.93,9267.93,Оплачен вовремя
1451,124,2025-04-05,9267.93,9267.93,Просрочен
1452,124,2025-05-05,9267.93,9267.93,Оплачен вовремя
1453,124,2025-06-04,9267.93,9267.93,Оплачен вовремя
1454,124,2025-07-04,9267.93,0.0,Не оплачен
1455,124,2025-08-03,9267.93,9267.93,Просрочен
1456,124,2025-09-02,9267.93,9267.93,Просрочен
1457,124,2025-10-02,9267.93,9267.93,Просрочен
1458,124,2025-11-01,9267.93,9267.93,Просрочен
1459,124,2025-12-01,9267.93,9267.93,Оплачен вовремя
1460,125,2025-01-25,5441.11,5441.11,Оплачен вовремя
1461,125,2025-02-24,5441.11,5441.11,Просрочен
1462,125,2025-03-26,5441.11,5441.11,Оплачен вовремя
1463,125,2025-04-25,5441.11,0.0,Не оплачен
1464,125,2025-05-25,5441.11,0.0,Не оплачен
1465,125,2025-06-24,5441.11,5441.11,Просрочен
1466,125,2025-07-24,5441.11,5441.11,Оплачен вовремя
1467,125,2025-08-23,5441.11,5441.11,Оплачен вовремя
1468,125,2025-09-22,5441.11,5441.11,Оплачен вовремя
1469,125,2025-10-22,5441.11,5441.11,Оплачен вовремя
1470,125,2025-11-21,5441.11,5441.11,Оплачен вовремя
1471,125,2025-12-21,5441.11,5441.11,Оплачен вовремя
1472,126,2023-05-08,60374.65,60374.65,Оплачен вовремя
1473,126,2023-06-07,60374.65,60374.65,Оплачен вовремя
1474,126,2023-07-07,60374.65,60374.65,Оплачен вовремя
1475,126,2023-08-06,60374.65,60374.65,Оплачен вовремя
1476,126,2023-09-05,60374.65,60374.65,Оплачен вовремя
1477,126,2023-10-05,60374.65,60374.65,Оплачен вовремя
1478,126,2023-11-04,60374.65,60374.65,Оплачен вовремя
1479,126,2023-12-04,60374.65,60374.65,Оплачен вовремя
1480,126,2024-01-03,60374.65,60374.65,Оплачен вовремя
1481,126,2024-02-02,60374.65,60374.65,Оплачен вовремя
1482,126,2024-03-03,60374.65,60374.65,Оплачен вовремя
1483,126,2024-04-02,60374.65,60374.65,Оплачен вовремя
1484,127,2023-10-29,3480.41,3480.41,Оплачен вовремя
1485,127,2023-11-28,3480.41,3480.41,Оплачен вовремя
1486,127,2023-12-28,3480.41,3480.41,Оплачен вовремя
1487,127,2024-01-27,3480.41,3480.41,Оплачен вовремя
1488,127,2024-02-26,3480.41,3480.41,Оплачен вовремя
1489,127,2024-03-27,3480.41,3480.41,Оплачен вовремя
1490,127,2024-04-26,3480.41,3480.41,Оплачен вовремя
1491,127,2024-05-26,3480.41,3480.41,Оплачен вовремя
1492,127,2024-06-25,3480.41,3480.41,Оплачен вовремя
1493,127,2024-07-25,3480.41,3480.41,Оплачен вовремя
1494,127,2024-08-24,3480.41,3480.41,Оплачен вовремя
1495,127,2024-09-23,3480.41,3480.41,Оплачен вовремя
1496,127,2024-10-23,3480.41,3480.41,Оплачен вовремя
1497,127,2024-11-22,3480.41,3480.41,Оплачен вовремя
1498,127,2024-12-22,3480.41,3480.41,Оплачен вовремя
1499,127,2025-01-21,3480.41,3480.41,Оплачен вовремя
1500,127,2025-02-20,3480.41,3480.41,Оплачен вовремя
1501,127,2025-03-22,3480.41,3480.41,Оплачен вовремя
1502,127,2025-04-21,3480.41,3480.41,Оплачен вовремя
1503,127,2025-05-21,3480.41,3480.41,Оплачен вовремя
1504,127,2025-06-20,3480.41,3480.41,Оплачен вовремя
1505,127,2025-07-20,3480.41,3480.41,Оплачен вовремя
1506,127,2025-08-19,3480.41,3480.41,Оплачен вовремя
1507,127,2025-09-18,3480.41,3480.41,Оплачен вовремя
1508,128,2023-06-27,42390.96,42390.96,Оплачен вовремя
1509,128,2023-07-27,42390.96,42390.96,Оплачен вовремя
1510,128,2023-08-26,42390.96,42390.96,Оплачен вовремя
1511,128,2023-09-25,42390.96,42390.96,Оплачен вовремя
1512,128,2023-10-25,42390.96,42390.96,Оплачен вовремя
1513,128,2023-11-24,42390.96,42390.96,Оплачен вовремя
1514,128,2023-12-24,42390.96,42390.96,Оплачен вовремя
1515,128,2024-01-23,42390.96,42390.96,Оплачен вовремя
1516,128,2024-02-22,42390.96,42390.96,Оплачен вовремя
1517,128,2024-03-23,42390.96,42390.96,Оплачен вовремя
1518,128,2024-04-22,42390.96,42390.96,Оплачен вовремя
1519,128,2024-05-22,42390.96,42390.96,Оплачен вовремя
1520,128,2024-06-21,42390.96,42390.96,Оплачен вовремя
1521,128,2024-07-21,42390.96,42390.96,Оплачен вовремя
1522,128,2024-08-20,42390.96,42390.96,Оплачен вовремя
1523,128,2024-09-19,42390.96,42390.96,Оплачен вовремя
1524,128,2024-10-19,42390.96,42390.96,Оплачен вовремя
1525,128,2024-11-18,42390.96,42390.96,Оплачен вовремя
1526,128,2024-12-18,42390.96,42390.96,Оплачен вовремя
1527,128,2025-01-17,42390.96,42390.96,Оплачен вовремя
1528,128,2025-02-16,42390.96,42390.96,Оплачен вовремя
1529,128,2025-03-18,42390.96,42390.96,Оплачен вовремя
1530,128,2025-04-17,42390.96,42390.96,Оплачен вовремя
1531,128,2025-05-17,42390.96,42390.96,Оплачен вовремя
1532,128,2025-06-16,42390.96,42390.96,Оплачен вовремя
1533,128,2025-07-16,42390.96,42390.96,Оплачен вовремя
1534,128,2025-08-15,42390.96,42390.96,Оплачен вовремя
1535,128,2025-09-14,42390.96,42390.96,Оплачен вовремя
1536,128,2025-10-14,42390.96,42390.96,Оплачен вовремя
1537,128,2025-11-13,42390.96,42390.96,Оплачен вовремя
1538,128,2025-12-13,42390.96,42390.96,Оплачен вовремя
1539,129,2024-12-28,699569.03,699569.03,Оплачен вовремя
1540,129,2025-01-27,699569.03,699569.03,Оплачен вовремя
1541,129,2025-02-26,699569.03,699569.03,Оплачен вовремя
1542,129,2025-03-28,699569.03,699569.03,Оплачен вовремя
1543,129,2025-04-27,699569.03,699569.03,Оплачен вовремя
1544,129,2025-05-27,699569.03,699569.03,Оплачен вовремя
1545,130,2025-05-17,32736.5,32736.5,Оплачен вовремя
1546,130,2025-06-16,32736.5,32736.5,Оплачен вовремя
1547,130,2025-07-16,32736.5,32736.5,Оплачен вовремя
1548,130,2025-08-15,32736.5,32736.5,Оплачен вовремя
1549,130,2025-09-14,32736.5,32736.5,Оплачен вовремя
1550,130,2025-10-14,32736.5,32736.5,Оплачен вовремя
1551,130,2025-11-13,32736.5,32736.5,Оплачен вовремя
1552,130,2025-12-13,32736.5,32736.5,Оплачен вовремя
1553,131,2025-04-24,57530.63,57530.63,Оплачен вовремя
1554,131,2025-05-24,57530.63,57530.63,Оплачен вовремя
1555,131,2025-06-23,57530.63,57530.63,Оплачен вовремя
1556,131,2025-07-23,57530.63,57530.63,Оплачен вовремя
1557,131,2025-08-22,57530.63,57530.63,Оплачен вовремя
1558,131,2025-09-21,57530.63,57530.63,Оплачен вовремя
1559,131,2025-10-21,57530.63,57530.63,Оплачен вовремя
1560,131,2025-11-20,57530.63,57530.63,Оплачен вовремя
1561,131,2025-12-20,57530.63,57530.63,Оплачен вовремя
1562,133,2023-05-23,175551.66,175551.66,Оплачен вовремя
1563,133,2023-06-22,175551.66,175551.66,Оплачен вовремя
1564,133,2023-07-22,175551.66,175551.66,Оплачен вовремя
1565,133,2023-08-21,175551.66,175551.66,Оплачен вовремя
1566,133,2023-09-20,175551.66,175551.66,Оплачен вовремя
1567,133,2023-10-20,175551.66,175551.66,Оплачен вовремя
1568,133,2023-11-19,175551.66,175551.66,Оплачен вовремя
1569,133,2023-12-19,175551.66,175551.66,Оплачен вовремя
1570,133,2024-01-18,175551.66,175551.66,Оплачен вовремя
1571,133,2024-02-17,175551.66,175551.66,Оплачен вовремя
1572,133,2024-03-18,175551.66,175551.66,Оплачен вовремя
1573,133,2024-04-17,175551.66,175551.66,Оплачен вовремя
1574,134,2025-07-24,7146.65,7146.65,Оплачен вовремя
1575,134,2025-08-23,7146.65,7146.65,Оплачен вовремя
1576,134,2025-09-22,7146.65,7146.65,Оплачен вовремя
1577,134,2025-10-22,7146.65,7146.65,Оплачен вовремя
1578,134,2025-11-21,7146.65,7146.65,Оплачен вовремя
1579,134,2025-12-21,7146.65,7146.65,Оплачен вовремя
1580,135,2025-05-18,260494.72,260494.72,Оплачен вовремя
1581,135,2025-06-17,260494.72,260494.72,Оплачен вовремя
1582,135,2025-07-17,260494.72,260494.72,Оплачен вовремя
1583,135,2025-08-16,260494.72,260494.72,Оплачен вовремя
1584,135,2025-09-15,260494.72,260494.72,Оплачен вовремя
1585,135,2025-10-15,260494.72,260494.72,Оплачен вовремя
1586,135,2025-11-14,260494.72,260494.72,Оплачен вовремя
1587,135,2025-12-14,260494.72,260494.72,Оплачен вовремя
1588,136,2025-04-18,504514.46,504514.46,Оплачен вовремя
1589,136,2025-05-18,504514.46,504514.46,Оплачен вовремя
1590,136,2025-06-17,504514.46,504514.46,Оплачен вовремя
1591,136,2025-07-17,504514.46,504514.46,Оплачен вовремя
1592,136,2025-08-16,504514.46,504514.46,Оплачен вовремя
1593,136,2025-09-15,504514.46,504514.46,Оплачен вовремя
1594,137,2025-04-29,31101.75,31101.75,Оплачен вовремя
1595,137,2025-05-29,31101.75,31101.75,Оплачен вовремя
1596,137,2025-06-28,31101.75,31101.75,Оплачен вовремя
1597,137,2025-07-28,31101.75,31101.75,Оплачен вовремя
1598,137,2025-08-27,31101.75,31101.75,Оплачен вовремя
1599,137,2025-09-26,31101.75,31101.75,Оплачен вовремя
1600,137,2025-10-26,31101.75,31101.75,Оплачен вовремя
1601,137,2025-11-25,31101.75,31101.75,Оплачен вовремя
1602,137,2025-12-25,31101.75,31101.75,Оплачен вовремя
1603,138,2023-10-30,13750.3,13750.3,Оплачен вовремя
1604,138,2023-11-29,13750.3,13750.3,Оплачен вовремя
1605,138,2023-12-29,13750.3,13750.3,Оплачен вовремя
1606,138,2024-01-28,13750.3,13750.3,Оплачен вовремя
1607,138,2024-02-27,13750.3,13750.3,Оплачен вовремя
1608,138,2024-03-28,13750.3,13750.3,Оплачен вовремя
1609,138,2024-04-27,13750.3,13750.3,Оплачен вовремя
1610,138,2024-05-27,13750.3,13750.3,Оплачен вовремя
1611,138,2024-06-26,13750.3,13750.3,Оплачен вовремя
1612,138,2024-07-26,13750.3,13750.3,Оплачен вовремя
1613,138,2024-08-25,13750.3,13750.3,Оплачен вовремя
1614,138,2024-09-24,13750.3,13750.3,Оплачен вовремя
1615,138,2024-10-24,13750.3,13750.3,Оплачен вовремя
1616,138,2024-11-23,13750.3,13750.3,Оплачен вовремя
1617,138,2024-12-23,13750.3,13750.3,Оплачен вовремя
1618,138,2025-01-22,13750.3,13750.3,Оплачен вовремя
1619,138,2025-02-21,13750.3,13750.3,Оплачен вовремя
1620,138,2025-03-23,13750.3,13750.3,Оплачен вовремя
1621,138,2025-04-22,13750.3,13750.3,Оплачен вовремя
1622,138,2025-05-22,13750.3,13750.3,Оплачен вовремя
1623,138,2025-06-21,13750.3,13750.3,Оплачен вовремя
1624,138,2025-07-21,13750.3,13750.3,Оплачен вовремя
1625,138,2025-08-20,13750.3,13750.3,Оплачен вовремя
1626,138,2025-09-19,13750.3,13750.3,Оплачен вовремя
1627,138,2025-10-19,13750.3,13750.3,Оплачен вовремя
1628,138,2025-11-18,13750.3,13750.3,Оплачен вовремя
1629,138,2025-12-18,13750.3,13750.3,Оплачен вовремя
1630,139,2024-07-20,7920.09,7920.09,Оплачен вовремя
1631,139,2024-08-19,7920.09,0.0,Не оплачен
1632,139,2024-09-18,7920.09,7920.09,Оплачен вовремя
1633,139,2024-10-18,7920.09,7920.09,Оплачен вовремя
1634,139,2024-11-17,7920.09,7920.09,Оплачен вовремя
1635,139,2024-12-17,7920.09,7920.09,Оплачен вовремя
1636,139,2025-01-16,7920.09,0.0,Не оплачен
1637,139,2025-02-15,7920.09,7920.09,Оплачен вовремя
1638,139,2025-03-17,7920.09,7920.09,Просрочен
1639,139,2025-04-16,7920.09,7920.09,Оплачен вовремя
1640,139,2025-05-16,7920.09,7920.09,Оплачен вовремя
1641,139,2025-06-15,7920.09,7920.09,Оплачен вовремя
1642,139,2025-07-15,7920.09,7920.09,Оплачен вовремя
1643,139,2025-08-14,7920.09,7920.09,Оплачен вовремя
1644,139,2025-09-13,7920.09,7920.09,Оплачен вовремя
1645,139,2025-10-13,7920.09,7920.09,Оплачен вовремя
1646,139,2025-11-12,7920.09,7920.09,Оплачен вовремя
1647,139,2025-12-12,7920.09,7920.09,Оплачен вовремя
1648,140,2024-12-04,137256.96,137256.96,Оплачен вовремя
1649,140,2025-01-03,137256.96,137256.96,Оплачен вовремя
1650,140,2025-02-02,137256.96,137256.96,Оплачен вовремя
1651,140,2025-03-04,137256.96,137256.96,Оплачен вовремя
1652,140,2025-04-03,137256.96,137256.96,Оплачен вовремя
1653,140,2025-05-03,137256.96,137256.96,Оплачен вовремя
1654,141,2025-12-13,22391.72,22391.72,Оплачен вовремя
1655,142,2025-06-12,8615.12,8615.12,Оплачен вовремя
1656,142,2025-07-12,8615.12,8615.12,Оплачен вовремя
1657,142,2025-08-11,8615.12,8615.12,Оплачен вовремя
1658,142,2025-09-10,8615.12,8615.12,Оплачен вовремя
1659,142,2025-10-10,8615.12,8615.12,Оплачен вовремя
1660,142,2025-11-09,8615.12,8615.12,Оплачен вовремя
1661,142,2025-12-09,8615.12,8615.12,Оплачен вовремя
1662,143,2024-07-21,8231.25,8231.25,Оплачен вовремя
1663,143,2024-08-20,8231.25,8231.25,Оплачен вовремя
1664,143,2024-09-19,8231.25,8231.25,Оплачен вовремя
1665,143,2024-10-19,8231.25,8231.25,Оплачен вовремя
1666,143,2024-11-18,8231.25,8231.25,Оплачен вовремя
1667,143,2024-12-18,8231.25,8231.25,Оплачен вовремя
1668,143,2025-01-17,8231.25,8231.25,Оплачен вовремя
1669,143,2025-02-16,8231.25,8231.25,Оплачен вовремя
1670,143,2025-03-18,8231.25,8231.25,Оплачен вовремя
1671,143,2025-04-17,8231.25,8231.25,Оплачен вовремя
1672,143,2025-05-17,8231.25,8231.25,Оплачен вовремя
1673,143,2025-06-16,8231.25,8231.25,Оплачен вовремя
1674,143,2025-07-16,8231.25,8231.25,Оплачен вовремя
1675,143,2025-08-15,8231.25,8231.25,Оплачен вовремя
1676,143,2025-09-14,8231.25,8231.25,Оплачен вовремя
1677,143,2025-10-14,8231.25,8231.25,Оплачен вовремя
1678,143,2025-11-13,8231.25,8231.25,Оплачен вовремя
1679,143,2025-12-13,8231.25,8231.25,Оплачен вовремя
1680,144,2025-08-31,13787.39,13787.39,Оплачен вовремя
1681,144,2025-09-30,13787.39,13787.39,Оплачен вовремя
1682,144,2025-10-30,13787.39,13787.39,Оплачен вовремя
1683,144,2025-11-29,13787.39,13787.39,Оплачен вовремя
1684,145,2024-03-10,11514.47,11514.47,Оплачен вовремя
1685,145,2024-04-09,11514.47,11514.47,Оплачен вовремя
1686,145,2024-05-09,11514.47,11514.47,Оплачен вовремя
1687,145,2024-06-08,11514.47,11514.47,Оплачен вовремя
1688,145,2024-07-08,11514.47,11514.47,Оплачен вовремя
1689,145,2024-08-07,11514.47,11514.47,Оплачен вовремя
1690,145,2024-09-06,11514.47,11514.47,Оплачен вовремя
1691,145,2024-10-06,11514.47,11514.47,Оплачен вовремя
1692,145,2024-11-05,11514.47,11514.47,Оплачен вовремя
1693,145,2024-12-05,11514.47,11514.47,Оплачен вовремя
1694,145,2025-01-04,11514.47,11514.47,Оплачен вовремя
1695,145,2025-02-03,11514.47,11514.47,Оплачен вовремя
1696,145,2025-03-05,11514.47,11514.47,Оплачен вовремя
1697,145,2025-04-04,11514.47,11514.47,Оплачен вовремя
1698,145,2025-05-04,11514.47,11514.47,Оплачен вовремя
1699,145,2025-06-03,11514.47,11514.47,Оплачен вовремя
1700,145,2025-07-03,11514.47,11514.47,Оплачен вовремя
1701,145,2025-08-02,11514.47,11514.47,Оплачен вовремя
1702,145,2025-09-01,11514.47,11514.47,Оплачен вовремя
1703,145,2025-10-01,11514.47,11514.47,Оплачен вовремя
1704,145,2025-10-31,11514.47,11514.47,Оплачен вовремя
1705,145,2025-11-30,11514.47,11514.47,Оплачен вовремя
1706,146,2025-03-12,22972.17,22972.17,Оплачен вовремя
1707,146,2025-04-11,22972.17,22972.17,Оплачен вовремя
1708,146,2025-05-11,22972.17,22972.17,Оплачен вовремя
1709,146,2025-06-10,22972.17,22972.17,Оплачен вовремя
1710,146,2025-07-10,22972.17,22972.17,Оплачен вовремя
1711,146,2025-08-09,22972.17,22972.17,Оплачен вовремя
1712,146,2025-09-08,22972.17,22972.17,Оплачен вовремя
1713,146,2025-10-08,22972.17,22972.17,Оплачен вовремя
1714,146,2025-11-07,22972.17,22972.17,Оплачен вовремя
1715,146,2025-12-07,22972.17,22972.17,Оплачен вовремя
1716,147,2024-03-19,58947.91,58947.91,Оплачен вовремя
1717,147,2024-04-18,58947.91,58947.91,Оплачен вовремя
1718,147,2024-05-18,58947.91,58947.91,Оплачен вовремя
1719,147,2024-06-17,58947.91,58947.91,Оплачен вовремя
1720,147,2024-07-17,58947.91,58947.91,Оплачен вовремя
1721,147,2024-08-16,58947.91,58947.91,Оплачен вовремя
1722,147,2024-09-15,58947.91,58947.91,Оплачен вовремя
1723,147,2024-10-15,58947.91,58947.91,Оплачен вовремя
1724,147,2024-11-14,58947.91,58947.91,Оплачен вовремя
1725,147,2024-12-14,58947.91,58947.91,Оплачен вовремя
1726,147,2025-01-13,58947.91,58947.91,Оплачен вовремя
1727,147,2025-02-12,58947.91,58947.91,Оплачен вовремя
1728,147,2025-03-14,58947.91,58947.91,Оплачен вовремя
1729,147,2025-04-13,58947.91,58947.91,Оплачен вовремя
1730,147,2025-05-13,58947.91,58947.91,Оплачен вовремя
1731,147,2025-06-12,58947.91,58947.91,Оплачен вовремя
1732,147,2025-07-12,58947.91,58947.91,Оплачен вовремя
1733,147,2025-08-11,58947.91,58947.91,Оплачен вовремя
1734,147,2025-09-10,58947.91,58947.91,Оплачен вовремя
1735,147,2025-10-10,58947.91,58947.91,Оплачен вовремя
1736,147,2025-11-09,58947.91,58947.91,Оплачен вовремя
1737,147,2025-12-09,58947.91,58947.91,Оплачен вовремя
1738,148,2023-12-27,30297.65,30297.65,Оплачен вовремя
1739,148,2024-01-26,30297.65,30297.65,Оплачен вовремя
1740,148,2024-02-25,30297.65,30297.65,Оплачен вовремя
1741,148,2024-03-26,30297.65,30297.65,Оплачен вовремя
1742,148,2024-04-25,30297.65,30297.65,Оплачен вовремя
1743,148,2024-05-25,30297.65,30297.65,Оплачен вовремя
1744,148,2024-06-24,30297.65,30297.65,Оплачен вовремя
1745,148,2024-07-24,30297.65,30297.65,Оплачен вовремя
1746,148,2024-08-23,30297.65,30297.65,Оплачен вовремя
1747,148,2024-09-22,30297.65,30297.65,Оплачен вовремя
1748,148,2024-10-22,30297.65,30297.65,Оплачен вовремя
1749,148,2024-11-21,30297.65,30297.65,Оплачен вовремя
1750,148,2024-12-21,30297.65,30297.65,Оплачен вовремя
1751,148,2025-01-20,30297.65,30297.65,Оплачен вовремя
1752,148,2025-02-19,30297.65,30297.65,Оплачен вовремя
1753,148,2025-03-21,30297.65,30297.65,Оплачен вовремя
1754,148,2025-04-20,30297.65,30297.65,Оплачен вовремя
1755,148,2025-05-20,30297.65,30297.65,Оплачен вовремя
1756,148,2025-06-19,30297.65,30297.65,Оплачен вовремя
1757,148,2025-07-19,30297.65,30297.65,Оплачен вовремя
1758,148,2025-08-18,30297.65,30297.65,Оплачен вовремя
1759,148,2025-09-17,30297.65,30297.65,Оплачен вовремя
1760,148,2025-10-17,30297.65,30297.65,Оплачен вовремя
1761,148,2025-11-16,30297.65,30297.65,Оплачен вовремя
1762,149,2023-12-03,57865.81,57865.81,Оплачен вовремя
1763,149,2024-01-02,57865.81,57865.81,Оплачен вовремя
1764,149,2024-02-01,57865.81,57865.81,Оплачен вовремя
1765,149,2024-03-02,57865.81,57865.81,Оплачен вовремя
1766,149,2024-04-01,57865.81,57865.81,Оплачен вовремя
1767,149,2024-05-01,57865.81,57865.81,Оплачен вовремя
1768,149,2024-05-31,57865.81,57865.81,Оплачен вовремя
1769,149,2024-06-30,57865.81,57865.81,Оплачен вовремя
1770,149,2024-07-30,57865.81,57865.81,Оплачен вовремя
1771,149,2024-08-29,57865.81,57865.81,Оплачен вовремя
1772,149,2024-09-28,57865.81,57865.81,Оплачен вовремя
1773,149,2024-10-28,57865.81,57865.81,Оплачен вовремя
1774,150,2024-03-28,108665.16,108665.16,Оплачен вовремя
1775,150,2024-04-27,108665.16,108665.16,Оплачен вовремя
1776,150,2024-05-27,108665.16,108665.16,Оплачен вовремя
1777,150,2024-06-26,108665.16,108665.16,Оплачен вовремя
1778,150,2024-07-26,108665.16,108665.16,Оплачен вовремя
1779,150,2024-08-25,108665.16,108665.16,Оплачен вовремя
1780,152,2025-12-23,4044.63,4044.63,Оплачен вовремя
1781,153,2025-01-31,3576.82,3576.82,Оплачен вовремя
1782,153,2025-03-02,3576.82,3576.82,Оплачен вовремя
1783,153,2025-04-01,3576.82,3576.82,Оплачен вовремя
1784,153,2025-05-01,3576.82,3576.82,Оплачен вовремя
1785,153,2025-05-31,3576.82,3576.82,Оплачен вовремя
1786,153,2025-06-30,3576.82,3576.82,Оплачен вовремя
1787,153,2025-07-30,3576.82,3576.82,Оплачен вовремя
1788,153,2025-08-29,3576.82,3576.82,Оплачен вовремя
1789,153,2025-09-28,3576.82,3576.82,Оплачен вовремя
1790,153,2025-10-28,3576.82,3576.82,Оплачен вовремя
1791,153,2025-11-27,3576.82,3576.82,Оплачен вовремя
1792,154,2024-12-06,27504.69,27504.69,Оплачен вовремя
1793,154,2025-01-05,27504.69,27504.69,Оплачен вовремя
1794,154,2025-02-04,27504.69,27504.69,Оплачен вовремя
1795,154,2025-03-06,27504.69,27504.69,Оплачен вовремя
1796,154,2025-04-05,27504.69,27504.69,Оплачен вовремя
1797,154,2025-05-05,27504.69,27504.69,Оплачен вовремя
1798,154,2025-06-04,27504.69,27504.69,Оплачен вовремя
1799,154,2025-07-04,27504.69,27504.69,Оплачен вовремя
1800,154,2025-08-03,27504.69,27504.69,Оплачен вовремя
1801,154,2025-09-02,27504.69,27504.69,Оплачен вовремя
1802,154,2025-10-02,27504.69,27504.69,Оплачен вовремя
1803,154,2025-11-01,27504.69,27504.69,Оплачен вовремя
1804,154,2025-12-01,27504.69,27504.69,Оплачен вовремя
1805,155,2023-01-08,1332379.92,1332379.92,Оплачен вовремя
1806,155,2023-02-07,1332379.92,1332379.92,Оплачен вовремя
1807,155,2023-03-09,1332379.92,1332379.92,Оплачен вовремя
1808,156,2023-07-08,162834.74,162834.74,Оплачен вовремя
1809,156,2023-08-07,162834.74,162834.74,Оплачен вовремя
1810,156,2023-09-06,162834.74,162834.74,Оплачен вовремя
1811,156,2023-10-06,162834.74,162834.74,Оплачен вовремя
1812,156,2023-11-05,162834.74,162834.74,Оплачен вовремя
1813,156,2023-12-05,162834.74,162834.74,Оплачен вовремя
1814,156,2024-01-04,162834.74,162834.74,Оплачен вовремя
1815,156,2024-02-03,162834.74,162834.74,Оплачен вовремя
1816,156,2024-03-04,162834.74,162834.74,Оплачен вовремя
1817,156,2024-04-03,162834.74,162834.74,Оплачен вовремя
1818,156,2024-05-03,162834.74,162834.74,Оплачен вовремя
1819,156,2024-06-02,162834.74,162834.74,Оплачен вовремя
1820,157,2025-07-15,39078.56,39078.56,Оплачен вовремя
1821,157,2025-08-14,39078.56,39078.56,Оплачен вовремя
1822,157,2025-09-13,39078.56,39078.56,Оплачен вовремя
1823,157,2025-10-13,39078.56,39078.56,Оплачен вовремя
1824,157,2025-11-12,39078.56,39078.56,Оплачен вовремя
1825,157,2025-12-12,39078.56,39078.56,Оплачен вовремя
1826,158,2025-10-03,13919.81,13919.81,Оплачен вовремя
1827,158,2025-11-02,13919.81,13919.81,Оплачен вовремя
1828,158,2025-12-02,13919.81,13919.81,Оплачен вовремя
1829,159,2025-08-15,30153.34,30153.34,Просрочен
1830,159,2025-09-14,30153.34,30153.34,Просрочен
1831,159,2025-10-14,30153.34,30153.34,Оплачен вовремя
1832,159,2025-11-13,30153.34,30153.34,Оплачен вовремя
1833,159,2025-12-13,30153.34,30153.34,Оплачен вовремя
1834,160,2024-08-08,10791.73,10791.73,Оплачен вовремя
1835,160,2024-09-07,10791.73,10791.73,Оплачен вовремя
1836,160,2024-10-07,10791.73,10791.73,Оплачен вовремя
1837,160,2024-11-06,10791.73,10791.73,Оплачен вовремя
1838,160,2024-12-06,10791.73,10791.73,Оплачен вовремя
1839,160,2025-01-05,10791.73,10791.73,Оплачен вовремя
1840,160,2025-02-04,10791.73,10791.73,Оплачен вовремя
1841,160,2025-03-06,10791.73,10791.73,Оплачен вовремя
1842,160,2025-04-05,10791.73,10791.73,Оплачен вовремя
1843,160,2025-05-05,10791.73,10791.73,Оплачен вовремя
1844,160,2025-06-04,10791.73,10791.73,Оплачен вовремя
1845,160,2025-07-04,10791.73,10791.73,Оплачен вовремя
1846,160,2025-08-03,10791.73,10791.73,Оплачен вовремя
1847,160,2025-09-02,10791.73,10791.73,Оплачен вовремя
1848,160,2025-10-02,10791.73,10791.73,Оплачен вовремя
1849,160,2025-11-01,10791.73,10791.73,Оплачен вовремя
1850,160,2025-12-01,10791.73,10791.73,Оплачен вовремя
1851,161,2025-02-10,8172.65,8172.65,Оплачен вовремя
1852,161,2025-03-12,8172.65,8172.65,Оплачен вовремя
1853,161,2025-04-11,8172.65,8172.65,Оплачен вовремя
1854,161,2025-05-11,8172.65,8172.65,Оплачен вовремя
1855,161,2025-06-10,8172.65,8172.65,Оплачен вовремя
1856,161,2025-07-10,8172.65,8172.65,Оплачен вовремя
1857,161,2025-08-09,8172.65,8172.65,Оплачен вовремя
1858,161,2025-09-08,8172.65,8172.65,Оплачен вовремя
1859,161,2025-10-08,8172.65,8172.65,Оплачен вовремя
1860,161,2025-11-07,8172.65,8172.65,Оплачен вовремя
1861,161,2025-12-07,8172.65,8172.65,Оплачен вовремя
1862,162,2025-02-17,21411.72,21411.72,Оплачен вовремя
1863,162,2025-03-19,21411.72,21411.72,Оплачен вовремя
1864,162,2025-04-18,21411.72,21411.72,Оплачен вовремя
1865,162,2025-05-18,21411.72,21411.72,Оплачен вовремя
1866,162,2025-06-17,21411.72,21411.72,Оплачен вовремя
1867,162,2025-07-17,21411.72,21411.72,Оплачен вовремя
1868,162,2025-08-16,21411.72,21411.72,Оплачен вовремя
1869,162,2025-09-15,21411.72,21411.72,Оплачен вовремя
1870,162,2025-10-15,21411.72,21411.72,Оплачен вовремя
1871,162,2025-11-14,21411.72,21411.72,Оплачен вовремя
1872,162,2025-12-14,21411.72,21411.72,Оплачен вовремя
1873,163,2024-01-13,36196.69,36196.69,Оплачен вовремя
1874,163,2024-02-12,36196.69,36196.69,Оплачен вовремя
1875,163,2024-03-13,36196.69,36196.69,Оплачен вовремя
1876,163,2024-04-12,36196.69,36196.69,Оплачен вовремя
1877,163,2024-05-12,36196.69,36196.69,Оплачен вовремя
1878,163,2024-06-11,36196.69,36196.69,Оплачен вовремя
1879,163,2024-07-11,36196.69,36196.69,Оплачен вовремя
1880,163,2024-08-10,36196.69,36196.69,Оплачен вовремя
1881,163,2024-09-09,36196.69,36196.69,Оплачен вовремя
1882,163,2024-10-09,36196.69,36196.69,Оплачен вовремя
1883,163,2024-11-08,36196.69,36196.69,Оплачен вовремя
1884,163,2024-12-08,36196.69,36196.69,Оплачен вовремя
1885,164,2023-06-27,31573.41,31573.41,Оплачен вовремя
1886,164,2023-07-27,31573.41,31573.41,Оплачен вовремя
1887,164,2023-08-26,31573.41,31573.41,Оплачен вовремя
1888,164,2023-09-25,31573.41,31573.41,Оплачен вовремя
1889,164,2023-10-25,31573.41,31573.41,Оплачен вовремя
1890,164,2023-11-24,31573.41,31573.41,Оплачен вовремя
1891,164,2023-12-24,31573.41,31573.41,Оплачен вовремя
1892,164,2024-01-23,31573.41,31573.41,Оплачен вовремя
1893,164,2024-02-22,31573.41,31573.41,Оплачен вовремя
1894,164,2024-03-23,31573.41,31573.41,Оплачен вовремя
1895,164,2024-04-22,31573.41,31573.41,Оплачен вовремя
1896,164,2024-05-22,31573.41,31573.41,Оплачен вовремя
1897,164,2024-06-21,31573.41,31573.41,Оплачен вовремя
1898,164,2024-07-21,31573.41,31573.41,Оплачен вовремя
1899,164,2024-08-20,31573.41,31573.41,Оплачен вовремя
1900,164,2024-09-19,31573.41,31573.41,Оплачен вовремя
1901,164,2024-10-19,31573.41,31573.41,Оплачен вовремя
1902,164,2024-11-18,31573.41,31573.41,Оплачен вовремя
1903,164,2024-12-18,31573.41,31573.41,Оплачен вовремя
1904,164,2025-01-17,31573.41,31573.41,Оплачен вовремя
1905,164,2025-02-16,31573.41,31573.41,Оплачен вовремя
1906,164,2025-03-18,31573.41,31573.41,Оплачен вовремя
1907,164,2025-04-17,31573.41,31573.41,Оплачен вовремя
1908,164,2025-05-17,31573.41,31573.41,Оплачен вовремя
1909,164,2025-06-16,31573.41,31573.41,Оплачен вовремя
1910,164,2025-07-16,31573.41,31573.41,Оплачен вовремя
1911,164,2025-08-15,31573.41,31573.41,Оплачен вовремя
1912,164,2025-09-14,31573.41,31573.41,Оплачен вовремя
1913,164,2025-10-14,31573.41,31573.41,Оплачен вовремя
1914,164,2025-11-13,31573.41,31573.41,Оплачен вовремя
1915,164,2025-12-13,31573.41,31573.41,Оплачен вовремя
1916,165,2025-03-09,389443.2,389443.2,Оплачен вовремя
1917,165,2025-04-08,389443.2,389443.2,Оплачен вовремя
1918,165,2025-05-08,389443.2,389443.2,Оплачен вовремя
1919,165,2025-06-07,389443.2,389443.2,Оплачен вовремя
1920,165,2025-07-07,389443.2,389443.2,Оплачен вовремя
1921,165,2025-08-06,389443.2,389443.2,Оплачен вовремя
1922,165,2025-09-05,389443.2,389443.2,Оплачен вовремя
1923,165,2025-10-05,389443.2,389443.2,Оплачен вовремя
1924,165,2025-11-04,389443.2,389443.2,Оплачен вовремя
1925,166,2025-02-27,421018.12,421018.12,Оплачен вовремя
1926,166,2025-03-29,421018.12,421018.12,Оплачен вовремя
1927,166,2025-04-28,421018.12,421018.12,Оплачен вовремя
1928,166,2025-05-28,421018.12,421018.12,Оплачен вовремя
1929,166,2025-06-27,421018.12,421018.12,Оплачен вовремя
1930,166,2025-07-27,421018.12,421018.12,Оплачен вовремя
1931,166,2025-08-26,421018.12,421018.12,Оплачен вовремя
1932,166,2025-09-25,421018.12,421018.12,Оплачен вовремя
1933,166,2025-10-25,421018.12,421018.12,Оплачен вовремя
1934,167,2025-05-02,176201.02,176201.02,Оплачен вовремя
1935,167,2025-06-01,176201.02,176201.02,Оплачен вовремя
1936,167,2025-07-01,176201.02,176201.02,Просрочен
1937,167,2025-07-31,176201.02,176201.02,Оплачен вовремя
1938,167,2025-08-30,176201.02,176201.02,Оплачен вовремя
1939,167,2025-09-29,176201.02,176201.02,Оплачен вовремя
1940,167,2025-10-29,176201.02,176201.02,Оплачен вовремя
1941,167,2025-11-28,176201.02,176201.02,Оплачен вовремя
1942,168,2024-12-15,66672.03,66672.03,Оплачен вовремя
1943,168,2025-01-14,66672.03,66672.03,Оплачен вовремя
1944,168,2025-02-13,66672.03,66672.03,Оплачен вовремя
1945,168,2025-03-15,66672.03,66672.03,Оплачен вовремя
1946,168,2025-04-14,66672.03,66672.03,Оплачен вовремя
1947,168,2025-05-14,66672.03,66672.03,Оплачен вовремя
1948,168,2025-06-13,66672.03,66672.03,Оплачен вовремя
1949,168,2025-07-13,66672.03,66672.03,Оплачен вовремя
1950,168,2025-08-12,66672.03,66672.03,Оплачен вовремя
1951,168,2025-09-11,66672.03,66672.03,Оплачен вовремя
1952,168,2025-10-11,66672.03,66672.03,Оплачен вовремя
1953,168,2025-11-10,66672.03,66672.03,Оплачен вовремя
1954,168,2025-12-10,66672.03,66672.03,Оплачен вовремя
1955,169,2024-12-11,24113.91,24113.91,Оплачен вовремя
1956,169,2025-01-10,24113.91,24113.91,Оплачен вовремя
1957,169,2025-02-09,24113.91,24113.91,Просрочен
1958,169,2025-03-11,24113.91,24113.91,Просрочен
1959,169,2025-04-10,24113.91,24113.91,Оплачен вовремя
1960,169,2025-05-10,24113.91,24113.91,Оплачен вовремя
1961,169,2025-06-09,24113.91,24113.91,Оплачен вовремя
1962,169,2025-07-09,24113.91,24113.91,Оплачен вовремя
1963,169,2025-08-08,24113.91,24113.91,Оплачен вовремя
1964,169,2025-09-07,24113.91,24113.91,Оплачен вовремя
1965,169,2025-10-07,24113.91,24113.91,Оплачен вовремя
1966,169,2025-11-06,24113.91,24113.91,Оплачен вовремя
1967,169,2025-12-06,24113.91,24113.91,Оплачен вовремя
1968,170,2024-04-29,13242.19,13242.19,Оплачен вовремя
1969,170,2024-05-29,13242.19,13242.19,Оплачен вовремя
1970,170,2024-06-28,13242.19,13242.19,Оплачен вовремя
1971,170,2024-07-28,13242.19,13242.19,Оплачен вовремя
1972,170,2024-08-27,13242.19,13242.19,Оплачен вовремя
1973,170,2024-09-26,13242.19,13242.19,Оплачен вовремя
1974,170,2024-10-26,13242.19,13242.19,Оплачен вовремя
1975,170,2024-11-25,13242.19,13242.19,Оплачен вовремя
1976,170,2024-12-25,13242.19,13242.19,Оплачен вовремя
1977,170,2025-01-24,13242.19,13242.19,Оплачен вовремя
1978,170,2025-02-23,13242.19,13242.19,Оплачен вовремя
1979,170,2025-03-25,13242.19,13242.19,Оплачен вовремя
1980,170,2025-04-24,13242.19,13242.19,Оплачен вовремя
1981,170,2025-05-24,13242.19,13242.19,Оплачен вовремя
1982,170,2025-06-23,13242.19,13242.19,Оплачен вовремя
1983,170,2025-07-23,13242.19,13242.19,Оплачен вовремя
1984,170,2025-08-22,13242.19,13242.19,Оплачен вовремя
1985,170,2025-09-21,13242.19,13242.19,Оплачен вовремя
1986,170,2025-10-21,13242.19,13242.19,Оплачен вовремя
1987,170,2025-11-20,13242.19,13242.19,Оплачен вовремя
1988,170,2025-12-20,13242.19,13242.19,Оплачен вовремя
1989,172,2024-09-05,309991.46,309991.46,Оплачен вовремя
1990,172,2024-10-05,309991.46,309991.46,Оплачен вовремя
1991,172,2024-11-04,309991.46,309991.46,Оплачен вовремя
1992,172,2024-12-04,309991.46,309991.46,Оплачен вовремя
1993,172,2025-01-03,309991.46,309991.46,Оплачен вовремя
1994,172,2025-02-02,309991.46,309991.46,Оплачен вовремя
1995,173,2025-05-17,305532.09,305532.09,Оплачен вовремя
1996,173,2025-06-16,305532.09,305532.09,Оплачен вовремя
1997,173,2025-07-16,305532.09,305532.09,Оплачен вовремя
1998,173,2025-08-15,305532.09,305532.09,Оплачен вовремя
1999,173,2025-09-14,305532.09,305532.09,Оплачен вовремя
2000,173,2025-10-14,305532.09,305532.09,Оплачен вовремя
2001,173,2025-11-13,305532.09,305532.09,Оплачен вовремя
2002,173,2025-12-13,305532.09,305532.09,Оплачен вовремя
2003,174,2025-04-08,22077.88,22077.88,Оплачен вовремя
2004,174,2025-05-08,22077.88,22077.88,Оплачен вовремя
2005,174,2025-06-07,22077.88,22077.88,Оплачен вовремя
2006,174,2025-07-07,22077.88,22077.88,Оплачен вовремя
2007,174,2025-08-06,22077.88,22077.88,Оплачен вовремя
2008,174,2025-09-05,22077.88,22077.88,Оплачен вовремя
2009,174,2025-10-05,22077.88,22077.88,Оплачен вовремя
2010,174,2025-11-04,22077.88,22077.88,Оплачен вовремя
2011,174,2025-12-04,22077.88,22077.88,Оплачен вовремя
2012,175,2025-04-24,24071.21,24071.21,Просрочен
2013,175,2025-05-24,24071.21,24071.21,Оплачен вовремя
2014,175,2025-06-23,24071.21,24071.21,Оплачен вовремя
2015,175,2025-07-23,24071.21,24071.21,Оплачен вовремя
2016,175,2025-08-22,24071.21,24071.21,Оплачен вовремя
2017,175,2025-09-21,24071.21,24071.21,Просрочен
2018,175,2025-10-21,24071.21,24071.21,Оплачен вовремя
2019,175,2025-11-20,24071.21,24071.21,Оплачен вовремя
2020,175,2025-12-20,24071.21,24071.21,Оплачен вовремя
2021,176,2025-08-31,2781.38,2781.38,Просрочен
2022,176,2025-09-30,2781.38,0.0,Не оплачен
2023,176,2025-10-30,2781.38,2781.38,Оплачен вовремя
2024,176,2025-11-29,2781.38,2781.38,Оплачен вовремя
2025,177,2023-10-29,81502.9,81502.9,Оплачен вовремя
2026,177,2023-11-28,81502.9,81502.9,Просрочен
2027,177,2023-12-28,81502.9,81502.9,Просрочен
2028,177,2024-01-27,81502.9,81502.9,Просрочен
2029,177,2024-02-26,81502.9,81502.9,Просрочен
2030,177,2024-03-27,81502.9,81502.9,Оплачен вовремя
2031,177,2024-04-26,81502.9,81502.9,Оплачен вовремя
2032,177,2024-05-26,81502.9,0.0,Не оплачен
2033,177,2024-06-25,81502.9,81502.9,Просрочен
2034,177,2024-07-25,81502.9,81502.9,Оплачен вовремя
2035,177,2024-08-24,81502.9,81502.9,Просрочен
2036,177,2024-09-23,81502.9,81502.9,Просрочен
2037,178,2025-07-13,18868.12,18868.12,Оплачен вовремя
2038,178,2025-08-12,18868.12,18868.12,Оплачен вовремя
2039,178,2025-09-11,18868.12,18868.12,Оплачен вовремя
2040,178,2025-10-11,18868.12,18868.12,Оплачен вовремя
2041,178,2025-11-10,18868.12,18868.12,Оплачен вовремя
2042,178,2025-12-10,18868.12,18868.12,Оплачен вовремя
2043,179,2024-03-18,15564.02,15564.02,Оплачен вовремя
2044,179,2024-04-17,15564.02,15564.02,Оплачен вовремя
2045,179,2024-05-17,15564.02,15564.02,Оплачен вовремя
2046,179,2024-06-16,15564.02,15564.02,Оплачен вовремя
2047,179,2024-07-16,15564.02,15564.02,Оплачен вовремя
2048,179,2024-08-15,15564.02,15564.02,Оплачен вовремя
2049,179,2024-09-14,15564.02,15564.02,Оплачен вовремя
2050,179,2024-10-14,15564.02,15564.02,Оплачен вовремя
2051,179,2024-11-13,15564.02,15564.02,Оплачен вовремя
2052,179,2024-12-13,15564.02,15564.02,Оплачен вовремя
2053,179,2025-01-12,15564.02,15564.02,Оплачен вовремя
2054,179,2025-02-11,15564.02,15564.02,Оплачен вовремя
2055,179,2025-03-13,15564.02,15564.02,Оплачен вовремя
2056,179,2025-04-12,15564.02,15564.02,Оплачен вовремя
2057,179,2025-05-12,15564.02,15564.02,Оплачен вовремя
2058,179,2025-06-11,15564.02,15564.02,Оплачен вовремя
2059,179,2025-07-11,15564.02,15564.02,Оплачен вовремя
2060,179,2025-08-10,15564.02,15564.02,Оплачен вовремя
2061,179,2025-09-09,15564.02,15564.02,Оплачен вовремя
2062,179,2025-10-09,15564.02,15564.02,Оплачен вовремя
2063,179,2025-11-08,15564.02,15564.02,Оплачен вовремя
2064,179,2025-12-08,15564.02,15564.02,Оплачен вовремя
2065,180,2024-04-19,15213.58,15213.58,Оплачен вовремя
2066,180,2024-05-19,15213.58,15213.58,Оплачен вовремя
2067,180,2024-06-18,15213.58,15213.58,Оплачен вовремя
2068,180,2024-07-18,15213.58,15213.58,Оплачен вовремя
2069,180,2024-08-17,15213.58,15213.58,Оплачен вовремя
2070,180,2024-09-16,15213.58,15213.58,Оплачен вовремя
2071,180,2024-10-16,15213.58,15213.58,Оплачен вовремя
2072,180,2024-11-15,15213.58,15213.58,Оплачен вовремя
2073,180,2024-12-15,15213.58,15213.58,Оплачен вовремя
2074,180,2025-01-14,15213.58,15213.58,Оплачен вовремя
2075,180,2025-02-13,15213.58,15213.58,Оплачен вовремя
2076,180,2025-03-15,15213.58,15213.58,Оплачен вовремя
2077,180,2025-04-14,15213.58,15213.58,Оплачен вовремя
2078,180,2025-05-14,15213.58,15213.58,Оплачен вовремя
2079,180,2025-06-13,15213.58,15213.58,Оплачен вовремя
2080,180,2025-07-13,15213.58,15213.58,Оплачен вовремя
2081,180,2025-08-12,15213.58,15213.58,Оплачен вовремя
2082,180,2025-09-11,15213.58,15213.58,Оплачен вовремя
2083,180,2025-10-11,15213.58,15213.58,Оплачен вовремя
2084,180,2025-11-10,15213.58,15213.58,Оплачен вовремя
2085,180,2025-12-10,15213.58,15213.58,Оплачен вовремя
2086,181,2025-10-21,271853.52,271853.52,Оплачен вовремя
2087,181,2025-11-20,271853.52,271853.52,Оплачен вовремя
2088,181,2025-12-20,271853.52,271853.52,Оплачен вовремя
2089,182,2025-04-30,2348.27,2348.27,Оплачен вовремя
2090,182,2025-05-30,2348.27,2348.27,Оплачен вовремя
2091,182,2025-06-29,2348.27,2348.27,Оплачен вовремя
2092,182,2025-07-29,2348.27,2348.27,Оплачен вовремя
2093,182,2025-08-28,2348.27,2348.27,Оплачен вовремя
2094,182,2025-09-27,2348.27,2348.27,Оплачен вовремя
2095,182,2025-10-27,2348.27,2348.27,Оплачен вовремя
2096,182,2025-11-26,2348.27,2348.27,Оплачен вовремя
2097,182,2025-12-26,2348.27,2348.27,Оплачен вовремя
2098,183,2024-08-30,6264.9,6264.9,Просрочен
2099,183,2024-09-29,6264.9,6264.9,Просрочен
2100,183,2024-10-29,6264.9,6264.9,Оплачен вовремя
2101,183,2024-11-28,6264.9,6264.9,Просрочен
2102,183,2024-12-28,6264.9,6264.9,Оплачен вовремя
2103,183,2025-01-27,6264.9,6264.9,Оплачен вовремя
2104,183,2025-02-26,6264.9,6264.9,Оплачен вовремя
2105,183,2025-03-28,6264.9,6264.9,Оплачен вовремя
2106,183,2025-04-27,6264.9,6264.9,Просрочен
2107,183,2025-05-27,6264.9,6264.9,Просрочен
2108,183,2025-06-26,6264.9,6264.9,Оплачен вовремя
2109,183,2025-07-26,6264.9,6264.9,Оплачен вовремя
2110,183,2025-08-25,6264.9,6264.9,Оплачен вовремя
2111,183,2025-09-24,6264.9,6264.9,Просрочен
2112,183,2025-10-24,6264.9,6264.9,Просрочен
2113,183,2025-11-23,6264.9,6264.9,Оплачен вовремя
2114,183,2025-12-23,6264.9,6264.9,Оплачен вовремя
2115,184,2024-01-11,15051.85,15051.85,Оплачен вовремя
2116,184,2024-02-10,15051.85,15051.85,Оплачен вовремя
2117,184,2024-03-11,15051.85,15051.85,Оплачен вовремя
2118,184,2024-04-10,15051.85,15051.85,Оплачен вовремя
2119,184,2024-05-10,15051.85,15051.85,Оплачен вовремя
2120,184,2024-06-09,15051.85,15051.85,Оплачен вовремя
2121,184,2024-07-09,15051.85,15051.85,Оплачен вовремя
2122,184,2024-08-08,15051.85,15051.85,Оплачен вовремя
2123,184,2024-09-07,15051.85,15051.85,Оплачен вовремя
2124,184,2024-10-07,15051.85,15051.85,Оплачен вовремя
2125,184,2024-11-06,15051.85,15051.85,Оплачен вовремя
2126,184,2024-12-06,15051.85,15051.85,Оплачен вовремя
2127,184,2025-01-05,15051.85,15051.85,Оплачен вовремя
2128,184,2025-02-04,15051.85,15051.85,Оплачен вовремя
2129,184,2025-03-06,15051.85,15051.85,Оплачен вовремя
2130,184,2025-04-05,15051.85,15051.85,Оплачен вовремя
2131,184,2025-05-05,15051.85,15051.85,Оплачен вовремя
2132,184,2025-06-04,15051.85,15051.85,Оплачен вовремя
2133,184,2025-07-04,15051.85,15051.85,Оплачен вовремя
2134,184,2025-08-03,15051.85,15051.85,Оплачен вовремя
2135,184,2025-09-02,15051.85,15051.85,Оплачен вовремя
2136,184,2025-10-02,15051.85,15051.85,Оплачен вовремя
2137,184,2025-11-01,15051.85,15051.85,Оплачен вовремя
2138,184,2025-12-01,15051.85,15051.85,Оплачен вовремя
2139,185,2024-05-30,57380.52,57380.52,Оплачен вовремя
2140,185,2024-06-29,57380.52,57380.52,Оплачен вовремя
2141,185,2024-07-29,57380.52,57380.52,Оплачен вовремя
2142,185,2024-08-28,57380.52,57380.52,Оплачен вовремя
2143,185,2024-09-27,57380.52,57380.52,Оплачен вовремя
2144,185,2024-10-27,57380.52,57380.52,Оплачен вовремя
2145,185,2024-11-26,57380.52,57380.52,Оплачен вовремя
2146,185,2024-12-26,57380.52,57380.52,Оплачен вовремя
2147,185,2025-01-25,57380.52,57380.52,Оплачен вовремя
2148,185,2025-02-24,57380.52,57380.52,Оплачен вовремя
2149,185,2025-03-26,57380.52,57380.52,Оплачен вовремя
2150,185,2025-04-25,57380.52,57380.52,Оплачен вовремя
2151,185,2025-05-25,57380.52,57380.52,Оплачен вовремя
2152,185,2025-06-24,57380.52,57380.52,Оплачен вовремя
2153,185,2025-07-24,57380.52,57380.52,Оплачен вовремя
2154,185,2025-08-23,57380.52,57380.52,Оплачен вовремя
2155,185,2025-09-22,57380.52,57380.52,Оплачен вовремя
2156,185,2025-10-22,57380.52,57380.52,Оплачен вовремя
2157,185,2025-11-21,57380.52,57380.52,Оплачен вовремя
2158,185,2025-12-21,57380.52,57380.52,Оплачен вовремя
2159,187,2025-08-09,19794.49,19794.49,Оплачен вовремя
2160,187,2025-09-08,19794.49,19794.49,Оплачен вовремя
2161,187,2025-10-08,19794.49,19794.49,Оплачен вовремя
2162,187,2025-11-07,19794.49,19794.49,Оплачен вовремя
2163,187,2025-12-07,19794.49,19794.49,Оплачен вовремя
2164,188,2025-10-17,613779.83,613779.83,Оплачен вовремя
2165,188,2025-11-16,613779.83,613779.83,Оплачен вовремя
2166,188,2025-12-16,613779.83,613779.83,Оплачен вовремя
2167,189,2025-11-03,4322.96,4322.96,Оплачен вовремя
2168,189,2025-12-03,4322.96,4322.96,Оплачен вовремя
2169,190,2024-09-03,17266.66,17266.66,Оплачен вовремя
2170,190,2024-10-03,17266.66,17266.66,Оплачен вовремя
2171,190,2024-11-02,17266.66,17266.66,Оплачен вовремя
2172,190,2024-12-02,17266.66,17266.66,Оплачен вовремя
2173,190,2025-01-01,17266.66,17266.66,Оплачен вовремя
2174,190,2025-01-31,17266.66,17266.66,Оплачен вовремя
2175,190,2025-03-02,17266.66,17266.66,Оплачен вовремя
2176,190,2025-04-01,17266.66,17266.66,Оплачен вовремя
2177,190,2025-05-01,17266.66,17266.66,Оплачен вовремя
2178,190,2025-05-31,17266.66,17266.66,Оплачен вовремя
2179,190,2025-06-30,17266.66,17266.66,Оплачен вовремя
2180,190,2025-07-30,17266.66,17266.66,Оплачен вовремя
2181,191,2023-03-05,165886.0,165886.0,Просрочен
2182,191,2023-04-04,165886.0,165886.0,Оплачен вовремя
2183,191,2023-05-04,165886.0,165886.0,Оплачен вовремя
2184,191,2023-06-03,165886.0,165886.0,Оплачен вовремя
2185,191,2023-07-03,165886.0,165886.0,Оплачен вовремя
2186,191,2023-08-02,165886.0,165886.0,Просрочен
2187,191,2023-09-01,165886.0,165886.0,Просрочен
2188,191,2023-10-01,165886.0,165886.0,Оплачен вовремя
2189,191,2023-10-31,165886.0,165886.0,Оплачен вовремя
2190,191,2023-11-30,165886.0,0.0,Не оплачен
2191,191,2023-12-30,165886.0,165886.0,Оплачен вовремя
2192,191,2024-01-29,165886.0,165886.0,Оплачен вовремя
2193,192,2025-07-18,64883.84,0.0,Не оплачен
2194,192,2025-08-17,64883.84,64883.84,Оплачен вовремя
2195,192,2025-09-16,64883.84,64883.84,Просрочен
2196,192,2025-10-16,64883.84,0.0,Не оплачен
2197,192,2025-11-15,64883.84,64883.84,Оплачен вовремя
2198,192,2025-12-15,64883.84,64883.84,Оплачен вовремя
2199,193,2024-12-05,32363.92,32363.92,Оплачен вовремя
2200,193,2025-01-04,32363.92,32363.92,Оплачен вовремя
2201,193,2025-02-03,32363.92,32363.92,Оплачен вовремя
2202,193,2025-03-05,32363.92,32363.92,Оплачен вовремя
2203,193,2025-04-04,32363.92,32363.92,Оплачен вовремя
2204,193,2025-05-04,32363.92,32363.92,Оплачен вовремя
2205,193,2025-06-03,32363.92,32363.92,Оплачен вовремя
2206,193,2025-07-03,32363.92,32363.92,Оплачен вовремя
2207,193,2025-08-02,32363.92,32363.92,Оплачен вовремя
2208,193,2025-09-01,32363.92,32363.92,Оплачен вовремя
2209,193,2025-10-01,32363.92,32363.92,Оплачен вовремя
2210,193,2025-10-31,32363.92,32363.92,Оплачен вовремя
2211,193,2025-11-30,32363.92,32363.92,Оплачен вовремя
2212,194,2023-09-25,516081.91,516081.91,Оплачен вовремя
2213,194,2023-10-25,516081.91,516081.91,Оплачен вовремя
2214,194,2023-11-24,516081.91,516081.91,Оплачен вовремя
2215,194,2023-12-24,516081.91,516081.91,Оплачен вовремя
2216,194,2024-01-23,516081.91,516081.91,Оплачен вовремя
2217,194,2024-02-22,516081.91,516081.91,Оплачен вовремя
2218,195,2022-12-15,17516.25,17516.25,Оплачен вовремя
2219,195,2023-01-14,17516.25,17516.25,Оплачен вовремя
2220,195,2023-02-13,17516.25,17516.25,Оплачен вовремя
2221,195,2023-03-15,17516.25,17516.25,Оплачен вовремя
2222,195,2023-04-14,17516.25,17516.25,Оплачен вовремя
2223,195,2023-05-14,17516.25,17516.25,Оплачен вовремя
2224,195,2023-06-13,17516.25,17516.25,Оплачен вовремя
2225,195,2023-07-13,17516.25,17516.25,Оплачен вовремя
2226,195,2023-08-12,17516.25,17516.25,Оплачен вовремя
2227,195,2023-09-11,17516.25,17516.25,Оплачен вовремя
2228,195,2023-10-11,17516.25,17516.25,Оплачен вовремя
2229,195,2023-11-10,17516.25,17516.25,Оплачен вовремя
2230,195,2023-12-10,17516.25,17516.25,Оплачен вовремя
2231,195,2024-01-09,17516.25,17516.25,Оплачен вовремя
2232,195,2024-02-08,17516.25,17516.25,Оплачен вовремя
2233,195,2024-03-09,17516.25,17516.25,Оплачен вовремя
2234,195,2024-04-08,17516.25,17516.25,Оплачен вовремя
2235,195,2024-05-08,17516.25,17516.25,Оплачен вовремя
2236,195,2024-06-07,17516.25,17516.25,Оплачен вовремя
2237,195,2024-07-07,17516.25,17516.25,Оплачен вовремя
2238,195,2024-08-06,17516.25,17516.25,Оплачен вовремя
2239,195,2024-09-05,17516.25,17516.25,Оплачен вовремя
2240,195,2024-10-05,17516.25,17516.25,Оплачен вовремя
2241,195,2024-11-04,17516.25,17516.25,Оплачен вовремя
2242,195,2024-12-04,17516.25,17516.25,Оплачен вовремя
2243,195,2025-01-03,17516.25,17516.25,Оплачен вовремя
2244,195,2025-02-02,17516.25,17516.25,Оплачен вовремя
2245,195,2025-03-04,17516.25,17516.25,Оплачен вовремя
2246,195,2025-04-03,17516.25,17516.25,Оплачен вовремя
2247,195,2025-05-03,17516.25,17516.25,Оплачен вовремя
2248,195,2025-06-02,17516.25,17516.25,Оплачен вовремя
2249,195,2025-07-02,17516.25,17516.25,Оплачен вовремя
2250,195,2025-08-01,17516.25,17516.25,Оплачен вовремя
2251,195,2025-08-31,17516.25,17516.25,Оплачен вовремя
2252,195,2025-09-30,17516.25,17516.25,Оплачен вовремя
2253,195,2025-10-30,17516.25,17516.25,Оплачен вовремя
2254,196,2024-12-03,23539.65,23539.65,Оплачен вовремя
2255,196,2025-01-02,23539.65,23539.65,Оплачен вовремя
2256,196,2025-02-01,23539.65,23539.65,Оплачен вовремя
2257,196,2025-03-03,23539.65,23539.65,Оплачен вовремя
2258,196,2025-04-02,23539.65,23539.65,Оплачен вовремя
2259,196,2025-05-02,23539.65,23539.65,Оплачен вовремя
2260,196,2025-06-01,23539.65,23539.65,Оплачен вовремя
2261,196,2025-07-01,23539.65,23539.65,Оплачен вовремя
2262,196,2025-07-31,23539.65,23539.65,Оплачен вовремя
2263,196,2025-08-30,23539.65,23539.65,Оплачен вовремя
2264,196,2025-09-29,23539.65,23539.65,Оплачен вовремя
2265,196,2025-10-29,23539.65,23539.65,Оплачен вовремя
2266,196,2025-11-28,23539.65,23539.65,Оплачен вовремя
2267,197,2024-06-15,89873.67,89873.67,Оплачен вовремя
2268,197,2024-07-15,89873.67,89873.67,Оплачен вовремя
2269,197,2024-08-14,89873.67,89873.67,Оплачен вовремя
2270,197,2024-09-13,89873.67,89873.67,Оплачен вовремя
2271,197,2024-10-13,89873.67,89873.67,Оплачен вовремя
2272,197,2024-11-12,89873.67,89873.67,Оплачен вовремя
2273,197,2024-12-12,89873.67,89873.67,Оплачен вовремя
2274,197,2025-01-11,89873.67,89873.67,Оплачен вовремя
2275,197,2025-02-10,89873.67,89873.67,Оплачен вовремя
2276,197,2025-03-12,89873.67,89873.67,Оплачен вовремя
2277,197,2025-04-11,89873.67,89873.67,Оплачен вовремя
2278,197,2025-05-11,89873.67,89873.67,Оплачен вовремя
2279,197,2025-06-10,89873.67,89873.67,Оплачен вовремя
2280,197,2025-07-10,89873.67,89873.67,Оплачен вовремя
2281,197,2025-08-09,89873.67,89873.67,Оплачен вовремя
2282,197,2025-09-08,89873.67,89873.67,Оплачен вовремя
2283,197,2025-10-08,89873.67,89873.67,Оплачен вовремя
2284,197,2025-11-07,89873.67,89873.67,Оплачен вовремя
2285,197,2025-12-07,89873.67,89873.67,Оплачен вовремя
2286,198,2023-06-26,26500.77,26500.77,Оплачен вовремя
2287,198,2023-07-26,26500.77,26500.77,Оплачен вовремя
2288,198,2023-08-25,26500.77,26500.77,Оплачен вовремя
2289,198,2023-09-24,26500.77,26500.77,Оплачен вовремя
2290,198,2023-10-24,26500.77,26500.77,Оплачен вовремя
2291,198,2023-11-23,26500.77,26500.77,Оплачен вовремя
2292,198,2023-12-23,26500.77,26500.77,Оплачен вовремя
2293,198,2024-01-22,26500.77,26500.77,Оплачен вовремя
2294,198,2024-02-21,26500.77,26500.77,Оплачен вовремя
2295,198,2024-03-22,26500.77,26500.77,Оплачен вовремя
2296,198,2024-04-21,26500.77,26500.77,Оплачен вовремя
2297,198,2024-05-21,26500.77,26500.77,Оплачен вовремя
2298,198,2024-06-20,26500.77,26500.77,Оплачен вовремя
2299,198,2024-07-20,26500.77,26500.77,Оплачен вовремя
2300,198,2024-08-19,26500.77,26500.77,Оплачен вовремя
2301,198,2024-09-18,26500.77,26500.77,Оплачен вовремя
2302,198,2024-10-18,26500.77,26500.77,Оплачен вовремя
2303,198,2024-11-17,26500.77,26500.77,Оплачен вовремя
2304,198,2024-12-17,26500.77,26500.77,Оплачен вовремя
2305,198,2025-01-16,26500.77,26500.77,Оплачен вовремя
2306,198,2025-02-15,26500.77,26500.77,Оплачен вовремя
2307,198,2025-03-17,26500.77,26500.77,Оплачен вовремя
2308,198,2025-04-16,26500.77,26500.77,Оплачен вовремя
2309,198,2025-05-16,26500.77,26500.77,Оплачен вовремя
2310,199,2023-12-30,6023.17,6023.17,Оплачен вовремя
2311,199,2024-01-29,6023.17,6023.17,Оплачен вовремя
2312,199,2024-02-28,6023.17,6023.17,Оплачен вовремя
2313,199,2024-03-29,6023.17,6023.17,Оплачен вовремя
2314,199,2024-04-28,6023.17,6023.17,Оплачен вовремя
2315,199,2024-05-28,6023.17,6023.17,Оплачен вовремя
2316,199,2024-06-27,6023.17,6023.17,Оплачен вовремя
2317,199,2024-07-27,6023.17,6023.17,Оплачен вовремя
2318,199,2024-08-26,6023.17,6023.17,Оплачен вовремя
2319,199,2024-09-25,6023.17,6023.17,Оплачен вовремя
2320,199,2024-10-25,6023.17,6023.17,Оплачен вовремя
2321,199,2024-11-24,6023.17,6023.17,Оплачен вовремя
2322,200,2023-01-08,29847.39,29847.39,Оплачен вовремя
2323,200,2023-02-07,29847.39,29847.39,Оплачен вовремя
2324,200,2023-03-09,29847.39,29847.39,Оплачен вовремя
2325,200,2023-04-08,29847.39,29847.39,Оплачен вовремя
2326,200,2023-05-08,29847.39,29847.39,Оплачен вовремя
2327,200,2023-06-07,29847.39,29847.39,Оплачен вовремя
2328,200,2023-07-07,29847.39,29847.39,Оплачен вовремя
2329,200,2023-08-06,29847.39,29847.39,Оплачен вовремя
2330,200,2023-09-05,29847.39,29847.39,Оплачен вовремя
2331,200,2023-10-05,29847.39,29847.39,Оплачен вовремя
2332,200,2023-11-04,29847.39,29847.39,Оплачен вовремя
2333,200,2023-12-04,29847.39,29847.39,Оплачен вовремя
2334,200,2024-01-03,29847.39,29847.39,Оплачен вовремя
2335,200,2024-02-02,29847.39,29847.39,Оплачен вовремя
2336,200,2024-03-03,29847.39,29847.39,Оплачен вовремя
2337,200,2024-04-02,29847.39,29847.39,Оплачен вовремя
2338,200,2024-05-02,29847.39,29847.39,Оплачен вовремя
2339,200,2024-06-01,29847.39,29847.39,Оплачен вовремя
2340,200,2024-07-01,29847.39,29847.39,Оплачен вовремя
2341,200,2024-07-31,29847.39,29847.39,Оплачен вовремя
2342,200,2024-08-30,29847.39,29847.39,Оплачен вовремя
2343,200,2024-09-29,29847.39,29847.39,Оплачен вовремя
2344,200,2024-10-29,29847.39,29847.39,Оплачен вовремя
2345,200,2024-11-28,29847.39,29847.39,Оплачен вовремя
2346,201,2025-10-27,19835.64,19835.64,Оплачен вовремя
2347,201,2025-11-26,19835.64,19835.64,Оплачен вовремя
2348,201,2025-12-26,19835.64,19835.64,Оплачен вовремя
2349,202,2025-11-10,5880.44,5880.44,Оплачен вовремя
2350,202,2025-12-10,5880.44,5880.44,Оплачен вовремя
2351,203,2025-01-07,8885.7,8885.7,Оплачен вовремя
2352,203,2025-02-06,8885.7,8885.7,Оплачен вовремя
2353,203,2025-03-08,8885.7,8885.7,Оплачен вовремя
2354,203,2025-04-07,8885.7,8885.7,Оплачен вовремя
2355,203,2025-05-07,8885.7,8885.7,Оплачен вовремя
2356,203,2025-06-06,8885.7,8885.7,Оплачен вовремя
2357,203,2025-07-06,8885.7,8885.7,Оплачен вовремя
2358,203,2025-08-05,8885.7,8885.7,Оплачен вовремя
2359,203,2025-09-04,8885.7,8885.7,Оплачен вовремя
2360,203,2025-10-04,8885.7,8885.7,Оплачен вовремя
2361,203,2025-11-03,8885.7,8885.7,Оплачен вовремя
2362,203,2025-12-03,8885.7,8885.7,Оплачен вовремя
2363,204,2024-05-21,14999.12,14999.12,Оплачен вовремя
2364,204,2024-06-20,14999.12,14999.12,Оплачен вовремя
2365,204,2024-07-20,14999.12,14999.12,Оплачен вовремя
2366,204,2024-08-19,14999.12,14999.12,Оплачен вовремя
2367,204,2024-09-18,14999.12,14999.12,Оплачен вовремя
2368,204,2024-10-18,14999.12,14999.12,Оплачен вовремя
2369,204,2024-11-17,14999.12,14999.12,Оплачен вовремя
2370,204,2024-12-17,14999.12,14999.12,Оплачен вовремя
2371,204,2025-01-16,14999.12,14999.12,Оплачен вовремя
2372,204,2025-02-15,14999.12,14999.12,Оплачен вовремя
2373,204,2025-03-17,14999.12,14999.12,Оплачен вовремя
2374,204,2025-04-16,14999.12,14999.12,Оплачен вовремя
2375,204,2025-05-16,14999.12,14999.12,Оплачен вовремя
2376,204,2025-06-15,14999.12,14999.12,Оплачен вовремя
2377,204,2025-07-15,14999.12,14999.12,Оплачен вовремя
2378,204,2025-08-14,14999.12,14999.12,Оплачен вовремя
2379,204,2025-09-13,14999.12,14999.12,Оплачен вовремя
2380,204,2025-10-13,14999.12,14999.12,Оплачен вовремя
2381,204,2025-11-12,14999.12,14999.12,Оплачен вовремя
2382,204,2025-12-12,14999.12,14999.12,Оплачен вовремя
2383,205,2024-01-03,676172.85,676172.85,Оплачен вовремя
2384,205,2024-02-02,676172.85,676172.85,Оплачен вовремя
2385,205,2024-03-03,676172.85,676172.85,Оплачен вовремя
2386,205,2024-04-02,676172.85,676172.85,Оплачен вовремя
2387,205,2024-05-02,676172.85,676172.85,Оплачен вовремя
2388,205,2024-06-01,676172.85,676172.85,Оплачен вовремя
2389,206,2023-12-12,574957.79,574957.79,Оплачен вовремя
2390,206,2024-01-11,574957.79,574957.79,Оплачен вовремя
2391,206,2024-02-10,574957.79,574957.79,Оплачен вовремя
2392,206,2024-03-11,574957.79,574957.79,Оплачен вовремя
2393,206,2024-04-10,574957.79,574957.79,Оплачен вовремя
2394,206,2024-05-10,574957.79,574957.79,Оплачен вовремя
2395,207,2023-02-02,14505.72,14505.72,Оплачен вовремя
2396,207,2023-03-04,14505.72,14505.72,Оплачен вовремя
2397,207,2023-04-03,14505.72,14505.72,Оплачен вовремя
2398,207,2023-05-03,14505.72,14505.72,Оплачен вовремя
2399,207,2023-06-02,14505.72,14505.72,Оплачен вовремя
2400,207,2023-07-02,14505.72,14505.72,Оплачен вовремя
2401,207,2023-08-01,14505.72,14505.72,Оплачен вовремя
2402,207,2023-08-31,14505.72,14505.72,Оплачен вовремя
2403,207,2023-09-30,14505.72,14505.72,Оплачен вовремя
2404,207,2023-10-30,14505.72,14505.72,Оплачен вовремя
2405,207,2023-11-29,14505.72,14505.72,Оплачен вовремя
2406,207,2023-12-29,14505.72,14505.72,Оплачен вовремя
2407,207,2024-01-28,14505.72,14505.72,Оплачен вовремя
2408,207,2024-02-27,14505.72,14505.72,Оплачен вовремя
2409,207,2024-03-28,14505.72,14505.72,Оплачен вовремя
2410,207,2024-04-27,14505.72,14505.72,Оплачен вовремя
2411,207,2024-05-27,14505.72,14505.72,Оплачен вовремя
2412,207,2024-06-26,14505.72,14505.72,Оплачен вовремя
2413,207,2024-07-26,14505.72,14505.72,Оплачен вовремя
2414,207,2024-08-25,14505.72,14505.72,Оплачен вовремя
2415,207,2024-09-24,14505.72,14505.72,Оплачен вовремя
2416,207,2024-10-24,14505.72,14505.72,Оплачен вовремя
2417,207,2024-11-23,14505.72,14505.72,Оплачен вовремя
2418,207,2024-12-23,14505.72,14505.72,Оплачен вовремя
2419,207,2025-01-22,14505.72,14505.72,Оплачен вовремя
2420,207,2025-02-21,14505.72,14505.72,Оплачен вовремя
2421,207,2025-03-23,14505.72,14505.72,Оплачен вовремя
2422,207,2025-04-22,14505.72,14505.72,Оплачен вовремя
2423,207,2025-05-22,14505.72,14505.72,Оплачен вовремя
2424,207,2025-06-21,14505.72,14505.72,Оплачен вовремя
2425,207,2025-07-21,14505.72,14505.72,Оплачен вовремя
2426,207,2025-08-20,14505.72,14505.72,Оплачен вовремя
2427,207,2025-09-19,14505.72,14505.72,Оплачен вовремя
2428,207,2025-10-19,14505.72,14505.72,Оплачен вовремя
2429,207,2025-11-18,14505.72,14505.72,Оплачен вовремя
2430,208,2025-12-11,40069.79,40069.79,Оплачен вовремя
2431,209,2023-10-25,52049.73,52049.73,Оплачен вовремя
2432,209,2023-11-24,52049.73,52049.73,Оплачен вовремя
2433,209,2023-12-24,52049.73,52049.73,Оплачен вовремя
2434,209,2024-01-23,52049.73,52049.73,Оплачен вовремя
2435,209,2024-02-22,52049.73,52049.73,Оплачен вовремя
2436,209,2024-03-23,52049.73,52049.73,Оплачен вовремя
2437,209,2024-04-22,52049.73,52049.73,Оплачен вовремя
2438,209,2024-05-22,52049.73,52049.73,Оплачен вовремя
2439,209,2024-06-21,52049.73,52049.73,Оплачен вовремя
2440,209,2024-07-21,52049.73,52049.73,Оплачен вовремя
2441,209,2024-08-20,52049.73,52049.73,Оплачен вовремя
2442,209,2024-09-19,52049.73,52049.73,Оплачен вовремя
2443,210,2024-11-17,11698.78,11698.78,Оплачен вовремя
2444,210,2024-12-17,11698.78,11698.78,Оплачен вовремя
2445,210,2025-01-16,11698.78,11698.78,Оплачен вовремя
2446,210,2025-02-15,11698.78,11698.78,Оплачен вовремя
2447,210,2025-03-17,11698.78,11698.78,Оплачен вовремя
2448,210,2025-04-16,11698.78,11698.78,Оплачен вовремя
2449,210,2025-05-16,11698.78,11698.78,Оплачен вовремя
2450,210,2025-06-15,11698.78,11698.78,Оплачен вовремя
2451,210,2025-07-15,11698.78,11698.78,Оплачен вовремя
2452,210,2025-08-14,11698.78,11698.78,Оплачен вовремя
2453,210,2025-09-13,11698.78,11698.78,Оплачен вовремя
2454,210,2025-10-13,11698.78,11698.78,Оплачен вовремя
2455,210,2025-11-12,11698.78,11698.78,Оплачен вовремя
2456,210,2025-12-12,11698.78,11698.78,Оплачен вовремя
2457,211,2025-02-24,17110.28,17110.28,Оплачен вовремя
2458,211,2025-03-26,17110.28,17110.28,Оплачен вовремя
2459,211,2025-04-25,17110.28,17110.28,Оплачен вовремя
2460,211,2025-05-25,17110.28,17110.28,Оплачен вовремя
2461,211,2025-06-24,17110.28,17110.28,Оплачен вовремя
2462,211,2025-07-24,17110.28,17110.28,Оплачен вовремя
2463,211,2025-08-23,17110.28,17110.28,Оплачен вовремя
2464,211,2025-09-22,17110.28,17110.28,Оплачен вовремя
2465,211,2025-10-22,17110.28,17110.28,Оплачен вовремя
2466,211,2025-11-21,17110.28,17110.28,Оплачен вовремя
2467,211,2025-12-21,17110.28,17110.28,Оплачен вовремя
2468,212,2025-09-19,224950.38,224950.38,Оплачен вовремя
2469,212,2025-10-19,224950.38,224950.38,Оплачен вовремя
2470,212,2025-11-18,224950.38,224950.38,Оплачен вовремя
2471,212,2025-12-18,224950.38,224950.38,Оплачен вовремя
2472,213,2023-03-28,291096.06,291096.06,Оплачен вовремя
2473,213,2023-04-27,291096.06,291096.06,Оплачен вовремя
2474,213,2023-05-27,291096.06,291096.06,Оплачен вовремя
2475,213,2023-06-26,291096.06,291096.06,Оплачен вовремя
2476,213,2023-07-26,291096.06,291096.06,Оплачен вовремя
2477,213,2023-08-25,291096.06,291096.06,Оплачен вовремя
2478,214,2025-04-04,6934.07,6934.07,Оплачен вовремя
2479,214,2025-05-04,6934.07,6934.07,Оплачен вовремя
2480,214,2025-06-03,6934.07,6934.07,Оплачен вовремя
2481,214,2025-07-03,6934.07,6934.07,Оплачен вовремя
2482,214,2025-08-02,6934.07,6934.07,Оплачен вовремя
2483,214,2025-09-01,6934.07,6934.07,Оплачен вовремя
2484,214,2025-10-01,6934.07,6934.07,Оплачен вовремя
2485,214,2025-10-31,6934.07,6934.07,Оплачен вовремя
2486,214,2025-11-30,6934.07,6934.07,Оплачен вовремя
2487,215,2025-08-30,43782.39,43782.39,Оплачен вовремя
2488,215,2025-09-29,43782.39,43782.39,Оплачен вовремя
2489,215,2025-10-29,43782.39,43782.39,Оплачен вовремя
2490,215,2025-11-28,43782.39,43782.39,Оплачен вовремя
2491,215,2025-12-28,43782.39,43782.39,Оплачен вовремя
2492,216,2023-07-26,23773.97,23773.97,Оплачен вовремя
2493,216,2023-08-25,23773.97,23773.97,Оплачен вовремя
2494,216,2023-09-24,23773.97,23773.97,Оплачен вовремя
2495,216,2023-10-24,23773.97,23773.97,Оплачен вовремя
2496,216,2023-11-23,23773.97,23773.97,Оплачен вовремя
2497,216,2023-12-23,23773.97,23773.97,Оплачен вовремя
2498,216,2024-01-22,23773.97,23773.97,Оплачен вовремя
2499,216,2024-02-21,23773.97,23773.97,Оплачен вовремя
2500,216,2024-03-22,23773.97,23773.97,Оплачен вовремя
2501,216,2024-04-21,23773.97,23773.97,Оплачен вовремя
2502,216,2024-05-21,23773.97,23773.97,Оплачен вовремя
2503,216,2024-06-20,23773.97,23773.97,Оплачен вовремя
2504,217,2024-11-19,7962.84,7962.84,Оплачен вовремя
2505,217,2024-12-19,7962.84,7962.84,Оплачен вовремя
2506,217,2025-01-18,7962.84,7962.84,Оплачен вовремя
2507,217,2025-02-17,7962.84,7962.84,Оплачен вовремя
2508,217,2025-03-19,7962.84,7962.84,Оплачен вовремя
2509,217,2025-04-18,7962.84,7962.84,Оплачен вовремя
2510,217,2025-05-18,7962.84,7962.84,Оплачен вовремя
2511,217,2025-06-17,7962.84,7962.84,Оплачен вовремя
2512,217,2025-07-17,7962.84,7962.84,Оплачен вовремя
2513,217,2025-08-16,7962.84,7962.84,Оплачен вовремя
2514,217,2025-09-15,7962.84,7962.84,Оплачен вовремя
2515,217,2025-10-15,7962.84,7962.84,Оплачен вовремя
2516,218,2023-10-13,15483.47,15483.47,Оплачен вовремя
2517,218,2023-11-12,15483.47,15483.47,Оплачен вовремя
2518,218,2023-12-12,15483.47,15483.47,Оплачен вовремя
2519,218,2024-01-11,15483.47,15483.47,Оплачен вовремя
2520,218,2024-02-10,15483.47,15483.47,Оплачен вовремя
2521,218,2024-03-11,15483.47,15483.47,Оплачен вовремя
2522,218,2024-04-10,15483.47,15483.47,Оплачен вовремя
2523,218,2024-05-10,15483.47,15483.47,Оплачен вовремя
2524,218,2024-06-09,15483.47,15483.47,Оплачен вовремя
2525,218,2024-07-09,15483.47,15483.47,Оплачен вовремя
2526,218,2024-08-08,15483.47,15483.47,Оплачен вовремя
2527,218,2024-09-07,15483.47,15483.47,Оплачен вовремя
2528,218,2024-10-07,15483.47,15483.47,Оплачен вовремя
2529,218,2024-11-06,15483.47,15483.47,Оплачен вовремя
2530,218,2024-12-06,15483.47,15483.47,Оплачен вовремя
2531,218,2025-01-05,15483.47,15483.47,Оплачен вовремя
2532,218,2025-02-04,15483.47,15483.47,Оплачен вовремя
2533,218,2025-03-06,15483.47,15483.47,Оплачен вовремя
2534,218,2025-04-05,15483.47,15483.47,Оплачен вовремя
2535,218,2025-05-05,15483.47,15483.47,Оплачен вовремя
2536,218,2025-06-04,15483.47,15483.47,Оплачен вовремя
2537,218,2025-07-04,15483.47,15483.47,Оплачен вовремя
2538,218,2025-08-03,15483.47,15483.47,Оплачен вовремя
2539,218,2025-09-02,15483.47,15483.47,Оплачен вовремя
2540,219,2022-11-14,14811.25,14811.25,Оплачен вовремя
2541,219,2022-12-14,14811.25,14811.25,Оплачен вовремя
2542,219,2023-01-13,14811.25,14811.25,Оплачен вовремя
2543,219,2023-02-12,14811.25,14811.25,Оплачен вовремя
2544,219,2023-03-14,14811.25,14811.25,Оплачен вовремя
2545,219,2023-04-13,14811.25,14811.25,Оплачен вовремя
2546,219,2023-05-13,14811.25,14811.25,Оплачен вовремя
2547,219,2023-06-12,14811.25,14811.25,Оплачен вовремя
2548,219,2023-07-12,14811.25,14811.25,Оплачен вовремя
2549,219,2023-08-11,14811.25,14811.25,Оплачен вовремя
2550,219,2023-09-10,14811.25,14811.25,Оплачен вовремя
2551,219,2023-10-10,14811.25,14811.25,Оплачен вовремя
2552,219,2023-11-09,14811.25,14811.25,Оплачен вовремя
2553,219,2023-12-09,14811.25,14811.25,Оплачен вовремя
2554,219,2024-01-08,14811.25,14811.25,Оплачен вовремя
2555,219,2024-02-07,14811.25,14811.25,Оплачен вовремя
2556,219,2024-03-08,14811.25,14811.25,Оплачен вовремя
2557,219,2024-04-07,14811.25,14811.25,Оплачен вовремя
2558,219,2024-05-07,14811.25,14811.25,Оплачен вовремя
2559,219,2024-06-06,14811.25,14811.25,Оплачен вовремя
2560,219,2024-07-06,14811.25,14811.25,Оплачен вовремя
2561,219,2024-08-05,14811.25,14811.25,Оплачен вовремя
2562,219,2024-09-04,14811.25,14811.25,Оплачен вовремя
2563,219,2024-10-04,14811.25,14811.25,Оплачен вовремя
2564,219,2024-11-03,14811.25,14811.25,Оплачен вовремя
2565,219,2024-12-03,14811.25,14811.25,Оплачен вовремя
2566,219,2025-01-02,14811.25,14811.25,Оплачен вовремя
2567,219,2025-02-01,14811.25,14811.25,Оплачен вовремя
2568,219,2025-03-03,14811.25,14811.25,Оплачен вовремя
2569,219,2025-04-02,14811.25,14811.25,Оплачен вовремя
2570,219,2025-05-02,14811.25,14811.25,Оплачен вовремя
2571,219,2025-06-01,14811.25,14811.25,Оплачен вовремя
2572,219,2025-07-01,14811.25,14811.25,Оплачен вовремя
2573,219,2025-07-31,14811.25,14811.25,Оплачен вовремя
2574,219,2025-08-30,14811.25,14811.25,Оплачен вовремя
2575,219,2025-09-29,14811.25,14811.25,Оплачен вовремя
2576,219,2025-10-29,14811.25,14811.25,Оплачен вовремя
2577,219,2025-11-28,14811.25,14811.25,Оплачен вовремя
2578,220,2022-12-16,8080.24,8080.24,Оплачен вовремя
2579,220,2023-01-15,8080.24,8080.24,Оплачен вовремя
2580,220,2023-02-14,8080.24,8080.24,Оплачен вовремя
2581,220,2023-03-16,8080.24,8080.24,Оплачен вовремя
2582,220,2023-04-15,8080.24,8080.24,Оплачен вовремя
2583,220,2023-05-15,8080.24,8080.24,Оплачен вовремя
2584,220,2023-06-14,8080.24,8080.24,Оплачен вовремя
2585,220,2023-07-14,8080.24,8080.24,Оплачен вовремя
2586,220,2023-08-13,8080.24,8080.24,Оплачен вовремя
2587,220,2023-09-12,8080.24,8080.24,Оплачен вовремя
2588,220,2023-10-12,8080.24,8080.24,Оплачен вовремя
2589,220,2023-11-11,8080.24,8080.24,Оплачен вовремя
2590,220,2023-12-11,8080.24,8080.24,Оплачен вовремя
2591,220,2024-01-10,8080.24,8080.24,Оплачен вовремя
2592,220,2024-02-09,8080.24,8080.24,Оплачен вовремя
2593,220,2024-03-10,8080.24,8080.24,Оплачен вовремя
2594,220,2024-04-09,8080.24,8080.24,Оплачен вовремя
2595,220,2024-05-09,8080.24,8080.24,Оплачен вовремя
2596,220,2024-06-08,8080.24,8080.24,Оплачен вовремя
2597,220,2024-07-08,8080.24,8080.24,Оплачен вовремя
2598,220,2024-08-07,8080.24,8080.24,Оплачен вовремя
2599,220,2024-09-06,8080.24,8080.24,Оплачен вовремя
2600,220,2024-10-06,8080.24,8080.24,Оплачен вовремя
2601,220,2024-11-05,8080.24,8080.24,Оплачен вовремя
2602,220,2024-12-05,8080.24,8080.24,Оплачен вовремя
2603,220,2025-01-04,8080.24,8080.24,Оплачен вовремя
2604,220,2025-02-03,8080.24,8080.24,Оплачен вовремя
2605,220,2025-03-05,8080.24,8080.24,Оплачен вовремя
2606,220,2025-04-04,8080.24,8080.24,Оплачен вовремя
2607,220,2025-05-04,8080.24,8080.24,Оплачен вовремя
2608,220,2025-06-03,8080.24,8080.24,Оплачен вовремя
2609,220,2025-07-03,8080.24,8080.24,Оплачен вовремя
2610,220,2025-08-02,8080.24,8080.24,Оплачен вовремя
2611,220,2025-09-01,8080.24,8080.24,Оплачен вовремя
2612,220,2025-10-01,8080.24,8080.24,Оплачен вовремя
2613,220,2025-10-31,8080.24,8080.24,Оплачен вовремя
2614,220,2025-11-30,8080.24,8080.24,Оплачен вовремя
2615,221,2025-06-20,741968.14,741968.14,Оплачен вовремя
2616,221,2025-07-20,741968.14,741968.14,Оплачен вовремя
2617,221,2025-08-19,741968.14,741968.14,Оплачен вовремя
2618,222,2024-08-16,9396.36,9396.36,Оплачен вовремя
2619,222,2024-09-15,9396.36,9396.36,Оплачен вовремя
2620,222,2024-10-15,9396.36,9396.36,Оплачен вовремя
2621,222,2024-11-14,9396.36,9396.36,Оплачен вовремя
2622,222,2024-12-14,9396.36,9396.36,Оплачен вовремя
2623,222,2025-01-13,9396.36,9396.36,Оплачен вовремя
2624,222,2025-02-12,9396.36,9396.36,Оплачен вовремя
2625,222,2025-03-14,9396.36,9396.36,Оплачен вовремя
2626,222,2025-04-13,9396.36,9396.36,Оплачен вовремя
2627,222,2025-05-13,9396.36,9396.36,Оплачен вовремя
2628,222,2025-06-12,9396.36,9396.36,Оплачен вовремя
2629,222,2025-07-12,9396.36,9396.36,Оплачен вовремя
2630,222,2025-08-11,9396.36,9396.36,Оплачен вовремя
2631,222,2025-09-10,9396.36,9396.36,Оплачен вовремя
2632,222,2025-10-10,9396.36,9396.36,Оплачен вовремя
2633,222,2025-11-09,9396.36,9396.36,Оплачен вовремя
2634,222,2025-12-09,9396.36,9396.36,Оплачен вовремя
2635,223,2025-02-04,3191.34,3191.34,Оплачен вовремя
2636,223,2025-03-06,3191.34,3191.34,Оплачен вовремя
2637,223,2025-04-05,3191.34,3191.34,Оплачен вовремя
2638,223,2025-05-05,3191.34,3191.34,Оплачен вовремя
2639,223,2025-06-04,3191.34,3191.34,Оплачен вовремя
2640,223,2025-07-04,3191.34,3191.34,Оплачен вовремя
2641,223,2025-08-03,3191.34,3191.34,Оплачен вовремя
2642,223,2025-09-02,3191.34,3191.34,Оплачен вовремя
2643,223,2025-10-02,3191.34,3191.34,Оплачен вовремя
2644,223,2025-11-01,3191.34,3191.34,Оплачен вовремя
2645,223,2025-12-01,3191.34,3191.34,Оплачен вовремя
2646,224,2025-05-20,9568.21,9568.21,Оплачен вовремя
2647,224,2025-06-19,9568.21,9568.21,Оплачен вовремя
2648,224,2025-07-19,9568.21,9568.21,Оплачен вовремя
2649,224,2025-08-18,9568.21,9568.21,Оплачен вовремя
2650,224,2025-09-17,9568.21,9568.21,Оплачен вовремя
2651,224,2025-10-17,9568.21,9568.21,Оплачен вовремя
2652,224,2025-11-16,9568.21,9568.21,Оплачен вовремя
2653,224,2025-12-16,9568.21,9568.21,Оплачен вовремя
2654,225,2023-11-13,5541.57,5541.57,Оплачен вовремя
2655,225,2023-12-13,5541.57,5541.57,Оплачен вовремя
2656,225,2024-01-12,5541.57,5541.57,Оплачен вовремя
2657,225,2024-02-11,5541.57,5541.57,Оплачен вовремя
2658,225,2024-03-12,5541.57,5541.57,Оплачен вовремя
2659,225,2024-04-11,5541.57,5541.57,Оплачен вовремя
2660,225,2024-05-11,5541.57,5541.57,Оплачен вовремя
2661,225,2024-06-10,5541.57,5541.57,Оплачен вовремя
2662,225,2024-07-10,5541.57,5541.57,Оплачен вовремя
2663,225,2024-08-09,5541.57,5541.57,Оплачен вовремя
2664,225,2024-09-08,5541.57,5541.57,Оплачен вовремя
2665,225,2024-10-08,5541.57,5541.57,Оплачен вовремя
2666,225,2024-11-07,5541.57,5541.57,Оплачен вовремя
2667,225,2024-12-07,5541.57,5541.57,Оплачен вовремя
2668,225,2025-01-06,5541.57,5541.57,Оплачен вовремя
2669,225,2025-02-05,5541.57,5541.57,Оплачен вовремя
2670,225,2025-03-07,5541.57,5541.57,Оплачен вовремя
2671,225,2025-04-06,5541.57,5541.57,Оплачен вовремя
2672,225,2025-05-06,5541.57,5541.57,Оплачен вовремя
2673,225,2025-06-05,5541.57,5541.57,Оплачен вовремя
2674,225,2025-07-05,5541.57,5541.57,Оплачен вовремя
2675,225,2025-08-04,5541.57,5541.57,Оплачен вовремя
2676,225,2025-09-03,5541.57,5541.57,Оплачен вовремя
2677,225,2025-10-03,5541.57,5541.57,Оплачен вовремя
2678,226,2025-06-20,25322.76,25322.76,Оплачен вовремя
2679,226,2025-07-20,25322.76,25322.76,Оплачен вовремя
2680,226,2025-08-19,25322.76,25322.76,Оплачен вовремя
2681,226,2025-09-18,25322.76,25322.76,Оплачен вовремя
2682,226,2025-10-18,25322.76,25322.76,Оплачен вовремя
2683,226,2025-11-17,25322.76,25322.76,Оплачен вовремя
2684,226,2025-12-17,25322.76,25322.76,Оплачен вовремя
2685,227,2024-12-09,19279.9,19279.9,Оплачен вовремя
2686,227,2025-01-08,19279.9,19279.9,Оплачен вовремя
2687,227,2025-02-07,19279.9,19279.9,Оплачен вовремя
2688,227,2025-03-09,19279.9,19279.9,Оплачен вовремя
2689,227,2025-04-08,19279.9,19279.9,Оплачен вовремя
2690,227,2025-05-08,19279.9,19279.9,Оплачен вовремя
2691,227,2025-06-07,19279.9,19279.9,Оплачен вовремя
2692,227,2025-07-07,19279.9,19279.9,Оплачен вовремя
2693,227,2025-08-06,19279.9,19279.9,Оплачен вовремя
2694,227,2025-09-05,19279.9,19279.9,Оплачен вовремя
2695,227,2025-10-05,19279.9,19279.9,Оплачен вовремя
2696,227,2025-11-04,19279.9,19279.9,Оплачен вовремя
2697,227,2025-12-04,19279.9,19279.9,Оплачен вовремя
2698,228,2024-04-20,276586.63,276586.63,Оплачен вовремя
2699,228,2024-05-20,276586.63,0.0,Не оплачен
2700,228,2024-06-19,276586.63,276586.63,Оплачен вовремя
2701,228,2024-07-19,276586.63,276586.63,Оплачен вовремя
2702,228,2024-08-18,276586.63,276586.63,Оплачен вовремя
2703,228,2024-09-17,276586.63,276586.63,Оплачен вовремя
2704,228,2024-10-17,276586.63,276586.63,Оплачен вовремя
2705,228,2024-11-16,276586.63,276586.63,Оплачен вовремя
2706,228,2024-12-16,276586.63,276586.63,Просрочен
2707,228,2025-01-15,276586.63,276586.63,Оплачен вовремя
2708,228,2025-02-14,276586.63,276586.63,Просрочен
2709,228,2025-03-16,276586.63,276586.63,Оплачен вовремя
2710,229,2025-12-29,76730.47,76730.47,Оплачен вовремя
2711,230,2025-01-30,37250.34,37250.34,Оплачен вовремя
2712,230,2025-03-01,37250.34,37250.34,Оплачен вовремя
2713,230,2025-03-31,37250.34,37250.34,Оплачен вовремя
2714,230,2025-04-30,37250.34,37250.34,Оплачен вовремя
2715,230,2025-05-30,37250.34,37250.34,Оплачен вовремя
2716,230,2025-06-29,37250.34,37250.34,Оплачен вовремя
2717,230,2025-07-29,37250.34,37250.34,Оплачен вовремя
2718,230,2025-08-28,37250.34,37250.34,Оплачен вовремя
2719,230,2025-09-27,37250.34,37250.34,Оплачен вовремя
2720,230,2025-10-27,37250.34,37250.34,Оплачен вовремя
2721,230,2025-11-26,37250.34,37250.34,Оплачен вовремя
2722,230,2025-12-26,37250.34,37250.34,Оплачен вовремя
2723,231,2025-09-11,11687.74,11687.74,Оплачен вовремя
2724,231,2025-10-11,11687.74,11687.74,Оплачен вовремя
2725,231,2025-11-10,11687.74,11687.74,Оплачен вовремя
2726,231,2025-12-10,11687.74,11687.74,Оплачен вовремя
2727,232,2024-06-15,76800.83,76800.83,Оплачен вовремя
2728,232,2024-07-15,76800.83,76800.83,Оплачен вовремя
2729,232,2024-08-14,76800.83,76800.83,Оплачен вовремя
2730,232,2024-09-13,76800.83,76800.83,Оплачен вовремя
2731,232,2024-10-13,76800.83,76800.83,Оплачен вовремя
2732,232,2024-11-12,76800.83,76800.83,Оплачен вовремя
2733,232,2024-12-12,76800.83,76800.83,Оплачен вовремя
2734,232,2025-01-11,76800.83,76800.83,Оплачен вовремя
2735,232,2025-02-10,76800.83,76800.83,Оплачен вовремя
2736,232,2025-03-12,76800.83,76800.83,Оплачен вовремя
2737,232,2025-04-11,76800.83,76800.83,Оплачен вовремя
2738,232,2025-05-11,76800.83,76800.83,Оплачен вовремя
2739,232,2025-06-10,76800.83,76800.83,Оплачен вовремя
2740,232,2025-07-10,76800.83,76800.83,Оплачен вовремя
2741,232,2025-08-09,76800.83,76800.83,Оплачен вовремя
2742,232,2025-09-08,76800.83,76800.83,Оплачен вовремя
2743,232,2025-10-08,76800.83,76800.83,Оплачен вовремя
2744,232,2025-11-07,76800.83,76800.83,Оплачен вовремя
2745,232,2025-12-07,76800.83,76800.83,Оплачен вовремя
2746,233,2025-05-15,16330.62,16330.62,Оплачен вовремя
2747,233,2025-06-14,16330.62,16330.62,Оплачен вовремя
2748,233,2025-07-14,16330.62,16330.62,Оплачен вовремя
2749,233,2025-08-13,16330.62,16330.62,Оплачен вовремя
2750,233,2025-09-12,16330.62,16330.62,Оплачен вовремя
2751,233,2025-10-12,16330.62,16330.62,Оплачен вовремя
2752,233,2025-11-11,16330.62,16330.62,Оплачен вовремя
2753,233,2025-12-11,16330.62,16330.62,Оплачен вовремя
2754,234,2025-08-25,22396.92,22396.92,Оплачен вовремя
2755,234,2025-09-24,22396.92,22396.92,Оплачен вовремя
2756,234,2025-10-24,22396.92,22396.92,Оплачен вовремя
2757,234,2025-11-23,22396.92,22396.92,Оплачен вовремя
2758,234,2025-12-23,22396.92,22396.92,Оплачен вовремя
2759,236,2025-01-10,10013.53,10013.53,Оплачен вовремя
2760,236,2025-02-09,10013.53,10013.53,Оплачен вовремя
2761,236,2025-03-11,10013.53,10013.53,Оплачен вовремя
2762,236,2025-04-10,10013.53,10013.53,Оплачен вовремя
2763,236,2025-05-10,10013.53,10013.53,Оплачен вовремя
2764,236,2025-06-09,10013.53,10013.53,Оплачен вовремя
2765,236,2025-07-09,10013.53,10013.53,Оплачен вовремя
2766,236,2025-08-08,10013.53,10013.53,Оплачен вовремя
2767,236,2025-09-07,10013.53,10013.53,Оплачен вовремя
2768,236,2025-10-07,10013.53,10013.53,Оплачен вовремя
2769,236,2025-11-06,10013.53,10013.53,Оплачен вовремя
2770,236,2025-12-06,10013.53,10013.53,Оплачен вовремя
2771,237,2023-06-21,13969.23,13969.23,Оплачен вовремя
2772,237,2023-07-21,13969.23,13969.23,Оплачен вовремя
2773,237,2023-08-20,13969.23,13969.23,Оплачен вовремя
2774,237,2023-09-19,13969.23,13969.23,Оплачен вовремя
2775,237,2023-10-19,13969.23,13969.23,Оплачен вовремя
2776,237,2023-11-18,13969.23,13969.23,Оплачен вовремя
2777,237,2023-12-18,13969.23,13969.23,Оплачен вовремя
2778,237,2024-01-17,13969.23,13969.23,Оплачен вовремя
2779,237,2024-02-16,13969.23,13969.23,Оплачен вовремя
2780,237,2024-03-17,13969.23,13969.23,Оплачен вовремя
2781,237,2024-04-16,13969.23,13969.23,Оплачен вовремя
2782,237,2024-05-16,13969.23,13969.23,Оплачен вовремя
2783,237,2024-06-15,13969.23,13969.23,Оплачен вовремя
2784,237,2024-07-15,13969.23,13969.23,Оплачен вовремя
2785,237,2024-08-14,13969.23,13969.23,Оплачен вовремя
2786,237,2024-09-13,13969.23,13969.23,Оплачен вовремя
2787,237,2024-10-13,13969.23,13969.23,Оплачен вовремя
2788,237,2024-11-12,13969.23,13969.23,Оплачен вовремя
2789,237,2024-12-12,13969.23,13969.23,Оплачен вовремя
2790,237,2025-01-11,13969.23,13969.23,Оплачен вовремя
2791,237,2025-02-10,13969.23,13969.23,Оплачен вовремя
2792,237,2025-03-12,13969.23,13969.23,Оплачен вовремя
2793,237,2025-04-11,13969.23,13969.23,Оплачен вовремя
2794,237,2025-05-11,13969.23,13969.23,Оплачен вовремя
2795,238,2025-08-08,56712.0,56712.0,Оплачен вовремя
2796,238,2025-09-07,56712.0,56712.0,Оплачен вовремя
2797,238,2025-10-07,56712.0,56712.0,Оплачен вовремя
2798,238,2025-11-06,56712.0,56712.0,Оплачен вовремя
2799,238,2025-12-06,56712.0,56712.0,Оплачен вовремя
2800,239,2024-07-21,16642.18,16642.18,Оплачен вовремя
2801,239,2024-08-20,16642.18,16642.18,Оплачен вовремя
2802,239,2024-09-19,16642.18,16642.18,Оплачен вовремя
2803,239,2024-10-19,16642.18,16642.18,Оплачен вовремя
2804,239,2024-11-18,16642.18,16642.18,Оплачен вовремя
2805,239,2024-12-18,16642.18,16642.18,Оплачен вовремя
2806,239,2025-01-17,16642.18,16642.18,Оплачен вовремя
2807,239,2025-02-16,16642.18,16642.18,Оплачен вовремя
2808,239,2025-03-18,16642.18,16642.18,Оплачен вовремя
2809,239,2025-04-17,16642.18,16642.18,Оплачен вовремя
2810,239,2025-05-17,16642.18,16642.18,Оплачен вовремя
2811,239,2025-06-16,16642.18,16642.18,Оплачен вовремя
2812,239,2025-07-16,16642.18,16642.18,Оплачен вовремя
2813,239,2025-08-15,16642.18,16642.18,Оплачен вовремя
2814,239,2025-09-14,16642.18,16642.18,Оплачен вовремя
2815,239,2025-10-14,16642.18,16642.18,Оплачен вовремя
2816,239,2025-11-13,16642.18,16642.18,Оплачен вовремя
2817,239,2025-12-13,16642.18,16642.18,Оплачен вовремя
2818,240,2025-08-08,25518.9,25518.9,Оплачен вовремя
2819,240,2025-09-07,25518.9,0.0,Не оплачен
2820,240,2025-10-07,25518.9,25518.9,Оплачен вовремя
2821,240,2025-11-06,25518.9,25518.9,Оплачен вовремя
2822,240,2025-12-06,25518.9,25518.9,Оплачен вовремя
2823,241,2025-07-02,68893.04,68893.04,Оплачен вовремя
2824,241,2025-08-01,68893.04,68893.04,Оплачен вовремя
2825,241,2025-08-31,68893.04,68893.04,Оплачен вовремя
2826,241,2025-09-30,68893.04,68893.04,Оплачен вовремя
2827,241,2025-10-30,68893.04,68893.04,Оплачен вовремя
2828,241,2025-11-29,68893.04,68893.04,Оплачен вовремя
2829,242,2025-01-14,1333771.52,1333771.52,Оплачен вовремя
2830,242,2025-02-13,1333771.52,1333771.52,Оплачен вовремя
2831,242,2025-03-15,1333771.52,1333771.52,Оплачен вовремя
2832,243,2024-12-27,62574.88,62574.88,Оплачен вовремя
2833,243,2025-01-26,62574.88,62574.88,Оплачен вовремя
2834,243,2025-02-25,62574.88,62574.88,Оплачен вовремя
2835,243,2025-03-27,62574.88,62574.88,Оплачен вовремя
2836,243,2025-04-26,62574.88,62574.88,Оплачен вовремя
2837,243,2025-05-26,62574.88,62574.88,Оплачен вовремя
2838,243,2025-06-25,62574.88,62574.88,Оплачен вовремя
2839,243,2025-07-25,62574.88,62574.88,Оплачен вовремя
2840,243,2025-08-24,62574.88,62574.88,Оплачен вовремя
2841,243,2025-09-23,62574.88,62574.88,Оплачен вовремя
2842,243,2025-10-23,62574.88,62574.88,Оплачен вовремя
2843,243,2025-11-22,62574.88,62574.88,Оплачен вовремя
2844,243,2025-12-22,62574.88,62574.88,Оплачен вовремя
2845,244,2023-11-07,15862.92,15862.92,Оплачен вовремя
2846,244,2023-12-07,15862.92,15862.92,Оплачен вовремя
2847,244,2024-01-06,15862.92,15862.92,Оплачен вовремя
2848,244,2024-02-05,15862.92,15862.92,Оплачен вовремя
2849,244,2024-03-06,15862.92,15862.92,Оплачен вовремя
2850,244,2024-04-05,15862.92,15862.92,Оплачен вовремя
2851,244,2024-05-05,15862.92,15862.92,Оплачен вовремя
2852,244,2024-06-04,15862.92,15862.92,Оплачен вовремя
2853,244,2024-07-04,15862.92,15862.92,Оплачен вовремя
2854,244,2024-08-03,15862.92,15862.92,Оплачен вовремя
2855,244,2024-09-02,15862.92,15862.92,Оплачен вовремя
2856,244,2024-10-02,15862.92,15862.92,Оплачен вовремя
2857,244,2024-11-01,15862.92,15862.92,Оплачен вовремя
2858,244,2024-12-01,15862.92,15862.92,Оплачен вовремя
2859,244,2024-12-31,15862.92,15862.92,Оплачен вовремя
2860,244,2025-01-30,15862.92,15862.92,Оплачен вовремя
2861,244,2025-03-01,15862.92,15862.92,Оплачен вовремя
2862,244,2025-03-31,15862.92,15862.92,Оплачен вовремя
2863,244,2025-04-30,15862.92,15862.92,Оплачен вовремя
2864,244,2025-05-30,15862.92,15862.92,Оплачен вовремя
2865,244,2025-06-29,15862.92,15862.92,Оплачен вовремя
2866,244,2025-07-29,15862.92,15862.92,Оплачен вовремя
2867,244,2025-08-28,15862.92,15862.92,Оплачен вовремя
2868,244,2025-09-27,15862.92,15862.92,Оплачен вовремя
2869,244,2025-10-27,15862.92,15862.92,Оплачен вовремя
2870,244,2025-11-26,15862.92,15862.92,Оплачен вовремя
2871,245,2024-11-09,34384.11,34384.11,Оплачен вовремя
2872,245,2024-12-09,34384.11,34384.11,Оплачен вовремя
2873,245,2025-01-08,34384.11,34384.11,Оплачен вовремя
2874,245,2025-02-07,34384.11,34384.11,Просрочен
2875,245,2025-03-09,34384.11,34384.11,Оплачен вовремя
2876,245,2025-04-08,34384.11,34384.11,Оплачен вовремя
2877,245,2025-05-08,34384.11,34384.11,Оплачен вовремя
2878,245,2025-06-07,34384.11,34384.11,Просрочен
2879,245,2025-07-07,34384.11,34384.11,Просрочен
2880,245,2025-08-06,34384.11,34384.11,Просрочен
2881,245,2025-09-05,34384.11,34384.11,Оплачен вовремя
2882,245,2025-10-05,34384.11,34384.11,Оплачен вовремя
2883,245,2025-11-04,34384.11,34384.11,Просрочен
2884,245,2025-12-04,34384.11,34384.11,Оплачен вовремя
2885,246,2023-03-15,617921.85,617921.85,Оплачен вовремя
2886,246,2023-04-14,617921.85,617921.85,Оплачен вовремя
2887,246,2023-05-14,617921.85,617921.85,Оплачен вовремя
2888,246,2023-06-13,617921.85,617921.85,Оплачен вовремя
2889,246,2023-07-13,617921.85,617921.85,Оплачен вовремя
2890,246,2023-08-12,617921.85,617921.85,Оплачен вовремя
2891,247,2024-02-24,19656.46,19656.46,Оплачен вовремя
2892,247,2024-03-25,19656.46,19656.46,Оплачен вовремя
2893,247,2024-04-24,19656.46,19656.46,Оплачен вовремя
2894,247,2024-05-24,19656.46,19656.46,Оплачен вовремя
2895,247,2024-06-23,19656.46,19656.46,Оплачен вовремя
2896,247,2024-07-23,19656.46,19656.46,Оплачен вовремя
2897,247,2024-08-22,19656.46,19656.46,Оплачен вовремя
2898,247,2024-09-21,19656.46,19656.46,Оплачен вовремя
2899,247,2024-10-21,19656.46,19656.46,Оплачен вовремя
2900,247,2024-11-20,19656.46,19656.46,Оплачен вовремя
2901,247,2024-12-20,19656.46,19656.46,Оплачен вовремя
2902,247,2025-01-19,19656.46,19656.46,Оплачен вовремя
2903,248,2024-08-09,34760.78,34760.78,Оплачен вовремя
2904,248,2024-09-08,34760.78,34760.78,Оплачен вовремя
2905,248,2024-10-08,34760.78,34760.78,Оплачен вовремя
2906,248,2024-11-07,34760.78,34760.78,Оплачен вовремя
2907,248,2024-12-07,34760.78,34760.78,Оплачен вовремя
2908,248,2025-01-06,34760.78,34760.78,Оплачен вовремя
2909,248,2025-02-05,34760.78,34760.78,Оплачен вовремя
2910,248,2025-03-07,34760.78,34760.78,Оплачен вовремя
2911,248,2025-04-06,34760.78,34760.78,Оплачен вовремя
2912,248,2025-05-06,34760.78,34760.78,Оплачен вовремя
2913,248,2025-06-05,34760.78,34760.78,Оплачен вовремя
2914,248,2025-07-05,34760.78,34760.78,Оплачен вовремя
2915,248,2025-08-04,34760.78,34760.78,Оплачен вовремя
2916,248,2025-09-03,34760.78,34760.78,Оплачен вовремя
2917,248,2025-10-03,34760.78,34760.78,Оплачен вовремя
2918,248,2025-11-02,34760.78,34760.78,Оплачен вовремя
2919,248,2025-12-02,34760.78,34760.78,Оплачен вовремя
2920,249,2025-10-21,44441.61,44441.61,Оплачен вовремя
2921,249,2025-11-20,44441.61,44441.61,Оплачен вовремя
2922,249,2025-12-20,44441.61,44441.61,Оплачен вовремя
2923,250,2024-07-06,68527.57,68527.57,Оплачен вовремя
2924,250,2024-08-05,68527.57,68527.57,Оплачен вовремя
2925,250,2024-09-04,68527.57,68527.57,Оплачен вовремя
2926,250,2024-10-04,68527.57,68527.57,Оплачен вовремя
2927,250,2024-11-03,68527.57,68527.57,Оплачен вовремя
2928,250,2024-12-03,68527.57,68527.57,Оплачен вовремя
2929,250,2025-01-02,68527.57,68527.57,Оплачен вовремя
2930,250,2025-02-01,68527.57,68527.57,Оплачен вовремя
2931,250,2025-03-03,68527.57,68527.57,Оплачен вовремя
2932,250,2025-04-02,68527.57,68527.57,Оплачен вовремя
2933,250,2025-05-02,68527.57,68527.57,Оплачен вовремя
2934,250,2025-06-01,68527.57,68527.57,Оплачен вовремя
2935,250,2025-07-01,68527.57,68527.57,Оплачен вовремя
2936,250,2025-07-31,68527.57,68527.57,Оплачен вовремя
2937,250,2025-08-30,68527.57,68527.57,Оплачен вовремя
2938,250,2025-09-29,68527.57,68527.57,Оплачен вовремя
2939,250,2025-10-29,68527.57,68527.57,Оплачен вовремя
2940,250,2025-11-28,68527.57,68527.57,Оплачен вовремя
2941,251,2025-08-09,72234.89,72234.89,Оплачен вовремя
2942,251,2025-09-08,72234.89,72234.89,Оплачен вовремя
2943,251,2025-10-08,72234.89,72234.89,Оплачен вовремя
2944,251,2025-11-07,72234.89,72234.89,Оплачен вовремя
2945,251,2025-12-07,72234.89,72234.89,Оплачен вовремя
2946,252,2024-11-29,7460.43,7460.43,Оплачен вовремя
2947,252,2024-12-29,7460.43,7460.43,Оплачен вовремя
2948,252,2025-01-28,7460.43,7460.43,Оплачен вовремя
2949,252,2025-02-27,7460.43,7460.43,Оплачен вовремя
2950,252,2025-03-29,7460.43,7460.43,Оплачен вовремя
2951,252,2025-04-28,7460.43,7460.43,Оплачен вовремя
2952,252,2025-05-28,7460.43,7460.43,Оплачен вовремя
2953,252,2025-06-27,7460.43,7460.43,Оплачен вовремя
2954,252,2025-07-27,7460.43,7460.43,Оплачен вовремя
2955,252,2025-08-26,7460.43,7460.43,Оплачен вовремя
2956,252,2025-09-25,7460.43,7460.43,Оплачен вовремя
2957,252,2025-10-25,7460.43,7460.43,Оплачен вовремя
2958,252,2025-11-24,7460.43,7460.43,Оплачен вовремя
2959,252,2025-12-24,7460.43,7460.43,Оплачен вовремя
2960,253,2025-09-05,11784.02,11784.02,Оплачен вовремя
2961,253,2025-10-05,11784.02,11784.02,Оплачен вовремя
2962,253,2025-11-04,11784.02,11784.02,Оплачен вовремя
2963,253,2025-12-04,11784.02,11784.02,Оплачен вовремя
2964,254,2024-04-29,216952.89,216952.89,Оплачен вовремя
2965,254,2024-05-29,216952.89,216952.89,Оплачен вовремя
2966,254,2024-06-28,216952.89,216952.89,Оплачен вовремя
2967,254,2024-07-28,216952.89,216952.89,Оплачен вовремя
2968,254,2024-08-27,216952.89,216952.89,Оплачен вовремя
2969,254,2024-09-26,216952.89,216952.89,Оплачен вовремя
2970,255,2025-08-15,67552.36,67552.36,Оплачен вовремя
2971,255,2025-09-14,67552.36,67552.36,Оплачен вовремя
2972,255,2025-10-14,67552.36,67552.36,Оплачен вовремя
2973,255,2025-11-13,67552.36,67552.36,Оплачен вовремя
2974,255,2025-12-13,67552.36,67552.36,Оплачен вовремя
2975,256,2025-10-25,132778.41,132778.41,Оплачен вовремя
2976,256,2025-11-24,132778.41,132778.41,Оплачен вовремя
2977,256,2025-12-24,132778.41,132778.41,Оплачен вовремя
2978,257,2022-08-04,391867.22,391867.22,Оплачен вовремя
2979,257,2022-09-03,391867.22,391867.22,Оплачен вовремя
2980,257,2022-10-03,391867.22,391867.22,Оплачен вовремя
2981,257,2022-11-02,391867.22,391867.22,Оплачен вовремя
2982,257,2022-12-02,391867.22,391867.22,Оплачен вовремя
2983,257,2023-01-01,391867.22,391867.22,Оплачен вовремя
2984,257,2023-01-31,391867.22,391867.22,Оплачен вовремя
2985,257,2023-03-02,391867.22,391867.22,Оплачен вовремя
2986,257,2023-04-01,391867.22,391867.22,Оплачен вовремя
2987,257,2023-05-01,391867.22,391867.22,Оплачен вовремя
2988,257,2023-05-31,391867.22,391867.22,Оплачен вовремя
2989,257,2023-06-30,391867.22,391867.22,Оплачен вовремя
2990,258,2025-09-14,6684.0,6684.0,Оплачен вовремя
2991,258,2025-10-14,6684.0,6684.0,Оплачен вовремя
2992,258,2025-11-13,6684.0,6684.0,Оплачен вовремя
2993,258,2025-12-13,6684.0,6684.0,Оплачен вовремя
2994,259,2025-07-01,307108.22,307108.22,Оплачен вовремя
2995,259,2025-07-31,307108.22,307108.22,Оплачен вовремя
2996,259,2025-08-30,307108.22,307108.22,Оплачен вовремя
2997,259,2025-09-29,307108.22,307108.22,Оплачен вовремя
2998,259,2025-10-29,307108.22,307108.22,Оплачен вовремя
2999,259,2025-11-28,307108.22,307108.22,Оплачен вовремя
3000,260,2023-10-04,12888.79,12888.79,Оплачен вовремя
3001,260,2023-11-03,12888.79,12888.79,Оплачен вовремя
3002,260,2023-12-03,12888.79,12888.79,Оплачен вовремя
3003,260,2024-01-02,12888.79,12888.79,Оплачен вовремя
3004,260,2024-02-01,12888.79,12888.79,Оплачен вовремя
3005,260,2024-03-02,12888.79,12888.79,Оплачен вовремя
3006,260,2024-04-01,12888.79,12888.79,Оплачен вовремя
3007,260,2024-05-01,12888.79,12888.79,Оплачен вовремя
3008,260,2024-05-31,12888.79,12888.79,Оплачен вовремя
3009,260,2024-06-30,12888.79,12888.79,Оплачен вовремя
3010,260,2024-07-30,12888.79,12888.79,Оплачен вовремя
3011,260,2024-08-29,12888.79,12888.79,Оплачен вовремя
3012,260,2024-09-28,12888.79,12888.79,Оплачен вовремя
3013,260,2024-10-28,12888.79,12888.79,Оплачен вовремя
3014,260,2024-11-27,12888.79,12888.79,Оплачен вовремя
3015,260,2024-12-27,12888.79,12888.79,Оплачен вовремя
3016,260,2025-01-26,12888.79,12888.79,Оплачен вовремя
3017,260,2025-02-25,12888.79,12888.79,Оплачен вовремя
3018,260,2025-03-27,12888.79,12888.79,Оплачен вовремя
3019,260,2025-04-26,12888.79,12888.79,Оплачен вовремя
3020,260,2025-05-26,12888.79,12888.79,Оплачен вовремя
3021,260,2025-06-25,12888.79,12888.79,Оплачен вовремя
3022,260,2025-07-25,12888.79,12888.79,Оплачен вовремя
3023,260,2025-08-24,12888.79,12888.79,Оплачен вовремя
3024,261,2024-12-11,15598.68,15598.68,Оплачен вовремя
3025,261,2025-01-10,15598.68,15598.68,Оплачен вовремя
3026,261,2025-02-09,15598.68,15598.68,Оплачен вовремя
3027,261,2025-03-11,15598.68,15598.68,Оплачен вовремя
3028,261,2025-04-10,15598.68,15598.68,Оплачен вовремя
3029,261,2025-05-10,15598.68,15598.68,Оплачен вовремя
3030,261,2025-06-09,15598.68,15598.68,Оплачен вовремя
3031,261,2025-07-09,15598.68,15598.68,Оплачен вовремя
3032,261,2025-08-08,15598.68,15598.68,Оплачен вовремя
3033,261,2025-09-07,15598.68,15598.68,Оплачен вовремя
3034,261,2025-10-07,15598.68,15598.68,Оплачен вовремя
3035,261,2025-11-06,15598.68,15598.68,Оплачен вовремя
3036,262,2025-11-22,26500.32,26500.32,Оплачен вовремя
3037,262,2025-12-22,26500.32,26500.32,Оплачен вовремя
3038,263,2022-08-24,16522.77,16522.77,Оплачен вовремя
3039,263,2022-09-23,16522.77,16522.77,Оплачен вовремя
3040,263,2022-10-23,16522.77,16522.77,Оплачен вовремя
3041,263,2022-11-22,16522.77,16522.77,Оплачен вовремя
3042,263,2022-12-22,16522.77,16522.77,Оплачен вовремя
3043,263,2023-01-21,16522.77,16522.77,Оплачен вовремя
3044,263,2023-02-20,16522.77,16522.77,Оплачен вовремя
3045,263,2023-03-22,16522.77,16522.77,Оплачен вовремя
3046,263,2023-04-21,16522.77,16522.77,Оплачен вовремя
3047,263,2023-05-21,16522.77,16522.77,Оплачен вовремя
3048,263,2023-06-20,16522.77,16522.77,Оплачен вовремя
3049,263,2023-07-20,16522.77,16522.77,Оплачен вовремя
3050,263,2023-08-19,16522.77,16522.77,Оплачен вовремя
3051,263,2023-09-18,16522.77,16522.77,Оплачен вовремя
3052,263,2023-10-18,16522.77,16522.77,Оплачен вовремя
3053,263,2023-11-17,16522.77,16522.77,Оплачен вовремя
3054,263,2023-12-17,16522.77,16522.77,Оплачен вовремя
3055,263,2024-01-16,16522.77,16522.77,Оплачен вовремя
3056,263,2024-02-15,16522.77,16522.77,Оплачен вовремя
3057,263,2024-03-16,16522.77,16522.77,Оплачен вовремя
3058,263,2024-04-15,16522.77,16522.77,Оплачен вовремя
3059,263,2024-05-15,16522.77,16522.77,Оплачен вовремя
3060,263,2024-06-14,16522.77,16522.77,Оплачен вовремя
3061,263,2024-07-14,16522.77,16522.77,Оплачен вовремя
3062,263,2024-08-13,16522.77,16522.77,Оплачен вовремя
3063,263,2024-09-12,16522.77,16522.77,Оплачен вовремя
3064,263,2024-10-12,16522.77,16522.77,Оплачен вовремя
3065,263,2024-11-11,16522.77,16522.77,Оплачен вовремя
3066,263,2024-12-11,16522.77,16522.77,Оплачен вовремя
3067,263,2025-01-10,16522.77,16522.77,Оплачен вовремя
3068,263,2025-02-09,16522.77,16522.77,Оплачен вовремя
3069,263,2025-03-11,16522.77,16522.77,Оплачен вовремя
3070,263,2025-04-10,16522.77,16522.77,Оплачен вовремя
3071,263,2025-05-10,16522.77,16522.77,Оплачен вовремя
3072,263,2025-06-09,16522.77,16522.77,Оплачен вовремя
3073,263,2025-07-09,16522.77,16522.77,Оплачен вовремя
3074,263,2025-08-08,16522.77,16522.77,Оплачен вовремя
3075,263,2025-09-07,16522.77,16522.77,Оплачен вовремя
3076,263,2025-10-07,16522.77,16522.77,Оплачен вовремя
3077,263,2025-11-06,16522.77,16522.77,Оплачен вовремя
3078,263,2025-12-06,16522.77,16522.77,Оплачен вовремя
3079,264,2024-11-19,263102.99,263102.99,Оплачен вовремя
3080,264,2024-12-19,263102.99,263102.99,Оплачен вовремя
3081,264,2025-01-18,263102.99,263102.99,Оплачен вовремя
3082,264,2025-02-17,263102.99,263102.99,Оплачен вовремя
3083,264,2025-03-19,263102.99,263102.99,Оплачен вовремя
3084,264,2025-04-18,263102.99,263102.99,Оплачен вовремя
3085,265,2025-06-10,46222.37,46222.37,Оплачен вовремя
3086,265,2025-07-10,46222.37,46222.37,Оплачен вовремя
3087,265,2025-08-09,46222.37,46222.37,Оплачен вовремя
3088,265,2025-09-08,46222.37,46222.37,Оплачен вовремя
3089,265,2025-10-08,46222.37,46222.37,Оплачен вовремя
3090,265,2025-11-07,46222.37,46222.37,Оплачен вовремя
3091,265,2025-12-07,46222.37,46222.37,Оплачен вовремя
3092,266,2025-08-15,16926.33,16926.33,Оплачен вовремя
3093,266,2025-09-14,16926.33,16926.33,Оплачен вовремя
3094,266,2025-10-14,16926.33,16926.33,Оплачен вовремя
3095,266,2025-11-13,16926.33,16926.33,Оплачен вовремя
3096,266,2025-12-13,16926.33,16926.33,Оплачен вовремя
3097,267,2022-12-09,1951.37,1951.37,Оплачен вовремя
3098,267,2023-01-08,1951.37,1951.37,Оплачен вовремя
3099,267,2023-02-07,1951.37,1951.37,Оплачен вовремя
3100,267,2023-03-09,1951.37,1951.37,Оплачен вовремя
3101,267,2023-04-08,1951.37,1951.37,Оплачен вовремя
3102,267,2023-05-08,1951.37,1951.37,Оплачен вовремя
3103,267,2023-06-07,1951.37,1951.37,Оплачен вовремя
3104,267,2023-07-07,1951.37,1951.37,Оплачен вовремя
3105,267,2023-08-06,1951.37,1951.37,Оплачен вовремя
3106,267,2023-09-05,1951.37,1951.37,Оплачен вовремя
3107,267,2023-10-05,1951.37,1951.37,Оплачен вовремя
3108,267,2023-11-04,1951.37,1951.37,Оплачен вовремя
3109,267,2023-12-04,1951.37,1951.37,Оплачен вовремя
3110,267,2024-01-03,1951.37,1951.37,Оплачен вовремя
3111,267,2024-02-02,1951.37,1951.37,Оплачен вовремя
3112,267,2024-03-03,1951.37,1951.37,Оплачен вовремя
3113,267,2024-04-02,1951.37,1951.37,Оплачен вовремя
3114,267,2024-05-02,1951.37,1951.37,Оплачен вовремя
3115,267,2024-06-01,1951.37,1951.37,Оплачен вовремя
3116,267,2024-07-01,1951.37,1951.37,Оплачен вовремя
3117,267,2024-07-31,1951.37,1951.37,Оплачен вовремя
3118,267,2024-08-30,1951.37,1951.37,Оплачен вовремя
3119,267,2024-09-29,1951.37,1951.37,Оплачен вовремя
3120,267,2024-10-29,1951.37,1951.37,Оплачен вовремя
3121,268,2025-10-27,2577.26,2577.26,Оплачен вовремя
3122,268,2025-11-26,2577.26,2577.26,Оплачен вовремя
3123,268,2025-12-26,2577.26,2577.26,Оплачен вовремя
3124,269,2022-04-20,33332.04,33332.04,Оплачен вовремя
3125,269,2022-05-20,33332.04,33332.04,Оплачен вовремя
3126,269,2022-06-19,33332.04,33332.04,Оплачен вовремя
3127,269,2022-07-19,33332.04,33332.04,Оплачен вовремя
3128,269,2022-08-18,33332.04,33332.04,Оплачен вовремя
3129,269,2022-09-17,33332.04,33332.04,Оплачен вовремя
3130,269,2022-10-17,33332.04,33332.04,Оплачен вовремя
3131,269,2022-11-16,33332.04,33332.04,Оплачен вовремя
3132,269,2022-12-16,33332.04,33332.04,Оплачен вовремя
3133,269,2023-01-15,33332.04,33332.04,Оплачен вовремя
3134,269,2023-02-14,33332.04,33332.04,Оплачен вовремя
3135,269,2023-03-16,33332.04,33332.04,Оплачен вовремя
3136,269,2023-04-15,33332.04,33332.04,Оплачен вовремя
3137,269,2023-05-15,33332.04,33332.04,Оплачен вовремя
3138,269,2023-06-14,33332.04,33332.04,Оплачен вовремя
3139,269,2023-07-14,33332.04,33332.04,Оплачен вовремя
3140,269,2023-08-13,33332.04,33332.04,Оплачен вовремя
3141,269,2023-09-12,33332.04,33332.04,Оплачен вовремя
3142,269,2023-10-12,33332.04,33332.04,Оплачен вовремя
3143,269,2023-11-11,33332.04,33332.04,Оплачен вовремя
3144,269,2023-12-11,33332.04,33332.04,Оплачен вовремя
3145,269,2024-01-10,33332.04,33332.04,Оплачен вовремя
3146,269,2024-02-09,33332.04,33332.04,Оплачен вовремя
3147,269,2024-03-10,33332.04,33332.04,Оплачен вовремя
3148,269,2024-04-09,33332.04,33332.04,Оплачен вовремя
3149,269,2024-05-09,33332.04,33332.04,Оплачен вовремя
3150,269,2024-06-08,33332.04,33332.04,Оплачен вовремя
3151,269,2024-07-08,33332.04,33332.04,Оплачен вовремя
3152,269,2024-08-07,33332.04,33332.04,Оплачен вовремя
3153,269,2024-09-06,33332.04,33332.04,Оплачен вовремя
3154,269,2024-10-06,33332.04,33332.04,Оплачен вовремя
3155,269,2024-11-05,33332.04,33332.04,Оплачен вовремя
3156,269,2024-12-05,33332.04,33332.04,Оплачен вовремя
3157,269,2025-01-04,33332.04,33332.04,Оплачен вовремя
3158,269,2025-02-03,33332.04,33332.04,Оплачен вовремя
3159,269,2025-03-05,33332.04,33332.04,Оплачен вовремя
3160,269,2025-04-04,33332.04,33332.04,Оплачен вовремя
3161,269,2025-05-04,33332.04,33332.04,Оплачен вовремя
3162,269,2025-06-03,33332.04,33332.04,Оплачен вовремя
3163,269,2025-07-03,33332.04,33332.04,Оплачен вовремя
3164,269,2025-08-02,33332.04,33332.04,Оплачен вовремя
3165,269,2025-09-01,33332.04,33332.04,Оплачен вовремя
3166,269,2025-10-01,33332.04,33332.04,Оплачен вовремя
3167,269,2025-10-31,33332.04,33332.04,Оплачен вовремя
3168,269,2025-11-30,33332.04,33332.04,Оплачен вовремя
3169,270,2025-12-25,18395.77,18395.77,Оплачен вовремя
3170,271,2024-08-09,88653.4,88653.4,Оплачен вовремя
3171,271,2024-09-08,88653.4,88653.4,Оплачен вовремя
3172,271,2024-10-08,88653.4,88653.4,Оплачен вовремя
3173,271,2024-11-07,88653.4,88653.4,Оплачен вовремя
3174,271,2024-12-07,88653.4,88653.4,Оплачен вовремя
3175,271,2025-01-06,88653.4,88653.4,Оплачен вовремя
3176,271,2025-02-05,88653.4,88653.4,Оплачен вовремя
3177,271,2025-03-07,88653.4,88653.4,Оплачен вовремя
3178,271,2025-04-06,88653.4,88653.4,Оплачен вовремя
3179,271,2025-05-06,88653.4,88653.4,Оплачен вовремя
3180,271,2025-06-05,88653.4,88653.4,Оплачен вовремя
3181,271,2025-07-05,88653.4,88653.4,Оплачен вовремя
3182,272,2025-12-28,1265.54,1265.54,Оплачен вовремя
3183,273,2025-11-12,38243.15,38243.15,Оплачен вовремя
3184,273,2025-12-12,38243.15,38243.15,Оплачен вовремя
3185,274,2025-11-20,635911.46,635911.46,Оплачен вовремя
3186,274,2025-12-20,635911.46,635911.46,Оплачен вовремя
3187,275,2023-09-07,12166.61,12166.61,Оплачен вовремя
3188,275,2023-10-07,12166.61,12166.61,Оплачен вовремя
3189,275,2023-11-06,12166.61,12166.61,Оплачен вовремя
3190,275,2023-12-06,12166.61,12166.61,Оплачен вовремя
3191,275,2024-01-05,12166.61,12166.61,Оплачен вовремя
3192,275,2024-02-04,12166.61,12166.61,Оплачен вовремя
3193,275,2024-03-05,12166.61,12166.61,Оплачен вовремя
3194,275,2024-04-04,12166.61,12166.61,Оплачен вовремя
3195,275,2024-05-04,12166.61,12166.61,Оплачен вовремя
3196,275,2024-06-03,12166.61,12166.61,Оплачен вовремя
3197,275,2024-07-03,12166.61,12166.61,Оплачен вовремя
3198,275,2024-08-02,12166.61,12166.61,Оплачен вовремя
3199,276,2025-09-23,1740.49,1740.49,Оплачен вовремя
3200,276,2025-10-23,1740.49,1740.49,Оплачен вовремя
3201,276,2025-11-22,1740.49,1740.49,Оплачен вовремя
3202,276,2025-12-22,1740.49,1740.49,Оплачен вовремя
3203,277,2023-01-17,60966.96,60966.96,Оплачен вовремя
3204,277,2023-02-16,60966.96,60966.96,Оплачен вовремя
3205,277,2023-03-18,60966.96,60966.96,Оплачен вовремя
3206,277,2023-04-17,60966.96,60966.96,Оплачен вовремя
3207,277,2023-05-17,60966.96,60966.96,Оплачен вовремя
3208,277,2023-06-16,60966.96,60966.96,Оплачен вовремя
3209,277,2023-07-16,60966.96,60966.96,Оплачен вовремя
3210,277,2023-08-15,60966.96,60966.96,Оплачен вовремя
3211,277,2023-09-14,60966.96,60966.96,Оплачен вовремя
3212,277,2023-10-14,60966.96,60966.96,Оплачен вовремя
3213,277,2023-11-13,60966.96,60966.96,Оплачен вовремя
3214,277,2023-12-13,60966.96,60966.96,Оплачен вовремя
3215,277,2024-01-12,60966.96,60966.96,Оплачен вовремя
3216,277,2024-02-11,60966.96,60966.96,Оплачен вовремя
3217,277,2024-03-12,60966.96,60966.96,Оплачен вовремя
3218,277,2024-04-11,60966.96,60966.96,Оплачен вовремя
3219,277,2024-05-11,60966.96,60966.96,Оплачен вовремя
3220,277,2024-06-10,60966.96,60966.96,Оплачен вовремя
3221,277,2024-07-10,60966.96,60966.96,Оплачен вовремя
3222,277,2024-08-09,60966.96,60966.96,Оплачен вовремя
3223,277,2024-09-08,60966.96,60966.96,Оплачен вовремя
3224,277,2024-10-08,60966.96,60966.96,Оплачен вовремя
3225,277,2024-11-07,60966.96,60966.96,Оплачен вовремя
3226,277,2024-12-07,60966.96,60966.96,Оплачен вовремя
3227,278,2025-12-17,14424.72,14424.72,Оплачен вовремя
3228,279,2024-02-11,366961.66,366961.66,Оплачен вовремя
3229,279,2024-03-12,366961.66,366961.66,Оплачен вовремя
3230,279,2024-04-11,366961.66,366961.66,Оплачен вовремя
3231,279,2024-05-11,366961.66,366961.66,Оплачен вовремя
3232,279,2024-06-10,366961.66,366961.66,Оплачен вовремя
3233,279,2024-07-10,366961.66,366961.66,Оплачен вовремя
3234,279,2024-08-09,366961.66,366961.66,Оплачен вовремя
3235,279,2024-09-08,366961.66,366961.66,Оплачен вовремя
3236,279,2024-10-08,366961.66,366961.66,Оплачен вовремя
3237,279,2024-11-07,366961.66,366961.66,Оплачен вовремя
3238,279,2024-12-07,366961.66,366961.66,Оплачен вовремя
3239,279,2025-01-06,366961.66,366961.66,Оплачен вовремя
3240,280,2025-09-05,2369.91,2369.91,Оплачен вовремя
3241,280,2025-10-05,2369.91,2369.91,Оплачен вовремя
3242,280,2025-11-04,2369.91,2369.91,Оплачен вовремя
3243,280,2025-12-04,2369.91,2369.91,Оплачен вовремя
3244,281,2023-08-14,50243.67,0.0,Не оплачен
3245,281,2023-09-13,50243.67,50243.67,Оплачен вовремя
3246,281,2023-10-13,50243.67,50243.67,Просрочен
3247,281,2023-11-12,50243.67,50243.67,Оплачен вовремя
3248,281,2023-12-12,50243.67,50243.67,Оплачен вовремя
3249,281,2024-01-11,50243.67,0.0,Не оплачен
3250,281,2024-02-10,50243.67,50243.67,Оплачен вовремя
3251,281,2024-03-11,50243.67,50243.67,Оплачен вовремя
3252,281,2024-04-10,50243.67,50243.67,Оплачен вовремя
3253,281,2024-05-10,50243.67,50243.67,Оплачен вовремя
3254,281,2024-06-09,50243.67,50243.67,Просрочен
3255,281,2024-07-09,50243.67,50243.67,Оплачен вовремя
3256,281,2024-08-08,50243.67,50243.67,Просрочен
3257,281,2024-09-07,50243.67,50243.67,Оплачен вовремя
3258,281,2024-10-07,50243.67,50243.67,Оплачен вовремя
3259,281,2024-11-06,50243.67,50243.67,Просрочен
3260,281,2024-12-06,50243.67,50243.67,Оплачен вовремя
3261,281,2025-01-05,50243.67,0.0,Не оплачен
3262,281,2025-02-04,50243.67,50243.67,Оплачен вовремя
3263,281,2025-03-06,50243.67,50243.67,Просрочен
3264,281,2025-04-05,50243.67,50243.67,Просрочен
3265,281,2025-05-05,50243.67,50243.67,Оплачен вовремя
3266,281,2025-06-04,50243.67,0.0,Не оплачен
3267,281,2025-07-04,50243.67,50243.67,Оплачен вовремя
3268,281,2025-08-03,50243.67,50243.67,Просрочен
3269,281,2025-09-02,50243.67,50243.67,Просрочен
3270,281,2025-10-02,50243.67,50243.67,Оплачен вовремя
3271,281,2025-11-01,50243.67,50243.67,Просрочен
3272,281,2025-12-01,50243.67,50243.67,Просрочен
3273,282,2024-11-19,8726.13,8726.13,Оплачен вовремя
3274,282,2024-12-19,8726.13,8726.13,Оплачен вовремя
3275,282,2025-01-18,8726.13,8726.13,Просрочен
3276,282,2025-02-17,8726.13,8726.13,Просрочен
3277,282,2025-03-19,8726.13,8726.13,Просрочен
3278,282,2025-04-18,8726.13,0.0,Не оплачен
3279,282,2025-05-18,8726.13,8726.13,Оплачен вовремя
3280,282,2025-06-17,8726.13,8726.13,Просрочен
3281,282,2025-07-17,8726.13,8726.13,Просрочен
3282,282,2025-08-16,8726.13,8726.13,Просрочен
3283,282,2025-09-15,8726.13,0.0,Не оплачен
3284,282,2025-10-15,8726.13,8726.13,Оплачен вовремя
3285,282,2025-11-14,8726.13,8726.13,Оплачен вовремя
3286,282,2025-12-14,8726.13,8726.13,Оплачен вовремя
3287,283,2024-05-10,733724.24,733724.24,Оплачен вовремя
3288,283,2024-06-09,733724.24,733724.24,Оплачен вовремя
3289,283,2024-07-09,733724.24,733724.24,Оплачен вовремя
3290,283,2024-08-08,733724.24,733724.24,Оплачен вовремя
3291,283,2024-09-07,733724.24,733724.24,Оплачен вовремя
3292,283,2024-10-07,733724.24,733724.24,Оплачен вовремя
3293,284,2025-03-04,332640.34,332640.34,Оплачен вовремя
3294,284,2025-04-03,332640.34,332640.34,Оплачен вовремя
3295,284,2025-05-03,332640.34,332640.34,Оплачен вовремя
3296,284,2025-06-02,332640.34,332640.34,Оплачен вовремя
3297,284,2025-07-02,332640.34,332640.34,Оплачен вовремя
3298,284,2025-08-01,332640.34,332640.34,Оплачен вовремя
3299,284,2025-08-31,332640.34,332640.34,Оплачен вовремя
3300,284,2025-09-30,332640.34,332640.34,Оплачен вовремя
3301,284,2025-10-30,332640.34,332640.34,Оплачен вовремя
3302,284,2025-11-29,332640.34,332640.34,Оплачен вовремя
3303,285,2025-11-18,559361.79,559361.79,Оплачен вовремя
3304,285,2025-12-18,559361.79,559361.79,Оплачен вовремя
3305,286,2024-10-29,10576.65,10576.65,Оплачен вовремя
3306,286,2024-11-28,10576.65,10576.65,Оплачен вовремя
3307,286,2024-12-28,10576.65,10576.65,Оплачен вовремя
3308,286,2025-01-27,10576.65,10576.65,Оплачен вовремя
3309,286,2025-02-26,10576.65,10576.65,Оплачен вовремя
3310,286,2025-03-28,10576.65,10576.65,Оплачен вовремя
3311,286,2025-04-27,10576.65,10576.65,Оплачен вовремя
3312,286,2025-05-27,10576.65,10576.65,Оплачен вовремя
3313,286,2025-06-26,10576.65,10576.65,Оплачен вовремя
3314,286,2025-07-26,10576.65,10576.65,Оплачен вовремя
3315,286,2025-08-25,10576.65,10576.65,Оплачен вовремя
3316,286,2025-09-24,10576.65,10576.65,Оплачен вовремя
3317,287,2023-08-11,59284.43,59284.43,Оплачен вовремя
3318,287,2023-09-10,59284.43,59284.43,Оплачен вовремя
3319,287,2023-10-10,59284.43,59284.43,Оплачен вовремя
3320,287,2023-11-09,59284.43,59284.43,Оплачен вовремя
3321,287,2023-12-09,59284.43,59284.43,Оплачен вовремя
3322,287,2024-01-08,59284.43,59284.43,Оплачен вовремя
3323,287,2024-02-07,59284.43,59284.43,Оплачен вовремя
3324,287,2024-03-08,59284.43,59284.43,Оплачен вовремя
3325,287,2024-04-07,59284.43,59284.43,Оплачен вовремя
3326,288,2025-10-09,24947.74,24947.74,Оплачен вовремя
3327,288,2025-11-08,24947.74,24947.74,Оплачен вовремя
3328,288,2025-12-08,24947.74,24947.74,Оплачен вовремя
3329,289,2025-08-29,3050.66,3050.66,Оплачен вовремя
3330,289,2025-09-28,3050.66,3050.66,Оплачен вовремя
3331,289,2025-10-28,3050.66,3050.66,Оплачен вовремя
3332,289,2025-11-27,3050.66,3050.66,Оплачен вовремя
3333,289,2025-12-27,3050.66,3050.66,Оплачен вовремя
3334,290,2025-11-11,62593.92,62593.92,Оплачен вовремя
3335,290,2025-12-11,62593.92,62593.92,Оплачен вовремя
3336,291,2025-03-31,107140.58,107140.58,Оплачен вовремя
3337,291,2025-04-30,107140.58,107140.58,Оплачен вовремя
3338,291,2025-05-30,107140.58,107140.58,Оплачен вовремя
3339,292,2025-05-26,16259.04,16259.04,Оплачен вовремя
3340,292,2025-06-25,16259.04,16259.04,Оплачен вовремя
3341,292,2025-07-25,16259.04,16259.04,Оплачен вовремя
3342,292,2025-08-24,16259.04,16259.04,Оплачен вовремя
3343,292,2025-09-23,16259.04,16259.04,Оплачен вовремя
3344,292,2025-10-23,16259.04,16259.04,Оплачен вовремя
3345,292,2025-11-22,16259.04,16259.04,Оплачен вовремя
3346,292,2025-12-22,16259.04,16259.04,Оплачен вовремя
3347,293,2024-03-22,31722.27,31722.27,Оплачен вовремя
3348,293,2024-04-21,31722.27,31722.27,Оплачен вовремя
3349,293,2024-05-21,31722.27,31722.27,Оплачен вовремя
3350,293,2024-06-20,31722.27,31722.27,Оплачен вовремя
3351,293,2024-07-20,31722.27,31722.27,Оплачен вовремя
3352,293,2024-08-19,31722.27,31722.27,Оплачен вовремя
3353,293,2024-09-18,31722.27,31722.27,Оплачен вовремя
3354,293,2024-10-18,31722.27,31722.27,Оплачен вовремя
3355,293,2024-11-17,31722.27,31722.27,Оплачен вовремя
3356,293,2024-12-17,31722.27,31722.27,Оплачен вовремя
3357,293,2025-01-16,31722.27,31722.27,Оплачен вовремя
3358,293,2025-02-15,31722.27,31722.27,Оплачен вовремя
3359,293,2025-03-17,31722.27,31722.27,Оплачен вовремя
3360,293,2025-04-16,31722.27,31722.27,Оплачен вовремя
3361,293,2025-05-16,31722.27,31722.27,Оплачен вовремя
3362,293,2025-06-15,31722.27,31722.27,Оплачен вовремя
3363,293,2025-07-15,31722.27,31722.27,Оплачен вовремя
3364,293,2025-08-14,31722.27,31722.27,Оплачен вовремя
3365,293,2025-09-13,31722.27,31722.27,Оплачен вовремя
3366,293,2025-10-13,31722.27,31722.27,Оплачен вовремя
3367,293,2025-11-12,31722.27,31722.27,Оплачен вовремя
3368,293,2025-12-12,31722.27,31722.27,Оплачен вовремя
3369,294,2025-12-23,5059.08,5059.08,Оплачен вовремя
3370,295,2025-06-06,841161.39,841161.39,Оплачен вовремя
3371,295,2025-07-06,841161.39,841161.39,Оплачен вовремя
3372,295,2025-08-05,841161.39,841161.39,Оплачен вовремя
3373,295,2025-09-04,841161.39,841161.39,Оплачен вовремя
3374,295,2025-10-04,841161.39,841161.39,Оплачен вовремя
3375,295,2025-11-03,841161.39,841161.39,Оплачен вовремя
3376,296,2024-03-25,42271.23,42271.23,Оплачен вовремя
3377,296,2024-04-24,42271.23,42271.23,Оплачен вовремя
3378,296,2024-05-24,42271.23,42271.23,Оплачен вовремя
3379,296,2024-06-23,42271.23,42271.23,Оплачен вовремя
3380,296,2024-07-23,42271.23,42271.23,Оплачен вовремя
3381,296,2024-08-22,42271.23,42271.23,Оплачен вовремя
3382,296,2024-09-21,42271.23,42271.23,Оплачен вовремя
3383,296,2024-10-21,42271.23,42271.23,Оплачен вовремя
3384,296,2024-11-20,42271.23,42271.23,Оплачен вовремя
3385,296,2024-12-20,42271.23,42271.23,Оплачен вовремя
3386,296,2025-01-19,42271.23,42271.23,Оплачен вовремя
3387,296,2025-02-18,42271.23,42271.23,Оплачен вовремя
3388,296,2025-03-20,42271.23,42271.23,Оплачен вовремя
3389,296,2025-04-19,42271.23,42271.23,Оплачен вовремя
3390,296,2025-05-19,42271.23,42271.23,Оплачен вовремя
3391,296,2025-06-18,42271.23,42271.23,Оплачен вовремя
3392,296,2025-07-18,42271.23,42271.23,Оплачен вовремя
3393,296,2025-08-17,42271.23,42271.23,Оплачен вовремя
3394,296,2025-09-16,42271.23,42271.23,Оплачен вовремя
3395,296,2025-10-16,42271.23,42271.23,Оплачен вовремя
3396,296,2025-11-15,42271.23,42271.23,Оплачен вовремя
3397,296,2025-12-15,42271.23,42271.23,Оплачен вовремя
3398,297,2025-05-26,4096.5,4096.5,Оплачен вовремя
3399,297,2025-06-25,4096.5,4096.5,Оплачен вовремя
3400,297,2025-07-25,4096.5,4096.5,Оплачен вовремя
3401,297,2025-08-24,4096.5,4096.5,Оплачен вовремя
3402,297,2025-09-23,4096.5,4096.5,Оплачен вовремя
3403,297,2025-10-23,4096.5,4096.5,Оплачен вовремя
3404,297,2025-11-22,4096.5,4096.5,Оплачен вовремя
3405,297,2025-12-22,4096.5,4096.5,Оплачен вовремя
3406,298,2023-12-15,14977.65,14977.65,Оплачен вовремя
3407,298,2024-01-14,14977.65,14977.65,Оплачен вовремя
3408,298,2024-02-13,14977.65,14977.65,Оплачен вовремя
3409,298,2024-03-14,14977.65,14977.65,Оплачен вовремя
3410,298,2024-04-13,14977.65,14977.65,Оплачен вовремя
3411,298,2024-05-13,14977.65,14977.65,Оплачен вовремя
3412,298,2024-06-12,14977.65,14977.65,Оплачен вовремя
3413,298,2024-07-12,14977.65,14977.65,Оплачен вовремя
3414,298,2024-08-11,14977.65,14977.65,Оплачен вовремя
3415,298,2024-09-10,14977.65,14977.65,Оплачен вовремя
3416,298,2024-10-10,14977.65,14977.65,Оплачен вовремя
3417,298,2024-11-09,14977.65,14977.65,Оплачен вовремя
3418,298,2024-12-09,14977.65,14977.65,Оплачен вовремя
3419,298,2025-01-08,14977.65,14977.65,Оплачен вовремя
3420,298,2025-02-07,14977.65,14977.65,Оплачен вовремя
3421,298,2025-03-09,14977.65,14977.65,Оплачен вовремя
3422,298,2025-04-08,14977.65,14977.65,Оплачен вовремя
3423,298,2025-05-08,14977.65,14977.65,Оплачен вовремя
3424,298,2025-06-07,14977.65,14977.65,Оплачен вовремя
3425,298,2025-07-07,14977.65,14977.65,Оплачен вовремя
3426,298,2025-08-06,14977.65,14977.65,Оплачен вовремя
3427,298,2025-09-05,14977.65,14977.65,Оплачен вовремя
3428,298,2025-10-05,14977.65,14977.65,Оплачен вовремя
3429,298,2025-11-04,14977.65,14977.65,Оплачен вовремя
3430,298,2025-12-04,14977.65,14977.65,Оплачен вовремя
3431,299,2024-05-18,1200.83,1200.83,Оплачен вовремя
3432,299,2024-06-17,1200.83,1200.83,Оплачен вовремя
3433,299,2024-07-17,1200.83,1200.83,Оплачен вовремя
3434,299,2024-08-16,1200.83,1200.83,Оплачен вовремя
3435,299,2024-09-15,1200.83,1200.83,Оплачен вовремя
3436,299,2024-10-15,1200.83,1200.83,Оплачен вовремя
3437,299,2024-11-14,1200.83,1200.83,Оплачен вовремя
3438,299,2024-12-14,1200.83,1200.83,Оплачен вовремя
3439,299,2025-01-13,1200.83,1200.83,Оплачен вовремя
3440,299,2025-02-12,1200.83,1200.83,Оплачен вовремя
3441,299,2025-03-14,1200.83,1200.83,Оплачен вовремя
3442,299,2025-04-13,1200.83,1200.83,Оплачен вовремя
3443,299,2025-05-13,1200.83,1200.83,Оплачен вовремя
3444,299,2025-06-12,1200.83,1200.83,Оплачен вовремя
3445,299,2025-07-12,1200.83,1200.83,Оплачен вовремя
3446,299,2025-08-11,1200.83,1200.83,Оплачен вовремя
3447,299,2025-09-10,1200.83,1200.83,Оплачен вовремя
3448,299,2025-10-10,1200.83,1200.83,Оплачен вовремя
3449,299,2025-11-09,1200.83,1200.83,Оплачен вовремя
3450,299,2025-12-09,1200.83,1200.83,Оплачен вовремя
3451,300,2025-12-27,12583.71,12583.71,Оплачен вовремя
3452,301,2025-03-05,13432.96,13432.96,Просрочен
3453,301,2025-04-04,13432.96,13432.96,Оплачен вовремя
3454,301,2025-05-04,13432.96,13432.96,Оплачен вовремя
3455,301,2025-06-03,13432.96,13432.96,Оплачен вовремя
3456,301,2025-07-03,13432.96,13432.96,Оплачен вовремя
3457,301,2025-08-02,13432.96,0.0,Не оплачен
3458,301,2025-09-01,13432.96,13432.96,Оплачен вовремя
3459,301,2025-10-01,13432.96,13432.96,Просрочен
3460,301,2025-10-31,13432.96,0.0,Не оплачен
3461,301,2025-11-30,13432.96,13432.96,Оплачен вовремя
3462,302,2023-12-03,16002.88,16002.88,Оплачен вовремя
3463,302,2024-01-02,16002.88,16002.88,Оплачен вовремя
3464,302,2024-02-01,16002.88,16002.88,Оплачен вовремя
3465,302,2024-03-02,16002.88,16002.88,Оплачен вовремя
3466,302,2024-04-01,16002.88,16002.88,Оплачен вовремя
3467,302,2024-05-01,16002.88,16002.88,Оплачен вовремя
3468,302,2024-05-31,16002.88,16002.88,Оплачен вовремя
3469,302,2024-06-30,16002.88,16002.88,Оплачен вовремя
3470,302,2024-07-30,16002.88,16002.88,Оплачен вовремя
3471,302,2024-08-29,16002.88,16002.88,Оплачен вовремя
3472,302,2024-09-28,16002.88,16002.88,Оплачен вовремя
3473,302,2024-10-28,16002.88,16002.88,Оплачен вовремя
3474,302,2024-11-27,16002.88,16002.88,Оплачен вовремя
3475,302,2024-12-27,16002.88,16002.88,Оплачен вовремя
3476,302,2025-01-26,16002.88,16002.88,Оплачен вовремя
3477,302,2025-02-25,16002.88,16002.88,Оплачен вовремя
3478,302,2025-03-27,16002.88,16002.88,Оплачен вовремя
3479,302,2025-04-26,16002.88,16002.88,Оплачен вовремя
3480,302,2025-05-26,16002.88,16002.88,Оплачен вовремя
3481,302,2025-06-25,16002.88,16002.88,Оплачен вовремя
3482,302,2025-07-25,16002.88,16002.88,Оплачен вовремя
3483,302,2025-08-24,16002.88,16002.88,Оплачен вовремя
3484,302,2025-09-23,16002.88,16002.88,Оплачен вовремя
3485,302,2025-10-23,16002.88,16002.88,Оплачен вовремя
3486,302,2025-11-22,16002.88,16002.88,Оплачен вовремя
3487,303,2024-10-03,32903.62,32903.62,Оплачен вовремя
3488,303,2024-11-02,32903.62,32903.62,Оплачен вовремя
3489,303,2024-12-02,32903.62,32903.62,Оплачен вовремя
3490,303,2025-01-01,32903.62,32903.62,Оплачен вовремя
3491,303,2025-01-31,32903.62,32903.62,Оплачен вовремя
3492,303,2025-03-02,32903.62,32903.62,Оплачен вовремя
3493,303,2025-04-01,32903.62,32903.62,Оплачен вовремя
3494,303,2025-05-01,32903.62,32903.62,Оплачен вовремя
3495,303,2025-05-31,32903.62,32903.62,Оплачен вовремя
3496,303,2025-06-30,32903.62,32903.62,Оплачен вовремя
3497,303,2025-07-30,32903.62,32903.62,Оплачен вовремя
3498,303,2025-08-29,32903.62,32903.62,Оплачен вовремя
3499,303,2025-09-28,32903.62,32903.62,Оплачен вовремя
3500,303,2025-10-28,32903.62,32903.62,Оплачен вовремя
3501,303,2025-11-27,32903.62,32903.62,Оплачен вовремя
3502,304,2024-08-27,22584.03,22584.03,Оплачен вовремя
3503,304,2024-09-26,22584.03,22584.03,Оплачен вовремя
3504,304,2024-10-26,22584.03,22584.03,Оплачен вовремя
3505,304,2024-11-25,22584.03,22584.03,Оплачен вовремя
3506,304,2024-12-25,22584.03,22584.03,Оплачен вовремя
3507,304,2025-01-24,22584.03,22584.03,Оплачен вовремя
3508,304,2025-02-23,22584.03,22584.03,Оплачен вовремя
3509,304,2025-03-25,22584.03,22584.03,Оплачен вовремя
3510,304,2025-04-24,22584.03,22584.03,Оплачен вовремя
3511,304,2025-05-24,22584.03,22584.03,Оплачен вовремя
3512,304,2025-06-23,22584.03,22584.03,Оплачен вовремя
3513,304,2025-07-23,22584.03,22584.03,Оплачен вовремя
3514,304,2025-08-22,22584.03,22584.03,Оплачен вовремя
3515,304,2025-09-21,22584.03,22584.03,Оплачен вовремя
3516,304,2025-10-21,22584.03,22584.03,Оплачен вовремя
3517,304,2025-11-20,22584.03,22584.03,Оплачен вовремя
3518,304,2025-12-20,22584.03,22584.03,Оплачен вовремя
3519,306,2024-09-16,112230.81,112230.81,Оплачен вовремя
3520,306,2024-10-16,112230.81,112230.81,Оплачен вовремя
3521,306,2024-11-15,112230.81,112230.81,Оплачен вовремя
3522,306,2024-12-15,112230.81,112230.81,Оплачен вовремя
3523,306,2025-01-14,112230.81,112230.81,Оплачен вовремя
3524,306,2025-02-13,112230.81,112230.81,Оплачен вовремя
3525,306,2025-03-15,112230.81,112230.81,Оплачен вовремя
3526,306,2025-04-14,112230.81,112230.81,Оплачен вовремя
3527,306,2025-05-14,112230.81,112230.81,Оплачен вовремя
3528,307,2024-12-05,63955.5,63955.5,Оплачен вовремя
3529,307,2025-01-04,63955.5,63955.5,Просрочен
3530,307,2025-02-03,63955.5,63955.5,Оплачен вовремя
3531,307,2025-03-05,63955.5,63955.5,Оплачен вовремя
3532,307,2025-04-04,63955.5,63955.5,Оплачен вовремя
3533,307,2025-05-04,63955.5,63955.5,Оплачен вовремя
3534,307,2025-06-03,63955.5,63955.5,Оплачен вовремя
3535,307,2025-07-03,63955.5,63955.5,Оплачен вовремя
3536,307,2025-08-02,63955.5,63955.5,Оплачен вовремя
3537,307,2025-09-01,63955.5,63955.5,Просрочен
3538,307,2025-10-01,63955.5,63955.5,Оплачен вовремя
3539,307,2025-10-31,63955.5,63955.5,Оплачен вовремя
3540,307,2025-11-30,63955.5,63955.5,Оплачен вовремя
3541,308,2025-08-22,43008.41,43008.41,Оплачен вовремя
3542,308,2025-09-21,43008.41,43008.41,Оплачен вовремя
3543,308,2025-10-21,43008.41,43008.41,Оплачен вовремя
3544,308,2025-11-20,43008.41,43008.41,Оплачен вовремя
3545,308,2025-12-20,43008.41,43008.41,Оплачен вовремя
3546,309,2025-03-10,2634.14,2634.14,Оплачен вовремя
3547,309,2025-04-09,2634.14,2634.14,Оплачен вовремя
3548,309,2025-05-09,2634.14,2634.14,Оплачен вовремя
3549,309,2025-06-08,2634.14,2634.14,Оплачен вовремя
3550,309,2025-07-08,2634.14,2634.14,Оплачен вовремя
3551,309,2025-08-07,2634.14,2634.14,Оплачен вовремя
3552,309,2025-09-06,2634.14,2634.14,Оплачен вовремя
3553,309,2025-10-06,2634.14,2634.14,Оплачен вовремя
3554,309,2025-11-05,2634.14,2634.14,Оплачен вовремя
3555,309,2025-12-05,2634.14,2634.14,Оплачен вовремя
3556,310,2025-05-03,4051.1,4051.1,Оплачен вовремя
3557,310,2025-06-02,4051.1,4051.1,Оплачен вовремя
3558,310,2025-07-02,4051.1,4051.1,Оплачен вовремя
3559,310,2025-08-01,4051.1,4051.1,Оплачен вовремя
3560,310,2025-08-31,4051.1,4051.1,Оплачен вовремя
3561,310,2025-09-30,4051.1,4051.1,Оплачен вовремя
3562,310,2025-10-30,4051.1,4051.1,Оплачен вовремя
3563,310,2025-11-29,4051.1,4051.1,Оплачен вовремя
3564,311,2022-04-09,9218.37,9218.37,Оплачен вовремя
3565,311,2022-05-09,9218.37,9218.37,Оплачен вовремя
3566,311,2022-06-08,9218.37,9218.37,Оплачен вовремя
3567,311,2022-07-08,9218.37,9218.37,Оплачен вовремя
3568,311,2022-08-07,9218.37,9218.37,Оплачен вовремя
3569,311,2022-09-06,9218.37,9218.37,Оплачен вовремя
3570,311,2022-10-06,9218.37,9218.37,Оплачен вовремя
3571,311,2022-11-05,9218.37,9218.37,Оплачен вовремя
3572,311,2022-12-05,9218.37,9218.37,Оплачен вовремя
3573,311,2023-01-04,9218.37,9218.37,Оплачен вовремя
3574,311,2023-02-03,9218.37,9218.37,Оплачен вовремя
3575,311,2023-03-05,9218.37,9218.37,Оплачен вовремя
3576,311,2023-04-04,9218.37,9218.37,Оплачен вовремя
3577,311,2023-05-04,9218.37,9218.37,Оплачен вовремя
3578,311,2023-06-03,9218.37,9218.37,Оплачен вовремя
3579,311,2023-07-03,9218.37,9218.37,Оплачен вовремя
3580,311,2023-08-02,9218.37,9218.37,Оплачен вовремя
3581,311,2023-09-01,9218.37,9218.37,Оплачен вовремя
3582,311,2023-10-01,9218.37,9218.37,Оплачен вовремя
3583,311,2023-10-31,9218.37,9218.37,Оплачен вовремя
3584,311,2023-11-30,9218.37,9218.37,Оплачен вовремя
3585,311,2023-12-30,9218.37,9218.37,Оплачен вовремя
3586,311,2024-01-29,9218.37,9218.37,Оплачен вовремя
3587,311,2024-02-28,9218.37,9218.37,Оплачен вовремя
3588,312,2023-06-15,10461.75,10461.75,Оплачен вовремя
3589,312,2023-07-15,10461.75,10461.75,Оплачен вовремя
3590,312,2023-08-14,10461.75,10461.75,Оплачен вовремя
3591,312,2023-09-13,10461.75,10461.75,Оплачен вовремя
3592,312,2023-10-13,10461.75,10461.75,Оплачен вовремя
3593,312,2023-11-12,10461.75,10461.75,Оплачен вовремя
3594,312,2023-12-12,10461.75,10461.75,Оплачен вовремя
3595,312,2024-01-11,10461.75,10461.75,Оплачен вовремя
3596,312,2024-02-10,10461.75,10461.75,Оплачен вовремя
3597,312,2024-03-11,10461.75,10461.75,Оплачен вовремя
3598,312,2024-04-10,10461.75,10461.75,Оплачен вовремя
3599,312,2024-05-10,10461.75,10461.75,Оплачен вовремя
3600,312,2024-06-09,10461.75,10461.75,Оплачен вовремя
3601,312,2024-07-09,10461.75,10461.75,Оплачен вовремя
3602,312,2024-08-08,10461.75,10461.75,Оплачен вовремя
3603,312,2024-09-07,10461.75,10461.75,Оплачен вовремя
3604,312,2024-10-07,10461.75,10461.75,Оплачен вовремя
3605,312,2024-11-06,10461.75,10461.75,Оплачен вовремя
3606,312,2024-12-06,10461.75,10461.75,Оплачен вовремя
3607,312,2025-01-05,10461.75,10461.75,Оплачен вовремя
3608,312,2025-02-04,10461.75,10461.75,Оплачен вовремя
3609,312,2025-03-06,10461.75,10461.75,Оплачен вовремя
3610,312,2025-04-05,10461.75,10461.75,Оплачен вовремя
3611,312,2025-05-05,10461.75,10461.75,Оплачен вовремя
3612,312,2025-06-04,10461.75,10461.75,Оплачен вовремя
3613,312,2025-07-04,10461.75,10461.75,Оплачен вовремя
3614,312,2025-08-03,10461.75,10461.75,Оплачен вовремя
3615,312,2025-09-02,10461.75,10461.75,Оплачен вовремя
3616,312,2025-10-02,10461.75,10461.75,Оплачен вовремя
3617,312,2025-11-01,10461.75,10461.75,Оплачен вовремя
3618,312,2025-12-01,10461.75,10461.75,Оплачен вовремя
3619,313,2025-11-03,1489430.73,1489430.73,Оплачен вовремя
3620,313,2025-12-03,1489430.73,1489430.73,Оплачен вовремя
3621,314,2024-06-07,14343.57,14343.57,Оплачен вовремя
3622,314,2024-07-07,14343.57,14343.57,Оплачен вовремя
3623,314,2024-08-06,14343.57,14343.57,Оплачен вовремя
3624,314,2024-09-05,14343.57,14343.57,Оплачен вовремя
3625,314,2024-10-05,14343.57,14343.57,Оплачен вовремя
3626,314,2024-11-04,14343.57,14343.57,Оплачен вовремя
3627,314,2024-12-04,14343.57,14343.57,Оплачен вовремя
3628,314,2025-01-03,14343.57,14343.57,Оплачен вовремя
3629,314,2025-02-02,14343.57,14343.57,Оплачен вовремя
3630,314,2025-03-04,14343.57,14343.57,Оплачен вовремя
3631,314,2025-04-03,14343.57,14343.57,Оплачен вовремя
3632,314,2025-05-03,14343.57,14343.57,Оплачен вовремя
3633,315,2024-10-08,8430.52,8430.52,Оплачен вовремя
3634,315,2024-11-07,8430.52,8430.52,Оплачен вовремя
3635,315,2024-12-07,8430.52,8430.52,Оплачен вовремя
3636,315,2025-01-06,8430.52,8430.52,Оплачен вовремя
3637,315,2025-02-05,8430.52,8430.52,Оплачен вовремя
3638,315,2025-03-07,8430.52,8430.52,Оплачен вовремя
3639,315,2025-04-06,8430.52,8430.52,Оплачен вовремя
3640,315,2025-05-06,8430.52,8430.52,Оплачен вовремя
3641,315,2025-06-05,8430.52,8430.52,Оплачен вовремя
3642,315,2025-07-05,8430.52,8430.52,Оплачен вовремя
3643,315,2025-08-04,8430.52,8430.52,Оплачен вовремя
3644,315,2025-09-03,8430.52,8430.52,Оплачен вовремя
3645,315,2025-10-03,8430.52,8430.52,Оплачен вовремя
3646,315,2025-11-02,8430.52,8430.52,Оплачен вовремя
3647,315,2025-12-02,8430.52,8430.52,Оплачен вовремя
3648,316,2022-09-29,2721.03,2721.03,Оплачен вовремя
3649,316,2022-10-29,2721.03,2721.03,Оплачен вовремя
3650,316,2022-11-28,2721.03,2721.03,Оплачен вовремя
3651,316,2022-12-28,2721.03,2721.03,Оплачен вовремя
3652,316,2023-01-27,2721.03,2721.03,Оплачен вовремя
3653,316,2023-02-26,2721.03,2721.03,Оплачен вовремя
3654,316,2023-03-28,2721.03,2721.03,Оплачен вовремя
3655,316,2023-04-27,2721.03,2721.03,Оплачен вовремя
3656,316,2023-05-27,2721.03,2721.03,Оплачен вовремя
3657,316,2023-06-26,2721.03,2721.03,Оплачен вовремя
3658,316,2023-07-26,2721.03,2721.03,Оплачен вовремя
3659,316,2023-08-25,2721.03,2721.03,Оплачен вовремя
3660,316,2023-09-24,2721.03,2721.03,Оплачен вовремя
3661,316,2023-10-24,2721.03,2721.03,Оплачен вовремя
3662,316,2023-11-23,2721.03,2721.03,Оплачен вовремя
3663,316,2023-12-23,2721.03,2721.03,Оплачен вовремя
3664,316,2024-01-22,2721.03,2721.03,Оплачен вовремя
3665,316,2024-02-21,2721.03,2721.03,Оплачен вовремя
3666,316,2024-03-22,2721.03,2721.03,Оплачен вовремя
3667,316,2024-04-21,2721.03,2721.03,Оплачен вовремя
3668,316,2024-05-21,2721.03,2721.03,Оплачен вовремя
3669,316,2024-06-20,2721.03,2721.03,Оплачен вовремя
3670,316,2024-07-20,2721.03,2721.03,Оплачен вовремя
3671,316,2024-08-19,2721.03,2721.03,Оплачен вовремя
3672,316,2024-09-18,2721.03,2721.03,Оплачен вовремя
3673,316,2024-10-18,2721.03,2721.03,Оплачен вовремя
3674,316,2024-11-17,2721.03,2721.03,Оплачен вовремя
3675,316,2024-12-17,2721.03,2721.03,Оплачен вовремя
3676,316,2025-01-16,2721.03,2721.03,Оплачен вовремя
3677,316,2025-02-15,2721.03,2721.03,Оплачен вовремя
3678,316,2025-03-17,2721.03,2721.03,Оплачен вовремя
3679,316,2025-04-16,2721.03,2721.03,Оплачен вовремя
3680,316,2025-05-16,2721.03,2721.03,Оплачен вовремя
3681,316,2025-06-15,2721.03,2721.03,Оплачен вовремя
3682,316,2025-07-15,2721.03,2721.03,Оплачен вовремя
3683,316,2025-08-14,2721.03,2721.03,Оплачен вовремя
3684,317,2025-01-05,12829.55,12829.55,Оплачен вовремя
3685,317,2025-02-04,12829.55,12829.55,Оплачен вовремя
3686,317,2025-03-06,12829.55,12829.55,Оплачен вовремя
3687,317,2025-04-05,12829.55,12829.55,Оплачен вовремя
3688,317,2025-05-05,12829.55,12829.55,Оплачен вовремя
3689,317,2025-06-04,12829.55,12829.55,Оплачен вовремя
3690,317,2025-07-04,12829.55,12829.55,Оплачен вовремя
3691,317,2025-08-03,12829.55,12829.55,Оплачен вовремя
3692,317,2025-09-02,12829.55,12829.55,Оплачен вовремя
3693,317,2025-10-02,12829.55,12829.55,Оплачен вовремя
3694,317,2025-11-01,12829.55,12829.55,Оплачен вовремя
3695,317,2025-12-01,12829.55,12829.55,Оплачен вовремя
3696,318,2025-10-29,46219.52,46219.52,Оплачен вовремя
3697,318,2025-11-28,46219.52,46219.52,Просрочен
3698,318,2025-12-28,46219.52,46219.52,Просрочен
3699,319,2024-08-16,26268.47,26268.47,Оплачен вовремя
3700,319,2024-09-15,26268.47,26268.47,Оплачен вовремя
3701,319,2024-10-15,26268.47,26268.47,Оплачен вовремя
3702,319,2024-11-14,26268.47,26268.47,Оплачен вовремя
3703,319,2024-12-14,26268.47,26268.47,Оплачен вовремя
3704,319,2025-01-13,26268.47,26268.47,Оплачен вовремя
3705,319,2025-02-12,26268.47,26268.47,Оплачен вовремя
3706,319,2025-03-14,26268.47,26268.47,Оплачен вовремя
3707,319,2025-04-13,26268.47,26268.47,Оплачен вовремя
3708,319,2025-05-13,26268.47,26268.47,Оплачен вовремя
3709,319,2025-06-12,26268.47,26268.47,Оплачен вовремя
3710,319,2025-07-12,26268.47,26268.47,Оплачен вовремя
3711,319,2025-08-11,26268.47,26268.47,Оплачен вовремя
3712,319,2025-09-10,26268.47,26268.47,Оплачен вовремя
3713,319,2025-10-10,26268.47,26268.47,Оплачен вовремя
3714,319,2025-11-09,26268.47,26268.47,Оплачен вовремя
3715,319,2025-12-09,26268.47,26268.47,Оплачен вовремя
3716,320,2024-11-03,7022.12,7022.12,Оплачен вовремя
3717,320,2024-12-03,7022.12,7022.12,Оплачен вовремя
3718,320,2025-01-02,7022.12,7022.12,Оплачен вовремя
3719,320,2025-02-01,7022.12,7022.12,Оплачен вовремя
3720,320,2025-03-03,7022.12,7022.12,Оплачен вовремя
3721,320,2025-04-02,7022.12,7022.12,Оплачен вовремя
3722,320,2025-05-02,7022.12,7022.12,Оплачен вовремя
3723,320,2025-06-01,7022.12,7022.12,Оплачен вовремя
3724,320,2025-07-01,7022.12,7022.12,Оплачен вовремя
3725,320,2025-07-31,7022.12,7022.12,Оплачен вовремя
3726,320,2025-08-30,7022.12,7022.12,Оплачен вовремя
3727,320,2025-09-29,7022.12,7022.12,Оплачен вовремя
3728,320,2025-10-29,7022.12,7022.12,Оплачен вовремя
3729,320,2025-11-28,7022.12,7022.12,Оплачен вовремя
3730,321,2023-03-25,3002.4,3002.4,Оплачен вовремя
3731,321,2023-04-24,3002.4,3002.4,Оплачен вовремя
3732,321,2023-05-24,3002.4,3002.4,Оплачен вовремя
3733,321,2023-06-23,3002.4,3002.4,Оплачен вовремя
3734,321,2023-07-23,3002.4,3002.4,Оплачен вовремя
3735,321,2023-08-22,3002.4,3002.4,Оплачен вовремя
3736,321,2023-09-21,3002.4,3002.4,Оплачен вовремя
3737,321,2023-10-21,3002.4,3002.4,Оплачен вовремя
3738,321,2023-11-20,3002.4,3002.4,Оплачен вовремя
3739,321,2023-12-20,3002.4,3002.4,Оплачен вовремя
3740,321,2024-01-19,3002.4,3002.4,Оплачен вовремя
3741,321,2024-02-18,3002.4,3002.4,Оплачен вовремя
3742,321,2024-03-19,3002.4,3002.4,Оплачен вовремя
3743,321,2024-04-18,3002.4,3002.4,Оплачен вовремя
3744,321,2024-05-18,3002.4,3002.4,Оплачен вовремя
3745,321,2024-06-17,3002.4,3002.4,Оплачен вовремя
3746,321,2024-07-17,3002.4,3002.4,Оплачен вовремя
3747,321,2024-08-16,3002.4,3002.4,Оплачен вовремя
3748,321,2024-09-15,3002.4,3002.4,Оплачен вовремя
3749,321,2024-10-15,3002.4,3002.4,Оплачен вовремя
3750,321,2024-11-14,3002.4,3002.4,Оплачен вовремя
3751,321,2024-12-14,3002.4,3002.4,Оплачен вовремя
3752,321,2025-01-13,3002.4,3002.4,Оплачен вовремя
3753,321,2025-02-12,3002.4,3002.4,Оплачен вовремя
3754,321,2025-03-14,3002.4,3002.4,Оплачен вовремя
3755,321,2025-04-13,3002.4,3002.4,Оплачен вовремя
3756,321,2025-05-13,3002.4,3002.4,Оплачен вовремя
3757,321,2025-06-12,3002.4,3002.4,Оплачен вовремя
3758,321,2025-07-12,3002.4,3002.4,Оплачен вовремя
3759,321,2025-08-11,3002.4,3002.4,Оплачен вовремя
3760,321,2025-09-10,3002.4,3002.4,Оплачен вовремя
3761,321,2025-10-10,3002.4,3002.4,Оплачен вовремя
3762,321,2025-11-09,3002.4,3002.4,Оплачен вовремя
3763,321,2025-12-09,3002.4,3002.4,Оплачен вовремя
3764,322,2025-01-11,24386.21,24386.21,Оплачен вовремя
3765,322,2025-02-10,24386.21,24386.21,Оплачен вовремя
3766,322,2025-03-12,24386.21,24386.21,Оплачен вовремя
3767,322,2025-04-11,24386.21,24386.21,Оплачен вовремя
3768,322,2025-05-11,24386.21,24386.21,Оплачен вовремя
3769,322,2025-06-10,24386.21,24386.21,Оплачен вовремя
3770,322,2025-07-10,24386.21,24386.21,Оплачен вовремя
3771,322,2025-08-09,24386.21,24386.21,Оплачен вовремя
3772,322,2025-09-08,24386.21,24386.21,Оплачен вовремя
3773,322,2025-10-08,24386.21,24386.21,Оплачен вовремя
3774,322,2025-11-07,24386.21,24386.21,Оплачен вовремя
3775,322,2025-12-07,24386.21,24386.21,Оплачен вовремя
3776,323,2022-12-28,7955.51,7955.51,Оплачен вовремя
3777,323,2023-01-27,7955.51,7955.51,Оплачен вовремя
3778,323,2023-02-26,7955.51,7955.51,Оплачен вовремя
3779,323,2023-03-28,7955.51,7955.51,Оплачен вовремя
3780,323,2023-04-27,7955.51,7955.51,Оплачен вовремя
3781,323,2023-05-27,7955.51,7955.51,Оплачен вовремя
3782,323,2023-06-26,7955.51,7955.51,Оплачен вовремя
3783,323,2023-07-26,7955.51,7955.51,Оплачен вовремя
3784,323,2023-08-25,7955.51,7955.51,Оплачен вовремя
3785,323,2023-09-24,7955.51,7955.51,Оплачен вовремя
3786,323,2023-10-24,7955.51,7955.51,Оплачен вовремя
3787,323,2023-11-23,7955.51,7955.51,Оплачен вовремя
3788,323,2023-12-23,7955.51,7955.51,Оплачен вовремя
3789,323,2024-01-22,7955.51,7955.51,Оплачен вовремя
3790,323,2024-02-21,7955.51,7955.51,Оплачен вовремя
3791,323,2024-03-22,7955.51,7955.51,Оплачен вовремя
3792,323,2024-04-21,7955.51,7955.51,Оплачен вовремя
3793,323,2024-05-21,7955.51,7955.51,Оплачен вовремя
3794,323,2024-06-20,7955.51,7955.51,Оплачен вовремя
3795,323,2024-07-20,7955.51,7955.51,Оплачен вовремя
3796,323,2024-08-19,7955.51,7955.51,Оплачен вовремя
3797,323,2024-09-18,7955.51,7955.51,Оплачен вовремя
3798,323,2024-10-18,7955.51,7955.51,Оплачен вовремя
3799,323,2024-11-17,7955.51,7955.51,Оплачен вовремя
3800,323,2024-12-17,7955.51,7955.51,Оплачен вовремя
3801,323,2025-01-16,7955.51,7955.51,Оплачен вовремя
3802,323,2025-02-15,7955.51,7955.51,Оплачен вовремя
3803,323,2025-03-17,7955.51,7955.51,Оплачен вовремя
3804,323,2025-04-16,7955.51,7955.51,Оплачен вовремя
3805,323,2025-05-16,7955.51,7955.51,Оплачен вовремя
3806,323,2025-06-15,7955.51,7955.51,Оплачен вовремя
3807,323,2025-07-15,7955.51,7955.51,Оплачен вовремя
3808,323,2025-08-14,7955.51,7955.51,Оплачен вовремя
3809,323,2025-09-13,7955.51,7955.51,Оплачен вовремя
3810,323,2025-10-13,7955.51,7955.51,Оплачен вовремя
3811,323,2025-11-12,7955.51,7955.51,Оплачен вовремя
3812,323,2025-12-12,7955.51,7955.51,Оплачен вовремя
3813,324,2024-02-12,59967.33,59967.33,Оплачен вовремя
3814,324,2024-03-13,59967.33,59967.33,Оплачен вовремя
3815,324,2024-04-12,59967.33,59967.33,Оплачен вовремя
3816,324,2024-05-12,59967.33,59967.33,Оплачен вовремя
3817,324,2024-06-11,59967.33,59967.33,Просрочен
3818,324,2024-07-11,59967.33,0.0,Не оплачен
3819,324,2024-08-10,59967.33,59967.33,Оплачен вовремя
3820,324,2024-09-09,59967.33,59967.33,Оплачен вовремя
3821,324,2024-10-09,59967.33,59967.33,Оплачен вовремя
3822,324,2024-11-08,59967.33,59967.33,Оплачен вовремя
3823,324,2024-12-08,59967.33,59967.33,Оплачен вовремя
3824,324,2025-01-07,59967.33,59967.33,Оплачен вовремя
3825,324,2025-02-06,59967.33,59967.33,Оплачен вовремя
3826,324,2025-03-08,59967.33,59967.33,Оплачен вовремя
3827,324,2025-04-07,59967.33,59967.33,Просрочен
3828,324,2025-05-07,59967.33,59967.33,Оплачен вовремя
3829,324,2025-06-06,59967.33,0.0,Не оплачен
3830,324,2025-07-06,59967.33,59967.33,Просрочен
3831,324,2025-08-05,59967.33,0.0,Не оплачен
3832,324,2025-09-04,59967.33,59967.33,Просрочен
3833,324,2025-10-04,59967.33,0.0,Не оплачен
3834,324,2025-11-03,59967.33,59967.33,Оплачен вовремя
3835,324,2025-12-03,59967.33,59967.33,Оплачен вовремя
3836,325,2023-06-24,44958.7,44958.7,Оплачен вовремя
3837,325,2023-07-24,44958.7,44958.7,Оплачен вовремя
3838,325,2023-08-23,44958.7,44958.7,Оплачен вовремя
3839,325,2023-09-22,44958.7,44958.7,Оплачен вовремя
3840,325,2023-10-22,44958.7,44958.7,Оплачен вовремя
3841,325,2023-11-21,44958.7,44958.7,Оплачен вовремя
3842,325,2023-12-21,44958.7,44958.7,Оплачен вовремя
3843,325,2024-01-20,44958.7,44958.7,Оплачен вовремя
3844,325,2024-02-19,44958.7,44958.7,Оплачен вовремя
3845,325,2024-03-20,44958.7,44958.7,Оплачен вовремя
3846,325,2024-04-19,44958.7,44958.7,Оплачен вовремя
3847,325,2024-05-19,44958.7,44958.7,Оплачен вовремя
3848,325,2024-06-18,44958.7,44958.7,Оплачен вовремя
3849,325,2024-07-18,44958.7,44958.7,Оплачен вовремя
3850,325,2024-08-17,44958.7,44958.7,Оплачен вовремя
3851,325,2024-09-16,44958.7,44958.7,Оплачен вовремя
3852,325,2024-10-16,44958.7,44958.7,Оплачен вовремя
3853,325,2024-11-15,44958.7,44958.7,Оплачен вовремя
3854,325,2024-12-15,44958.7,44958.7,Оплачен вовремя
3855,325,2025-01-14,44958.7,44958.7,Оплачен вовремя
3856,325,2025-02-13,44958.7,44958.7,Оплачен вовремя
3857,325,2025-03-15,44958.7,44958.7,Оплачен вовремя
3858,325,2025-04-14,44958.7,44958.7,Оплачен вовремя
3859,325,2025-05-14,44958.7,44958.7,Оплачен вовремя
3860,325,2025-06-13,44958.7,44958.7,Оплачен вовремя
3861,325,2025-07-13,44958.7,44958.7,Оплачен вовремя
3862,325,2025-08-12,44958.7,44958.7,Оплачен вовремя
3863,325,2025-09-11,44958.7,44958.7,Оплачен вовремя
3864,325,2025-10-11,44958.7,44958.7,Оплачен вовремя
3865,325,2025-11-10,44958.7,44958.7,Оплачен вовремя
3866,325,2025-12-10,44958.7,44958.7,Оплачен вовремя
3867,326,2025-04-28,2616.96,2616.96,Оплачен вовремя
3868,326,2025-05-28,2616.96,2616.96,Оплачен вовремя
3869,326,2025-06-27,2616.96,2616.96,Оплачен вовремя
3870,326,2025-07-27,2616.96,2616.96,Оплачен вовремя
3871,326,2025-08-26,2616.96,2616.96,Оплачен вовремя
3872,326,2025-09-25,2616.96,2616.96,Оплачен вовремя
3873,326,2025-10-25,2616.96,2616.96,Оплачен вовремя
3874,326,2025-11-24,2616.96,2616.96,Оплачен вовремя
3875,326,2025-12-24,2616.96,2616.96,Оплачен вовремя
3876,327,2025-08-22,13193.97,13193.97,Оплачен вовремя
3877,327,2025-09-21,13193.97,13193.97,Оплачен вовремя
3878,327,2025-10-21,13193.97,13193.97,Оплачен вовремя
3879,327,2025-11-20,13193.97,13193.97,Оплачен вовремя
3880,327,2025-12-20,13193.97,13193.97,Оплачен вовремя
3881,328,2023-06-29,25998.02,25998.02,Оплачен вовремя
3882,328,2023-07-29,25998.02,25998.02,Оплачен вовремя
3883,328,2023-08-28,25998.02,25998.02,Оплачен вовремя
3884,328,2023-09-27,25998.02,25998.02,Оплачен вовремя
3885,328,2023-10-27,25998.02,25998.02,Оплачен вовремя
3886,328,2023-11-26,25998.02,25998.02,Оплачен вовремя
3887,328,2023-12-26,25998.02,25998.02,Оплачен вовремя
3888,328,2024-01-25,25998.02,25998.02,Оплачен вовремя
3889,328,2024-02-24,25998.02,25998.02,Оплачен вовремя
3890,328,2024-03-25,25998.02,25998.02,Оплачен вовремя
3891,328,2024-04-24,25998.02,25998.02,Оплачен вовремя
3892,328,2024-05-24,25998.02,25998.02,Оплачен вовремя
3893,328,2024-06-23,25998.02,25998.02,Оплачен вовремя
3894,328,2024-07-23,25998.02,25998.02,Оплачен вовремя
3895,328,2024-08-22,25998.02,25998.02,Оплачен вовремя
3896,328,2024-09-21,25998.02,25998.02,Оплачен вовремя
3897,328,2024-10-21,25998.02,25998.02,Оплачен вовремя
3898,328,2024-11-20,25998.02,25998.02,Оплачен вовремя
3899,328,2024-12-20,25998.02,25998.02,Оплачен вовремя
3900,328,2025-01-19,25998.02,25998.02,Оплачен вовремя
3901,328,2025-02-18,25998.02,25998.02,Оплачен вовремя
3902,328,2025-03-20,25998.02,25998.02,Оплачен вовремя
3903,328,2025-04-19,25998.02,25998.02,Оплачен вовремя
3904,328,2025-05-19,25998.02,25998.02,Оплачен вовремя
3905,328,2025-06-18,25998.02,25998.02,Оплачен вовремя
3906,328,2025-07-18,25998.02,25998.02,Оплачен вовремя
3907,328,2025-08-17,25998.02,25998.02,Оплачен вовремя
3908,328,2025-09-16,25998.02,25998.02,Оплачен вовремя
3909,328,2025-10-16,25998.02,25998.02,Оплачен вовремя
3910,328,2025-11-15,25998.02,25998.02,Оплачен вовремя
3911,328,2025-12-15,25998.02,25998.02,Оплачен вовремя
3912,329,2024-06-28,142741.46,142741.46,Оплачен вовремя
3913,329,2024-07-28,142741.46,142741.46,Оплачен вовремя
3914,329,2024-08-27,142741.46,142741.46,Оплачен вовремя
3915,329,2024-09-26,142741.46,142741.46,Оплачен вовремя
3916,329,2024-10-26,142741.46,142741.46,Оплачен вовремя
3917,329,2024-11-25,142741.46,142741.46,Оплачен вовремя
3918,329,2024-12-25,142741.46,142741.46,Оплачен вовремя
3919,329,2025-01-24,142741.46,142741.46,Оплачен вовремя
3920,329,2025-02-23,142741.46,142741.46,Оплачен вовремя
3921,330,2024-06-27,40553.69,40553.69,Оплачен вовремя
3922,330,2024-07-27,40553.69,40553.69,Оплачен вовремя
3923,330,2024-08-26,40553.69,40553.69,Оплачен вовремя
3924,330,2024-09-25,40553.69,40553.69,Оплачен вовремя
3925,330,2024-10-25,40553.69,40553.69,Оплачен вовремя
3926,330,2024-11-24,40553.69,40553.69,Оплачен вовремя
3927,330,2024-12-24,40553.69,40553.69,Оплачен вовремя
3928,330,2025-01-23,40553.69,40553.69,Оплачен вовремя
3929,330,2025-02-22,40553.69,40553.69,Оплачен вовремя
3930,330,2025-03-24,40553.69,40553.69,Оплачен вовремя
3931,330,2025-04-23,40553.69,40553.69,Оплачен вовремя
3932,330,2025-05-23,40553.69,40553.69,Оплачен вовремя
3933,330,2025-06-22,40553.69,40553.69,Оплачен вовремя
3934,330,2025-07-22,40553.69,40553.69,Оплачен вовремя
3935,330,2025-08-21,40553.69,40553.69,Оплачен вовремя
3936,330,2025-09-20,40553.69,40553.69,Оплачен вовремя
3937,330,2025-10-20,40553.69,40553.69,Оплачен вовремя
3938,330,2025-11-19,40553.69,40553.69,Оплачен вовремя
3939,330,2025-12-19,40553.69,40553.69,Оплачен вовремя
3940,331,2025-11-23,22199.32,22199.32,Оплачен вовремя
3941,331,2025-12-23,22199.32,22199.32,Оплачен вовремя
3942,333,2024-06-29,5324.93,5324.93,Оплачен вовремя
3943,333,2024-07-29,5324.93,5324.93,Оплачен вовремя
3944,333,2024-08-28,5324.93,5324.93,Оплачен вовремя
3945,333,2024-09-27,5324.93,5324.93,Оплачен вовремя
3946,333,2024-10-27,5324.93,5324.93,Оплачен вовремя
3947,333,2024-11-26,5324.93,5324.93,Оплачен вовремя
3948,333,2024-12-26,5324.93,5324.93,Оплачен вовремя
3949,333,2025-01-25,5324.93,5324.93,Оплачен вовремя
3950,333,2025-02-24,5324.93,5324.93,Оплачен вовремя
3951,333,2025-03-26,5324.93,5324.93,Оплачен вовремя
3952,333,2025-04-25,5324.93,5324.93,Оплачен вовремя
3953,333,2025-05-25,5324.93,5324.93,Оплачен вовремя
3954,333,2025-06-24,5324.93,5324.93,Оплачен вовремя
3955,333,2025-07-24,5324.93,5324.93,Оплачен вовремя
3956,333,2025-08-23,5324.93,5324.93,Оплачен вовремя
3957,333,2025-09-22,5324.93,5324.93,Оплачен вовремя
3958,333,2025-10-22,5324.93,5324.93,Оплачен вовремя
3959,333,2025-11-21,5324.93,5324.93,Оплачен вовремя
3960,333,2025-12-21,5324.93,5324.93,Оплачен вовремя
3961,334,2024-08-11,8129.27,8129.27,Оплачен вовремя
3962,334,2024-09-10,8129.27,8129.27,Оплачен вовремя
3963,334,2024-10-10,8129.27,8129.27,Оплачен вовремя
3964,334,2024-11-09,8129.27,8129.27,Оплачен вовремя
3965,334,2024-12-09,8129.27,8129.27,Оплачен вовремя
3966,334,2025-01-08,8129.27,8129.27,Оплачен вовремя
3967,334,2025-02-07,8129.27,8129.27,Оплачен вовремя
3968,334,2025-03-09,8129.27,8129.27,Оплачен вовремя
3969,334,2025-04-08,8129.27,8129.27,Оплачен вовремя
3970,334,2025-05-08,8129.27,8129.27,Оплачен вовремя
3971,334,2025-06-07,8129.27,8129.27,Оплачен вовремя
3972,334,2025-07-07,8129.27,8129.27,Оплачен вовремя
3973,334,2025-08-06,8129.27,8129.27,Оплачен вовремя
3974,334,2025-09-05,8129.27,8129.27,Оплачен вовремя
3975,334,2025-10-05,8129.27,8129.27,Оплачен вовремя
3976,334,2025-11-04,8129.27,8129.27,Оплачен вовремя
3977,334,2025-12-04,8129.27,8129.27,Оплачен вовремя
3978,336,2025-09-10,8764.07,8764.07,Оплачен вовремя
3979,336,2025-10-10,8764.07,8764.07,Оплачен вовремя
3980,336,2025-11-09,8764.07,8764.07,Оплачен вовремя
3981,336,2025-12-09,8764.07,8764.07,Оплачен вовремя
3982,337,2023-06-20,6588.16,6588.16,Оплачен вовремя
3983,337,2023-07-20,6588.16,6588.16,Оплачен вовремя
3984,337,2023-08-19,6588.16,6588.16,Оплачен вовремя
3985,337,2023-09-18,6588.16,6588.16,Просрочен
3986,337,2023-10-18,6588.16,6588.16,Просрочен
3987,337,2023-11-17,6588.16,6588.16,Оплачен вовремя
3988,337,2023-12-17,6588.16,6588.16,Оплачен вовремя
3989,337,2024-01-16,6588.16,6588.16,Оплачен вовремя
3990,337,2024-02-15,6588.16,6588.16,Оплачен вовремя
3991,337,2024-03-16,6588.16,6588.16,Оплачен вовремя
3992,337,2024-04-15,6588.16,6588.16,Оплачен вовремя
3993,337,2024-05-15,6588.16,6588.16,Оплачен вовремя
3994,337,2024-06-14,6588.16,6588.16,Оплачен вовремя
3995,337,2024-07-14,6588.16,6588.16,Оплачен вовремя
3996,337,2024-08-13,6588.16,0.0,Не оплачен
3997,337,2024-09-12,6588.16,6588.16,Оплачен вовремя
3998,337,2024-10-12,6588.16,6588.16,Оплачен вовремя
3999,337,2024-11-11,6588.16,0.0,Не оплачен
4000,337,2024-12-11,6588.16,6588.16,Оплачен вовремя
4001,337,2025-01-10,6588.16,6588.16,Просрочен
4002,337,2025-02-09,6588.16,6588.16,Просрочен
4003,337,2025-03-11,6588.16,0.0,Не оплачен
4004,337,2025-04-10,6588.16,6588.16,Оплачен вовремя
4005,337,2025-05-10,6588.16,6588.16,Оплачен вовремя
4006,337,2025-06-09,6588.16,6588.16,Оплачен вовремя
4007,337,2025-07-09,6588.16,6588.16,Оплачен вовремя
4008,337,2025-08-08,6588.16,6588.16,Оплачен вовремя
4009,337,2025-09-07,6588.16,0.0,Не оплачен
4010,337,2025-10-07,6588.16,6588.16,Просрочен
4011,337,2025-11-06,6588.16,6588.16,Просрочен
4012,337,2025-12-06,6588.16,6588.16,Оплачен вовремя
4013,338,2023-04-10,15287.12,15287.12,Оплачен вовремя
4014,338,2023-05-10,15287.12,15287.12,Оплачен вовремя
4015,338,2023-06-09,15287.12,15287.12,Оплачен вовремя
4016,338,2023-07-09,15287.12,15287.12,Оплачен вовремя
4017,338,2023-08-08,15287.12,15287.12,Оплачен вовремя
4018,338,2023-09-07,15287.12,15287.12,Оплачен вовремя
4019,338,2023-10-07,15287.12,15287.12,Оплачен вовремя
4020,338,2023-11-06,15287.12,15287.12,Оплачен вовремя
4021,338,2023-12-06,15287.12,15287.12,Оплачен вовремя
4022,338,2024-01-05,15287.12,15287.12,Оплачен вовремя
4023,338,2024-02-04,15287.12,15287.12,Оплачен вовремя
4024,338,2024-03-05,15287.12,15287.12,Оплачен вовремя
4025,338,2024-04-04,15287.12,15287.12,Оплачен вовремя
4026,338,2024-05-04,15287.12,15287.12,Оплачен вовремя
4027,338,2024-06-03,15287.12,15287.12,Оплачен вовремя
4028,338,2024-07-03,15287.12,15287.12,Оплачен вовремя
4029,338,2024-08-02,15287.12,15287.12,Оплачен вовремя
4030,338,2024-09-01,15287.12,15287.12,Оплачен вовремя
4031,338,2024-10-01,15287.12,15287.12,Оплачен вовремя
4032,338,2024-10-31,15287.12,15287.12,Оплачен вовремя
4033,338,2024-11-30,15287.12,15287.12,Оплачен вовремя
4034,338,2024-12-30,15287.12,15287.12,Оплачен вовремя
4035,338,2025-01-29,15287.12,15287.12,Оплачен вовремя
4036,338,2025-02-28,15287.12,15287.12,Оплачен вовремя
4037,338,2025-03-30,15287.12,15287.12,Оплачен вовремя
4038,338,2025-04-29,15287.12,15287.12,Оплачен вовремя
4039,338,2025-05-29,15287.12,15287.12,Оплачен вовремя
4040,338,2025-06-28,15287.12,15287.12,Оплачен вовремя
4041,338,2025-07-28,15287.12,15287.12,Оплачен вовремя
4042,338,2025-08-27,15287.12,15287.12,Оплачен вовремя
4043,338,2025-09-26,15287.12,15287.12,Оплачен вовремя
4044,338,2025-10-26,15287.12,15287.12,Оплачен вовремя
4045,338,2025-11-25,15287.12,15287.12,Оплачен вовремя
4046,339,2024-02-14,3979.01,3979.01,Оплачен вовремя
4047,339,2024-03-15,3979.01,3979.01,Оплачен вовремя
4048,339,2024-04-14,3979.01,3979.01,Оплачен вовремя
4049,339,2024-05-14,3979.01,3979.01,Оплачен вовремя
4050,339,2024-06-13,3979.01,3979.01,Оплачен вовремя
4051,339,2024-07-13,3979.01,3979.01,Оплачен вовремя
4052,339,2024-08-12,3979.01,3979.01,Оплачен вовремя
4053,339,2024-09-11,3979.01,3979.01,Оплачен вовремя
4054,339,2024-10-11,3979.01,3979.01,Оплачен вовремя
4055,339,2024-11-10,3979.01,3979.01,Оплачен вовремя
4056,339,2024-12-10,3979.01,3979.01,Оплачен вовремя
4057,339,2025-01-09,3979.01,3979.01,Оплачен вовремя
4058,339,2025-02-08,3979.01,3979.01,Оплачен вовремя
4059,339,2025-03-10,3979.01,3979.01,Оплачен вовремя
4060,339,2025-04-09,3979.01,3979.01,Оплачен вовремя
4061,339,2025-05-09,3979.01,3979.01,Оплачен вовремя
4062,339,2025-06-08,3979.01,3979.01,Оплачен вовремя
4063,339,2025-07-08,3979.01,3979.01,Оплачен вовремя
4064,339,2025-08-07,3979.01,3979.01,Оплачен вовремя
4065,339,2025-09-06,3979.01,3979.01,Оплачен вовремя
4066,339,2025-10-06,3979.01,3979.01,Оплачен вовремя
4067,339,2025-11-05,3979.01,3979.01,Оплачен вовремя
4068,339,2025-12-05,3979.01,3979.01,Оплачен вовремя
4069,340,2023-12-10,19544.87,19544.87,Оплачен вовремя
4070,340,2024-01-09,19544.87,19544.87,Оплачен вовремя
4071,340,2024-02-08,19544.87,19544.87,Оплачен вовремя
4072,340,2024-03-09,19544.87,19544.87,Оплачен вовремя
4073,340,2024-04-08,19544.87,19544.87,Оплачен вовремя
4074,340,2024-05-08,19544.87,19544.87,Оплачен вовремя
4075,340,2024-06-07,19544.87,19544.87,Оплачен вовремя
4076,340,2024-07-07,19544.87,19544.87,Оплачен вовремя
4077,340,2024-08-06,19544.87,19544.87,Оплачен вовремя
4078,340,2024-09-05,19544.87,19544.87,Оплачен вовремя
4079,340,2024-10-05,19544.87,19544.87,Оплачен вовремя
4080,340,2024-11-04,19544.87,19544.87,Оплачен вовремя
4081,340,2024-12-04,19544.87,19544.87,Оплачен вовремя
4082,340,2025-01-03,19544.87,19544.87,Оплачен вовремя
4083,340,2025-02-02,19544.87,19544.87,Оплачен вовремя
4084,340,2025-03-04,19544.87,19544.87,Оплачен вовремя
4085,340,2025-04-03,19544.87,19544.87,Оплачен вовремя
4086,340,2025-05-03,19544.87,19544.87,Оплачен вовремя
4087,340,2025-06-02,19544.87,19544.87,Оплачен вовремя
4088,340,2025-07-02,19544.87,19544.87,Оплачен вовремя
4089,340,2025-08-01,19544.87,19544.87,Оплачен вовремя
4090,340,2025-08-31,19544.87,19544.87,Оплачен вовремя
4091,340,2025-09-30,19544.87,19544.87,Оплачен вовремя
4092,340,2025-10-30,19544.87,19544.87,Оплачен вовремя
4093,341,2023-06-02,303599.62,303599.62,Оплачен вовремя
4094,341,2023-07-02,303599.62,303599.62,Оплачен вовремя
4095,341,2023-08-01,303599.62,303599.62,Оплачен вовремя
4096,341,2023-08-31,303599.62,303599.62,Оплачен вовремя
4097,341,2023-09-30,303599.62,303599.62,Оплачен вовремя
4098,341,2023-10-30,303599.62,303599.62,Оплачен вовремя
4099,341,2023-11-29,303599.62,303599.62,Оплачен вовремя
4100,341,2023-12-29,303599.62,303599.62,Оплачен вовремя
4101,341,2024-01-28,303599.62,303599.62,Оплачен вовремя
4102,342,2024-07-19,10989.42,10989.42,Оплачен вовремя
4103,342,2024-08-18,10989.42,10989.42,Оплачен вовремя
4104,342,2024-09-17,10989.42,10989.42,Оплачен вовремя
4105,342,2024-10-17,10989.42,10989.42,Оплачен вовремя
4106,342,2024-11-16,10989.42,10989.42,Оплачен вовремя
4107,342,2024-12-16,10989.42,10989.42,Оплачен вовремя
4108,342,2025-01-15,10989.42,10989.42,Оплачен вовремя
4109,342,2025-02-14,10989.42,10989.42,Оплачен вовремя
4110,342,2025-03-16,10989.42,10989.42,Оплачен вовремя
4111,342,2025-04-15,10989.42,10989.42,Оплачен вовремя
4112,342,2025-05-15,10989.42,10989.42,Оплачен вовремя
4113,342,2025-06-14,10989.42,10989.42,Оплачен вовремя
4114,344,2025-10-04,17195.23,17195.23,Просрочен
4115,344,2025-11-03,17195.23,0.0,Не оплачен
4116,344,2025-12-03,17195.23,17195.23,Просрочен
4117,345,2024-02-19,38450.21,38450.21,Оплачен вовремя
4118,345,2024-03-20,38450.21,38450.21,Оплачен вовремя
4119,345,2024-04-19,38450.21,38450.21,Оплачен вовремя
4120,345,2024-05-19,38450.21,38450.21,Оплачен вовремя
4121,345,2024-06-18,38450.21,38450.21,Оплачен вовремя
4122,345,2024-07-18,38450.21,38450.21,Оплачен вовремя
4123,345,2024-08-17,38450.21,38450.21,Оплачен вовремя
4124,345,2024-09-16,38450.21,38450.21,Оплачен вовремя
4125,345,2024-10-16,38450.21,38450.21,Оплачен вовремя
4126,345,2024-11-15,38450.21,38450.21,Оплачен вовремя
4127,345,2024-12-15,38450.21,38450.21,Оплачен вовремя
4128,345,2025-01-14,38450.21,38450.21,Оплачен вовремя
4129,345,2025-02-13,38450.21,38450.21,Оплачен вовремя
4130,345,2025-03-15,38450.21,38450.21,Оплачен вовремя
4131,345,2025-04-14,38450.21,38450.21,Оплачен вовремя
4132,345,2025-05-14,38450.21,38450.21,Оплачен вовремя
4133,345,2025-06-13,38450.21,38450.21,Оплачен вовремя
4134,345,2025-07-13,38450.21,38450.21,Оплачен вовремя
4135,345,2025-08-12,38450.21,38450.21,Оплачен вовремя
4136,345,2025-09-11,38450.21,38450.21,Оплачен вовремя
4137,345,2025-10-11,38450.21,38450.21,Оплачен вовремя
4138,345,2025-11-10,38450.21,38450.21,Оплачен вовремя
4139,345,2025-12-10,38450.21,38450.21,Оплачен вовремя
4140,346,2024-07-19,57730.74,57730.74,Оплачен вовремя
4141,346,2024-08-18,57730.74,57730.74,Оплачен вовремя
4142,346,2024-09-17,57730.74,57730.74,Оплачен вовремя
4143,346,2024-10-17,57730.74,57730.74,Оплачен вовремя
4144,346,2024-11-16,57730.74,57730.74,Оплачен вовремя
4145,346,2024-12-16,57730.74,57730.74,Оплачен вовремя
4146,346,2025-01-15,57730.74,57730.74,Оплачен вовремя
4147,346,2025-02-14,57730.74,57730.74,Оплачен вовремя
4148,346,2025-03-16,57730.74,57730.74,Оплачен вовремя
4149,346,2025-04-15,57730.74,57730.74,Оплачен вовремя
4150,346,2025-05-15,57730.74,57730.74,Оплачен вовремя
4151,346,2025-06-14,57730.74,57730.74,Оплачен вовремя
4152,346,2025-07-14,57730.74,57730.74,Оплачен вовремя
4153,346,2025-08-13,57730.74,57730.74,Оплачен вовремя
4154,346,2025-09-12,57730.74,57730.74,Оплачен вовремя
4155,346,2025-10-12,57730.74,57730.74,Оплачен вовремя
4156,346,2025-11-11,57730.74,57730.74,Оплачен вовремя
4157,346,2025-12-11,57730.74,57730.74,Оплачен вовремя
4158,347,2025-12-21,64449.31,64449.31,Оплачен вовремя
4159,348,2024-08-08,1472304.5,1472304.5,Оплачен вовремя
4160,348,2024-09-07,1472304.5,1472304.5,Оплачен вовремя
4161,348,2024-10-07,1472304.5,1472304.5,Оплачен вовремя
4162,349,2025-08-08,231223.42,231223.42,Оплачен вовремя
4163,349,2025-09-07,231223.42,231223.42,Оплачен вовремя
4164,349,2025-10-07,231223.42,231223.42,Оплачен вовремя
4165,349,2025-11-06,231223.42,231223.42,Оплачен вовремя
4166,349,2025-12-06,231223.42,231223.42,Оплачен вовремя
4167,350,2024-11-27,7164.68,7164.68,Оплачен вовремя
4168,350,2024-12-27,7164.68,7164.68,Оплачен вовремя
4169,350,2025-01-26,7164.68,7164.68,Оплачен вовремя
4170,350,2025-02-25,7164.68,7164.68,Оплачен вовремя
4171,350,2025-03-27,7164.68,7164.68,Оплачен вовремя
4172,350,2025-04-26,7164.68,7164.68,Оплачен вовремя
4173,350,2025-05-26,7164.68,7164.68,Оплачен вовремя
4174,350,2025-06-25,7164.68,7164.68,Оплачен вовремя
4175,350,2025-07-25,7164.68,7164.68,Оплачен вовремя
4176,350,2025-08-24,7164.68,7164.68,Оплачен вовремя
4177,350,2025-09-23,7164.68,7164.68,Оплачен вовремя
4178,350,2025-10-23,7164.68,7164.68,Оплачен вовремя
4179,350,2025-11-22,7164.68,7164.68,Оплачен вовремя
4180,350,2025-12-22,7164.68,7164.68,Оплачен вовремя
4181,351,2025-03-06,4616.52,4616.52,Оплачен вовремя
4182,351,2025-04-05,4616.52,4616.52,Оплачен вовремя
4183,351,2025-05-05,4616.52,4616.52,Оплачен вовремя
4184,351,2025-06-04,4616.52,4616.52,Оплачен вовремя
4185,351,2025-07-04,4616.52,4616.52,Оплачен вовремя
4186,351,2025-08-03,4616.52,4616.52,Оплачен вовремя
4187,351,2025-09-02,4616.52,4616.52,Оплачен вовремя
4188,351,2025-10-02,4616.52,4616.52,Оплачен вовремя
4189,351,2025-11-01,4616.52,4616.52,Оплачен вовремя
4190,351,2025-12-01,4616.52,4616.52,Оплачен вовремя
4191,352,2023-08-22,3356.29,3356.29,Оплачен вовремя
4192,352,2023-09-21,3356.29,3356.29,Оплачен вовремя
4193,352,2023-10-21,3356.29,3356.29,Оплачен вовремя
4194,352,2023-11-20,3356.29,3356.29,Оплачен вовремя
4195,352,2023-12-20,3356.29,3356.29,Оплачен вовремя
4196,352,2024-01-19,3356.29,3356.29,Оплачен вовремя
4197,352,2024-02-18,3356.29,3356.29,Оплачен вовремя
4198,352,2024-03-19,3356.29,3356.29,Оплачен вовремя
4199,352,2024-04-18,3356.29,3356.29,Оплачен вовремя
4200,352,2024-05-18,3356.29,3356.29,Оплачен вовремя
4201,352,2024-06-17,3356.29,3356.29,Оплачен вовремя
4202,352,2024-07-17,3356.29,3356.29,Оплачен вовремя
4203,352,2024-08-16,3356.29,3356.29,Оплачен вовремя
4204,352,2024-09-15,3356.29,3356.29,Оплачен вовремя
4205,352,2024-10-15,3356.29,3356.29,Оплачен вовремя
4206,352,2024-11-14,3356.29,3356.29,Оплачен вовремя
4207,352,2024-12-14,3356.29,3356.29,Оплачен вовремя
4208,352,2025-01-13,3356.29,3356.29,Оплачен вовремя
4209,352,2025-02-12,3356.29,3356.29,Оплачен вовремя
4210,352,2025-03-14,3356.29,3356.29,Оплачен вовремя
4211,352,2025-04-13,3356.29,3356.29,Оплачен вовремя
4212,352,2025-05-13,3356.29,3356.29,Оплачен вовремя
4213,352,2025-06-12,3356.29,3356.29,Оплачен вовремя
4214,352,2025-07-12,3356.29,3356.29,Оплачен вовремя
4215,353,2025-01-29,32943.83,32943.83,Оплачен вовремя
4216,353,2025-02-28,32943.83,32943.83,Оплачен вовремя
4217,353,2025-03-30,32943.83,32943.83,Оплачен вовремя
4218,353,2025-04-29,32943.83,32943.83,Оплачен вовремя
4219,353,2025-05-29,32943.83,32943.83,Оплачен вовремя
4220,353,2025-06-28,32943.83,32943.83,Оплачен вовремя
4221,353,2025-07-28,32943.83,32943.83,Оплачен вовремя
4222,353,2025-08-27,32943.83,32943.83,Оплачен вовремя
4223,353,2025-09-26,32943.83,32943.83,Оплачен вовремя
4224,353,2025-10-26,32943.83,32943.83,Оплачен вовремя
4225,353,2025-11-25,32943.83,32943.83,Оплачен вовремя
4226,353,2025-12-25,32943.83,32943.83,Оплачен вовремя
4227,355,2025-08-09,34320.25,34320.25,Оплачен вовремя
4228,355,2025-09-08,34320.25,34320.25,Оплачен вовремя
4229,355,2025-10-08,34320.25,34320.25,Оплачен вовремя
4230,355,2025-11-07,34320.25,0.0,Не оплачен
4231,355,2025-12-07,34320.25,34320.25,Оплачен вовремя
4232,356,2025-10-14,32905.21,32905.21,Оплачен вовремя
4233,356,2025-11-13,32905.21,32905.21,Оплачен вовремя
4234,356,2025-12-13,32905.21,32905.21,Оплачен вовремя
4235,357,2025-12-10,1323084.79,1323084.79,Оплачен вовремя
4236,358,2025-01-22,55231.8,55231.8,Оплачен вовремя
4237,358,2025-02-21,55231.8,55231.8,Оплачен вовремя
4238,358,2025-03-23,55231.8,55231.8,Оплачен вовремя
4239,358,2025-04-22,55231.8,55231.8,Оплачен вовремя
4240,358,2025-05-22,55231.8,55231.8,Оплачен вовремя
4241,358,2025-06-21,55231.8,55231.8,Оплачен вовремя
4242,358,2025-07-21,55231.8,55231.8,Оплачен вовремя
4243,358,2025-08-20,55231.8,55231.8,Оплачен вовремя
4244,358,2025-09-19,55231.8,55231.8,Оплачен вовремя
4245,358,2025-10-19,55231.8,55231.8,Оплачен вовремя
4246,358,2025-11-18,55231.8,55231.8,Оплачен вовремя
4247,358,2025-12-18,55231.8,55231.8,Оплачен вовремя
4248,359,2023-01-05,44387.53,44387.53,Оплачен вовремя
4249,359,2023-02-04,44387.53,44387.53,Оплачен вовремя
4250,359,2023-03-06,44387.53,44387.53,Оплачен вовремя
4251,359,2023-04-05,44387.53,44387.53,Оплачен вовремя
4252,359,2023-05-05,44387.53,44387.53,Оплачен вовремя
4253,359,2023-06-04,44387.53,44387.53,Оплачен вовремя
4254,359,2023-07-04,44387.53,44387.53,Оплачен вовремя
4255,359,2023-08-03,44387.53,44387.53,Оплачен вовремя
4256,359,2023-09-02,44387.53,44387.53,Оплачен вовремя
4257,359,2023-10-02,44387.53,44387.53,Оплачен вовремя
4258,359,2023-11-01,44387.53,44387.53,Оплачен вовремя
4259,359,2023-12-01,44387.53,44387.53,Оплачен вовремя
4260,359,2023-12-31,44387.53,44387.53,Оплачен вовремя
4261,359,2024-01-30,44387.53,44387.53,Оплачен вовремя
4262,359,2024-02-29,44387.53,44387.53,Оплачен вовремя
4263,359,2024-03-30,44387.53,44387.53,Оплачен вовремя
4264,359,2024-04-29,44387.53,44387.53,Оплачен вовремя
4265,359,2024-05-29,44387.53,44387.53,Оплачен вовремя
4266,359,2024-06-28,44387.53,44387.53,Оплачен вовремя
4267,359,2024-07-28,44387.53,44387.53,Оплачен вовремя
4268,359,2024-08-27,44387.53,44387.53,Оплачен вовремя
4269,359,2024-09-26,44387.53,44387.53,Оплачен вовремя
4270,359,2024-10-26,44387.53,44387.53,Оплачен вовремя
4271,359,2024-11-25,44387.53,44387.53,Оплачен вовремя
4272,359,2024-12-25,44387.53,44387.53,Оплачен вовремя
4273,359,2025-01-24,44387.53,44387.53,Оплачен вовремя
4274,359,2025-02-23,44387.53,44387.53,Оплачен вовремя
4275,359,2025-03-25,44387.53,44387.53,Оплачен вовремя
4276,359,2025-04-24,44387.53,44387.53,Оплачен вовремя
4277,359,2025-05-24,44387.53,44387.53,Оплачен вовремя
4278,359,2025-06-23,44387.53,44387.53,Оплачен вовремя
4279,359,2025-07-23,44387.53,44387.53,Оплачен вовремя
4280,359,2025-08-22,44387.53,44387.53,Оплачен вовремя
4281,359,2025-09-21,44387.53,44387.53,Оплачен вовремя
4282,359,2025-10-21,44387.53,44387.53,Оплачен вовремя
4283,359,2025-11-20,44387.53,44387.53,Оплачен вовремя
4284,360,2024-11-11,92603.17,92603.17,Оплачен вовремя
4285,360,2024-12-11,92603.17,92603.17,Оплачен вовремя
4286,360,2025-01-10,92603.17,92603.17,Оплачен вовремя
4287,360,2025-02-09,92603.17,92603.17,Оплачен вовремя
4288,360,2025-03-11,92603.17,92603.17,Оплачен вовремя
4289,360,2025-04-10,92603.17,92603.17,Оплачен вовремя
4290,360,2025-05-10,92603.17,92603.17,Оплачен вовремя
4291,360,2025-06-09,92603.17,92603.17,Оплачен вовремя
4292,360,2025-07-09,92603.17,92603.17,Оплачен вовремя
4293,360,2025-08-08,92603.17,92603.17,Оплачен вовремя
4294,360,2025-09-07,92603.17,92603.17,Оплачен вовремя
4295,360,2025-10-07,92603.17,92603.17,Оплачен вовремя
4296,360,2025-11-06,92603.17,92603.17,Оплачен вовремя
4297,360,2025-12-06,92603.17,92603.17,Оплачен вовремя
4298,361,2025-09-18,20068.62,20068.62,Оплачен вовремя
4299,361,2025-10-18,20068.62,20068.62,Оплачен вовремя
4300,361,2025-11-17,20068.62,20068.62,Оплачен вовремя
4301,361,2025-12-17,20068.62,20068.62,Оплачен вовремя
4302,362,2022-06-22,14526.47,14526.47,Оплачен вовремя
4303,362,2022-07-22,14526.47,14526.47,Оплачен вовремя
4304,362,2022-08-21,14526.47,14526.47,Оплачен вовремя
4305,362,2022-09-20,14526.47,14526.47,Оплачен вовремя
4306,362,2022-10-20,14526.47,14526.47,Оплачен вовремя
4307,362,2022-11-19,14526.47,14526.47,Оплачен вовремя
4308,362,2022-12-19,14526.47,14526.47,Оплачен вовремя
4309,362,2023-01-18,14526.47,14526.47,Оплачен вовремя
4310,362,2023-02-17,14526.47,14526.47,Оплачен вовремя
4311,362,2023-03-19,14526.47,14526.47,Оплачен вовремя
4312,362,2023-04-18,14526.47,14526.47,Оплачен вовремя
4313,362,2023-05-18,14526.47,14526.47,Оплачен вовремя
4314,362,2023-06-17,14526.47,14526.47,Оплачен вовремя
4315,362,2023-07-17,14526.47,14526.47,Оплачен вовремя
4316,362,2023-08-16,14526.47,14526.47,Оплачен вовремя
4317,362,2023-09-15,14526.47,14526.47,Оплачен вовремя
4318,362,2023-10-15,14526.47,14526.47,Оплачен вовремя
4319,362,2023-11-14,14526.47,14526.47,Оплачен вовремя
4320,362,2023-12-14,14526.47,14526.47,Оплачен вовремя
4321,362,2024-01-13,14526.47,14526.47,Оплачен вовремя
4322,362,2024-02-12,14526.47,14526.47,Оплачен вовремя
4323,362,2024-03-13,14526.47,14526.47,Оплачен вовремя
4324,362,2024-04-12,14526.47,14526.47,Оплачен вовремя
4325,362,2024-05-12,14526.47,14526.47,Оплачен вовремя
4326,363,2025-03-10,24516.44,24516.44,Оплачен вовремя
4327,363,2025-04-09,24516.44,24516.44,Оплачен вовремя
4328,363,2025-05-09,24516.44,24516.44,Оплачен вовремя
4329,363,2025-06-08,24516.44,24516.44,Оплачен вовремя
4330,363,2025-07-08,24516.44,24516.44,Оплачен вовремя
4331,363,2025-08-07,24516.44,24516.44,Оплачен вовремя
4332,363,2025-09-06,24516.44,24516.44,Оплачен вовремя
4333,363,2025-10-06,24516.44,24516.44,Оплачен вовремя
4334,363,2025-11-05,24516.44,24516.44,Оплачен вовремя
4335,363,2025-12-05,24516.44,24516.44,Оплачен вовремя
4336,364,2022-11-08,58625.11,58625.11,Оплачен вовремя
4337,364,2022-12-08,58625.11,58625.11,Оплачен вовремя
4338,364,2023-01-07,58625.11,58625.11,Оплачен вовремя
4339,364,2023-02-06,58625.11,58625.11,Оплачен вовремя
4340,364,2023-03-08,58625.11,58625.11,Оплачен вовремя
4341,364,2023-04-07,58625.11,58625.11,Оплачен вовремя
4342,364,2023-05-07,58625.11,58625.11,Оплачен вовремя
4343,364,2023-06-06,58625.11,58625.11,Оплачен вовремя
4344,364,2023-07-06,58625.11,58625.11,Оплачен вовремя
4345,364,2023-08-05,58625.11,58625.11,Оплачен вовремя
4346,364,2023-09-04,58625.11,58625.11,Оплачен вовремя
4347,364,2023-10-04,58625.11,58625.11,Оплачен вовремя
4348,364,2023-11-03,58625.11,58625.11,Оплачен вовремя
4349,364,2023-12-03,58625.11,58625.11,Оплачен вовремя
4350,364,2024-01-02,58625.11,58625.11,Оплачен вовремя
4351,364,2024-02-01,58625.11,58625.11,Оплачен вовремя
4352,364,2024-03-02,58625.11,58625.11,Оплачен вовремя
4353,364,2024-04-01,58625.11,58625.11,Оплачен вовремя
4354,364,2024-05-01,58625.11,58625.11,Оплачен вовремя
4355,364,2024-05-31,58625.11,58625.11,Оплачен вовремя
4356,364,2024-06-30,58625.11,58625.11,Оплачен вовремя
4357,364,2024-07-30,58625.11,58625.11,Оплачен вовремя
4358,364,2024-08-29,58625.11,58625.11,Оплачен вовремя
4359,364,2024-09-28,58625.11,58625.11,Оплачен вовремя
4360,365,2024-12-01,5541.8,5541.8,Оплачен вовремя
4361,365,2024-12-31,5541.8,5541.8,Оплачен вовремя
4362,365,2025-01-30,5541.8,5541.8,Оплачен вовремя
4363,365,2025-03-01,5541.8,5541.8,Оплачен вовремя
4364,365,2025-03-31,5541.8,5541.8,Оплачен вовремя
4365,365,2025-04-30,5541.8,5541.8,Оплачен вовремя
4366,365,2025-05-30,5541.8,5541.8,Оплачен вовремя
4367,365,2025-06-29,5541.8,5541.8,Оплачен вовремя
4368,365,2025-07-29,5541.8,5541.8,Оплачен вовремя
4369,365,2025-08-28,5541.8,5541.8,Оплачен вовремя
4370,365,2025-09-27,5541.8,5541.8,Оплачен вовремя
4371,365,2025-10-27,5541.8,5541.8,Оплачен вовремя
4372,366,2025-11-08,49479.4,49479.4,Оплачен вовремя
4373,366,2025-12-08,49479.4,49479.4,Оплачен вовремя
4374,367,2022-12-31,3240.84,3240.84,Оплачен вовремя
4375,367,2023-01-30,3240.84,3240.84,Оплачен вовремя
4376,367,2023-03-01,3240.84,3240.84,Оплачен вовремя
4377,367,2023-03-31,3240.84,3240.84,Оплачен вовремя
4378,367,2023-04-30,3240.84,3240.84,Оплачен вовремя
4379,367,2023-05-30,3240.84,3240.84,Оплачен вовремя
4380,367,2023-06-29,3240.84,3240.84,Оплачен вовремя
4381,367,2023-07-29,3240.84,3240.84,Оплачен вовремя
4382,367,2023-08-28,3240.84,3240.84,Оплачен вовремя
4383,367,2023-09-27,3240.84,3240.84,Оплачен вовремя
4384,367,2023-10-27,3240.84,3240.84,Оплачен вовремя
4385,367,2023-11-26,3240.84,3240.84,Оплачен вовремя
4386,367,2023-12-26,3240.84,3240.84,Оплачен вовремя
4387,367,2024-01-25,3240.84,3240.84,Оплачен вовремя
4388,367,2024-02-24,3240.84,3240.84,Оплачен вовремя
4389,367,2024-03-25,3240.84,3240.84,Оплачен вовремя
4390,367,2024-04-24,3240.84,3240.84,Оплачен вовремя
4391,367,2024-05-24,3240.84,3240.84,Оплачен вовремя
4392,367,2024-06-23,3240.84,3240.84,Оплачен вовремя
4393,367,2024-07-23,3240.84,3240.84,Оплачен вовремя
4394,367,2024-08-22,3240.84,3240.84,Оплачен вовремя
4395,367,2024-09-21,3240.84,3240.84,Оплачен вовремя
4396,367,2024-10-21,3240.84,3240.84,Оплачен вовремя
4397,367,2024-11-20,3240.84,3240.84,Оплачен вовремя
4398,367,2024-12-20,3240.84,3240.84,Оплачен вовремя
4399,367,2025-01-19,3240.84,3240.84,Оплачен вовремя
4400,367,2025-02-18,3240.84,3240.84,Оплачен вовремя
4401,367,2025-03-20,3240.84,3240.84,Оплачен вовремя
4402,367,2025-04-19,3240.84,3240.84,Оплачен вовремя
4403,367,2025-05-19,3240.84,3240.84,Оплачен вовремя
4404,367,2025-06-18,3240.84,3240.84,Оплачен вовремя
4405,367,2025-07-18,3240.84,3240.84,Оплачен вовремя
4406,367,2025-08-17,3240.84,3240.84,Оплачен вовремя
4407,367,2025-09-16,3240.84,3240.84,Оплачен вовремя
4408,367,2025-10-16,3240.84,3240.84,Оплачен вовремя
4409,367,2025-11-15,3240.84,3240.84,Оплачен вовремя
4410,368,2023-11-13,48273.33,48273.33,Оплачен вовремя
4411,368,2023-12-13,48273.33,48273.33,Оплачен вовремя
4412,368,2024-01-12,48273.33,48273.33,Оплачен вовремя
4413,368,2024-02-11,48273.33,48273.33,Оплачен вовремя
4414,368,2024-03-12,48273.33,48273.33,Оплачен вовремя
4415,368,2024-04-11,48273.33,48273.33,Оплачен вовремя
4416,368,2024-05-11,48273.33,48273.33,Оплачен вовремя
4417,368,2024-06-10,48273.33,48273.33,Оплачен вовремя
4418,368,2024-07-10,48273.33,48273.33,Оплачен вовремя
4419,368,2024-08-09,48273.33,48273.33,Оплачен вовремя
4420,368,2024-09-08,48273.33,48273.33,Оплачен вовремя
4421,368,2024-10-08,48273.33,48273.33,Оплачен вовремя
4422,369,2022-11-17,14976.77,14976.77,Оплачен вовремя
4423,369,2022-12-17,14976.77,14976.77,Оплачен вовремя
4424,369,2023-01-16,14976.77,14976.77,Оплачен вовремя
4425,369,2023-02-15,14976.77,14976.77,Оплачен вовремя
4426,369,2023-03-17,14976.77,14976.77,Оплачен вовремя
4427,369,2023-04-16,14976.77,14976.77,Оплачен вовремя
4428,369,2023-05-16,14976.77,14976.77,Оплачен вовремя
4429,369,2023-06-15,14976.77,14976.77,Оплачен вовремя
4430,369,2023-07-15,14976.77,14976.77,Оплачен вовремя
4431,369,2023-08-14,14976.77,14976.77,Оплачен вовремя
4432,369,2023-09-13,14976.77,14976.77,Оплачен вовремя
4433,369,2023-10-13,14976.77,14976.77,Оплачен вовремя
4434,369,2023-11-12,14976.77,14976.77,Оплачен вовремя
4435,369,2023-12-12,14976.77,14976.77,Оплачен вовремя
4436,369,2024-01-11,14976.77,14976.77,Оплачен вовремя
4437,369,2024-02-10,14976.77,14976.77,Оплачен вовремя
4438,369,2024-03-11,14976.77,14976.77,Оплачен вовремя
4439,369,2024-04-10,14976.77,14976.77,Оплачен вовремя
4440,369,2024-05-10,14976.77,14976.77,Оплачен вовремя
4441,369,2024-06-09,14976.77,14976.77,Оплачен вовремя
4442,369,2024-07-09,14976.77,14976.77,Оплачен вовремя
4443,369,2024-08-08,14976.77,14976.77,Оплачен вовремя
4444,369,2024-09-07,14976.77,14976.77,Оплачен вовремя
4445,369,2024-10-07,14976.77,14976.77,Оплачен вовремя
4446,369,2024-11-06,14976.77,14976.77,Оплачен вовремя
4447,369,2024-12-06,14976.77,14976.77,Оплачен вовремя
4448,369,2025-01-05,14976.77,14976.77,Оплачен вовремя
4449,369,2025-02-04,14976.77,14976.77,Оплачен вовремя
4450,369,2025-03-06,14976.77,14976.77,Оплачен вовремя
4451,369,2025-04-05,14976.77,14976.77,Оплачен вовремя
4452,369,2025-05-05,14976.77,14976.77,Оплачен вовремя
4453,369,2025-06-04,14976.77,14976.77,Оплачен вовремя
4454,369,2025-07-04,14976.77,14976.77,Оплачен вовремя
4455,369,2025-08-03,14976.77,14976.77,Оплачен вовремя
4456,369,2025-09-02,14976.77,14976.77,Оплачен вовремя
4457,369,2025-10-02,14976.77,14976.77,Оплачен вовремя
4458,369,2025-11-01,14976.77,14976.77,Оплачен вовремя
4459,369,2025-12-01,14976.77,14976.77,Оплачен вовремя
4460,370,2023-05-08,14757.99,14757.99,Оплачен вовремя
4461,370,2023-06-07,14757.99,14757.99,Оплачен вовремя
4462,370,2023-07-07,14757.99,14757.99,Оплачен вовремя
4463,370,2023-08-06,14757.99,14757.99,Оплачен вовремя
4464,370,2023-09-05,14757.99,14757.99,Оплачен вовремя
4465,370,2023-10-05,14757.99,14757.99,Оплачен вовремя
4466,370,2023-11-04,14757.99,14757.99,Оплачен вовремя
4467,370,2023-12-04,14757.99,14757.99,Оплачен вовремя
4468,370,2024-01-03,14757.99,14757.99,Оплачен вовремя
4469,370,2024-02-02,14757.99,14757.99,Оплачен вовремя
4470,370,2024-03-03,14757.99,14757.99,Оплачен вовремя
4471,370,2024-04-02,14757.99,14757.99,Оплачен вовремя
4472,370,2024-05-02,14757.99,14757.99,Оплачен вовремя
4473,370,2024-06-01,14757.99,14757.99,Оплачен вовремя
4474,370,2024-07-01,14757.99,14757.99,Оплачен вовремя
4475,370,2024-07-31,14757.99,14757.99,Оплачен вовремя
4476,370,2024-08-30,14757.99,14757.99,Оплачен вовремя
4477,370,2024-09-29,14757.99,14757.99,Оплачен вовремя
4478,370,2024-10-29,14757.99,14757.99,Оплачен вовремя
4479,370,2024-11-28,14757.99,14757.99,Оплачен вовремя
4480,370,2024-12-28,14757.99,14757.99,Оплачен вовремя
4481,370,2025-01-27,14757.99,14757.99,Оплачен вовремя
4482,370,2025-02-26,14757.99,14757.99,Оплачен вовремя
4483,370,2025-03-28,14757.99,14757.99,Оплачен вовремя
4484,370,2025-04-27,14757.99,14757.99,Оплачен вовремя
4485,370,2025-05-27,14757.99,14757.99,Оплачен вовремя
4486,370,2025-06-26,14757.99,14757.99,Оплачен вовремя
4487,370,2025-07-26,14757.99,14757.99,Оплачен вовремя
4488,370,2025-08-25,14757.99,14757.99,Оплачен вовремя
4489,370,2025-09-24,14757.99,14757.99,Оплачен вовремя
4490,370,2025-10-24,14757.99,14757.99,Оплачен вовремя
4491,370,2025-11-23,14757.99,14757.99,Оплачен вовремя
4492,371,2024-11-03,21168.35,21168.35,Оплачен вовремя
4493,371,2024-12-03,21168.35,21168.35,Оплачен вовремя
4494,371,2025-01-02,21168.35,21168.35,Оплачен вовремя
4495,371,2025-02-01,21168.35,21168.35,Оплачен вовремя
4496,371,2025-03-03,21168.35,21168.35,Оплачен вовремя
4497,371,2025-04-02,21168.35,21168.35,Оплачен вовремя
4498,371,2025-05-02,21168.35,21168.35,Оплачен вовремя
4499,371,2025-06-01,21168.35,21168.35,Оплачен вовремя
4500,371,2025-07-01,21168.35,21168.35,Оплачен вовремя
4501,371,2025-07-31,21168.35,21168.35,Оплачен вовремя
4502,371,2025-08-30,21168.35,21168.35,Оплачен вовремя
4503,371,2025-09-29,21168.35,21168.35,Оплачен вовремя
4504,372,2025-07-14,8926.38,8926.38,Оплачен вовремя
4505,372,2025-08-13,8926.38,8926.38,Оплачен вовремя
4506,372,2025-09-12,8926.38,8926.38,Оплачен вовремя
4507,372,2025-10-12,8926.38,8926.38,Оплачен вовремя
4508,372,2025-11-11,8926.38,8926.38,Оплачен вовремя
4509,372,2025-12-11,8926.38,8926.38,Оплачен вовремя
4510,373,2024-11-03,7617.13,7617.13,Оплачен вовремя
4511,373,2024-12-03,7617.13,7617.13,Оплачен вовремя
4512,373,2025-01-02,7617.13,7617.13,Оплачен вовремя
4513,373,2025-02-01,7617.13,7617.13,Оплачен вовремя
4514,373,2025-03-03,7617.13,7617.13,Оплачен вовремя
4515,373,2025-04-02,7617.13,7617.13,Оплачен вовремя
4516,373,2025-05-02,7617.13,7617.13,Оплачен вовремя
4517,373,2025-06-01,7617.13,7617.13,Оплачен вовремя
4518,373,2025-07-01,7617.13,7617.13,Оплачен вовремя
4519,373,2025-07-31,7617.13,7617.13,Оплачен вовремя
4520,373,2025-08-30,7617.13,7617.13,Оплачен вовремя
4521,373,2025-09-29,7617.13,7617.13,Оплачен вовремя
4522,373,2025-10-29,7617.13,7617.13,Оплачен вовремя
4523,373,2025-11-28,7617.13,7617.13,Оплачен вовремя
4524,374,2025-08-02,10433.99,10433.99,Оплачен вовремя
4525,374,2025-09-01,10433.99,10433.99,Оплачен вовремя
4526,374,2025-10-01,10433.99,10433.99,Оплачен вовремя
4527,374,2025-10-31,10433.99,10433.99,Оплачен вовремя
4528,374,2025-11-30,10433.99,10433.99,Оплачен вовремя
4529,375,2023-07-28,11988.01,11988.01,Оплачен вовремя
4530,375,2023-08-27,11988.01,11988.01,Оплачен вовремя
4531,375,2023-09-26,11988.01,11988.01,Оплачен вовремя
4532,375,2023-10-26,11988.01,11988.01,Оплачен вовремя
4533,375,2023-11-25,11988.01,11988.01,Оплачен вовремя
4534,375,2023-12-25,11988.01,11988.01,Оплачен вовремя
4535,375,2024-01-24,11988.01,11988.01,Оплачен вовремя
4536,375,2024-02-23,11988.01,11988.01,Оплачен вовремя
4537,375,2024-03-24,11988.01,11988.01,Оплачен вовремя
4538,375,2024-04-23,11988.01,11988.01,Оплачен вовремя
4539,375,2024-05-23,11988.01,11988.01,Оплачен вовремя
4540,375,2024-06-22,11988.01,11988.01,Оплачен вовремя
4541,375,2024-07-22,11988.01,11988.01,Оплачен вовремя
4542,375,2024-08-21,11988.01,11988.01,Оплачен вовремя
4543,375,2024-09-20,11988.01,11988.01,Оплачен вовремя
4544,375,2024-10-20,11988.01,11988.01,Оплачен вовремя
4545,375,2024-11-19,11988.01,11988.01,Оплачен вовремя
4546,375,2024-12-19,11988.01,11988.01,Оплачен вовремя
4547,375,2025-01-18,11988.01,11988.01,Оплачен вовремя
4548,375,2025-02-17,11988.01,11988.01,Оплачен вовремя
4549,375,2025-03-19,11988.01,11988.01,Оплачен вовремя
4550,375,2025-04-18,11988.01,11988.01,Оплачен вовремя
4551,375,2025-05-18,11988.01,11988.01,Оплачен вовремя
4552,375,2025-06-17,11988.01,11988.01,Оплачен вовремя
4553,375,2025-07-17,11988.01,11988.01,Оплачен вовремя
4554,375,2025-08-16,11988.01,11988.01,Оплачен вовремя
4555,375,2025-09-15,11988.01,11988.01,Оплачен вовремя
4556,375,2025-10-15,11988.01,11988.01,Оплачен вовремя
4557,375,2025-11-14,11988.01,11988.01,Оплачен вовремя
4558,375,2025-12-14,11988.01,11988.01,Оплачен вовремя
4559,376,2025-12-14,725855.89,725855.89,Оплачен вовремя
4560,377,2024-06-11,331436.28,331436.28,Оплачен вовремя
4561,377,2024-07-11,331436.28,331436.28,Оплачен вовремя
4562,377,2024-08-10,331436.28,331436.28,Оплачен вовремя
4563,377,2024-09-09,331436.28,331436.28,Оплачен вовремя
4564,377,2024-10-09,331436.28,331436.28,Оплачен вовремя
4565,377,2024-11-08,331436.28,331436.28,Оплачен вовремя
4566,377,2024-12-08,331436.28,331436.28,Оплачен вовремя
4567,377,2025-01-07,331436.28,331436.28,Оплачен вовремя
4568,377,2025-02-06,331436.28,331436.28,Оплачен вовремя
4569,377,2025-03-08,331436.28,331436.28,Оплачен вовремя
4570,377,2025-04-07,331436.28,331436.28,Оплачен вовремя
4571,377,2025-05-07,331436.28,331436.28,Оплачен вовремя
4572,378,2024-05-01,5001.15,5001.15,Оплачен вовремя
4573,378,2024-05-31,5001.15,5001.15,Оплачен вовремя
4574,378,2024-06-30,5001.15,5001.15,Оплачен вовремя
4575,378,2024-07-30,5001.15,5001.15,Оплачен вовремя
4576,378,2024-08-29,5001.15,5001.15,Оплачен вовремя
4577,378,2024-09-28,5001.15,5001.15,Оплачен вовремя
4578,378,2024-10-28,5001.15,5001.15,Оплачен вовремя
4579,378,2024-11-27,5001.15,5001.15,Оплачен вовремя
4580,378,2024-12-27,5001.15,5001.15,Оплачен вовремя
4581,378,2025-01-26,5001.15,5001.15,Оплачен вовремя
4582,378,2025-02-25,5001.15,5001.15,Оплачен вовремя
4583,378,2025-03-27,5001.15,5001.15,Оплачен вовремя
4584,378,2025-04-26,5001.15,5001.15,Оплачен вовремя
4585,378,2025-05-26,5001.15,5001.15,Оплачен вовремя
4586,378,2025-06-25,5001.15,5001.15,Оплачен вовремя
4587,378,2025-07-25,5001.15,5001.15,Оплачен вовремя
4588,378,2025-08-24,5001.15,5001.15,Оплачен вовремя
4589,378,2025-09-23,5001.15,5001.15,Оплачен вовремя
4590,378,2025-10-23,5001.15,5001.15,Оплачен вовремя
4591,378,2025-11-22,5001.15,5001.15,Оплачен вовремя
4592,379,2025-10-27,30303.63,30303.63,Оплачен вовремя
4593,379,2025-11-26,30303.63,30303.63,Оплачен вовремя
4594,379,2025-12-26,30303.63,30303.63,Оплачен вовремя
4595,380,2024-06-06,11785.91,11785.91,Оплачен вовремя
4596,380,2024-07-06,11785.91,11785.91,Оплачен вовремя
4597,380,2024-08-05,11785.91,11785.91,Оплачен вовремя
4598,380,2024-09-04,11785.91,11785.91,Оплачен вовремя
4599,380,2024-10-04,11785.91,11785.91,Оплачен вовремя
4600,380,2024-11-03,11785.91,11785.91,Оплачен вовремя
4601,380,2024-12-03,11785.91,11785.91,Оплачен вовремя
4602,380,2025-01-02,11785.91,11785.91,Оплачен вовремя
4603,380,2025-02-01,11785.91,11785.91,Оплачен вовремя
4604,380,2025-03-03,11785.91,11785.91,Оплачен вовремя
4605,380,2025-04-02,11785.91,11785.91,Оплачен вовремя
4606,380,2025-05-02,11785.91,11785.91,Оплачен вовремя
4607,380,2025-06-01,11785.91,11785.91,Оплачен вовремя
4608,380,2025-07-01,11785.91,11785.91,Оплачен вовремя
4609,380,2025-07-31,11785.91,11785.91,Оплачен вовремя
4610,380,2025-08-30,11785.91,11785.91,Оплачен вовремя
4611,380,2025-09-29,11785.91,11785.91,Оплачен вовремя
4612,380,2025-10-29,11785.91,11785.91,Оплачен вовремя
4613,380,2025-11-28,11785.91,11785.91,Оплачен вовремя
4614,381,2023-03-30,42872.14,42872.14,Оплачен вовремя
4615,381,2023-04-29,42872.14,42872.14,Оплачен вовремя
4616,381,2023-05-29,42872.14,42872.14,Оплачен вовремя
4617,381,2023-06-28,42872.14,42872.14,Оплачен вовремя
4618,381,2023-07-28,42872.14,42872.14,Оплачен вовремя
4619,381,2023-08-27,42872.14,42872.14,Оплачен вовремя
4620,381,2023-09-26,42872.14,42872.14,Оплачен вовремя
4621,381,2023-10-26,42872.14,42872.14,Оплачен вовремя
4622,381,2023-11-25,42872.14,42872.14,Оплачен вовремя
4623,381,2023-12-25,42872.14,42872.14,Оплачен вовремя
4624,381,2024-01-24,42872.14,42872.14,Оплачен вовремя
4625,381,2024-02-23,42872.14,42872.14,Оплачен вовремя
4626,381,2024-03-24,42872.14,42872.14,Оплачен вовремя
4627,381,2024-04-23,42872.14,42872.14,Оплачен вовремя
4628,381,2024-05-23,42872.14,42872.14,Оплачен вовремя
4629,381,2024-06-22,42872.14,42872.14,Оплачен вовремя
4630,381,2024-07-22,42872.14,42872.14,Оплачен вовремя
4631,381,2024-08-21,42872.14,42872.14,Оплачен вовремя
4632,381,2024-09-20,42872.14,42872.14,Оплачен вовремя
4633,381,2024-10-20,42872.14,42872.14,Оплачен вовремя
4634,381,2024-11-19,42872.14,42872.14,Оплачен вовремя
4635,381,2024-12-19,42872.14,42872.14,Оплачен вовремя
4636,381,2025-01-18,42872.14,42872.14,Оплачен вовремя
4637,381,2025-02-17,42872.14,42872.14,Оплачен вовремя
4638,381,2025-03-19,42872.14,42872.14,Оплачен вовремя
4639,381,2025-04-18,42872.14,42872.14,Оплачен вовремя
4640,381,2025-05-18,42872.14,42872.14,Оплачен вовремя
4641,381,2025-06-17,42872.14,42872.14,Оплачен вовремя
4642,381,2025-07-17,42872.14,42872.14,Оплачен вовремя
4643,381,2025-08-16,42872.14,42872.14,Оплачен вовремя
4644,381,2025-09-15,42872.14,42872.14,Оплачен вовремя
4645,381,2025-10-15,42872.14,42872.14,Оплачен вовремя
4646,381,2025-11-14,42872.14,42872.14,Оплачен вовремя
4647,381,2025-12-14,42872.14,42872.14,Оплачен вовремя
4648,383,2024-09-27,991.76,991.76,Оплачен вовремя
4649,383,2024-10-27,991.76,991.76,Оплачен вовремя
4650,383,2024-11-26,991.76,991.76,Оплачен вовремя
4651,383,2024-12-26,991.76,991.76,Оплачен вовремя
4652,383,2025-01-25,991.76,991.76,Оплачен вовремя
4653,383,2025-02-24,991.76,991.76,Оплачен вовремя
4654,383,2025-03-26,991.76,991.76,Оплачен вовремя
4655,383,2025-04-25,991.76,991.76,Оплачен вовремя
4656,383,2025-05-25,991.76,991.76,Оплачен вовремя
4657,383,2025-06-24,991.76,991.76,Оплачен вовремя
4658,383,2025-07-24,991.76,991.76,Оплачен вовремя
4659,383,2025-08-23,991.76,991.76,Оплачен вовремя
4660,383,2025-09-22,991.76,991.76,Оплачен вовремя
4661,383,2025-10-22,991.76,991.76,Оплачен вовремя
4662,383,2025-11-21,991.76,991.76,Оплачен вовремя
4663,383,2025-12-21,991.76,991.76,Оплачен вовремя
4664,384,2023-09-26,10715.36,10715.36,Оплачен вовремя
4665,384,2023-10-26,10715.36,10715.36,Оплачен вовремя
4666,384,2023-11-25,10715.36,10715.36,Оплачен вовремя
4667,384,2023-12-25,10715.36,10715.36,Оплачен вовремя
4668,384,2024-01-24,10715.36,10715.36,Оплачен вовремя
4669,384,2024-02-23,10715.36,10715.36,Оплачен вовремя
4670,384,2024-03-24,10715.36,10715.36,Оплачен вовремя
4671,384,2024-04-23,10715.36,10715.36,Оплачен вовремя
4672,384,2024-05-23,10715.36,10715.36,Оплачен вовремя
4673,384,2024-06-22,10715.36,10715.36,Оплачен вовремя
4674,384,2024-07-22,10715.36,10715.36,Оплачен вовремя
4675,384,2024-08-21,10715.36,10715.36,Оплачен вовремя
4676,385,2023-04-07,23416.49,23416.49,Просрочен
4677,385,2023-05-07,23416.49,23416.49,Оплачен вовремя
4678,385,2023-06-06,23416.49,23416.49,Оплачен вовремя
4679,385,2023-07-06,23416.49,23416.49,Просрочен
4680,385,2023-08-05,23416.49,23416.49,Оплачен вовремя
4681,385,2023-09-04,23416.49,23416.49,Оплачен вовремя
4682,385,2023-10-04,23416.49,23416.49,Оплачен вовремя
4683,385,2023-11-03,23416.49,23416.49,Просрочен
4684,385,2023-12-03,23416.49,23416.49,Оплачен вовремя
4685,385,2024-01-02,23416.49,0.0,Не оплачен
4686,385,2024-02-01,23416.49,23416.49,Оплачен вовремя
4687,385,2024-03-02,23416.49,23416.49,Оплачен вовремя
4688,386,2024-03-19,24230.36,24230.36,Оплачен вовремя
4689,386,2024-04-18,24230.36,24230.36,Оплачен вовремя
4690,386,2024-05-18,24230.36,24230.36,Оплачен вовремя
4691,386,2024-06-17,24230.36,24230.36,Оплачен вовремя
4692,386,2024-07-17,24230.36,24230.36,Оплачен вовремя
4693,386,2024-08-16,24230.36,24230.36,Оплачен вовремя
4694,386,2024-09-15,24230.36,24230.36,Оплачен вовремя
4695,386,2024-10-15,24230.36,24230.36,Оплачен вовремя
4696,386,2024-11-14,24230.36,24230.36,Оплачен вовремя
4697,386,2024-12-14,24230.36,24230.36,Оплачен вовремя
4698,386,2025-01-13,24230.36,24230.36,Оплачен вовремя
4699,386,2025-02-12,24230.36,24230.36,Оплачен вовремя
4700,386,2025-03-14,24230.36,24230.36,Оплачен вовремя
4701,386,2025-04-13,24230.36,24230.36,Оплачен вовремя
4702,386,2025-05-13,24230.36,24230.36,Оплачен вовремя
4703,386,2025-06-12,24230.36,24230.36,Оплачен вовремя
4704,386,2025-07-12,24230.36,24230.36,Оплачен вовремя
4705,386,2025-08-11,24230.36,24230.36,Оплачен вовремя
4706,386,2025-09-10,24230.36,24230.36,Оплачен вовремя
4707,386,2025-10-10,24230.36,24230.36,Оплачен вовремя
4708,386,2025-11-09,24230.36,24230.36,Оплачен вовремя
4709,386,2025-12-09,24230.36,24230.36,Оплачен вовремя
4710,387,2024-10-03,76488.17,76488.17,Оплачен вовремя
4711,387,2024-11-02,76488.17,76488.17,Оплачен вовремя
4712,387,2024-12-02,76488.17,76488.17,Оплачен вовремя
4713,387,2025-01-01,76488.17,76488.17,Оплачен вовремя
4714,387,2025-01-31,76488.17,76488.17,Оплачен вовремя
4715,387,2025-03-02,76488.17,76488.17,Оплачен вовремя
4716,387,2025-04-01,76488.17,76488.17,Оплачен вовремя
4717,387,2025-05-01,76488.17,76488.17,Оплачен вовремя
4718,387,2025-05-31,76488.17,76488.17,Оплачен вовремя
4719,387,2025-06-30,76488.17,76488.17,Оплачен вовремя
4720,387,2025-07-30,76488.17,76488.17,Оплачен вовремя
4721,387,2025-08-29,76488.17,76488.17,Оплачен вовремя
4722,387,2025-09-28,76488.17,76488.17,Оплачен вовремя
4723,387,2025-10-28,76488.17,76488.17,Оплачен вовремя
4724,387,2025-11-27,76488.17,76488.17,Оплачен вовремя
4725,388,2025-04-29,6536.45,6536.45,Оплачен вовремя
4726,388,2025-05-29,6536.45,6536.45,Оплачен вовремя
4727,388,2025-06-28,6536.45,6536.45,Оплачен вовремя
4728,388,2025-07-28,6536.45,6536.45,Оплачен вовремя
4729,388,2025-08-27,6536.45,6536.45,Оплачен вовремя
4730,388,2025-09-26,6536.45,6536.45,Оплачен вовремя
4731,388,2025-10-26,6536.45,6536.45,Оплачен вовремя
4732,388,2025-11-25,6536.45,6536.45,Оплачен вовремя
4733,388,2025-12-25,6536.45,6536.45,Оплачен вовремя
4734,389,2025-01-15,7917.31,7917.31,Оплачен вовремя
4735,389,2025-02-14,7917.31,7917.31,Оплачен вовремя
4736,389,2025-03-16,7917.31,7917.31,Оплачен вовремя
4737,389,2025-04-15,7917.31,7917.31,Оплачен вовремя
4738,389,2025-05-15,7917.31,7917.31,Оплачен вовремя
4739,389,2025-06-14,7917.31,7917.31,Оплачен вовремя
4740,389,2025-07-14,7917.31,7917.31,Оплачен вовремя
4741,389,2025-08-13,7917.31,7917.31,Оплачен вовремя
4742,389,2025-09-12,7917.31,7917.31,Оплачен вовремя
4743,389,2025-10-12,7917.31,7917.31,Оплачен вовремя
4744,389,2025-11-11,7917.31,7917.31,Оплачен вовремя
4745,389,2025-12-11,7917.31,7917.31,Оплачен вовремя
4746,390,2023-09-10,763736.46,0.0,Не оплачен
4747,390,2023-10-10,763736.46,763736.46,Оплачен вовремя
4748,390,2023-11-09,763736.46,763736.46,Оплачен вовремя
4749,391,2024-04-25,25835.18,25835.18,Оплачен вовремя
4750,391,2024-05-25,25835.18,25835.18,Оплачен вовремя
4751,391,2024-06-24,25835.18,25835.18,Оплачен вовремя
4752,391,2024-07-24,25835.18,25835.18,Оплачен вовремя
4753,391,2024-08-23,25835.18,25835.18,Оплачен вовремя
4754,391,2024-09-22,25835.18,25835.18,Оплачен вовремя
4755,391,2024-10-22,25835.18,25835.18,Оплачен вовремя
4756,391,2024-11-21,25835.18,25835.18,Оплачен вовремя
4757,391,2024-12-21,25835.18,25835.18,Оплачен вовремя
4758,391,2025-01-20,25835.18,25835.18,Оплачен вовремя
4759,391,2025-02-19,25835.18,25835.18,Оплачен вовремя
4760,391,2025-03-21,25835.18,25835.18,Оплачен вовремя
4761,391,2025-04-20,25835.18,25835.18,Оплачен вовремя
4762,391,2025-05-20,25835.18,25835.18,Оплачен вовремя
4763,391,2025-06-19,25835.18,25835.18,Оплачен вовремя
4764,391,2025-07-19,25835.18,25835.18,Оплачен вовремя
4765,391,2025-08-18,25835.18,25835.18,Оплачен вовремя
4766,391,2025-09-17,25835.18,25835.18,Оплачен вовремя
4767,391,2025-10-17,25835.18,25835.18,Оплачен вовремя
4768,391,2025-11-16,25835.18,25835.18,Оплачен вовремя
4769,391,2025-12-16,25835.18,25835.18,Оплачен вовремя
4770,392,2025-04-16,38472.79,38472.79,Оплачен вовремя
4771,392,2025-05-16,38472.79,38472.79,Оплачен вовремя
4772,392,2025-06-15,38472.79,38472.79,Оплачен вовремя
4773,392,2025-07-15,38472.79,38472.79,Оплачен вовремя
4774,392,2025-08-14,38472.79,38472.79,Оплачен вовремя
4775,392,2025-09-13,38472.79,38472.79,Оплачен вовремя
4776,392,2025-10-13,38472.79,38472.79,Оплачен вовремя
4777,392,2025-11-12,38472.79,38472.79,Оплачен вовремя
4778,392,2025-12-12,38472.79,38472.79,Оплачен вовремя
4779,393,2025-04-27,8679.54,8679.54,Оплачен вовремя
4780,393,2025-05-27,8679.54,8679.54,Оплачен вовремя
4781,393,2025-06-26,8679.54,8679.54,Оплачен вовремя
4782,393,2025-07-26,8679.54,8679.54,Оплачен вовремя
4783,393,2025-08-25,8679.54,8679.54,Оплачен вовремя
4784,393,2025-09-24,8679.54,8679.54,Оплачен вовремя
4785,393,2025-10-24,8679.54,8679.54,Оплачен вовремя
4786,393,2025-11-23,8679.54,8679.54,Оплачен вовремя
4787,393,2025-12-23,8679.54,8679.54,Оплачен вовремя
4788,394,2024-04-13,21593.0,21593.0,Оплачен вовремя
4789,394,2024-05-13,21593.0,21593.0,Оплачен вовремя
4790,394,2024-06-12,21593.0,21593.0,Оплачен вовремя
4791,394,2024-07-12,21593.0,21593.0,Оплачен вовремя
4792,394,2024-08-11,21593.0,21593.0,Оплачен вовремя
4793,394,2024-09-10,21593.0,21593.0,Оплачен вовремя
4794,394,2024-10-10,21593.0,21593.0,Оплачен вовремя
4795,394,2024-11-09,21593.0,21593.0,Оплачен вовремя
4796,394,2024-12-09,21593.0,21593.0,Оплачен вовремя
4797,394,2025-01-08,21593.0,21593.0,Оплачен вовремя
4798,394,2025-02-07,21593.0,21593.0,Оплачен вовремя
4799,394,2025-03-09,21593.0,21593.0,Оплачен вовремя
4800,394,2025-04-08,21593.0,21593.0,Оплачен вовремя
4801,394,2025-05-08,21593.0,21593.0,Оплачен вовремя
4802,394,2025-06-07,21593.0,21593.0,Оплачен вовремя
4803,394,2025-07-07,21593.0,21593.0,Оплачен вовремя
4804,394,2025-08-06,21593.0,21593.0,Оплачен вовремя
4805,394,2025-09-05,21593.0,21593.0,Оплачен вовремя
4806,394,2025-10-05,21593.0,21593.0,Оплачен вовремя
4807,394,2025-11-04,21593.0,21593.0,Оплачен вовремя
4808,394,2025-12-04,21593.0,21593.0,Оплачен вовремя
4809,395,2024-10-04,10119.0,10119.0,Оплачен вовремя
4810,395,2024-11-03,10119.0,10119.0,Оплачен вовремя
4811,395,2024-12-03,10119.0,10119.0,Оплачен вовремя
4812,395,2025-01-02,10119.0,10119.0,Оплачен вовремя
4813,395,2025-02-01,10119.0,10119.0,Оплачен вовремя
4814,395,2025-03-03,10119.0,10119.0,Оплачен вовремя
4815,395,2025-04-02,10119.0,10119.0,Оплачен вовремя
4816,395,2025-05-02,10119.0,10119.0,Оплачен вовремя
4817,395,2025-06-01,10119.0,10119.0,Оплачен вовремя
4818,395,2025-07-01,10119.0,10119.0,Оплачен вовремя
4819,395,2025-07-31,10119.0,10119.0,Оплачен вовремя
4820,395,2025-08-30,10119.0,10119.0,Оплачен вовремя
4821,395,2025-09-29,10119.0,10119.0,Оплачен вовремя
4822,395,2025-10-29,10119.0,10119.0,Оплачен вовремя
4823,395,2025-11-28,10119.0,10119.0,Оплачен вовремя
4824,396,2025-09-16,10739.05,10739.05,Оплачен вовремя
4825,396,2025-10-16,10739.05,10739.05,Оплачен вовремя
4826,396,2025-11-15,10739.05,10739.05,Оплачен вовремя
4827,396,2025-12-15,10739.05,10739.05,Оплачен вовремя
4828,397,2024-07-06,14071.22,14071.22,Оплачен вовремя
4829,397,2024-08-05,14071.22,14071.22,Оплачен вовремя
4830,397,2024-09-04,14071.22,14071.22,Оплачен вовремя
4831,397,2024-10-04,14071.22,14071.22,Оплачен вовремя
4832,397,2024-11-03,14071.22,14071.22,Оплачен вовремя
4833,397,2024-12-03,14071.22,14071.22,Оплачен вовремя
4834,397,2025-01-02,14071.22,14071.22,Оплачен вовремя
4835,397,2025-02-01,14071.22,14071.22,Оплачен вовремя
4836,397,2025-03-03,14071.22,14071.22,Оплачен вовремя
4837,397,2025-04-02,14071.22,14071.22,Оплачен вовремя
4838,397,2025-05-02,14071.22,14071.22,Оплачен вовремя
4839,397,2025-06-01,14071.22,14071.22,Оплачен вовремя
4840,397,2025-07-01,14071.22,14071.22,Оплачен вовремя
4841,397,2025-07-31,14071.22,14071.22,Оплачен вовремя
4842,397,2025-08-30,14071.22,14071.22,Оплачен вовремя
4843,397,2025-09-29,14071.22,14071.22,Оплачен вовремя
4844,397,2025-10-29,14071.22,14071.22,Оплачен вовремя
4845,397,2025-11-28,14071.22,14071.22,Оплачен вовремя
4846,398,2024-04-22,14025.27,14025.27,Оплачен вовремя
4847,398,2024-05-22,14025.27,14025.27,Оплачен вовремя
4848,398,2024-06-21,14025.27,14025.27,Оплачен вовремя
4849,398,2024-07-21,14025.27,14025.27,Оплачен вовремя
4850,398,2024-08-20,14025.27,14025.27,Оплачен вовремя
4851,398,2024-09-19,14025.27,14025.27,Оплачен вовремя
4852,398,2024-10-19,14025.27,14025.27,Оплачен вовремя
4853,398,2024-11-18,14025.27,14025.27,Оплачен вовремя
4854,398,2024-12-18,14025.27,14025.27,Оплачен вовремя
4855,398,2025-01-17,14025.27,14025.27,Оплачен вовремя
4856,398,2025-02-16,14025.27,14025.27,Оплачен вовремя
4857,398,2025-03-18,14025.27,14025.27,Оплачен вовремя
4858,398,2025-04-17,14025.27,14025.27,Оплачен вовремя
4859,398,2025-05-17,14025.27,14025.27,Оплачен вовремя
4860,398,2025-06-16,14025.27,14025.27,Оплачен вовремя
4861,398,2025-07-16,14025.27,14025.27,Оплачен вовремя
4862,398,2025-08-15,14025.27,14025.27,Оплачен вовремя
4863,398,2025-09-14,14025.27,14025.27,Оплачен вовремя
4864,398,2025-10-14,14025.27,14025.27,Оплачен вовремя
4865,398,2025-11-13,14025.27,14025.27,Оплачен вовремя
4866,398,2025-12-13,14025.27,14025.27,Оплачен вовремя
4867,399,2025-03-30,9695.15,9695.15,Оплачен вовремя
4868,399,2025-04-29,9695.15,9695.15,Оплачен вовремя
4869,399,2025-05-29,9695.15,9695.15,Оплачен вовремя
4870,399,2025-06-28,9695.15,9695.15,Оплачен вовремя
4871,399,2025-07-28,9695.15,9695.15,Оплачен вовремя
4872,399,2025-08-27,9695.15,9695.15,Оплачен вовремя
4873,399,2025-09-26,9695.15,9695.15,Оплачен вовремя
4874,399,2025-10-26,9695.15,9695.15,Оплачен вовремя
4875,399,2025-11-25,9695.15,9695.15,Оплачен вовремя
4876,399,2025-12-25,9695.15,9695.15,Оплачен вовремя
4877,400,2024-01-31,64236.82,64236.82,Оплачен вовремя
4878,400,2024-03-01,64236.82,64236.82,Оплачен вовремя
4879,400,2024-03-31,64236.82,64236.82,Оплачен вовремя
4880,400,2024-04-30,64236.82,64236.82,Оплачен вовремя
4881,400,2024-05-30,64236.82,64236.82,Оплачен вовремя
4882,400,2024-06-29,64236.82,64236.82,Оплачен вовремя
4883,400,2024-07-29,64236.82,64236.82,Оплачен вовремя
4884,400,2024-08-28,64236.82,64236.82,Оплачен вовремя
4885,400,2024-09-27,64236.82,64236.82,Оплачен вовремя
4886,400,2024-10-27,64236.82,64236.82,Оплачен вовремя
4887,400,2024-11-26,64236.82,64236.82,Оплачен вовремя
4888,400,2024-12-26,64236.82,64236.82,Оплачен вовремя
4889,401,2025-10-16,17331.71,17331.71,Оплачен вовремя
4890,401,2025-11-15,17331.71,17331.71,Оплачен вовремя
4891,401,2025-12-15,17331.71,17331.71,Оплачен вовремя
4892,402,2022-12-04,4637.78,4637.78,Оплачен вовремя
4893,402,2023-01-03,4637.78,4637.78,Оплачен вовремя
4894,402,2023-02-02,4637.78,4637.78,Оплачен вовремя
4895,402,2023-03-04,4637.78,4637.78,Оплачен вовремя
4896,402,2023-04-03,4637.78,4637.78,Оплачен вовремя
4897,402,2023-05-03,4637.78,4637.78,Оплачен вовремя
4898,402,2023-06-02,4637.78,4637.78,Оплачен вовремя
4899,402,2023-07-02,4637.78,4637.78,Оплачен вовремя
4900,402,2023-08-01,4637.78,4637.78,Оплачен вовремя
4901,402,2023-08-31,4637.78,4637.78,Оплачен вовремя
4902,402,2023-09-30,4637.78,4637.78,Оплачен вовремя
4903,402,2023-10-30,4637.78,4637.78,Оплачен вовремя
4904,402,2023-11-29,4637.78,4637.78,Оплачен вовремя
4905,402,2023-12-29,4637.78,4637.78,Оплачен вовремя
4906,402,2024-01-28,4637.78,4637.78,Оплачен вовремя
4907,402,2024-02-27,4637.78,4637.78,Оплачен вовремя
4908,402,2024-03-28,4637.78,4637.78,Оплачен вовремя
4909,402,2024-04-27,4637.78,4637.78,Оплачен вовремя
4910,402,2024-05-27,4637.78,4637.78,Оплачен вовремя
4911,402,2024-06-26,4637.78,4637.78,Оплачен вовремя
4912,402,2024-07-26,4637.78,4637.78,Оплачен вовремя
4913,402,2024-08-25,4637.78,4637.78,Оплачен вовремя
4914,402,2024-09-24,4637.78,4637.78,Оплачен вовремя
4915,402,2024-10-24,4637.78,4637.78,Оплачен вовремя
4916,402,2024-11-23,4637.78,4637.78,Оплачен вовремя
4917,402,2024-12-23,4637.78,4637.78,Оплачен вовремя
4918,402,2025-01-22,4637.78,4637.78,Оплачен вовремя
4919,402,2025-02-21,4637.78,4637.78,Оплачен вовремя
4920,402,2025-03-23,4637.78,4637.78,Оплачен вовремя
4921,402,2025-04-22,4637.78,4637.78,Оплачен вовремя
4922,402,2025-05-22,4637.78,4637.78,Оплачен вовремя
4923,402,2025-06-21,4637.78,4637.78,Оплачен вовремя
4924,402,2025-07-21,4637.78,4637.78,Оплачен вовремя
4925,402,2025-08-20,4637.78,4637.78,Оплачен вовремя
4926,402,2025-09-19,4637.78,4637.78,Оплачен вовремя
4927,402,2025-10-19,4637.78,4637.78,Оплачен вовремя
4928,403,2023-09-17,54900.93,54900.93,Оплачен вовремя
4929,403,2023-10-17,54900.93,54900.93,Оплачен вовремя
4930,403,2023-11-16,54900.93,54900.93,Оплачен вовремя
4931,403,2023-12-16,54900.93,54900.93,Оплачен вовремя
4932,403,2024-01-15,54900.93,54900.93,Оплачен вовремя
4933,403,2024-02-14,54900.93,54900.93,Оплачен вовремя
4934,403,2024-03-15,54900.93,54900.93,Оплачен вовремя
4935,403,2024-04-14,54900.93,54900.93,Оплачен вовремя
4936,403,2024-05-14,54900.93,54900.93,Оплачен вовремя
4937,403,2024-06-13,54900.93,54900.93,Оплачен вовремя
4938,403,2024-07-13,54900.93,54900.93,Оплачен вовремя
4939,403,2024-08-12,54900.93,54900.93,Оплачен вовремя
4940,403,2024-09-11,54900.93,54900.93,Оплачен вовремя
4941,403,2024-10-11,54900.93,54900.93,Оплачен вовремя
4942,403,2024-11-10,54900.93,54900.93,Оплачен вовремя
4943,403,2024-12-10,54900.93,54900.93,Оплачен вовремя
4944,403,2025-01-09,54900.93,54900.93,Оплачен вовремя
4945,403,2025-02-08,54900.93,54900.93,Оплачен вовремя
4946,403,2025-03-10,54900.93,54900.93,Оплачен вовремя
4947,403,2025-04-09,54900.93,54900.93,Оплачен вовремя
4948,403,2025-05-09,54900.93,54900.93,Оплачен вовремя
4949,403,2025-06-08,54900.93,54900.93,Оплачен вовремя
4950,403,2025-07-08,54900.93,54900.93,Оплачен вовремя
4951,403,2025-08-07,54900.93,54900.93,Оплачен вовремя
4952,403,2025-09-06,54900.93,54900.93,Оплачен вовремя
4953,403,2025-10-06,54900.93,54900.93,Оплачен вовремя
4954,403,2025-11-05,54900.93,54900.93,Оплачен вовремя
4955,403,2025-12-05,54900.93,54900.93,Оплачен вовремя
4956,404,2024-04-20,81339.18,81339.18,Оплачен вовремя
4957,404,2024-05-20,81339.18,81339.18,Оплачен вовремя
4958,404,2024-06-19,81339.18,81339.18,Оплачен вовремя
4959,404,2024-07-19,81339.18,81339.18,Оплачен вовремя
4960,404,2024-08-18,81339.18,81339.18,Оплачен вовремя
4961,404,2024-09-17,81339.18,81339.18,Оплачен вовремя
4962,404,2024-10-17,81339.18,81339.18,Оплачен вовремя
4963,404,2024-11-16,81339.18,81339.18,Оплачен вовремя
4964,404,2024-12-16,81339.18,81339.18,Оплачен вовремя
4965,404,2025-01-15,81339.18,81339.18,Оплачен вовремя
4966,404,2025-02-14,81339.18,81339.18,Оплачен вовремя
4967,404,2025-03-16,81339.18,81339.18,Оплачен вовремя
4968,404,2025-04-15,81339.18,81339.18,Оплачен вовремя
4969,404,2025-05-15,81339.18,81339.18,Оплачен вовремя
4970,404,2025-06-14,81339.18,81339.18,Оплачен вовремя
4971,404,2025-07-14,81339.18,81339.18,Оплачен вовремя
4972,404,2025-08-13,81339.18,81339.18,Оплачен вовремя
4973,404,2025-09-12,81339.18,81339.18,Оплачен вовремя
4974,404,2025-10-12,81339.18,81339.18,Оплачен вовремя
4975,404,2025-11-11,81339.18,81339.18,Оплачен вовремя
4976,404,2025-12-11,81339.18,81339.18,Оплачен вовремя
4977,405,2025-06-06,561637.0,561637.0,Оплачен вовремя
4978,405,2025-07-06,561637.0,561637.0,Оплачен вовремя
4979,405,2025-08-05,561637.0,561637.0,Оплачен вовремя
4980,405,2025-09-04,561637.0,561637.0,Оплачен вовремя
4981,405,2025-10-04,561637.0,561637.0,Оплачен вовремя
4982,405,2025-11-03,561637.0,561637.0,Оплачен вовремя
4983,405,2025-12-03,561637.0,561637.0,Оплачен вовремя
4984,407,2025-04-29,16409.84,16409.84,Оплачен вовремя
4985,407,2025-05-29,16409.84,16409.84,Оплачен вовремя
4986,407,2025-06-28,16409.84,16409.84,Оплачен вовремя
4987,407,2025-07-28,16409.84,16409.84,Оплачен вовремя
4988,407,2025-08-27,16409.84,16409.84,Оплачен вовремя
4989,407,2025-09-26,16409.84,16409.84,Оплачен вовремя
4990,407,2025-10-26,16409.84,16409.84,Оплачен вовремя
4991,407,2025-11-25,16409.84,16409.84,Оплачен вовремя
4992,407,2025-12-25,16409.84,16409.84,Оплачен вовремя
4993,408,2025-02-24,17686.05,17686.05,Оплачен вовремя
4994,408,2025-03-26,17686.05,17686.05,Оплачен вовремя
4995,408,2025-04-25,17686.05,17686.05,Оплачен вовремя
4996,408,2025-05-25,17686.05,17686.05,Оплачен вовремя
4997,408,2025-06-24,17686.05,17686.05,Оплачен вовремя
4998,408,2025-07-24,17686.05,17686.05,Оплачен вовремя
4999,408,2025-08-23,17686.05,17686.05,Оплачен вовремя
5000,408,2025-09-22,17686.05,17686.05,Оплачен вовремя
5001,408,2025-10-22,17686.05,17686.05,Оплачен вовремя
5002,408,2025-11-21,17686.05,17686.05,Оплачен вовремя
5003,408,2025-12-21,17686.05,17686.05,Оплачен вовремя
5004,409,2023-01-13,3427.47,3427.47,Оплачен вовремя
5005,409,2023-02-12,3427.47,3427.47,Оплачен вовремя
5006,409,2023-03-14,3427.47,3427.47,Оплачен вовремя
5007,409,2023-04-13,3427.47,3427.47,Оплачен вовремя
5008,409,2023-05-13,3427.47,3427.47,Оплачен вовремя
5009,409,2023-06-12,3427.47,3427.47,Оплачен вовремя
5010,409,2023-07-12,3427.47,3427.47,Оплачен вовремя
5011,409,2023-08-11,3427.47,3427.47,Оплачен вовремя
5012,409,2023-09-10,3427.47,3427.47,Оплачен вовремя
5013,409,2023-10-10,3427.47,3427.47,Оплачен вовремя
5014,409,2023-11-09,3427.47,3427.47,Оплачен вовремя
5015,409,2023-12-09,3427.47,3427.47,Оплачен вовремя
5016,409,2024-01-08,3427.47,3427.47,Оплачен вовремя
5017,409,2024-02-07,3427.47,3427.47,Оплачен вовремя
5018,409,2024-03-08,3427.47,3427.47,Оплачен вовремя
5019,409,2024-04-07,3427.47,3427.47,Оплачен вовремя
5020,409,2024-05-07,3427.47,3427.47,Оплачен вовремя
5021,409,2024-06-06,3427.47,3427.47,Оплачен вовремя
5022,409,2024-07-06,3427.47,3427.47,Оплачен вовремя
5023,409,2024-08-05,3427.47,3427.47,Оплачен вовремя
5024,409,2024-09-04,3427.47,3427.47,Оплачен вовремя
5025,409,2024-10-04,3427.47,3427.47,Оплачен вовремя
5026,409,2024-11-03,3427.47,3427.47,Оплачен вовремя
5027,409,2024-12-03,3427.47,3427.47,Оплачен вовремя
5028,409,2025-01-02,3427.47,3427.47,Оплачен вовремя
5029,409,2025-02-01,3427.47,3427.47,Оплачен вовремя
5030,409,2025-03-03,3427.47,3427.47,Оплачен вовремя
5031,409,2025-04-02,3427.47,3427.47,Оплачен вовремя
5032,409,2025-05-02,3427.47,3427.47,Оплачен вовремя
5033,409,2025-06-01,3427.47,3427.47,Оплачен вовремя
5034,409,2025-07-01,3427.47,3427.47,Оплачен вовремя
5035,409,2025-07-31,3427.47,3427.47,Оплачен вовремя
5036,409,2025-08-30,3427.47,3427.47,Оплачен вовремя
5037,409,2025-09-29,3427.47,3427.47,Оплачен вовремя
5038,409,2025-10-29,3427.47,3427.47,Оплачен вовремя
5039,409,2025-11-28,3427.47,3427.47,Оплачен вовремя
5040,410,2023-07-26,55855.07,55855.07,Оплачен вовремя
5041,410,2023-08-25,55855.07,55855.07,Оплачен вовремя
5042,410,2023-09-24,55855.07,55855.07,Оплачен вовремя
5043,410,2023-10-24,55855.07,55855.07,Оплачен вовремя
5044,410,2023-11-23,55855.07,55855.07,Оплачен вовремя
5045,410,2023-12-23,55855.07,55855.07,Оплачен вовремя
5046,410,2024-01-22,55855.07,55855.07,Оплачен вовремя
5047,410,2024-02-21,55855.07,55855.07,Оплачен вовремя
5048,410,2024-03-22,55855.07,55855.07,Оплачен вовремя
5049,410,2024-04-21,55855.07,55855.07,Оплачен вовремя
5050,410,2024-05-21,55855.07,55855.07,Оплачен вовремя
5051,410,2024-06-20,55855.07,55855.07,Оплачен вовремя
5052,410,2024-07-20,55855.07,55855.07,Оплачен вовремя
5053,410,2024-08-19,55855.07,55855.07,Оплачен вовремя
5054,410,2024-09-18,55855.07,55855.07,Оплачен вовремя
5055,410,2024-10-18,55855.07,55855.07,Оплачен вовремя
5056,410,2024-11-17,55855.07,55855.07,Оплачен вовремя
5057,410,2024-12-17,55855.07,55855.07,Оплачен вовремя
5058,410,2025-01-16,55855.07,55855.07,Оплачен вовремя
5059,410,2025-02-15,55855.07,55855.07,Оплачен вовремя
5060,410,2025-03-17,55855.07,55855.07,Оплачен вовремя
5061,410,2025-04-16,55855.07,55855.07,Оплачен вовремя
5062,410,2025-05-16,55855.07,55855.07,Оплачен вовремя
5063,410,2025-06-15,55855.07,55855.07,Оплачен вовремя
5064,411,2025-09-23,10025.9,10025.9,Оплачен вовремя
5065,411,2025-10-23,10025.9,10025.9,Оплачен вовремя
5066,411,2025-11-22,10025.9,10025.9,Оплачен вовремя
5067,411,2025-12-22,10025.9,10025.9,Оплачен вовремя
5068,412,2024-05-01,23753.68,23753.68,Оплачен вовремя
5069,412,2024-05-31,23753.68,23753.68,Оплачен вовремя
5070,412,2024-06-30,23753.68,23753.68,Оплачен вовремя
5071,412,2024-07-30,23753.68,23753.68,Оплачен вовремя
5072,412,2024-08-29,23753.68,23753.68,Оплачен вовремя
5073,412,2024-09-28,23753.68,23753.68,Оплачен вовремя
5074,412,2024-10-28,23753.68,23753.68,Оплачен вовремя
5075,412,2024-11-27,23753.68,23753.68,Оплачен вовремя
5076,412,2024-12-27,23753.68,23753.68,Оплачен вовремя
5077,412,2025-01-26,23753.68,23753.68,Оплачен вовремя
5078,412,2025-02-25,23753.68,23753.68,Оплачен вовремя
5079,412,2025-03-27,23753.68,23753.68,Оплачен вовремя
5080,412,2025-04-26,23753.68,23753.68,Оплачен вовремя
5081,412,2025-05-26,23753.68,23753.68,Оплачен вовремя
5082,412,2025-06-25,23753.68,23753.68,Оплачен вовремя
5083,412,2025-07-25,23753.68,23753.68,Оплачен вовремя
5084,412,2025-08-24,23753.68,23753.68,Оплачен вовремя
5085,412,2025-09-23,23753.68,23753.68,Оплачен вовремя
5086,412,2025-10-23,23753.68,23753.68,Оплачен вовремя
5087,412,2025-11-22,23753.68,23753.68,Оплачен вовремя
5088,413,2024-03-06,9088.26,9088.26,Оплачен вовремя
5089,413,2024-04-05,9088.26,9088.26,Оплачен вовремя
5090,413,2024-05-05,9088.26,9088.26,Оплачен вовремя
5091,413,2024-06-04,9088.26,9088.26,Оплачен вовремя
5092,413,2024-07-04,9088.26,9088.26,Оплачен вовремя
5093,413,2024-08-03,9088.26,9088.26,Оплачен вовремя
5094,413,2024-09-02,9088.26,9088.26,Оплачен вовремя
5095,413,2024-10-02,9088.26,9088.26,Оплачен вовремя
5096,413,2024-11-01,9088.26,9088.26,Оплачен вовремя
5097,413,2024-12-01,9088.26,9088.26,Оплачен вовремя
5098,413,2024-12-31,9088.26,9088.26,Оплачен вовремя
5099,413,2025-01-30,9088.26,9088.26,Оплачен вовремя
5100,413,2025-03-01,9088.26,9088.26,Оплачен вовремя
5101,413,2025-03-31,9088.26,9088.26,Оплачен вовремя
5102,413,2025-04-30,9088.26,9088.26,Оплачен вовремя
5103,413,2025-05-30,9088.26,9088.26,Оплачен вовремя
5104,413,2025-06-29,9088.26,9088.26,Оплачен вовремя
5105,413,2025-07-29,9088.26,9088.26,Оплачен вовремя
5106,413,2025-08-28,9088.26,9088.26,Оплачен вовремя
5107,413,2025-09-27,9088.26,9088.26,Оплачен вовремя
5108,413,2025-10-27,9088.26,9088.26,Оплачен вовремя
5109,413,2025-11-26,9088.26,9088.26,Оплачен вовремя
5110,414,2025-07-25,60118.57,60118.57,Оплачен вовремя
5111,414,2025-08-24,60118.57,60118.57,Оплачен вовремя
5112,414,2025-09-23,60118.57,60118.57,Оплачен вовремя
5113,414,2025-10-23,60118.57,60118.57,Оплачен вовремя
5114,414,2025-11-22,60118.57,60118.57,Оплачен вовремя
5115,414,2025-12-22,60118.57,60118.57,Оплачен вовремя
5116,415,2025-05-01,56526.75,56526.75,Оплачен вовремя
5117,415,2025-05-31,56526.75,56526.75,Оплачен вовремя
5118,415,2025-06-30,56526.75,56526.75,Оплачен вовремя
5119,415,2025-07-30,56526.75,56526.75,Оплачен вовремя
5120,415,2025-08-29,56526.75,56526.75,Оплачен вовремя
5121,415,2025-09-28,56526.75,56526.75,Оплачен вовремя
5122,415,2025-10-28,56526.75,56526.75,Оплачен вовремя
5123,415,2025-11-27,56526.75,56526.75,Оплачен вовремя
5124,416,2025-02-26,74147.21,74147.21,Оплачен вовремя
5125,416,2025-03-28,74147.21,74147.21,Оплачен вовремя
5126,416,2025-04-27,74147.21,74147.21,Оплачен вовремя
5127,416,2025-05-27,74147.21,74147.21,Оплачен вовремя
5128,416,2025-06-26,74147.21,74147.21,Оплачен вовремя
5129,416,2025-07-26,74147.21,74147.21,Оплачен вовремя
5130,416,2025-08-25,74147.21,74147.21,Оплачен вовремя
5131,416,2025-09-24,74147.21,74147.21,Оплачен вовремя
5132,416,2025-10-24,74147.21,74147.21,Оплачен вовремя
5133,416,2025-11-23,74147.21,74147.21,Оплачен вовремя
5134,416,2025-12-23,74147.21,74147.21,Оплачен вовремя
5135,417,2022-09-11,28272.43,28272.43,Оплачен вовремя
5136,417,2022-10-11,28272.43,28272.43,Оплачен вовремя
5137,417,2022-11-10,28272.43,28272.43,Оплачен вовремя
5138,417,2022-12-10,28272.43,28272.43,Оплачен вовремя
5139,417,2023-01-09,28272.43,28272.43,Оплачен вовремя
5140,417,2023-02-08,28272.43,28272.43,Оплачен вовремя
5141,417,2023-03-10,28272.43,28272.43,Оплачен вовремя
5142,417,2023-04-09,28272.43,28272.43,Оплачен вовремя
5143,417,2023-05-09,28272.43,28272.43,Оплачен вовремя
5144,417,2023-06-08,28272.43,28272.43,Оплачен вовремя
5145,417,2023-07-08,28272.43,28272.43,Оплачен вовремя
5146,417,2023-08-07,28272.43,28272.43,Оплачен вовремя
5147,417,2023-09-06,28272.43,28272.43,Оплачен вовремя
5148,417,2023-10-06,28272.43,28272.43,Оплачен вовремя
5149,417,2023-11-05,28272.43,28272.43,Оплачен вовремя
5150,417,2023-12-05,28272.43,28272.43,Оплачен вовремя
5151,417,2024-01-04,28272.43,28272.43,Оплачен вовремя
5152,417,2024-02-03,28272.43,28272.43,Оплачен вовремя
5153,417,2024-03-04,28272.43,28272.43,Оплачен вовремя
5154,417,2024-04-03,28272.43,28272.43,Оплачен вовремя
5155,417,2024-05-03,28272.43,28272.43,Оплачен вовремя
5156,417,2024-06-02,28272.43,28272.43,Оплачен вовремя
5157,417,2024-07-02,28272.43,28272.43,Оплачен вовремя
5158,417,2024-08-01,28272.43,28272.43,Оплачен вовремя
5159,417,2024-08-31,28272.43,28272.43,Оплачен вовремя
5160,417,2024-09-30,28272.43,28272.43,Оплачен вовремя
5161,417,2024-10-30,28272.43,28272.43,Оплачен вовремя
5162,417,2024-11-29,28272.43,28272.43,Оплачен вовремя
5163,417,2024-12-29,28272.43,28272.43,Оплачен вовремя
5164,417,2025-01-28,28272.43,28272.43,Оплачен вовремя
5165,417,2025-02-27,28272.43,28272.43,Оплачен вовремя
5166,417,2025-03-29,28272.43,28272.43,Оплачен вовремя
5167,417,2025-04-28,28272.43,28272.43,Оплачен вовремя
5168,417,2025-05-28,28272.43,28272.43,Оплачен вовремя
5169,417,2025-06-27,28272.43,28272.43,Оплачен вовремя
5170,417,2025-07-27,28272.43,28272.43,Оплачен вовремя
5171,417,2025-08-26,28272.43,28272.43,Оплачен вовремя
5172,417,2025-09-25,28272.43,28272.43,Оплачен вовремя
5173,417,2025-10-25,28272.43,28272.43,Оплачен вовремя
5174,417,2025-11-24,28272.43,28272.43,Оплачен вовремя
5175,418,2023-03-15,5774.41,5774.41,Просрочен
5176,418,2023-04-14,5774.41,5774.41,Просрочен
5177,418,2023-05-14,5774.41,0.0,Не оплачен
5178,418,2023-06-13,5774.41,0.0,Не оплачен
5179,418,2023-07-13,5774.41,0.0,Не оплачен
5180,418,2023-08-12,5774.41,5774.41,Просрочен
5181,418,2023-09-11,5774.41,5774.41,Оплачен вовремя
5182,418,2023-10-11,5774.41,5774.41,Оплачен вовремя
5183,418,2023-11-10,5774.41,5774.41,Оплачен вовремя
5184,418,2023-12-10,5774.41,5774.41,Оплачен вовремя
5185,418,2024-01-09,5774.41,5774.41,Оплачен вовремя
5186,418,2024-02-08,5774.41,5774.41,Оплачен вовремя
5187,418,2024-03-09,5774.41,5774.41,Оплачен вовремя
5188,418,2024-04-08,5774.41,5774.41,Оплачен вовремя
5189,418,2024-05-08,5774.41,5774.41,Просрочен
5190,418,2024-06-07,5774.41,5774.41,Оплачен вовремя
5191,418,2024-07-07,5774.41,5774.41,Просрочен
5192,418,2024-08-06,5774.41,0.0,Не оплачен
5193,418,2024-09-05,5774.41,5774.41,Просрочен
5194,418,2024-10-05,5774.41,5774.41,Оплачен вовремя
5195,418,2024-11-04,5774.41,0.0,Не оплачен
5196,418,2024-12-04,5774.41,5774.41,Просрочен
5197,418,2025-01-03,5774.41,0.0,Не оплачен
5198,418,2025-02-02,5774.41,5774.41,Оплачен вовремя
5199,419,2024-10-02,4504.27,4504.27,Оплачен вовремя
5200,419,2024-11-01,4504.27,4504.27,Оплачен вовремя
5201,419,2024-12-01,4504.27,4504.27,Оплачен вовремя
5202,419,2024-12-31,4504.27,4504.27,Оплачен вовремя
5203,419,2025-01-30,4504.27,4504.27,Оплачен вовремя
5204,419,2025-03-01,4504.27,4504.27,Оплачен вовремя
5205,419,2025-03-31,4504.27,4504.27,Оплачен вовремя
5206,419,2025-04-30,4504.27,4504.27,Оплачен вовремя
5207,419,2025-05-30,4504.27,4504.27,Оплачен вовремя
5208,419,2025-06-29,4504.27,4504.27,Оплачен вовремя
5209,419,2025-07-29,4504.27,4504.27,Оплачен вовремя
5210,419,2025-08-28,4504.27,4504.27,Оплачен вовремя
5211,419,2025-09-27,4504.27,4504.27,Оплачен вовремя
5212,419,2025-10-27,4504.27,4504.27,Оплачен вовремя
5213,419,2025-11-26,4504.27,4504.27,Оплачен вовремя
5214,420,2023-11-17,16986.73,16986.73,Оплачен вовремя
5215,420,2023-12-17,16986.73,16986.73,Оплачен вовремя
5216,420,2024-01-16,16986.73,16986.73,Оплачен вовремя
5217,420,2024-02-15,16986.73,16986.73,Оплачен вовремя
5218,420,2024-03-16,16986.73,16986.73,Оплачен вовремя
5219,420,2024-04-15,16986.73,16986.73,Оплачен вовремя
5220,420,2024-05-15,16986.73,16986.73,Оплачен вовремя
5221,420,2024-06-14,16986.73,16986.73,Оплачен вовремя
5222,420,2024-07-14,16986.73,16986.73,Оплачен вовремя
5223,420,2024-08-13,16986.73,16986.73,Оплачен вовремя
5224,420,2024-09-12,16986.73,16986.73,Оплачен вовремя
5225,420,2024-10-12,16986.73,16986.73,Оплачен вовремя
5226,420,2024-11-11,16986.73,16986.73,Оплачен вовремя
5227,420,2024-12-11,16986.73,16986.73,Оплачен вовремя
5228,420,2025-01-10,16986.73,16986.73,Оплачен вовремя
5229,420,2025-02-09,16986.73,16986.73,Оплачен вовремя
5230,420,2025-03-11,16986.73,16986.73,Оплачен вовремя
5231,420,2025-04-10,16986.73,16986.73,Оплачен вовремя
5232,420,2025-05-10,16986.73,16986.73,Оплачен вовремя
5233,420,2025-06-09,16986.73,16986.73,Оплачен вовремя
5234,420,2025-07-09,16986.73,16986.73,Оплачен вовремя
5235,420,2025-08-08,16986.73,16986.73,Оплачен вовремя
5236,420,2025-09-07,16986.73,16986.73,Оплачен вовремя
5237,420,2025-10-07,16986.73,16986.73,Оплачен вовремя
5238,421,2024-06-29,48321.38,48321.38,Оплачен вовремя
5239,421,2024-07-29,48321.38,48321.38,Оплачен вовремя
5240,421,2024-08-28,48321.38,48321.38,Оплачен вовремя
5241,421,2024-09-27,48321.38,48321.38,Оплачен вовремя
5242,421,2024-10-27,48321.38,48321.38,Оплачен вовремя
5243,421,2024-11-26,48321.38,48321.38,Оплачен вовремя
5244,421,2024-12-26,48321.38,48321.38,Оплачен вовремя
5245,421,2025-01-25,48321.38,48321.38,Оплачен вовремя
5246,421,2025-02-24,48321.38,48321.38,Оплачен вовремя
5247,421,2025-03-26,48321.38,48321.38,Оплачен вовремя
5248,421,2025-04-25,48321.38,48321.38,Оплачен вовремя
5249,421,2025-05-25,48321.38,48321.38,Оплачен вовремя
5250,421,2025-06-24,48321.38,48321.38,Оплачен вовремя
5251,421,2025-07-24,48321.38,48321.38,Оплачен вовремя
5252,421,2025-08-23,48321.38,48321.38,Оплачен вовремя
5253,421,2025-09-22,48321.38,48321.38,Оплачен вовремя
5254,421,2025-10-22,48321.38,48321.38,Оплачен вовремя
5255,421,2025-11-21,48321.38,48321.38,Оплачен вовремя
5256,421,2025-12-21,48321.38,48321.38,Оплачен вовремя
5257,422,2025-05-04,8048.42,8048.42,Оплачен вовремя
5258,422,2025-06-03,8048.42,8048.42,Оплачен вовремя
5259,422,2025-07-03,8048.42,8048.42,Оплачен вовремя
5260,422,2025-08-02,8048.42,8048.42,Оплачен вовремя
5261,422,2025-09-01,8048.42,8048.42,Оплачен вовремя
5262,422,2025-10-01,8048.42,8048.42,Оплачен вовремя
5263,422,2025-10-31,8048.42,8048.42,Оплачен вовремя
5264,422,2025-11-30,8048.42,8048.42,Оплачен вовремя
5265,424,2025-05-20,45413.73,45413.73,Оплачен вовремя
5266,424,2025-06-19,45413.73,45413.73,Оплачен вовремя
5267,424,2025-07-19,45413.73,45413.73,Оплачен вовремя
5268,424,2025-08-18,45413.73,45413.73,Оплачен вовремя
5269,424,2025-09-17,45413.73,0.0,Не оплачен
5270,424,2025-10-17,45413.73,0.0,Не оплачен
5271,424,2025-11-16,45413.73,45413.73,Оплачен вовремя
5272,424,2025-12-16,45413.73,45413.73,Просрочен
5273,425,2023-01-02,48885.02,48885.02,Оплачен вовремя
5274,425,2023-02-01,48885.02,48885.02,Оплачен вовремя
5275,425,2023-03-03,48885.02,48885.02,Оплачен вовремя
5276,425,2023-04-02,48885.02,48885.02,Оплачен вовремя
5277,425,2023-05-02,48885.02,48885.02,Оплачен вовремя
5278,425,2023-06-01,48885.02,48885.02,Оплачен вовремя
5279,425,2023-07-01,48885.02,48885.02,Оплачен вовремя
5280,425,2023-07-31,48885.02,48885.02,Оплачен вовремя
5281,425,2023-08-30,48885.02,48885.02,Оплачен вовремя
5282,425,2023-09-29,48885.02,48885.02,Оплачен вовремя
5283,425,2023-10-29,48885.02,48885.02,Оплачен вовремя
5284,425,2023-11-28,48885.02,48885.02,Оплачен вовремя
5285,425,2023-12-28,48885.02,48885.02,Оплачен вовремя
5286,425,2024-01-27,48885.02,48885.02,Оплачен вовремя
5287,425,2024-02-26,48885.02,48885.02,Оплачен вовремя
5288,425,2024-03-27,48885.02,48885.02,Оплачен вовремя
5289,425,2024-04-26,48885.02,48885.02,Оплачен вовремя
5290,425,2024-05-26,48885.02,48885.02,Оплачен вовремя
5291,425,2024-06-25,48885.02,48885.02,Оплачен вовремя
5292,425,2024-07-25,48885.02,48885.02,Оплачен вовремя
5293,425,2024-08-24,48885.02,48885.02,Оплачен вовремя
5294,425,2024-09-23,48885.02,48885.02,Оплачен вовремя
5295,425,2024-10-23,48885.02,48885.02,Оплачен вовремя
5296,425,2024-11-22,48885.02,48885.02,Оплачен вовремя
5297,425,2024-12-22,48885.02,48885.02,Оплачен вовремя
5298,425,2025-01-21,48885.02,48885.02,Оплачен вовремя
5299,425,2025-02-20,48885.02,48885.02,Оплачен вовремя
5300,425,2025-03-22,48885.02,48885.02,Оплачен вовремя
5301,425,2025-04-21,48885.02,48885.02,Оплачен вовремя
5302,425,2025-05-21,48885.02,48885.02,Оплачен вовремя
5303,425,2025-06-20,48885.02,48885.02,Оплачен вовремя
5304,425,2025-07-20,48885.02,48885.02,Оплачен вовремя
5305,425,2025-08-19,48885.02,48885.02,Оплачен вовремя
5306,425,2025-09-18,48885.02,48885.02,Оплачен вовремя
5307,425,2025-10-18,48885.02,48885.02,Оплачен вовремя
5308,425,2025-11-17,48885.02,48885.02,Оплачен вовремя
5309,426,2025-12-27,49976.07,49976.07,Оплачен вовремя
5310,427,2022-08-22,11853.52,11853.52,Оплачен вовремя
5311,427,2022-09-21,11853.52,11853.52,Оплачен вовремя
5312,427,2022-10-21,11853.52,11853.52,Оплачен вовремя
5313,427,2022-11-20,11853.52,11853.52,Оплачен вовремя
5314,427,2022-12-20,11853.52,11853.52,Оплачен вовремя
5315,427,2023-01-19,11853.52,11853.52,Оплачен вовремя
5316,427,2023-02-18,11853.52,11853.52,Оплачен вовремя
5317,427,2023-03-20,11853.52,11853.52,Оплачен вовремя
5318,427,2023-04-19,11853.52,11853.52,Оплачен вовремя
5319,427,2023-05-19,11853.52,11853.52,Оплачен вовремя
5320,427,2023-06-18,11853.52,11853.52,Оплачен вовремя
5321,427,2023-07-18,11853.52,11853.52,Оплачен вовремя
5322,427,2023-08-17,11853.52,11853.52,Оплачен вовремя
5323,427,2023-09-16,11853.52,11853.52,Оплачен вовремя
5324,427,2023-10-16,11853.52,11853.52,Оплачен вовремя
5325,427,2023-11-15,11853.52,11853.52,Оплачен вовремя
5326,427,2023-12-15,11853.52,11853.52,Оплачен вовремя
5327,427,2024-01-14,11853.52,11853.52,Оплачен вовремя
5328,427,2024-02-13,11853.52,11853.52,Оплачен вовремя
5329,427,2024-03-14,11853.52,11853.52,Оплачен вовремя
5330,427,2024-04-13,11853.52,11853.52,Оплачен вовремя
5331,427,2024-05-13,11853.52,11853.52,Оплачен вовремя
5332,427,2024-06-12,11853.52,11853.52,Оплачен вовремя
5333,427,2024-07-12,11853.52,11853.52,Оплачен вовремя
5334,427,2024-08-11,11853.52,11853.52,Оплачен вовремя
5335,427,2024-09-10,11853.52,11853.52,Оплачен вовремя
5336,427,2024-10-10,11853.52,11853.52,Оплачен вовремя
5337,427,2024-11-09,11853.52,11853.52,Оплачен вовремя
5338,427,2024-12-09,11853.52,11853.52,Оплачен вовремя
5339,427,2025-01-08,11853.52,11853.52,Оплачен вовремя
5340,427,2025-02-07,11853.52,11853.52,Оплачен вовремя
5341,427,2025-03-09,11853.52,11853.52,Оплачен вовремя
5342,427,2025-04-08,11853.52,11853.52,Оплачен вовремя
5343,427,2025-05-08,11853.52,11853.52,Оплачен вовремя
5344,427,2025-06-07,11853.52,11853.52,Оплачен вовремя
5345,427,2025-07-07,11853.52,11853.52,Оплачен вовремя
5346,427,2025-08-06,11853.52,11853.52,Оплачен вовремя
5347,427,2025-09-05,11853.52,11853.52,Оплачен вовремя
5348,427,2025-10-05,11853.52,11853.52,Оплачен вовремя
5349,427,2025-11-04,11853.52,11853.52,Оплачен вовремя
5350,427,2025-12-04,11853.52,11853.52,Оплачен вовремя
5351,428,2022-07-25,22113.97,22113.97,Оплачен вовремя
5352,428,2022-08-24,22113.97,22113.97,Оплачен вовремя
5353,428,2022-09-23,22113.97,22113.97,Оплачен вовремя
5354,428,2022-10-23,22113.97,22113.97,Оплачен вовремя
5355,428,2022-11-22,22113.97,22113.97,Оплачен вовремя
5356,428,2022-12-22,22113.97,22113.97,Оплачен вовремя
5357,428,2023-01-21,22113.97,22113.97,Оплачен вовремя
5358,428,2023-02-20,22113.97,22113.97,Оплачен вовремя
5359,428,2023-03-22,22113.97,22113.97,Оплачен вовремя
5360,428,2023-04-21,22113.97,22113.97,Оплачен вовремя
5361,428,2023-05-21,22113.97,22113.97,Оплачен вовремя
5362,428,2023-06-20,22113.97,22113.97,Оплачен вовремя
5363,428,2023-07-20,22113.97,22113.97,Оплачен вовремя
5364,428,2023-08-19,22113.97,22113.97,Оплачен вовремя
5365,428,2023-09-18,22113.97,22113.97,Оплачен вовремя
5366,428,2023-10-18,22113.97,22113.97,Оплачен вовремя
5367,428,2023-11-17,22113.97,22113.97,Оплачен вовремя
5368,428,2023-12-17,22113.97,22113.97,Оплачен вовремя
5369,428,2024-01-16,22113.97,22113.97,Оплачен вовремя
5370,428,2024-02-15,22113.97,22113.97,Оплачен вовремя
5371,428,2024-03-16,22113.97,22113.97,Оплачен вовремя
5372,428,2024-04-15,22113.97,22113.97,Оплачен вовремя
5373,428,2024-05-15,22113.97,22113.97,Оплачен вовремя
5374,428,2024-06-14,22113.97,22113.97,Оплачен вовремя
5375,428,2024-07-14,22113.97,22113.97,Оплачен вовремя
5376,428,2024-08-13,22113.97,22113.97,Оплачен вовремя
5377,428,2024-09-12,22113.97,22113.97,Оплачен вовремя
5378,428,2024-10-12,22113.97,22113.97,Оплачен вовремя
5379,428,2024-11-11,22113.97,22113.97,Оплачен вовремя
5380,428,2024-12-11,22113.97,22113.97,Оплачен вовремя
5381,428,2025-01-10,22113.97,22113.97,Оплачен вовремя
5382,428,2025-02-09,22113.97,22113.97,Оплачен вовремя
5383,428,2025-03-11,22113.97,22113.97,Оплачен вовремя
5384,428,2025-04-10,22113.97,22113.97,Оплачен вовремя
5385,428,2025-05-10,22113.97,22113.97,Оплачен вовремя
5386,428,2025-06-09,22113.97,22113.97,Оплачен вовремя
5387,429,2023-07-31,17443.99,0.0,Не оплачен
5388,429,2023-08-30,17443.99,17443.99,Оплачен вовремя
5389,429,2023-09-29,17443.99,17443.99,Просрочен
5390,429,2023-10-29,17443.99,17443.99,Оплачен вовремя
5391,429,2023-11-28,17443.99,17443.99,Оплачен вовремя
5392,429,2023-12-28,17443.99,17443.99,Оплачен вовремя
5393,429,2024-01-27,17443.99,17443.99,Оплачен вовремя
5394,429,2024-02-26,17443.99,17443.99,Просрочен
5395,429,2024-03-27,17443.99,17443.99,Оплачен вовремя
5396,429,2024-04-26,17443.99,17443.99,Просрочен
5397,429,2024-05-26,17443.99,17443.99,Оплачен вовремя
5398,429,2024-06-25,17443.99,17443.99,Оплачен вовремя
5399,429,2024-07-25,17443.99,17443.99,Оплачен вовремя
5400,429,2024-08-24,17443.99,17443.99,Просрочен
5401,429,2024-09-23,17443.99,0.0,Не оплачен
5402,429,2024-10-23,17443.99,17443.99,Оплачен вовремя
5403,429,2024-11-22,17443.99,17443.99,Оплачен вовремя
5404,429,2024-12-22,17443.99,17443.99,Оплачен вовремя
5405,429,2025-01-21,17443.99,17443.99,Оплачен вовремя
5406,429,2025-02-20,17443.99,17443.99,Оплачен вовремя
5407,429,2025-03-22,17443.99,17443.99,Оплачен вовремя
5408,429,2025-04-21,17443.99,17443.99,Оплачен вовремя
5409,429,2025-05-21,17443.99,17443.99,Оплачен вовремя
5410,429,2025-06-20,17443.99,17443.99,Оплачен вовремя
5411,429,2025-07-20,17443.99,0.0,Не оплачен
5412,429,2025-08-19,17443.99,17443.99,Просрочен
5413,429,2025-09-18,17443.99,17443.99,Оплачен вовремя
5414,429,2025-10-18,17443.99,17443.99,Оплачен вовремя
5415,429,2025-11-17,17443.99,17443.99,Оплачен вовремя
5416,430,2024-08-26,7360.32,7360.32,Оплачен вовремя
5417,430,2024-09-25,7360.32,7360.32,Оплачен вовремя
5418,430,2024-10-25,7360.32,7360.32,Оплачен вовремя
5419,430,2024-11-24,7360.32,7360.32,Оплачен вовремя
5420,430,2024-12-24,7360.32,7360.32,Оплачен вовремя
5421,430,2025-01-23,7360.32,7360.32,Оплачен вовремя
5422,430,2025-02-22,7360.32,7360.32,Оплачен вовремя
5423,430,2025-03-24,7360.32,7360.32,Оплачен вовремя
5424,430,2025-04-23,7360.32,7360.32,Оплачен вовремя
5425,430,2025-05-23,7360.32,7360.32,Оплачен вовремя
5426,430,2025-06-22,7360.32,7360.32,Оплачен вовремя
5427,430,2025-07-22,7360.32,7360.32,Оплачен вовремя
5428,430,2025-08-21,7360.32,7360.32,Оплачен вовремя
5429,430,2025-09-20,7360.32,7360.32,Оплачен вовремя
5430,430,2025-10-20,7360.32,7360.32,Оплачен вовремя
5431,430,2025-11-19,7360.32,7360.32,Оплачен вовремя
5432,430,2025-12-19,7360.32,7360.32,Оплачен вовремя
5433,431,2025-12-27,16558.6,16558.6,Оплачен вовремя
5434,432,2025-11-22,8747.98,8747.98,Просрочен
5435,432,2025-12-22,8747.98,8747.98,Оплачен вовремя
5436,433,2024-11-24,21288.4,21288.4,Оплачен вовремя
5437,433,2024-12-24,21288.4,21288.4,Оплачен вовремя
5438,433,2025-01-23,21288.4,21288.4,Оплачен вовремя
5439,433,2025-02-22,21288.4,21288.4,Оплачен вовремя
5440,433,2025-03-24,21288.4,21288.4,Оплачен вовремя
5441,433,2025-04-23,21288.4,21288.4,Оплачен вовремя
5442,433,2025-05-23,21288.4,21288.4,Оплачен вовремя
5443,433,2025-06-22,21288.4,21288.4,Оплачен вовремя
5444,433,2025-07-22,21288.4,21288.4,Оплачен вовремя
5445,433,2025-08-21,21288.4,21288.4,Оплачен вовремя
5446,433,2025-09-20,21288.4,21288.4,Оплачен вовремя
5447,433,2025-10-20,21288.4,21288.4,Оплачен вовремя
5448,433,2025-11-19,21288.4,21288.4,Оплачен вовремя
5449,433,2025-12-19,21288.4,21288.4,Оплачен вовремя
5450,435,2025-08-16,10204.17,10204.17,Оплачен вовремя
5451,435,2025-09-15,10204.17,10204.17,Оплачен вовремя
5452,435,2025-10-15,10204.17,10204.17,Оплачен вовремя
5453,435,2025-11-14,10204.17,10204.17,Оплачен вовремя
5454,435,2025-12-14,10204.17,10204.17,Оплачен вовремя
5455,436,2025-10-12,10639.52,10639.52,Оплачен вовремя
5456,436,2025-11-11,10639.52,10639.52,Оплачен вовремя
5457,436,2025-12-11,10639.52,10639.52,Оплачен вовремя
5458,437,2025-07-01,1593157.13,1593157.13,Оплачен вовремя
5459,437,2025-07-31,1593157.13,1593157.13,Оплачен вовремя
5460,437,2025-08-30,1593157.13,1593157.13,Оплачен вовремя
5461,438,2025-12-06,63472.55,63472.55,Оплачен вовремя
5462,439,2025-10-29,32231.31,32231.31,Оплачен вовремя
5463,439,2025-11-28,32231.31,32231.31,Оплачен вовремя
5464,439,2025-12-28,32231.31,32231.31,Оплачен вовремя
5465,440,2025-11-19,951665.22,951665.22,Оплачен вовремя
5466,440,2025-12-19,951665.22,951665.22,Оплачен вовремя
5467,441,2025-10-27,11728.74,11728.74,Оплачен вовремя
5468,441,2025-11-26,11728.74,11728.74,Оплачен вовремя
5469,441,2025-12-26,11728.74,11728.74,Оплачен вовремя
5470,442,2024-11-18,6758.15,6758.15,Оплачен вовремя
5471,442,2024-12-18,6758.15,6758.15,Оплачен вовремя
5472,442,2025-01-17,6758.15,6758.15,Оплачен вовремя
5473,442,2025-02-16,6758.15,6758.15,Оплачен вовремя
5474,442,2025-03-18,6758.15,6758.15,Оплачен вовремя
5475,442,2025-04-17,6758.15,6758.15,Оплачен вовремя
5476,442,2025-05-17,6758.15,6758.15,Оплачен вовремя
5477,442,2025-06-16,6758.15,6758.15,Оплачен вовремя
5478,442,2025-07-16,6758.15,6758.15,Оплачен вовремя
5479,442,2025-08-15,6758.15,6758.15,Оплачен вовремя
5480,442,2025-09-14,6758.15,6758.15,Оплачен вовремя
5481,442,2025-10-14,6758.15,6758.15,Оплачен вовремя
5482,442,2025-11-13,6758.15,6758.15,Оплачен вовремя
5483,442,2025-12-13,6758.15,6758.15,Оплачен вовремя
5484,443,2025-11-09,336035.85,336035.85,Оплачен вовремя
5485,443,2025-12-09,336035.85,336035.85,Оплачен вовремя
5486,444,2025-11-18,1979.43,1979.43,Оплачен вовремя
5487,444,2025-12-18,1979.43,1979.43,Оплачен вовремя
5488,445,2024-08-17,10118.29,10118.29,Оплачен вовремя
5489,445,2024-09-16,10118.29,10118.29,Оплачен вовремя
5490,445,2024-10-16,10118.29,10118.29,Оплачен вовремя
5491,445,2024-11-15,10118.29,10118.29,Оплачен вовремя
5492,445,2024-12-15,10118.29,10118.29,Оплачен вовремя
5493,445,2025-01-14,10118.29,10118.29,Оплачен вовремя
5494,445,2025-02-13,10118.29,10118.29,Оплачен вовремя
5495,445,2025-03-15,10118.29,10118.29,Оплачен вовремя
5496,445,2025-04-14,10118.29,10118.29,Оплачен вовремя
5497,445,2025-05-14,10118.29,10118.29,Оплачен вовремя
5498,445,2025-06-13,10118.29,10118.29,Оплачен вовремя
5499,445,2025-07-13,10118.29,10118.29,Оплачен вовремя
5500,445,2025-08-12,10118.29,10118.29,Оплачен вовремя
5501,445,2025-09-11,10118.29,10118.29,Оплачен вовремя
5502,445,2025-10-11,10118.29,10118.29,Оплачен вовремя
5503,445,2025-11-10,10118.29,10118.29,Оплачен вовремя
5504,445,2025-12-10,10118.29,10118.29,Оплачен вовремя
5505,446,2022-10-21,43410.2,43410.2,Оплачен вовремя
5506,446,2022-11-20,43410.2,43410.2,Оплачен вовремя
5507,446,2022-12-20,43410.2,43410.2,Оплачен вовремя
5508,446,2023-01-19,43410.2,43410.2,Оплачен вовремя
5509,446,2023-02-18,43410.2,43410.2,Оплачен вовремя
5510,446,2023-03-20,43410.2,43410.2,Оплачен вовремя
5511,446,2023-04-19,43410.2,43410.2,Оплачен вовремя
5512,446,2023-05-19,43410.2,43410.2,Оплачен вовремя
5513,446,2023-06-18,43410.2,43410.2,Оплачен вовремя
5514,446,2023-07-18,43410.2,43410.2,Оплачен вовремя
5515,446,2023-08-17,43410.2,43410.2,Оплачен вовремя
5516,446,2023-09-16,43410.2,43410.2,Оплачен вовремя
5517,446,2023-10-16,43410.2,43410.2,Оплачен вовремя
5518,446,2023-11-15,43410.2,43410.2,Оплачен вовремя
5519,446,2023-12-15,43410.2,43410.2,Оплачен вовремя
5520,446,2024-01-14,43410.2,43410.2,Оплачен вовремя
5521,446,2024-02-13,43410.2,43410.2,Оплачен вовремя
5522,446,2024-03-14,43410.2,43410.2,Оплачен вовремя
5523,446,2024-04-13,43410.2,43410.2,Оплачен вовремя
5524,446,2024-05-13,43410.2,43410.2,Оплачен вовремя
5525,446,2024-06-12,43410.2,43410.2,Оплачен вовремя
5526,446,2024-07-12,43410.2,43410.2,Оплачен вовремя
5527,446,2024-08-11,43410.2,43410.2,Оплачен вовремя
5528,446,2024-09-10,43410.2,43410.2,Оплачен вовремя
5529,446,2024-10-10,43410.2,43410.2,Оплачен вовремя
5530,446,2024-11-09,43410.2,43410.2,Оплачен вовремя
5531,446,2024-12-09,43410.2,43410.2,Оплачен вовремя
5532,446,2025-01-08,43410.2,43410.2,Оплачен вовремя
5533,446,2025-02-07,43410.2,43410.2,Оплачен вовремя
5534,446,2025-03-09,43410.2,43410.2,Оплачен вовремя
5535,446,2025-04-08,43410.2,43410.2,Оплачен вовремя
5536,446,2025-05-08,43410.2,43410.2,Оплачен вовремя
5537,446,2025-06-07,43410.2,43410.2,Оплачен вовремя
5538,446,2025-07-07,43410.2,43410.2,Оплачен вовремя
5539,446,2025-08-06,43410.2,43410.2,Оплачен вовремя
5540,446,2025-09-05,43410.2,43410.2,Оплачен вовремя
5541,446,2025-10-05,43410.2,43410.2,Оплачен вовремя
5542,446,2025-11-04,43410.2,43410.2,Оплачен вовремя
5543,446,2025-12-04,43410.2,43410.2,Оплачен вовремя
5544,447,2024-07-14,30605.07,30605.07,Оплачен вовремя
5545,447,2024-08-13,30605.07,30605.07,Оплачен вовремя
5546,447,2024-09-12,30605.07,30605.07,Оплачен вовремя
5547,447,2024-10-12,30605.07,30605.07,Оплачен вовремя
5548,447,2024-11-11,30605.07,30605.07,Оплачен вовремя
5549,447,2024-12-11,30605.07,30605.07,Оплачен вовремя
5550,447,2025-01-10,30605.07,30605.07,Оплачен вовремя
5551,447,2025-02-09,30605.07,30605.07,Оплачен вовремя
5552,447,2025-03-11,30605.07,30605.07,Оплачен вовремя
5553,447,2025-04-10,30605.07,30605.07,Оплачен вовремя
5554,447,2025-05-10,30605.07,30605.07,Оплачен вовремя
5555,447,2025-06-09,30605.07,30605.07,Оплачен вовремя
5556,447,2025-07-09,30605.07,30605.07,Оплачен вовремя
5557,447,2025-08-08,30605.07,30605.07,Оплачен вовремя
5558,447,2025-09-07,30605.07,30605.07,Оплачен вовремя
5559,447,2025-10-07,30605.07,30605.07,Оплачен вовремя
5560,447,2025-11-06,30605.07,30605.07,Оплачен вовремя
5561,447,2025-12-06,30605.07,30605.07,Оплачен вовремя
5562,448,2025-08-07,34696.13,34696.13,Оплачен вовремя
5563,448,2025-09-06,34696.13,34696.13,Оплачен вовремя
5564,448,2025-10-06,34696.13,34696.13,Оплачен вовремя
5565,448,2025-11-05,34696.13,34696.13,Оплачен вовремя
5566,448,2025-12-05,34696.13,34696.13,Оплачен вовремя
5567,449,2022-12-02,7169.22,7169.22,Оплачен вовремя
5568,449,2023-01-01,7169.22,7169.22,Оплачен вовремя
5569,449,2023-01-31,7169.22,7169.22,Оплачен вовремя
5570,449,2023-03-02,7169.22,7169.22,Оплачен вовремя
5571,449,2023-04-01,7169.22,7169.22,Оплачен вовремя
5572,449,2023-05-01,7169.22,7169.22,Оплачен вовремя
5573,449,2023-05-31,7169.22,7169.22,Оплачен вовремя
5574,449,2023-06-30,7169.22,7169.22,Оплачен вовремя
5575,449,2023-07-30,7169.22,7169.22,Оплачен вовремя
5576,449,2023-08-29,7169.22,7169.22,Оплачен вовремя
5577,449,2023-09-28,7169.22,7169.22,Оплачен вовремя
5578,449,2023-10-28,7169.22,7169.22,Оплачен вовремя
5579,450,2025-04-16,43316.64,43316.64,Оплачен вовремя
5580,450,2025-05-16,43316.64,43316.64,Оплачен вовремя
5581,450,2025-06-15,43316.64,43316.64,Оплачен вовремя
5582,450,2025-07-15,43316.64,43316.64,Оплачен вовремя
5583,450,2025-08-14,43316.64,43316.64,Оплачен вовремя
5584,450,2025-09-13,43316.64,43316.64,Оплачен вовремя
5585,450,2025-10-13,43316.64,43316.64,Оплачен вовремя
5586,450,2025-11-12,43316.64,43316.64,Оплачен вовремя
5587,450,2025-12-12,43316.64,43316.64,Оплачен вовремя
5588,451,2023-02-17,8451.14,8451.14,Оплачен вовремя
5589,451,2023-03-19,8451.14,8451.14,Оплачен вовремя
5590,451,2023-04-18,8451.14,8451.14,Оплачен вовремя
5591,451,2023-05-18,8451.14,8451.14,Оплачен вовремя
5592,451,2023-06-17,8451.14,8451.14,Оплачен вовремя
5593,451,2023-07-17,8451.14,8451.14,Оплачен вовремя
5594,451,2023-08-16,8451.14,8451.14,Оплачен вовремя
5595,451,2023-09-15,8451.14,8451.14,Оплачен вовремя
5596,451,2023-10-15,8451.14,8451.14,Оплачен вовремя
5597,451,2023-11-14,8451.14,8451.14,Оплачен вовремя
5598,451,2023-12-14,8451.14,8451.14,Оплачен вовремя
5599,451,2024-01-13,8451.14,8451.14,Оплачен вовремя
5600,451,2024-02-12,8451.14,8451.14,Оплачен вовремя
5601,451,2024-03-13,8451.14,8451.14,Оплачен вовремя
5602,451,2024-04-12,8451.14,8451.14,Оплачен вовремя
5603,451,2024-05-12,8451.14,8451.14,Оплачен вовремя
5604,451,2024-06-11,8451.14,8451.14,Оплачен вовремя
5605,451,2024-07-11,8451.14,8451.14,Оплачен вовремя
5606,451,2024-08-10,8451.14,8451.14,Оплачен вовремя
5607,451,2024-09-09,8451.14,8451.14,Оплачен вовремя
5608,451,2024-10-09,8451.14,8451.14,Оплачен вовремя
5609,451,2024-11-08,8451.14,8451.14,Оплачен вовремя
5610,451,2024-12-08,8451.14,8451.14,Оплачен вовремя
5611,451,2025-01-07,8451.14,8451.14,Оплачен вовремя
5612,452,2023-08-10,14386.6,14386.6,Оплачен вовремя
5613,452,2023-09-09,14386.6,14386.6,Оплачен вовремя
5614,452,2023-10-09,14386.6,14386.6,Оплачен вовремя
5615,452,2023-11-08,14386.6,14386.6,Оплачен вовремя
5616,452,2023-12-08,14386.6,14386.6,Оплачен вовремя
5617,452,2024-01-07,14386.6,14386.6,Оплачен вовремя
5618,452,2024-02-06,14386.6,14386.6,Оплачен вовремя
5619,452,2024-03-07,14386.6,14386.6,Оплачен вовремя
5620,452,2024-04-06,14386.6,14386.6,Оплачен вовремя
5621,452,2024-05-06,14386.6,14386.6,Оплачен вовремя
5622,452,2024-06-05,14386.6,14386.6,Оплачен вовремя
5623,452,2024-07-05,14386.6,14386.6,Оплачен вовремя
5624,452,2024-08-04,14386.6,14386.6,Оплачен вовремя
5625,452,2024-09-03,14386.6,14386.6,Оплачен вовремя
5626,452,2024-10-03,14386.6,14386.6,Оплачен вовремя
5627,452,2024-11-02,14386.6,14386.6,Оплачен вовремя
5628,452,2024-12-02,14386.6,14386.6,Оплачен вовремя
5629,452,2025-01-01,14386.6,14386.6,Оплачен вовремя
5630,452,2025-01-31,14386.6,14386.6,Оплачен вовремя
5631,452,2025-03-02,14386.6,14386.6,Оплачен вовремя
5632,452,2025-04-01,14386.6,14386.6,Оплачен вовремя
5633,452,2025-05-01,14386.6,14386.6,Оплачен вовремя
5634,452,2025-05-31,14386.6,14386.6,Оплачен вовремя
5635,452,2025-06-30,14386.6,14386.6,Оплачен вовремя
5636,452,2025-07-30,14386.6,14386.6,Оплачен вовремя
5637,452,2025-08-29,14386.6,14386.6,Оплачен вовремя
5638,452,2025-09-28,14386.6,14386.6,Оплачен вовремя
5639,452,2025-10-28,14386.6,14386.6,Оплачен вовремя
5640,452,2025-11-27,14386.6,14386.6,Оплачен вовремя
5641,453,2025-02-14,5652.89,5652.89,Оплачен вовремя
5642,453,2025-03-16,5652.89,5652.89,Оплачен вовремя
5643,453,2025-04-15,5652.89,5652.89,Оплачен вовремя
5644,453,2025-05-15,5652.89,5652.89,Оплачен вовремя
5645,453,2025-06-14,5652.89,5652.89,Оплачен вовремя
5646,453,2025-07-14,5652.89,5652.89,Оплачен вовремя
5647,453,2025-08-13,5652.89,5652.89,Оплачен вовремя
5648,453,2025-09-12,5652.89,5652.89,Оплачен вовремя
5649,453,2025-10-12,5652.89,5652.89,Оплачен вовремя
5650,453,2025-11-11,5652.89,5652.89,Оплачен вовремя
5651,453,2025-12-11,5652.89,5652.89,Оплачен вовремя
5652,454,2024-11-12,10317.65,10317.65,Оплачен вовремя
5653,454,2024-12-12,10317.65,10317.65,Оплачен вовремя
5654,454,2025-01-11,10317.65,10317.65,Оплачен вовремя
5655,454,2025-02-10,10317.65,10317.65,Оплачен вовремя
5656,454,2025-03-12,10317.65,10317.65,Оплачен вовремя
5657,454,2025-04-11,10317.65,10317.65,Оплачен вовремя
5658,454,2025-05-11,10317.65,10317.65,Оплачен вовремя
5659,454,2025-06-10,10317.65,10317.65,Оплачен вовремя
5660,454,2025-07-10,10317.65,10317.65,Оплачен вовремя
5661,454,2025-08-09,10317.65,10317.65,Оплачен вовремя
5662,454,2025-09-08,10317.65,10317.65,Оплачен вовремя
5663,454,2025-10-08,10317.65,10317.65,Оплачен вовремя
5664,454,2025-11-07,10317.65,10317.65,Оплачен вовремя
5665,454,2025-12-07,10317.65,10317.65,Оплачен вовремя
5666,455,2023-06-06,169891.09,169891.09,Оплачен вовремя
5667,455,2023-07-06,169891.09,169891.09,Оплачен вовремя
5668,455,2023-08-05,169891.09,169891.09,Оплачен вовремя
5669,455,2023-09-04,169891.09,169891.09,Оплачен вовремя
5670,455,2023-10-04,169891.09,169891.09,Оплачен вовремя
5671,455,2023-11-03,169891.09,169891.09,Оплачен вовремя
5672,455,2023-12-03,169891.09,169891.09,Оплачен вовремя
5673,455,2024-01-02,169891.09,169891.09,Оплачен вовремя
5674,455,2024-02-01,169891.09,169891.09,Оплачен вовремя
5675,455,2024-03-02,169891.09,169891.09,Оплачен вовремя
5676,455,2024-04-01,169891.09,169891.09,Оплачен вовремя
5677,455,2024-05-01,169891.09,169891.09,Оплачен вовремя
5678,456,2024-06-19,11970.11,11970.11,Оплачен вовремя
5679,456,2024-07-19,11970.11,11970.11,Оплачен вовремя
5680,456,2024-08-18,11970.11,11970.11,Оплачен вовремя
5681,456,2024-09-17,11970.11,11970.11,Оплачен вовремя
5682,456,2024-10-17,11970.11,11970.11,Оплачен вовремя
5683,456,2024-11-16,11970.11,11970.11,Оплачен вовремя
5684,456,2024-12-16,11970.11,11970.11,Оплачен вовремя
5685,456,2025-01-15,11970.11,11970.11,Оплачен вовремя
5686,456,2025-02-14,11970.11,11970.11,Оплачен вовремя
5687,456,2025-03-16,11970.11,11970.11,Оплачен вовремя
5688,456,2025-04-15,11970.11,11970.11,Оплачен вовремя
5689,456,2025-05-15,11970.11,11970.11,Оплачен вовремя
5690,456,2025-06-14,11970.11,11970.11,Оплачен вовремя
5691,456,2025-07-14,11970.11,11970.11,Оплачен вовремя
5692,456,2025-08-13,11970.11,11970.11,Оплачен вовремя
5693,456,2025-09-12,11970.11,11970.11,Оплачен вовремя
5694,456,2025-10-12,11970.11,11970.11,Оплачен вовремя
5695,456,2025-11-11,11970.11,11970.11,Оплачен вовремя
5696,456,2025-12-11,11970.11,11970.11,Оплачен вовремя
5697,457,2025-10-12,2450.78,2450.78,Оплачен вовремя
5698,457,2025-11-11,2450.78,2450.78,Оплачен вовремя
5699,457,2025-12-11,2450.78,2450.78,Оплачен вовремя
5700,458,2025-10-27,8704.09,8704.09,Оплачен вовремя
5701,458,2025-11-26,8704.09,8704.09,Оплачен вовремя
5702,458,2025-12-26,8704.09,8704.09,Оплачен вовремя
5703,459,2025-08-07,51242.77,51242.77,Оплачен вовремя
5704,459,2025-09-06,51242.77,51242.77,Оплачен вовремя
5705,459,2025-10-06,51242.77,51242.77,Оплачен вовремя
5706,459,2025-11-05,51242.77,51242.77,Оплачен вовремя
5707,459,2025-12-05,51242.77,51242.77,Оплачен вовремя
5708,460,2022-10-02,16901.6,16901.6,Оплачен вовремя
5709,460,2022-11-01,16901.6,16901.6,Оплачен вовремя
5710,460,2022-12-01,16901.6,16901.6,Оплачен вовремя
5711,460,2022-12-31,16901.6,16901.6,Оплачен вовремя
5712,460,2023-01-30,16901.6,16901.6,Оплачен вовремя
5713,460,2023-03-01,16901.6,16901.6,Просрочен
5714,460,2023-03-31,16901.6,16901.6,Просрочен
5715,460,2023-04-30,16901.6,16901.6,Просрочен
5716,460,2023-05-30,16901.6,16901.6,Оплачен вовремя
5717,460,2023-06-29,16901.6,0.0,Не оплачен
5718,460,2023-07-29,16901.6,16901.6,Оплачен вовремя
5719,460,2023-08-28,16901.6,16901.6,Просрочен
5720,460,2023-09-27,16901.6,16901.6,Оплачен вовремя
5721,460,2023-10-27,16901.6,16901.6,Оплачен вовремя
5722,460,2023-11-26,16901.6,0.0,Не оплачен
5723,460,2023-12-26,16901.6,16901.6,Оплачен вовремя
5724,460,2024-01-25,16901.6,16901.6,Просрочен
5725,460,2024-02-24,16901.6,0.0,Не оплачен
5726,460,2024-03-25,16901.6,16901.6,Оплачен вовремя
5727,460,2024-04-24,16901.6,16901.6,Оплачен вовремя
5728,460,2024-05-24,16901.6,16901.6,Просрочен
5729,460,2024-06-23,16901.6,16901.6,Просрочен
5730,460,2024-07-23,16901.6,16901.6,Оплачен вовремя
5731,460,2024-08-22,16901.6,16901.6,Просрочен
5732,460,2024-09-21,16901.6,16901.6,Оплачен вовремя
5733,460,2024-10-21,16901.6,16901.6,Оплачен вовремя
5734,460,2024-11-20,16901.6,16901.6,Оплачен вовремя
5735,460,2024-12-20,16901.6,16901.6,Просрочен
5736,460,2025-01-19,16901.6,16901.6,Просрочен
5737,460,2025-02-18,16901.6,16901.6,Оплачен вовремя
5738,460,2025-03-20,16901.6,16901.6,Оплачен вовремя
5739,460,2025-04-19,16901.6,16901.6,Просрочен
5740,460,2025-05-19,16901.6,0.0,Не оплачен
5741,460,2025-06-18,16901.6,16901.6,Оплачен вовремя
5742,460,2025-07-18,16901.6,16901.6,Оплачен вовремя
5743,460,2025-08-17,16901.6,16901.6,Оплачен вовремя
5744,460,2025-09-16,16901.6,16901.6,Оплачен вовремя
5745,460,2025-10-16,16901.6,16901.6,Оплачен вовремя
5746,460,2025-11-15,16901.6,16901.6,Просрочен
5747,461,2024-05-12,25072.15,25072.15,Оплачен вовремя
5748,461,2024-06-11,25072.15,25072.15,Оплачен вовремя
5749,461,2024-07-11,25072.15,25072.15,Оплачен вовремя
5750,461,2024-08-10,25072.15,25072.15,Оплачен вовремя
5751,461,2024-09-09,25072.15,25072.15,Оплачен вовремя
5752,461,2024-10-09,25072.15,25072.15,Оплачен вовремя
5753,461,2024-11-08,25072.15,25072.15,Оплачен вовремя
5754,461,2024-12-08,25072.15,25072.15,Оплачен вовремя
5755,461,2025-01-07,25072.15,25072.15,Оплачен вовремя
5756,461,2025-02-06,25072.15,25072.15,Оплачен вовремя
5757,461,2025-03-08,25072.15,25072.15,Оплачен вовремя
5758,461,2025-04-07,25072.15,25072.15,Оплачен вовремя
5759,461,2025-05-07,25072.15,25072.15,Оплачен вовремя
5760,461,2025-06-06,25072.15,25072.15,Оплачен вовремя
5761,461,2025-07-06,25072.15,25072.15,Оплачен вовремя
5762,461,2025-08-05,25072.15,25072.15,Оплачен вовремя
5763,461,2025-09-04,25072.15,25072.15,Оплачен вовремя
5764,461,2025-10-04,25072.15,25072.15,Оплачен вовремя
5765,461,2025-11-03,25072.15,25072.15,Оплачен вовремя
5766,461,2025-12-03,25072.15,25072.15,Оплачен вовремя
5767,462,2024-09-13,13105.96,13105.96,Оплачен вовремя
5768,462,2024-10-13,13105.96,13105.96,Оплачен вовремя
5769,462,2024-11-12,13105.96,13105.96,Оплачен вовремя
5770,462,2024-12-12,13105.96,13105.96,Оплачен вовремя
5771,462,2025-01-11,13105.96,13105.96,Оплачен вовремя
5772,462,2025-02-10,13105.96,13105.96,Оплачен вовремя
5773,462,2025-03-12,13105.96,13105.96,Оплачен вовремя
5774,462,2025-04-11,13105.96,13105.96,Оплачен вовремя
5775,462,2025-05-11,13105.96,13105.96,Оплачен вовремя
5776,462,2025-06-10,13105.96,13105.96,Оплачен вовремя
5777,462,2025-07-10,13105.96,13105.96,Оплачен вовремя
5778,462,2025-08-09,13105.96,13105.96,Оплачен вовремя
5779,462,2025-09-08,13105.96,13105.96,Оплачен вовремя
5780,462,2025-10-08,13105.96,13105.96,Оплачен вовремя
5781,462,2025-11-07,13105.96,13105.96,Оплачен вовремя
5782,462,2025-12-07,13105.96,13105.96,Оплачен вовремя
5783,463,2023-12-06,11723.23,11723.23,Оплачен вовремя
5784,463,2024-01-05,11723.23,11723.23,Оплачен вовремя
5785,463,2024-02-04,11723.23,11723.23,Оплачен вовремя
5786,463,2024-03-05,11723.23,11723.23,Оплачен вовремя
5787,463,2024-04-04,11723.23,11723.23,Оплачен вовремя
5788,463,2024-05-04,11723.23,11723.23,Оплачен вовремя
5789,463,2024-06-03,11723.23,11723.23,Оплачен вовремя
5790,463,2024-07-03,11723.23,11723.23,Оплачен вовремя
5791,463,2024-08-02,11723.23,11723.23,Оплачен вовремя
5792,463,2024-09-01,11723.23,11723.23,Оплачен вовремя
5793,463,2024-10-01,11723.23,11723.23,Оплачен вовремя
5794,463,2024-10-31,11723.23,11723.23,Оплачен вовремя
5795,463,2024-11-30,11723.23,11723.23,Оплачен вовремя
5796,463,2024-12-30,11723.23,11723.23,Оплачен вовремя
5797,463,2025-01-29,11723.23,11723.23,Оплачен вовремя
5798,463,2025-02-28,11723.23,11723.23,Оплачен вовремя
5799,463,2025-03-30,11723.23,11723.23,Оплачен вовремя
5800,463,2025-04-29,11723.23,11723.23,Оплачен вовремя
5801,463,2025-05-29,11723.23,11723.23,Оплачен вовремя
5802,463,2025-06-28,11723.23,11723.23,Оплачен вовремя
5803,463,2025-07-28,11723.23,11723.23,Оплачен вовремя
5804,463,2025-08-27,11723.23,11723.23,Оплачен вовремя
5805,463,2025-09-26,11723.23,11723.23,Оплачен вовремя
5806,463,2025-10-26,11723.23,11723.23,Оплачен вовремя
5807,464,2024-12-12,9751.92,9751.92,Оплачен вовремя
5808,464,2025-01-11,9751.92,9751.92,Оплачен вовремя
5809,464,2025-02-10,9751.92,9751.92,Оплачен вовремя
5810,464,2025-03-12,9751.92,9751.92,Оплачен вовремя
5811,464,2025-04-11,9751.92,9751.92,Оплачен вовремя
5812,464,2025-05-11,9751.92,9751.92,Оплачен вовремя
5813,464,2025-06-10,9751.92,9751.92,Оплачен вовремя
5814,464,2025-07-10,9751.92,9751.92,Оплачен вовремя
5815,464,2025-08-09,9751.92,9751.92,Оплачен вовремя
5816,464,2025-09-08,9751.92,9751.92,Оплачен вовремя
5817,464,2025-10-08,9751.92,9751.92,Оплачен вовремя
5818,464,2025-11-07,9751.92,9751.92,Оплачен вовремя
5819,464,2025-12-07,9751.92,9751.92,Оплачен вовремя
5820,465,2025-10-12,27327.98,27327.98,Оплачен вовремя
5821,465,2025-11-11,27327.98,27327.98,Оплачен вовремя
5822,465,2025-12-11,27327.98,27327.98,Оплачен вовремя
5823,466,2024-08-08,26459.56,26459.56,Просрочен
5824,466,2024-09-07,26459.56,26459.56,Оплачен вовремя
5825,466,2024-10-07,26459.56,26459.56,Оплачен вовремя
5826,466,2024-11-06,26459.56,26459.56,Просрочен
5827,466,2024-12-06,26459.56,26459.56,Оплачен вовремя
5828,466,2025-01-05,26459.56,26459.56,Просрочен
5829,466,2025-02-04,26459.56,26459.56,Просрочен
5830,466,2025-03-06,26459.56,26459.56,Оплачен вовремя
5831,466,2025-04-05,26459.56,26459.56,Оплачен вовремя
5832,466,2025-05-05,26459.56,26459.56,Оплачен вовремя
5833,466,2025-06-04,26459.56,26459.56,Оплачен вовремя
5834,466,2025-07-04,26459.56,0.0,Не оплачен
5835,467,2025-01-30,9974.93,9974.93,Оплачен вовремя
5836,467,2025-03-01,9974.93,9974.93,Оплачен вовремя
5837,467,2025-03-31,9974.93,9974.93,Оплачен вовремя
5838,467,2025-04-30,9974.93,9974.93,Оплачен вовремя
5839,467,2025-05-30,9974.93,9974.93,Оплачен вовремя
5840,467,2025-06-29,9974.93,9974.93,Оплачен вовремя
5841,467,2025-07-29,9974.93,9974.93,Оплачен вовремя
5842,467,2025-08-28,9974.93,9974.93,Оплачен вовремя
5843,467,2025-09-27,9974.93,9974.93,Оплачен вовремя
5844,467,2025-10-27,9974.93,9974.93,Оплачен вовремя
5845,467,2025-11-26,9974.93,9974.93,Оплачен вовремя
5846,467,2025-12-26,9974.93,9974.93,Оплачен вовремя
5847,468,2024-05-12,21625.76,21625.76,Оплачен вовремя
5848,468,2024-06-11,21625.76,21625.76,Оплачен вовремя
5849,468,2024-07-11,21625.76,21625.76,Оплачен вовремя
5850,468,2024-08-10,21625.76,21625.76,Оплачен вовремя
5851,468,2024-09-09,21625.76,21625.76,Оплачен вовремя
5852,468,2024-10-09,21625.76,21625.76,Оплачен вовремя
5853,468,2024-11-08,21625.76,21625.76,Оплачен вовремя
5854,468,2024-12-08,21625.76,21625.76,Оплачен вовремя
5855,468,2025-01-07,21625.76,21625.76,Оплачен вовремя
5856,468,2025-02-06,21625.76,21625.76,Оплачен вовремя
5857,468,2025-03-08,21625.76,21625.76,Оплачен вовремя
5858,468,2025-04-07,21625.76,21625.76,Оплачен вовремя
5859,468,2025-05-07,21625.76,21625.76,Оплачен вовремя
5860,468,2025-06-06,21625.76,21625.76,Оплачен вовремя
5861,468,2025-07-06,21625.76,21625.76,Оплачен вовремя
5862,468,2025-08-05,21625.76,21625.76,Оплачен вовремя
5863,468,2025-09-04,21625.76,21625.76,Оплачен вовремя
5864,468,2025-10-04,21625.76,21625.76,Оплачен вовремя
5865,468,2025-11-03,21625.76,21625.76,Оплачен вовремя
5866,468,2025-12-03,21625.76,21625.76,Оплачен вовремя
5867,469,2025-12-10,78100.31,78100.31,Оплачен вовремя
5868,470,2025-03-26,34554.21,34554.21,Оплачен вовремя
5869,470,2025-04-25,34554.21,34554.21,Оплачен вовремя
5870,470,2025-05-25,34554.21,34554.21,Оплачен вовремя
5871,470,2025-06-24,34554.21,34554.21,Оплачен вовремя
5872,470,2025-07-24,34554.21,34554.21,Оплачен вовремя
5873,470,2025-08-23,34554.21,34554.21,Оплачен вовремя
5874,470,2025-09-22,34554.21,34554.21,Оплачен вовремя
5875,470,2025-10-22,34554.21,34554.21,Оплачен вовремя
5876,470,2025-11-21,34554.21,34554.21,Оплачен вовремя
5877,470,2025-12-21,34554.21,34554.21,Оплачен вовремя
5878,471,2025-06-28,14193.96,14193.96,Оплачен вовремя
5879,471,2025-07-28,14193.96,14193.96,Оплачен вовремя
5880,471,2025-08-27,14193.96,14193.96,Оплачен вовремя
5881,471,2025-09-26,14193.96,14193.96,Оплачен вовремя
5882,471,2025-10-26,14193.96,14193.96,Оплачен вовремя
5883,471,2025-11-25,14193.96,14193.96,Оплачен вовремя
5884,471,2025-12-25,14193.96,14193.96,Оплачен вовремя
5885,472,2025-11-28,15233.94,15233.94,Оплачен вовремя
5886,472,2025-12-28,15233.94,15233.94,Оплачен вовремя
5887,473,2024-11-17,1823.62,1823.62,Оплачен вовремя
5888,473,2024-12-17,1823.62,1823.62,Оплачен вовремя
5889,473,2025-01-16,1823.62,1823.62,Оплачен вовремя
5890,473,2025-02-15,1823.62,1823.62,Оплачен вовремя
5891,473,2025-03-17,1823.62,1823.62,Оплачен вовремя
5892,473,2025-04-16,1823.62,1823.62,Оплачен вовремя
5893,473,2025-05-16,1823.62,1823.62,Оплачен вовремя
5894,473,2025-06-15,1823.62,1823.62,Оплачен вовремя
5895,473,2025-07-15,1823.62,1823.62,Оплачен вовремя
5896,473,2025-08-14,1823.62,1823.62,Оплачен вовремя
5897,473,2025-09-13,1823.62,1823.62,Оплачен вовремя
5898,473,2025-10-13,1823.62,1823.62,Оплачен вовремя
5899,473,2025-11-12,1823.62,1823.62,Оплачен вовремя
5900,473,2025-12-12,1823.62,1823.62,Оплачен вовремя
5901,474,2025-05-25,5000.23,5000.23,Оплачен вовремя
5902,474,2025-06-24,5000.23,5000.23,Оплачен вовремя
5903,474,2025-07-24,5000.23,5000.23,Оплачен вовремя
5904,474,2025-08-23,5000.23,5000.23,Оплачен вовремя
5905,474,2025-09-22,5000.23,5000.23,Оплачен вовремя
5906,474,2025-10-22,5000.23,5000.23,Оплачен вовремя
5907,474,2025-11-21,5000.23,5000.23,Оплачен вовремя
5908,474,2025-12-21,5000.23,5000.23,Оплачен вовремя
5909,475,2024-09-02,53602.22,53602.22,Оплачен вовремя
5910,475,2024-10-02,53602.22,53602.22,Оплачен вовремя
5911,475,2024-11-01,53602.22,53602.22,Оплачен вовремя
5912,475,2024-12-01,53602.22,53602.22,Оплачен вовремя
5913,475,2024-12-31,53602.22,53602.22,Оплачен вовремя
5914,475,2025-01-30,53602.22,53602.22,Оплачен вовремя
5915,475,2025-03-01,53602.22,53602.22,Оплачен вовремя
5916,475,2025-03-31,53602.22,53602.22,Оплачен вовремя
5917,475,2025-04-30,53602.22,53602.22,Оплачен вовремя
5918,475,2025-05-30,53602.22,53602.22,Оплачен вовремя
5919,475,2025-06-29,53602.22,53602.22,Оплачен вовремя
5920,475,2025-07-29,53602.22,53602.22,Оплачен вовремя
5921,476,2023-12-22,38073.75,38073.75,Оплачен вовремя
5922,476,2024-01-21,38073.75,38073.75,Оплачен вовремя
5923,476,2024-02-20,38073.75,38073.75,Оплачен вовремя
5924,476,2024-03-21,38073.75,38073.75,Оплачен вовремя
5925,476,2024-04-20,38073.75,38073.75,Просрочен
5926,476,2024-05-20,38073.75,38073.75,Оплачен вовремя
5927,476,2024-06-19,38073.75,38073.75,Просрочен
5928,476,2024-07-19,38073.75,0.0,Не оплачен
5929,476,2024-08-18,38073.75,38073.75,Оплачен вовремя
5930,476,2024-09-17,38073.75,38073.75,Оплачен вовремя
5931,476,2024-10-17,38073.75,38073.75,Оплачен вовремя
5932,476,2024-11-16,38073.75,38073.75,Оплачен вовремя
5933,477,2023-08-16,239549.4,239549.4,Оплачен вовремя
5934,477,2023-09-15,239549.4,239549.4,Оплачен вовремя
5935,477,2023-10-15,239549.4,239549.4,Оплачен вовремя
5936,477,2023-11-14,239549.4,239549.4,Оплачен вовремя
5937,477,2023-12-14,239549.4,239549.4,Оплачен вовремя
5938,477,2024-01-13,239549.4,239549.4,Оплачен вовремя
5939,477,2024-02-12,239549.4,239549.4,Оплачен вовремя
5940,477,2024-03-13,239549.4,239549.4,Оплачен вовремя
5941,477,2024-04-12,239549.4,239549.4,Оплачен вовремя
5942,478,2025-06-27,51088.75,51088.75,Оплачен вовремя
5943,478,2025-07-27,51088.75,51088.75,Оплачен вовремя
5944,478,2025-08-26,51088.75,51088.75,Оплачен вовремя
5945,478,2025-09-25,51088.75,51088.75,Оплачен вовремя
5946,478,2025-10-25,51088.75,51088.75,Оплачен вовремя
5947,478,2025-11-24,51088.75,51088.75,Оплачен вовремя
5948,478,2025-12-24,51088.75,51088.75,Оплачен вовремя
5949,479,2025-12-11,1644923.96,1644923.96,Оплачен вовремя
5950,480,2025-04-01,4923.35,4923.35,Оплачен вовремя
5951,480,2025-05-01,4923.35,4923.35,Оплачен вовремя
5952,480,2025-05-31,4923.35,4923.35,Оплачен вовремя
5953,480,2025-06-30,4923.35,4923.35,Оплачен вовремя
5954,480,2025-07-30,4923.35,4923.35,Оплачен вовремя
5955,480,2025-08-29,4923.35,4923.35,Оплачен вовремя
5956,480,2025-09-28,4923.35,4923.35,Оплачен вовремя
5957,480,2025-10-28,4923.35,4923.35,Оплачен вовремя
5958,480,2025-11-27,4923.35,4923.35,Оплачен вовремя
5959,481,2025-02-04,5471.51,5471.51,Оплачен вовремя
5960,481,2025-03-06,5471.51,5471.51,Оплачен вовремя
5961,481,2025-04-05,5471.51,5471.51,Оплачен вовремя
5962,481,2025-05-05,5471.51,5471.51,Оплачен вовремя
5963,481,2025-06-04,5471.51,5471.51,Оплачен вовремя
5964,481,2025-07-04,5471.51,5471.51,Оплачен вовремя
5965,481,2025-08-03,5471.51,5471.51,Оплачен вовремя
5966,481,2025-09-02,5471.51,5471.51,Оплачен вовремя
5967,481,2025-10-02,5471.51,5471.51,Оплачен вовремя
5968,481,2025-11-01,5471.51,5471.51,Оплачен вовремя
5969,481,2025-12-01,5471.51,5471.51,Оплачен вовремя
5970,482,2025-07-13,59698.23,59698.23,Оплачен вовремя
5971,482,2025-08-12,59698.23,59698.23,Оплачен вовремя
5972,482,2025-09-11,59698.23,59698.23,Оплачен вовремя
5973,482,2025-10-11,59698.23,59698.23,Оплачен вовремя
5974,482,2025-11-10,59698.23,59698.23,Оплачен вовремя
5975,482,2025-12-10,59698.23,59698.23,Оплачен вовремя
5976,483,2025-11-17,10796.42,10796.42,Оплачен вовремя
5977,483,2025-12-17,10796.42,10796.42,Оплачен вовремя
5978,484,2025-05-11,18472.81,18472.81,Оплачен вовремя
5979,484,2025-06-10,18472.81,18472.81,Оплачен вовремя
5980,484,2025-07-10,18472.81,18472.81,Оплачен вовремя
5981,484,2025-08-09,18472.81,18472.81,Оплачен вовремя
5982,484,2025-09-08,18472.81,18472.81,Оплачен вовремя
5983,484,2025-10-08,18472.81,18472.81,Оплачен вовремя
5984,484,2025-11-07,18472.81,18472.81,Оплачен вовремя
5985,484,2025-12-07,18472.81,18472.81,Оплачен вовремя
5986,485,2025-04-28,60117.47,60117.47,Оплачен вовремя
5987,485,2025-05-28,60117.47,60117.47,Оплачен вовремя
5988,485,2025-06-27,60117.47,60117.47,Оплачен вовремя
5989,485,2025-07-27,60117.47,60117.47,Оплачен вовремя
5990,485,2025-08-26,60117.47,60117.47,Оплачен вовремя
5991,485,2025-09-25,60117.47,60117.47,Оплачен вовремя
5992,485,2025-10-25,60117.47,60117.47,Оплачен вовремя
5993,485,2025-11-24,60117.47,60117.47,Оплачен вовремя
5994,485,2025-12-24,60117.47,60117.47,Оплачен вовремя
5995,486,2022-12-19,25152.34,25152.34,Оплачен вовремя
5996,486,2023-01-18,25152.34,25152.34,Оплачен вовремя
5997,486,2023-02-17,25152.34,25152.34,Оплачен вовремя
5998,486,2023-03-19,25152.34,25152.34,Оплачен вовремя
5999,486,2023-04-18,25152.34,25152.34,Оплачен вовремя
6000,486,2023-05-18,25152.34,25152.34,Оплачен вовремя
6001,486,2023-06-17,25152.34,25152.34,Оплачен вовремя
6002,486,2023-07-17,25152.34,25152.34,Оплачен вовремя
6003,486,2023-08-16,25152.34,25152.34,Оплачен вовремя
6004,486,2023-09-15,25152.34,25152.34,Оплачен вовремя
6005,486,2023-10-15,25152.34,25152.34,Оплачен вовремя
6006,486,2023-11-14,25152.34,25152.34,Оплачен вовремя
6007,486,2023-12-14,25152.34,25152.34,Оплачен вовремя
6008,486,2024-01-13,25152.34,25152.34,Оплачен вовремя
6009,486,2024-02-12,25152.34,25152.34,Оплачен вовремя
6010,486,2024-03-13,25152.34,25152.34,Оплачен вовремя
6011,486,2024-04-12,25152.34,25152.34,Оплачен вовремя
6012,486,2024-05-12,25152.34,25152.34,Оплачен вовремя
6013,486,2024-06-11,25152.34,25152.34,Оплачен вовремя
6014,486,2024-07-11,25152.34,25152.34,Оплачен вовремя
6015,486,2024-08-10,25152.34,25152.34,Оплачен вовремя
6016,486,2024-09-09,25152.34,25152.34,Оплачен вовремя
6017,486,2024-10-09,25152.34,25152.34,Оплачен вовремя
6018,486,2024-11-08,25152.34,25152.34,Оплачен вовремя
6019,487,2025-10-12,58410.35,58410.35,Оплачен вовремя
6020,487,2025-11-11,58410.35,58410.35,Оплачен вовремя
6021,487,2025-12-11,58410.35,58410.35,Оплачен вовремя
6022,488,2023-11-13,65281.28,65281.28,Оплачен вовремя
6023,488,2023-12-13,65281.28,65281.28,Оплачен вовремя
6024,488,2024-01-12,65281.28,65281.28,Оплачен вовремя
6025,488,2024-02-11,65281.28,65281.28,Оплачен вовремя
6026,488,2024-03-12,65281.28,65281.28,Оплачен вовремя
6027,488,2024-04-11,65281.28,65281.28,Оплачен вовремя
6028,488,2024-05-11,65281.28,65281.28,Оплачен вовремя
6029,488,2024-06-10,65281.28,65281.28,Оплачен вовремя
6030,488,2024-07-10,65281.28,65281.28,Оплачен вовремя
6031,488,2024-08-09,65281.28,65281.28,Оплачен вовремя
6032,488,2024-09-08,65281.28,65281.28,Оплачен вовремя
6033,488,2024-10-08,65281.28,65281.28,Оплачен вовремя
6034,489,2024-08-25,29162.83,29162.83,Оплачен вовремя
6035,489,2024-09-24,29162.83,29162.83,Оплачен вовремя
6036,489,2024-10-24,29162.83,29162.83,Оплачен вовремя
6037,489,2024-11-23,29162.83,29162.83,Оплачен вовремя
6038,489,2024-12-23,29162.83,29162.83,Оплачен вовремя
6039,489,2025-01-22,29162.83,29162.83,Оплачен вовремя
6040,489,2025-02-21,29162.83,29162.83,Оплачен вовремя
6041,489,2025-03-23,29162.83,29162.83,Оплачен вовремя
6042,489,2025-04-22,29162.83,29162.83,Оплачен вовремя
6043,489,2025-05-22,29162.83,29162.83,Оплачен вовремя
6044,489,2025-06-21,29162.83,29162.83,Оплачен вовремя
6045,489,2025-07-21,29162.83,29162.83,Оплачен вовремя
6046,489,2025-08-20,29162.83,29162.83,Оплачен вовремя
6047,489,2025-09-19,29162.83,29162.83,Оплачен вовремя
6048,489,2025-10-19,29162.83,29162.83,Оплачен вовремя
6049,489,2025-11-18,29162.83,29162.83,Оплачен вовремя
6050,489,2025-12-18,29162.83,29162.83,Оплачен вовремя
6051,491,2024-03-30,4194.84,4194.84,Оплачен вовремя
6052,491,2024-04-29,4194.84,4194.84,Оплачен вовремя
6053,491,2024-05-29,4194.84,4194.84,Оплачен вовремя
6054,491,2024-06-28,4194.84,4194.84,Оплачен вовремя
6055,491,2024-07-28,4194.84,4194.84,Оплачен вовремя
6056,491,2024-08-27,4194.84,4194.84,Оплачен вовремя
6057,491,2024-09-26,4194.84,4194.84,Оплачен вовремя
6058,491,2024-10-26,4194.84,4194.84,Оплачен вовремя
6059,491,2024-11-25,4194.84,4194.84,Оплачен вовремя
6060,491,2024-12-25,4194.84,4194.84,Оплачен вовремя
6061,491,2025-01-24,4194.84,4194.84,Оплачен вовремя
6062,491,2025-02-23,4194.84,4194.84,Оплачен вовремя
6063,491,2025-03-25,4194.84,4194.84,Оплачен вовремя
6064,491,2025-04-24,4194.84,4194.84,Оплачен вовремя
6065,491,2025-05-24,4194.84,4194.84,Оплачен вовремя
6066,491,2025-06-23,4194.84,4194.84,Оплачен вовремя
6067,491,2025-07-23,4194.84,4194.84,Оплачен вовремя
6068,491,2025-08-22,4194.84,4194.84,Оплачен вовремя
6069,491,2025-09-21,4194.84,4194.84,Оплачен вовремя
6070,491,2025-10-21,4194.84,4194.84,Оплачен вовремя
6071,491,2025-11-20,4194.84,4194.84,Оплачен вовремя
6072,491,2025-12-20,4194.84,4194.84,Оплачен вовремя
6073,492,2025-01-22,29513.75,29513.75,Оплачен вовремя
6074,492,2025-02-21,29513.75,29513.75,Оплачен вовремя
6075,492,2025-03-23,29513.75,29513.75,Оплачен вовремя
6076,492,2025-04-22,29513.75,29513.75,Оплачен вовремя
6077,492,2025-05-22,29513.75,29513.75,Оплачен вовремя
6078,492,2025-06-21,29513.75,29513.75,Оплачен вовремя
6079,492,2025-07-21,29513.75,29513.75,Оплачен вовремя
6080,492,2025-08-20,29513.75,29513.75,Оплачен вовремя
6081,492,2025-09-19,29513.75,29513.75,Оплачен вовремя
6082,492,2025-10-19,29513.75,29513.75,Оплачен вовремя
6083,492,2025-11-18,29513.75,29513.75,Оплачен вовремя
6084,492,2025-12-18,29513.75,29513.75,Оплачен вовремя
6085,493,2022-09-07,11270.0,11270.0,Оплачен вовремя
6086,493,2022-10-07,11270.0,11270.0,Оплачен вовремя
6087,493,2022-11-06,11270.0,11270.0,Оплачен вовремя
6088,493,2022-12-06,11270.0,11270.0,Оплачен вовремя
6089,493,2023-01-05,11270.0,11270.0,Оплачен вовремя
6090,493,2023-02-04,11270.0,11270.0,Оплачен вовремя
6091,493,2023-03-06,11270.0,11270.0,Оплачен вовремя
6092,493,2023-04-05,11270.0,11270.0,Оплачен вовремя
6093,493,2023-05-05,11270.0,11270.0,Оплачен вовремя
6094,493,2023-06-04,11270.0,11270.0,Оплачен вовремя
6095,493,2023-07-04,11270.0,11270.0,Оплачен вовремя
6096,493,2023-08-03,11270.0,11270.0,Оплачен вовремя
6097,493,2023-09-02,11270.0,11270.0,Оплачен вовремя
6098,493,2023-10-02,11270.0,11270.0,Оплачен вовремя
6099,493,2023-11-01,11270.0,11270.0,Оплачен вовремя
6100,493,2023-12-01,11270.0,11270.0,Оплачен вовремя
6101,493,2023-12-31,11270.0,11270.0,Оплачен вовремя
6102,493,2024-01-30,11270.0,11270.0,Оплачен вовремя
6103,493,2024-02-29,11270.0,11270.0,Оплачен вовремя
6104,493,2024-03-30,11270.0,11270.0,Оплачен вовремя
6105,493,2024-04-29,11270.0,11270.0,Оплачен вовремя
6106,493,2024-05-29,11270.0,11270.0,Оплачен вовремя
6107,493,2024-06-28,11270.0,11270.0,Оплачен вовремя
6108,493,2024-07-28,11270.0,11270.0,Оплачен вовремя
6109,493,2024-08-27,11270.0,11270.0,Оплачен вовремя
6110,493,2024-09-26,11270.0,11270.0,Оплачен вовремя
6111,493,2024-10-26,11270.0,11270.0,Оплачен вовремя
6112,493,2024-11-25,11270.0,11270.0,Оплачен вовремя
6113,493,2024-12-25,11270.0,11270.0,Оплачен вовремя
6114,493,2025-01-24,11270.0,11270.0,Оплачен вовремя
6115,493,2025-02-23,11270.0,11270.0,Оплачен вовремя
6116,493,2025-03-25,11270.0,11270.0,Оплачен вовремя
6117,493,2025-04-24,11270.0,11270.0,Оплачен вовремя
6118,493,2025-05-24,11270.0,11270.0,Оплачен вовремя
6119,493,2025-06-23,11270.0,11270.0,Оплачен вовремя
6120,493,2025-07-23,11270.0,11270.0,Оплачен вовремя
6121,493,2025-08-22,11270.0,11270.0,Оплачен вовремя
6122,493,2025-09-21,11270.0,11270.0,Оплачен вовремя
6123,493,2025-10-21,11270.0,11270.0,Оплачен вовремя
6124,493,2025-11-20,11270.0,11270.0,Оплачен вовремя
6125,494,2025-10-17,15770.97,15770.97,Оплачен вовремя
6126,494,2025-11-16,15770.97,15770.97,Оплачен вовремя
6127,494,2025-12-16,15770.97,15770.97,Оплачен вовремя
6128,495,2023-04-10,2225.39,2225.39,Оплачен вовремя
6129,495,2023-05-10,2225.39,2225.39,Оплачен вовремя
6130,495,2023-06-09,2225.39,2225.39,Оплачен вовремя
6131,495,2023-07-09,2225.39,2225.39,Оплачен вовремя
6132,495,2023-08-08,2225.39,2225.39,Оплачен вовремя
6133,495,2023-09-07,2225.39,2225.39,Оплачен вовремя
6134,495,2023-10-07,2225.39,2225.39,Оплачен вовремя
6135,495,2023-11-06,2225.39,2225.39,Оплачен вовремя
6136,495,2023-12-06,2225.39,2225.39,Оплачен вовремя
6137,495,2024-01-05,2225.39,2225.39,Оплачен вовремя
6138,495,2024-02-04,2225.39,2225.39,Оплачен вовремя
6139,495,2024-03-05,2225.39,2225.39,Оплачен вовремя
6140,495,2024-04-04,2225.39,2225.39,Оплачен вовремя
6141,495,2024-05-04,2225.39,2225.39,Оплачен вовремя
6142,495,2024-06-03,2225.39,2225.39,Оплачен вовремя
6143,495,2024-07-03,2225.39,2225.39,Оплачен вовремя
6144,495,2024-08-02,2225.39,2225.39,Оплачен вовремя
6145,495,2024-09-01,2225.39,2225.39,Оплачен вовремя
6146,495,2024-10-01,2225.39,2225.39,Оплачен вовремя
6147,495,2024-10-31,2225.39,2225.39,Оплачен вовремя
6148,495,2024-11-30,2225.39,2225.39,Оплачен вовремя
6149,495,2024-12-30,2225.39,2225.39,Оплачен вовремя
6150,495,2025-01-29,2225.39,2225.39,Оплачен вовремя
6151,495,2025-02-28,2225.39,2225.39,Оплачен вовремя
6152,496,2022-08-19,10648.6,10648.6,Оплачен вовремя
6153,496,2022-09-18,10648.6,10648.6,Оплачен вовремя
6154,496,2022-10-18,10648.6,10648.6,Оплачен вовремя
6155,496,2022-11-17,10648.6,10648.6,Оплачен вовремя
6156,496,2022-12-17,10648.6,10648.6,Оплачен вовремя
6157,496,2023-01-16,10648.6,10648.6,Оплачен вовремя
6158,496,2023-02-15,10648.6,10648.6,Оплачен вовремя
6159,496,2023-03-17,10648.6,10648.6,Оплачен вовремя
6160,496,2023-04-16,10648.6,10648.6,Оплачен вовремя
6161,496,2023-05-16,10648.6,10648.6,Оплачен вовремя
6162,496,2023-06-15,10648.6,10648.6,Оплачен вовремя
6163,496,2023-07-15,10648.6,10648.6,Оплачен вовремя
6164,496,2023-08-14,10648.6,10648.6,Оплачен вовремя
6165,496,2023-09-13,10648.6,10648.6,Оплачен вовремя
6166,496,2023-10-13,10648.6,10648.6,Оплачен вовремя
6167,496,2023-11-12,10648.6,10648.6,Оплачен вовремя
6168,496,2023-12-12,10648.6,10648.6,Оплачен вовремя
6169,496,2024-01-11,10648.6,10648.6,Оплачен вовремя
6170,496,2024-02-10,10648.6,10648.6,Оплачен вовремя
6171,496,2024-03-11,10648.6,10648.6,Оплачен вовремя
6172,496,2024-04-10,10648.6,10648.6,Оплачен вовремя
6173,496,2024-05-10,10648.6,10648.6,Оплачен вовремя
6174,496,2024-06-09,10648.6,10648.6,Оплачен вовремя
6175,496,2024-07-09,10648.6,10648.6,Оплачен вовремя
6176,496,2024-08-08,10648.6,10648.6,Оплачен вовремя
6177,496,2024-09-07,10648.6,10648.6,Оплачен вовремя
6178,496,2024-10-07,10648.6,10648.6,Оплачен вовремя
6179,496,2024-11-06,10648.6,10648.6,Оплачен вовремя
6180,496,2024-12-06,10648.6,10648.6,Оплачен вовремя
6181,496,2025-01-05,10648.6,10648.6,Оплачен вовремя
6182,496,2025-02-04,10648.6,10648.6,Оплачен вовремя
6183,496,2025-03-06,10648.6,10648.6,Оплачен вовремя
6184,496,2025-04-05,10648.6,10648.6,Оплачен вовремя
6185,496,2025-05-05,10648.6,10648.6,Оплачен вовремя
6186,496,2025-06-04,10648.6,10648.6,Оплачен вовремя
6187,496,2025-07-04,10648.6,10648.6,Оплачен вовремя
6188,497,2023-04-29,16705.85,16705.85,Оплачен вовремя
6189,497,2023-05-29,16705.85,16705.85,Оплачен вовремя
6190,497,2023-06-28,16705.85,16705.85,Оплачен вовремя
6191,497,2023-07-28,16705.85,16705.85,Оплачен вовремя
6192,497,2023-08-27,16705.85,16705.85,Оплачен вовремя
6193,497,2023-09-26,16705.85,16705.85,Оплачен вовремя
6194,497,2023-10-26,16705.85,16705.85,Оплачен вовремя
6195,497,2023-11-25,16705.85,16705.85,Оплачен вовремя
6196,497,2023-12-25,16705.85,16705.85,Оплачен вовремя
6197,497,2024-01-24,16705.85,16705.85,Оплачен вовремя
6198,497,2024-02-23,16705.85,16705.85,Оплачен вовремя
6199,497,2024-03-24,16705.85,16705.85,Оплачен вовремя
6200,497,2024-04-23,16705.85,16705.85,Оплачен вовремя
6201,497,2024-05-23,16705.85,16705.85,Оплачен вовремя
6202,497,2024-06-22,16705.85,16705.85,Оплачен вовремя
6203,497,2024-07-22,16705.85,16705.85,Оплачен вовремя
6204,497,2024-08-21,16705.85,16705.85,Оплачен вовремя
6205,497,2024-09-20,16705.85,16705.85,Оплачен вовремя
6206,497,2024-10-20,16705.85,16705.85,Оплачен вовремя
6207,497,2024-11-19,16705.85,16705.85,Оплачен вовремя
6208,497,2024-12-19,16705.85,16705.85,Оплачен вовремя
6209,497,2025-01-18,16705.85,16705.85,Оплачен вовремя
6210,497,2025-02-17,16705.85,16705.85,Оплачен вовремя
6211,497,2025-03-19,16705.85,16705.85,Оплачен вовремя
6212,497,2025-04-18,16705.85,16705.85,Оплачен вовремя
6213,497,2025-05-18,16705.85,16705.85,Оплачен вовремя
6214,497,2025-06-17,16705.85,16705.85,Оплачен вовремя
6215,497,2025-07-17,16705.85,16705.85,Оплачен вовремя
6216,497,2025-08-16,16705.85,16705.85,Оплачен вовремя
6217,497,2025-09-15,16705.85,16705.85,Оплачен вовремя
6218,497,2025-10-15,16705.85,16705.85,Оплачен вовремя
6219,497,2025-11-14,16705.85,16705.85,Оплачен вовремя
6220,497,2025-12-14,16705.85,16705.85,Оплачен вовремя
6221,498,2025-09-15,28763.15,28763.15,Оплачен вовремя
6222,498,2025-10-15,28763.15,28763.15,Оплачен вовремя
6223,498,2025-11-14,28763.15,28763.15,Оплачен вовремя
6224,498,2025-12-14,28763.15,28763.15,Оплачен вовремя
6225,499,2023-11-22,2152.63,2152.63,Оплачен вовремя
6226,499,2023-12-22,2152.63,2152.63,Оплачен вовремя
6227,499,2024-01-21,2152.63,2152.63,Оплачен вовремя
6228,499,2024-02-20,2152.63,2152.63,Оплачен вовремя
6229,499,2024-03-21,2152.63,2152.63,Оплачен вовремя
6230,499,2024-04-20,2152.63,2152.63,Оплачен вовремя
6231,499,2024-05-20,2152.63,2152.63,Оплачен вовремя
6232,499,2024-06-19,2152.63,2152.63,Оплачен вовремя
6233,499,2024-07-19,2152.63,2152.63,Оплачен вовремя
6234,499,2024-08-18,2152.63,2152.63,Оплачен вовремя
6235,499,2024-09-17,2152.63,2152.63,Оплачен вовремя
6236,499,2024-10-17,2152.63,2152.63,Оплачен вовремя
6237,499,2024-11-16,2152.63,2152.63,Оплачен вовремя
6238,499,2024-12-16,2152.63,2152.63,Оплачен вовремя
6239,499,2025-01-15,2152.63,2152.63,Оплачен вовремя
6240,499,2025-02-14,2152.63,2152.63,Оплачен вовремя
6241,499,2025-03-16,2152.63,2152.63,Оплачен вовремя
6242,499,2025-04-15,2152.63,2152.63,Оплачен вовремя
6243,499,2025-05-15,2152.63,2152.63,Оплачен вовремя
6244,499,2025-06-14,2152.63,2152.63,Оплачен вовремя
6245,499,2025-07-14,2152.63,2152.63,Оплачен вовремя
6246,499,2025-08-13,2152.63,2152.63,Оплачен вовремя
6247,499,2025-09-12,2152.63,2152.63,Оплачен вовремя
6248,499,2025-10-12,2152.63,2152.63,Оплачен вовремя
6249,499,2025-11-11,2152.63,2152.63,Оплачен вовремя
6250,499,2025-12-11,2152.63,2152.63,Оплачен вовремя
6251,500,2024-04-12,9229.41,9229.41,Оплачен вовремя
6252,500,2024-05-12,9229.41,9229.41,Оплачен вовремя
6253,500,2024-06-11,9229.41,9229.41,Оплачен вовремя
6254,500,2024-07-11,9229.41,9229.41,Оплачен вовремя
6255,500,2024-08-10,9229.41,9229.41,Оплачен вовремя
6256,500,2024-09-09,9229.41,9229.41,Оплачен вовремя
6257,500,2024-10-09,9229.41,9229.41,Оплачен вовремя
6258,500,2024-11-08,9229.41,9229.41,Оплачен вовремя
6259,500,2024-12-08,9229.41,9229.41,Оплачен вовремя
6260,500,2025-01-07,9229.41,9229.41,Оплачен вовремя
6261,500,2025-02-06,9229.41,9229.41,Оплачен вовремя
6262,500,2025-03-08,9229.41,9229.41,Оплачен вовремя
6263,500,2025-04-07,9229.41,9229.41,Оплачен вовремя
6264,500,2025-05-07,9229.41,9229.41,Оплачен вовремя
6265,500,2025-06-06,9229.41,9229.41,Оплачен вовремя
6266,500,2025-07-06,9229.41,9229.41,Оплачен вовремя
6267,500,2025-08-05,9229.41,9229.41,Оплачен вовремя
6268,500,2025-09-04,9229.41,9229.41,Оплачен вовремя
6269,500,2025-10-04,9229.41,9229.41,Оплачен вовремя
6270,500,2025-11-03,9229.41,9229.41,Оплачен вовремя
6271,500,2025-12-03,9229.41,9229.41,Оплачен вовремя
6272,501,2025-10-04,8648.47,8648.47,Оплачен вовремя
6273,501,2025-11-03,8648.47,8648.47,Оплачен вовремя
6274,501,2025-12-03,8648.47,8648.47,Оплачен вовремя
6275,502,2023-06-06,507826.11,507826.11,Оплачен вовремя
6276,502,2023-07-06,507826.11,507826.11,Оплачен вовремя
6277,502,2023-08-05,507826.11,507826.11,Оплачен вовремя
6278,503,2024-05-17,28359.96,28359.96,Оплачен вовремя
6279,503,2024-06-16,28359.96,28359.96,Оплачен вовремя
6280,503,2024-07-16,28359.96,28359.96,Оплачен вовремя
6281,503,2024-08-15,28359.96,28359.96,Просрочен
6282,503,2024-09-14,28359.96,28359.96,Оплачен вовремя
6283,503,2024-10-14,28359.96,28359.96,Просрочен
6284,503,2024-11-13,28359.96,28359.96,Оплачен вовремя
6285,503,2024-12-13,28359.96,28359.96,Просрочен
6286,503,2025-01-12,28359.96,28359.96,Оплачен вовремя
6287,503,2025-02-11,28359.96,28359.96,Просрочен
6288,503,2025-03-13,28359.96,28359.96,Оплачен вовремя
6289,503,2025-04-12,28359.96,28359.96,Оплачен вовремя
6290,503,2025-05-12,28359.96,28359.96,Оплачен вовремя
6291,503,2025-06-11,28359.96,0.0,Не оплачен
6292,503,2025-07-11,28359.96,28359.96,Оплачен вовремя
6293,503,2025-08-10,28359.96,28359.96,Просрочен
6294,503,2025-09-09,28359.96,28359.96,Оплачен вовремя
6295,503,2025-10-09,28359.96,28359.96,Оплачен вовремя
6296,503,2025-11-08,28359.96,28359.96,Оплачен вовремя
6297,503,2025-12-08,28359.96,28359.96,Просрочен
6298,505,2025-11-22,22714.67,0.0,Не оплачен
6299,505,2025-12-22,22714.67,22714.67,Оплачен вовремя
6300,506,2025-03-03,7890.36,7890.36,Оплачен вовремя
6301,506,2025-04-02,7890.36,7890.36,Оплачен вовремя
6302,506,2025-05-02,7890.36,7890.36,Оплачен вовремя
6303,506,2025-06-01,7890.36,7890.36,Оплачен вовремя
6304,506,2025-07-01,7890.36,7890.36,Оплачен вовремя
6305,506,2025-07-31,7890.36,7890.36,Просрочен
6306,506,2025-08-30,7890.36,0.0,Не оплачен
6307,506,2025-09-29,7890.36,7890.36,Оплачен вовремя
6308,506,2025-10-29,7890.36,7890.36,Оплачен вовремя
6309,506,2025-11-28,7890.36,7890.36,Оплачен вовремя
6310,507,2025-01-10,83724.21,83724.21,Оплачен вовремя
6311,507,2025-02-09,83724.21,83724.21,Оплачен вовремя
6312,507,2025-03-11,83724.21,83724.21,Оплачен вовремя
6313,507,2025-04-10,83724.21,83724.21,Оплачен вовремя
6314,507,2025-05-10,83724.21,83724.21,Оплачен вовремя
6315,507,2025-06-09,83724.21,83724.21,Оплачен вовремя
6316,507,2025-07-09,83724.21,83724.21,Оплачен вовремя
6317,507,2025-08-08,83724.21,83724.21,Оплачен вовремя
6318,507,2025-09-07,83724.21,83724.21,Оплачен вовремя
6319,507,2025-10-07,83724.21,83724.21,Оплачен вовремя
6320,507,2025-11-06,83724.21,83724.21,Оплачен вовремя
6321,507,2025-12-06,83724.21,83724.21,Оплачен вовремя
6322,508,2024-08-14,7822.16,7822.16,Оплачен вовремя
6323,508,2024-09-13,7822.16,7822.16,Оплачен вовремя
6324,508,2024-10-13,7822.16,7822.16,Оплачен вовремя
6325,508,2024-11-12,7822.16,7822.16,Оплачен вовремя
6326,508,2024-12-12,7822.16,7822.16,Оплачен вовремя
6327,508,2025-01-11,7822.16,7822.16,Оплачен вовремя
6328,508,2025-02-10,7822.16,7822.16,Оплачен вовремя
6329,508,2025-03-12,7822.16,7822.16,Оплачен вовремя
6330,508,2025-04-11,7822.16,7822.16,Оплачен вовремя
6331,508,2025-05-11,7822.16,7822.16,Оплачен вовремя
6332,508,2025-06-10,7822.16,7822.16,Оплачен вовремя
6333,508,2025-07-10,7822.16,7822.16,Оплачен вовремя
6334,508,2025-08-09,7822.16,7822.16,Оплачен вовремя
6335,508,2025-09-08,7822.16,7822.16,Оплачен вовремя
6336,508,2025-10-08,7822.16,7822.16,Оплачен вовремя
6337,508,2025-11-07,7822.16,7822.16,Оплачен вовремя
6338,508,2025-12-07,7822.16,7822.16,Оплачен вовремя
6339,509,2024-08-27,11592.62,11592.62,Оплачен вовремя
6340,509,2024-09-26,11592.62,11592.62,Оплачен вовремя
6341,509,2024-10-26,11592.62,11592.62,Оплачен вовремя
6342,509,2024-11-25,11592.62,11592.62,Оплачен вовремя
6343,509,2024-12-25,11592.62,11592.62,Оплачен вовремя
6344,509,2025-01-24,11592.62,11592.62,Оплачен вовремя
6345,509,2025-02-23,11592.62,11592.62,Оплачен вовремя
6346,509,2025-03-25,11592.62,11592.62,Оплачен вовремя
6347,509,2025-04-24,11592.62,11592.62,Оплачен вовремя
6348,509,2025-05-24,11592.62,11592.62,Оплачен вовремя
6349,509,2025-06-23,11592.62,11592.62,Оплачен вовремя
6350,509,2025-07-23,11592.62,11592.62,Оплачен вовремя
6351,509,2025-08-22,11592.62,11592.62,Оплачен вовремя
6352,509,2025-09-21,11592.62,11592.62,Оплачен вовремя
6353,509,2025-10-21,11592.62,11592.62,Оплачен вовремя
6354,509,2025-11-20,11592.62,11592.62,Оплачен вовремя
6355,509,2025-12-20,11592.62,11592.62,Оплачен вовремя
6356,510,2022-09-18,9212.22,9212.22,Оплачен вовремя
6357,510,2022-10-18,9212.22,9212.22,Оплачен вовремя
6358,510,2022-11-17,9212.22,9212.22,Оплачен вовремя
6359,510,2022-12-17,9212.22,9212.22,Оплачен вовремя
6360,510,2023-01-16,9212.22,9212.22,Оплачен вовремя
6361,510,2023-02-15,9212.22,9212.22,Оплачен вовремя
6362,510,2023-03-17,9212.22,9212.22,Оплачен вовремя
6363,510,2023-04-16,9212.22,9212.22,Оплачен вовремя
6364,510,2023-05-16,9212.22,9212.22,Оплачен вовремя
6365,510,2023-06-15,9212.22,9212.22,Оплачен вовремя
6366,510,2023-07-15,9212.22,9212.22,Оплачен вовремя
6367,510,2023-08-14,9212.22,9212.22,Оплачен вовремя
6368,510,2023-09-13,9212.22,9212.22,Оплачен вовремя
6369,510,2023-10-13,9212.22,9212.22,Оплачен вовремя
6370,510,2023-11-12,9212.22,9212.22,Оплачен вовремя
6371,510,2023-12-12,9212.22,9212.22,Оплачен вовремя
6372,510,2024-01-11,9212.22,9212.22,Оплачен вовремя
6373,510,2024-02-10,9212.22,9212.22,Оплачен вовремя
6374,510,2024-03-11,9212.22,9212.22,Оплачен вовремя
6375,510,2024-04-10,9212.22,9212.22,Оплачен вовремя
6376,510,2024-05-10,9212.22,9212.22,Оплачен вовремя
6377,510,2024-06-09,9212.22,9212.22,Оплачен вовремя
6378,510,2024-07-09,9212.22,9212.22,Оплачен вовремя
6379,510,2024-08-08,9212.22,9212.22,Оплачен вовремя
6380,510,2024-09-07,9212.22,9212.22,Оплачен вовремя
6381,510,2024-10-07,9212.22,9212.22,Оплачен вовремя
6382,510,2024-11-06,9212.22,9212.22,Оплачен вовремя
6383,510,2024-12-06,9212.22,9212.22,Оплачен вовремя
6384,510,2025-01-05,9212.22,9212.22,Оплачен вовремя
6385,510,2025-02-04,9212.22,9212.22,Оплачен вовремя
6386,510,2025-03-06,9212.22,9212.22,Оплачен вовремя
6387,510,2025-04-05,9212.22,9212.22,Оплачен вовремя
6388,510,2025-05-05,9212.22,9212.22,Оплачен вовремя
6389,510,2025-06-04,9212.22,9212.22,Оплачен вовремя
6390,510,2025-07-04,9212.22,9212.22,Оплачен вовремя
6391,510,2025-08-03,9212.22,9212.22,Оплачен вовремя
6392,510,2025-09-02,9212.22,9212.22,Оплачен вовремя
6393,510,2025-10-02,9212.22,9212.22,Оплачен вовремя
6394,510,2025-11-01,9212.22,9212.22,Оплачен вовремя
6395,510,2025-12-01,9212.22,9212.22,Оплачен вовремя
6396,511,2025-10-12,33341.51,33341.51,Оплачен вовремя
6397,511,2025-11-11,33341.51,33341.51,Оплачен вовремя
6398,511,2025-12-11,33341.51,33341.51,Оплачен вовремя
6399,512,2024-05-23,12733.36,12733.36,Оплачен вовремя
6400,512,2024-06-22,12733.36,12733.36,Просрочен
6401,512,2024-07-22,12733.36,12733.36,Оплачен вовремя
6402,512,2024-08-21,12733.36,12733.36,Просрочен
6403,512,2024-09-20,12733.36,12733.36,Оплачен вовремя
6404,512,2024-10-20,12733.36,12733.36,Оплачен вовремя
6405,512,2024-11-19,12733.36,12733.36,Оплачен вовремя
6406,512,2024-12-19,12733.36,12733.36,Оплачен вовремя
6407,512,2025-01-18,12733.36,12733.36,Оплачен вовремя
6408,512,2025-02-17,12733.36,12733.36,Оплачен вовремя
6409,512,2025-03-19,12733.36,0.0,Не оплачен
6410,512,2025-04-18,12733.36,12733.36,Просрочен
6411,512,2025-05-18,12733.36,12733.36,Просрочен
6412,512,2025-06-17,12733.36,12733.36,Оплачен вовремя
6413,512,2025-07-17,12733.36,12733.36,Просрочен
6414,512,2025-08-16,12733.36,12733.36,Просрочен
6415,512,2025-09-15,12733.36,12733.36,Оплачен вовремя
6416,512,2025-10-15,12733.36,0.0,Не оплачен
6417,512,2025-11-14,12733.36,12733.36,Оплачен вовремя
6418,512,2025-12-14,12733.36,12733.36,Оплачен вовремя
6419,513,2025-10-27,8549.86,8549.86,Оплачен вовремя
6420,513,2025-11-26,8549.86,8549.86,Оплачен вовремя
6421,513,2025-12-26,8549.86,8549.86,Оплачен вовремя
6422,514,2024-05-12,22681.09,22681.09,Оплачен вовремя
6423,514,2024-06-11,22681.09,22681.09,Оплачен вовремя
6424,514,2024-07-11,22681.09,22681.09,Оплачен вовремя
6425,514,2024-08-10,22681.09,22681.09,Оплачен вовремя
6426,514,2024-09-09,22681.09,22681.09,Оплачен вовремя
6427,514,2024-10-09,22681.09,22681.09,Оплачен вовремя
6428,514,2024-11-08,22681.09,22681.09,Оплачен вовремя
6429,514,2024-12-08,22681.09,22681.09,Оплачен вовремя
6430,514,2025-01-07,22681.09,22681.09,Оплачен вовремя
6431,514,2025-02-06,22681.09,22681.09,Оплачен вовремя
6432,514,2025-03-08,22681.09,22681.09,Оплачен вовремя
6433,514,2025-04-07,22681.09,22681.09,Оплачен вовремя
6434,515,2023-10-26,25935.39,25935.39,Оплачен вовремя
6435,515,2023-11-25,25935.39,25935.39,Оплачен вовремя
6436,515,2023-12-25,25935.39,25935.39,Оплачен вовремя
6437,515,2024-01-24,25935.39,25935.39,Оплачен вовремя
6438,515,2024-02-23,25935.39,25935.39,Оплачен вовремя
6439,515,2024-03-24,25935.39,25935.39,Оплачен вовремя
6440,515,2024-04-23,25935.39,25935.39,Оплачен вовремя
6441,515,2024-05-23,25935.39,25935.39,Оплачен вовремя
6442,515,2024-06-22,25935.39,25935.39,Оплачен вовремя
6443,515,2024-07-22,25935.39,25935.39,Оплачен вовремя
6444,515,2024-08-21,25935.39,25935.39,Оплачен вовремя
6445,515,2024-09-20,25935.39,25935.39,Оплачен вовремя
6446,515,2024-10-20,25935.39,25935.39,Оплачен вовремя
6447,515,2024-11-19,25935.39,25935.39,Оплачен вовремя
6448,515,2024-12-19,25935.39,25935.39,Оплачен вовремя
6449,515,2025-01-18,25935.39,25935.39,Оплачен вовремя
6450,515,2025-02-17,25935.39,25935.39,Оплачен вовремя
6451,515,2025-03-19,25935.39,25935.39,Оплачен вовремя
6452,515,2025-04-18,25935.39,25935.39,Оплачен вовремя
6453,515,2025-05-18,25935.39,25935.39,Оплачен вовремя
6454,515,2025-06-17,25935.39,25935.39,Оплачен вовремя
6455,515,2025-07-17,25935.39,25935.39,Оплачен вовремя
6456,515,2025-08-16,25935.39,25935.39,Оплачен вовремя
6457,515,2025-09-15,25935.39,25935.39,Оплачен вовремя
6458,515,2025-10-15,25935.39,25935.39,Оплачен вовремя
6459,515,2025-11-14,25935.39,25935.39,Оплачен вовремя
6460,515,2025-12-14,25935.39,25935.39,Оплачен вовремя
6461,516,2025-10-16,10753.77,10753.77,Оплачен вовремя
6462,516,2025-11-15,10753.77,10753.77,Оплачен вовремя
6463,516,2025-12-15,10753.77,10753.77,Оплачен вовремя
6464,517,2025-12-04,16311.74,16311.74,Оплачен вовремя
6465,518,2025-01-07,5555.41,5555.41,Оплачен вовремя
6466,518,2025-02-06,5555.41,5555.41,Оплачен вовремя
6467,518,2025-03-08,5555.41,5555.41,Оплачен вовремя
6468,518,2025-04-07,5555.41,5555.41,Оплачен вовремя
6469,518,2025-05-07,5555.41,5555.41,Оплачен вовремя
6470,518,2025-06-06,5555.41,5555.41,Оплачен вовремя
6471,518,2025-07-06,5555.41,5555.41,Оплачен вовремя
6472,518,2025-08-05,5555.41,5555.41,Оплачен вовремя
6473,518,2025-09-04,5555.41,5555.41,Оплачен вовремя
6474,518,2025-10-04,5555.41,5555.41,Оплачен вовремя
6475,518,2025-11-03,5555.41,5555.41,Оплачен вовремя
6476,518,2025-12-03,5555.41,5555.41,Оплачен вовремя
6477,519,2025-01-16,16543.72,16543.72,Оплачен вовремя
6478,519,2025-02-15,16543.72,16543.72,Оплачен вовремя
6479,519,2025-03-17,16543.72,16543.72,Оплачен вовремя
6480,519,2025-04-16,16543.72,16543.72,Оплачен вовремя
6481,519,2025-05-16,16543.72,16543.72,Оплачен вовремя
6482,519,2025-06-15,16543.72,16543.72,Оплачен вовремя
6483,519,2025-07-15,16543.72,16543.72,Оплачен вовремя
6484,519,2025-08-14,16543.72,16543.72,Оплачен вовремя
6485,519,2025-09-13,16543.72,16543.72,Оплачен вовремя
6486,519,2025-10-13,16543.72,16543.72,Оплачен вовремя
6487,519,2025-11-12,16543.72,16543.72,Оплачен вовремя
6488,519,2025-12-12,16543.72,16543.72,Оплачен вовремя
6489,520,2025-11-12,31371.63,31371.63,Оплачен вовремя
6490,520,2025-12-12,31371.63,31371.63,Оплачен вовремя
6491,521,2023-07-19,433642.67,433642.67,Оплачен вовремя
6492,521,2023-08-18,433642.67,433642.67,Оплачен вовремя
6493,521,2023-09-17,433642.67,433642.67,Оплачен вовремя
6494,521,2023-10-17,433642.67,433642.67,Оплачен вовремя
6495,521,2023-11-16,433642.67,433642.67,Оплачен вовремя
6496,521,2023-12-16,433642.67,433642.67,Оплачен вовремя
6497,522,2025-12-14,41107.58,41107.58,Оплачен вовремя
6498,523,2025-04-01,11780.15,11780.15,Оплачен вовремя
6499,523,2025-05-01,11780.15,11780.15,Оплачен вовремя
6500,523,2025-05-31,11780.15,11780.15,Оплачен вовремя
6501,523,2025-06-30,11780.15,11780.15,Оплачен вовремя
6502,523,2025-07-30,11780.15,11780.15,Оплачен вовремя
6503,523,2025-08-29,11780.15,11780.15,Оплачен вовремя
6504,523,2025-09-28,11780.15,11780.15,Оплачен вовремя
6505,523,2025-10-28,11780.15,11780.15,Оплачен вовремя
6506,523,2025-11-27,11780.15,11780.15,Оплачен вовремя
6507,524,2025-09-30,7802.68,7802.68,Оплачен вовремя
6508,524,2025-10-30,7802.68,7802.68,Оплачен вовремя
6509,524,2025-11-29,7802.68,7802.68,Оплачен вовремя
6510,524,2025-12-29,7802.68,7802.68,Оплачен вовремя
6511,525,2023-10-05,131310.83,131310.83,Оплачен вовремя
6512,525,2023-11-04,131310.83,131310.83,Оплачен вовремя
6513,525,2023-12-04,131310.83,131310.83,Оплачен вовремя
6514,525,2024-01-03,131310.83,131310.83,Оплачен вовремя
6515,525,2024-02-02,131310.83,131310.83,Оплачен вовремя
6516,525,2024-03-03,131310.83,131310.83,Оплачен вовремя
6517,527,2025-12-22,11401.98,11401.98,Оплачен вовремя
6518,528,2025-01-07,18845.72,18845.72,Оплачен вовремя
6519,528,2025-02-06,18845.72,18845.72,Оплачен вовремя
6520,528,2025-03-08,18845.72,18845.72,Оплачен вовремя
6521,528,2025-04-07,18845.72,18845.72,Оплачен вовремя
6522,528,2025-05-07,18845.72,18845.72,Оплачен вовремя
6523,528,2025-06-06,18845.72,18845.72,Оплачен вовремя
6524,528,2025-07-06,18845.72,18845.72,Оплачен вовремя
6525,528,2025-08-05,18845.72,18845.72,Оплачен вовремя
6526,528,2025-09-04,18845.72,18845.72,Оплачен вовремя
6527,528,2025-10-04,18845.72,18845.72,Оплачен вовремя
6528,528,2025-11-03,18845.72,18845.72,Оплачен вовремя
6529,528,2025-12-03,18845.72,18845.72,Оплачен вовремя
6530,529,2023-09-20,48968.95,48968.95,Оплачен вовремя
6531,529,2023-10-20,48968.95,48968.95,Оплачен вовремя
6532,529,2023-11-19,48968.95,48968.95,Оплачен вовремя
6533,529,2023-12-19,48968.95,48968.95,Оплачен вовремя
6534,529,2024-01-18,48968.95,48968.95,Оплачен вовремя
6535,529,2024-02-17,48968.95,48968.95,Оплачен вовремя
6536,529,2024-03-18,48968.95,48968.95,Оплачен вовремя
6537,529,2024-04-17,48968.95,48968.95,Оплачен вовремя
6538,529,2024-05-17,48968.95,48968.95,Оплачен вовремя
6539,529,2024-06-16,48968.95,48968.95,Оплачен вовремя
6540,529,2024-07-16,48968.95,48968.95,Оплачен вовремя
6541,529,2024-08-15,48968.95,48968.95,Оплачен вовремя
6542,529,2024-09-14,48968.95,48968.95,Оплачен вовремя
6543,529,2024-10-14,48968.95,48968.95,Оплачен вовремя
6544,529,2024-11-13,48968.95,48968.95,Оплачен вовремя
6545,529,2024-12-13,48968.95,48968.95,Оплачен вовремя
6546,529,2025-01-12,48968.95,48968.95,Оплачен вовремя
6547,529,2025-02-11,48968.95,48968.95,Оплачен вовремя
6548,529,2025-03-13,48968.95,48968.95,Оплачен вовремя
6549,529,2025-04-12,48968.95,48968.95,Оплачен вовремя
6550,529,2025-05-12,48968.95,48968.95,Оплачен вовремя
6551,529,2025-06-11,48968.95,48968.95,Оплачен вовремя
6552,529,2025-07-11,48968.95,48968.95,Оплачен вовремя
6553,529,2025-08-10,48968.95,48968.95,Оплачен вовремя
6554,529,2025-09-09,48968.95,48968.95,Оплачен вовремя
6555,529,2025-10-09,48968.95,48968.95,Оплачен вовремя
6556,529,2025-11-08,48968.95,48968.95,Оплачен вовремя
6557,529,2025-12-08,48968.95,48968.95,Оплачен вовремя
6558,530,2025-09-30,331995.97,331995.97,Оплачен вовремя
6559,530,2025-10-30,331995.97,331995.97,Оплачен вовремя
6560,530,2025-11-29,331995.97,331995.97,Оплачен вовремя
6561,530,2025-12-29,331995.97,331995.97,Оплачен вовремя
6562,531,2024-01-21,13003.17,13003.17,Оплачен вовремя
6563,531,2024-02-20,13003.17,13003.17,Просрочен
6564,531,2024-03-21,13003.17,13003.17,Оплачен вовремя
6565,531,2024-04-20,13003.17,13003.17,Просрочен
6566,531,2024-05-20,13003.17,13003.17,Оплачен вовремя
6567,531,2024-06-19,13003.17,0.0,Не оплачен
6568,531,2024-07-19,13003.17,13003.17,Просрочен
6569,531,2024-08-18,13003.17,13003.17,Просрочен
6570,531,2024-09-17,13003.17,13003.17,Оплачен вовремя
6571,531,2024-10-17,13003.17,13003.17,Оплачен вовремя
6572,531,2024-11-16,13003.17,13003.17,Оплачен вовремя
6573,531,2024-12-16,13003.17,13003.17,Оплачен вовремя
6574,531,2025-01-15,13003.17,13003.17,Просрочен
6575,531,2025-02-14,13003.17,13003.17,Оплачен вовремя
6576,531,2025-03-16,13003.17,13003.17,Оплачен вовремя
6577,531,2025-04-15,13003.17,13003.17,Оплачен вовремя
6578,531,2025-05-15,13003.17,13003.17,Просрочен
6579,531,2025-06-14,13003.17,13003.17,Просрочен
6580,531,2025-07-14,13003.17,0.0,Не оплачен
6581,531,2025-08-13,13003.17,13003.17,Просрочен
6582,531,2025-09-12,13003.17,13003.17,Просрочен
6583,531,2025-10-12,13003.17,13003.17,Оплачен вовремя
6584,531,2025-11-11,13003.17,13003.17,Оплачен вовремя
6585,531,2025-12-11,13003.17,0.0,Не оплачен
6586,532,2025-03-17,884836.49,884836.49,Оплачен вовремя
6587,532,2025-04-16,884836.49,884836.49,Оплачен вовремя
6588,532,2025-05-16,884836.49,884836.49,Оплачен вовремя
6589,533,2025-04-03,13954.13,13954.13,Оплачен вовремя
6590,533,2025-05-03,13954.13,13954.13,Оплачен вовремя
6591,533,2025-06-02,13954.13,13954.13,Оплачен вовремя
6592,533,2025-07-02,13954.13,13954.13,Оплачен вовремя
6593,533,2025-08-01,13954.13,13954.13,Оплачен вовремя
6594,533,2025-08-31,13954.13,13954.13,Оплачен вовремя
6595,533,2025-09-30,13954.13,13954.13,Оплачен вовремя
6596,533,2025-10-30,13954.13,13954.13,Оплачен вовремя
6597,533,2025-11-29,13954.13,13954.13,Оплачен вовремя
6598,535,2025-09-02,1895.51,1895.51,Оплачен вовремя
6599,535,2025-10-02,1895.51,1895.51,Оплачен вовремя
6600,535,2025-11-01,1895.51,1895.51,Оплачен вовремя
6601,535,2025-12-01,1895.51,1895.51,Оплачен вовремя
6602,536,2025-07-31,396988.98,396988.98,Оплачен вовремя
6603,536,2025-08-30,396988.98,396988.98,Оплачен вовремя
6604,536,2025-09-29,396988.98,396988.98,Оплачен вовремя
6605,536,2025-10-29,396988.98,396988.98,Оплачен вовремя
6606,536,2025-11-28,396988.98,396988.98,Оплачен вовремя
6607,537,2024-12-22,59672.54,59672.54,Оплачен вовремя
6608,537,2025-01-21,59672.54,59672.54,Оплачен вовремя
6609,537,2025-02-20,59672.54,59672.54,Оплачен вовремя
6610,537,2025-03-22,59672.54,59672.54,Оплачен вовремя
6611,537,2025-04-21,59672.54,59672.54,Оплачен вовремя
6612,537,2025-05-21,59672.54,59672.54,Оплачен вовремя
6613,537,2025-06-20,59672.54,59672.54,Оплачен вовремя
6614,537,2025-07-20,59672.54,59672.54,Оплачен вовремя
6615,537,2025-08-19,59672.54,59672.54,Оплачен вовремя
6616,537,2025-09-18,59672.54,59672.54,Оплачен вовремя
6617,537,2025-10-18,59672.54,59672.54,Оплачен вовремя
6618,537,2025-11-17,59672.54,59672.54,Оплачен вовремя
6619,538,2023-10-07,59685.38,59685.38,Оплачен вовремя
6620,538,2023-11-06,59685.38,59685.38,Оплачен вовремя
6621,538,2023-12-06,59685.38,59685.38,Оплачен вовремя
6622,538,2024-01-05,59685.38,59685.38,Оплачен вовремя
6623,538,2024-02-04,59685.38,59685.38,Оплачен вовремя
6624,538,2024-03-05,59685.38,59685.38,Оплачен вовремя
6625,538,2024-04-04,59685.38,59685.38,Оплачен вовремя
6626,538,2024-05-04,59685.38,59685.38,Оплачен вовремя
6627,538,2024-06-03,59685.38,59685.38,Оплачен вовремя
6628,538,2024-07-03,59685.38,59685.38,Оплачен вовремя
6629,538,2024-08-02,59685.38,59685.38,Оплачен вовремя
6630,538,2024-09-01,59685.38,59685.38,Оплачен вовремя
6631,538,2024-10-01,59685.38,59685.38,Оплачен вовремя
6632,538,2024-10-31,59685.38,59685.38,Оплачен вовремя
6633,538,2024-11-30,59685.38,59685.38,Оплачен вовремя
6634,538,2024-12-30,59685.38,59685.38,Оплачен вовремя
6635,538,2025-01-29,59685.38,59685.38,Оплачен вовремя
6636,538,2025-02-28,59685.38,59685.38,Оплачен вовремя
6637,538,2025-03-30,59685.38,59685.38,Оплачен вовремя
6638,538,2025-04-29,59685.38,59685.38,Оплачен вовремя
6639,538,2025-05-29,59685.38,59685.38,Оплачен вовремя
6640,538,2025-06-28,59685.38,59685.38,Оплачен вовремя
6641,538,2025-07-28,59685.38,59685.38,Оплачен вовремя
6642,538,2025-08-27,59685.38,59685.38,Оплачен вовремя
6643,539,2025-11-10,19357.9,19357.9,Оплачен вовремя
6644,539,2025-12-10,19357.9,19357.9,Оплачен вовремя
6645,540,2025-06-27,13434.56,13434.56,Оплачен вовремя
6646,540,2025-07-27,13434.56,13434.56,Оплачен вовремя
6647,540,2025-08-26,13434.56,13434.56,Оплачен вовремя
6648,540,2025-09-25,13434.56,13434.56,Оплачен вовремя
6649,540,2025-10-25,13434.56,13434.56,Оплачен вовремя
6650,540,2025-11-24,13434.56,13434.56,Оплачен вовремя
6651,540,2025-12-24,13434.56,13434.56,Оплачен вовремя
6652,541,2024-10-02,25572.78,25572.78,Оплачен вовремя
6653,541,2024-11-01,25572.78,25572.78,Оплачен вовремя
6654,541,2024-12-01,25572.78,25572.78,Оплачен вовремя
6655,541,2024-12-31,25572.78,25572.78,Оплачен вовремя
6656,541,2025-01-30,25572.78,25572.78,Оплачен вовремя
6657,541,2025-03-01,25572.78,25572.78,Оплачен вовремя
6658,541,2025-03-31,25572.78,25572.78,Оплачен вовремя
6659,541,2025-04-30,25572.78,25572.78,Оплачен вовремя
6660,541,2025-05-30,25572.78,25572.78,Оплачен вовремя
6661,541,2025-06-29,25572.78,25572.78,Оплачен вовремя
6662,541,2025-07-29,25572.78,25572.78,Оплачен вовремя
6663,541,2025-08-28,25572.78,25572.78,Оплачен вовремя
6664,541,2025-09-27,25572.78,25572.78,Оплачен вовремя
6665,541,2025-10-27,25572.78,25572.78,Оплачен вовремя
6666,541,2025-11-26,25572.78,25572.78,Оплачен вовремя
6667,543,2024-03-25,56855.0,56855.0,Оплачен вовремя
6668,543,2024-04-24,56855.0,56855.0,Оплачен вовремя
6669,543,2024-05-24,56855.0,56855.0,Оплачен вовремя
6670,543,2024-06-23,56855.0,56855.0,Оплачен вовремя
6671,543,2024-07-23,56855.0,56855.0,Оплачен вовремя
6672,543,2024-08-22,56855.0,56855.0,Оплачен вовремя
6673,543,2024-09-21,56855.0,56855.0,Оплачен вовремя
6674,543,2024-10-21,56855.0,56855.0,Оплачен вовремя
6675,543,2024-11-20,56855.0,56855.0,Оплачен вовремя
6676,543,2024-12-20,56855.0,56855.0,Оплачен вовремя
6677,543,2025-01-19,56855.0,56855.0,Оплачен вовремя
6678,543,2025-02-18,56855.0,56855.0,Оплачен вовремя
6679,543,2025-03-20,56855.0,56855.0,Оплачен вовремя
6680,543,2025-04-19,56855.0,56855.0,Оплачен вовремя
6681,543,2025-05-19,56855.0,56855.0,Оплачен вовремя
6682,543,2025-06-18,56855.0,56855.0,Оплачен вовремя
6683,543,2025-07-18,56855.0,56855.0,Оплачен вовремя
6684,543,2025-08-17,56855.0,56855.0,Оплачен вовремя
6685,543,2025-09-16,56855.0,56855.0,Оплачен вовремя
6686,543,2025-10-16,56855.0,56855.0,Оплачен вовремя
6687,543,2025-11-15,56855.0,56855.0,Оплачен вовремя
6688,543,2025-12-15,56855.0,56855.0,Оплачен вовремя
6689,544,2025-03-24,5882.45,5882.45,Оплачен вовремя
6690,544,2025-04-23,5882.45,5882.45,Оплачен вовремя
6691,544,2025-05-23,5882.45,5882.45,Оплачен вовремя
6692,544,2025-06-22,5882.45,5882.45,Оплачен вовремя
6693,544,2025-07-22,5882.45,5882.45,Оплачен вовремя
6694,544,2025-08-21,5882.45,5882.45,Оплачен вовремя
6695,544,2025-09-20,5882.45,5882.45,Оплачен вовремя
6696,544,2025-10-20,5882.45,5882.45,Оплачен вовремя
6697,544,2025-11-19,5882.45,5882.45,Оплачен вовремя
6698,544,2025-12-19,5882.45,5882.45,Оплачен вовремя
6699,545,2023-06-23,39249.7,39249.7,Оплачен вовремя
6700,545,2023-07-23,39249.7,39249.7,Оплачен вовремя
6701,545,2023-08-22,39249.7,39249.7,Оплачен вовремя
6702,545,2023-09-21,39249.7,39249.7,Оплачен вовремя
6703,545,2023-10-21,39249.7,39249.7,Оплачен вовремя
6704,545,2023-11-20,39249.7,39249.7,Оплачен вовремя
6705,545,2023-12-20,39249.7,39249.7,Оплачен вовремя
6706,545,2024-01-19,39249.7,39249.7,Оплачен вовремя
6707,545,2024-02-18,39249.7,39249.7,Оплачен вовремя
6708,545,2024-03-19,39249.7,39249.7,Оплачен вовремя
6709,545,2024-04-18,39249.7,39249.7,Оплачен вовремя
6710,545,2024-05-18,39249.7,39249.7,Оплачен вовремя
6711,545,2024-06-17,39249.7,39249.7,Оплачен вовремя
6712,545,2024-07-17,39249.7,39249.7,Оплачен вовремя
6713,545,2024-08-16,39249.7,39249.7,Оплачен вовремя
6714,545,2024-09-15,39249.7,39249.7,Оплачен вовремя
6715,545,2024-10-15,39249.7,39249.7,Оплачен вовремя
6716,545,2024-11-14,39249.7,39249.7,Оплачен вовремя
6717,545,2024-12-14,39249.7,39249.7,Оплачен вовремя
6718,545,2025-01-13,39249.7,39249.7,Оплачен вовремя
6719,545,2025-02-12,39249.7,39249.7,Оплачен вовремя
6720,545,2025-03-14,39249.7,39249.7,Оплачен вовремя
6721,545,2025-04-13,39249.7,39249.7,Оплачен вовремя
6722,545,2025-05-13,39249.7,39249.7,Оплачен вовремя
6723,545,2025-06-12,39249.7,39249.7,Оплачен вовремя
6724,545,2025-07-12,39249.7,39249.7,Оплачен вовремя
6725,545,2025-08-11,39249.7,39249.7,Оплачен вовремя
6726,545,2025-09-10,39249.7,39249.7,Оплачен вовремя
6727,545,2025-10-10,39249.7,39249.7,Оплачен вовремя
6728,545,2025-11-09,39249.7,39249.7,Оплачен вовремя
6729,545,2025-12-09,39249.7,39249.7,Оплачен вовремя
6730,546,2025-01-10,2444.24,2444.24,Оплачен вовремя
6731,546,2025-02-09,2444.24,2444.24,Просрочен
6732,546,2025-03-11,2444.24,2444.24,Оплачен вовремя
6733,546,2025-04-10,2444.24,2444.24,Оплачен вовремя
6734,546,2025-05-10,2444.24,2444.24,Оплачен вовремя
6735,546,2025-06-09,2444.24,2444.24,Оплачен вовремя
6736,546,2025-07-09,2444.24,2444.24,Оплачен вовремя
6737,546,2025-08-08,2444.24,2444.24,Оплачен вовремя
6738,546,2025-09-07,2444.24,2444.24,Просрочен
6739,546,2025-10-07,2444.24,2444.24,Оплачен вовремя
6740,546,2025-11-06,2444.24,0.0,Не оплачен
6741,546,2025-12-06,2444.24,2444.24,Оплачен вовремя
6742,547,2024-08-29,15302.22,15302.22,Оплачен вовремя
6743,547,2024-09-28,15302.22,15302.22,Оплачен вовремя
6744,547,2024-10-28,15302.22,15302.22,Оплачен вовремя
6745,547,2024-11-27,15302.22,15302.22,Оплачен вовремя
6746,547,2024-12-27,15302.22,15302.22,Оплачен вовремя
6747,547,2025-01-26,15302.22,15302.22,Оплачен вовремя
6748,547,2025-02-25,15302.22,15302.22,Оплачен вовремя
6749,547,2025-03-27,15302.22,15302.22,Оплачен вовремя
6750,547,2025-04-26,15302.22,15302.22,Оплачен вовремя
6751,547,2025-05-26,15302.22,15302.22,Оплачен вовремя
6752,547,2025-06-25,15302.22,15302.22,Оплачен вовремя
6753,547,2025-07-25,15302.22,15302.22,Оплачен вовремя
6754,547,2025-08-24,15302.22,15302.22,Оплачен вовремя
6755,547,2025-09-23,15302.22,15302.22,Оплачен вовремя
6756,547,2025-10-23,15302.22,15302.22,Оплачен вовремя
6757,547,2025-11-22,15302.22,15302.22,Оплачен вовремя
6758,547,2025-12-22,15302.22,15302.22,Оплачен вовремя
6759,549,2025-08-16,16429.91,16429.91,Оплачен вовремя
6760,549,2025-09-15,16429.91,16429.91,Оплачен вовремя
6761,549,2025-10-15,16429.91,16429.91,Оплачен вовремя
6762,549,2025-11-14,16429.91,16429.91,Оплачен вовремя
6763,549,2025-12-14,16429.91,16429.91,Оплачен вовремя
6764,550,2025-07-15,15641.02,15641.02,Оплачен вовремя
6765,550,2025-08-14,15641.02,15641.02,Оплачен вовремя
6766,550,2025-09-13,15641.02,15641.02,Оплачен вовремя
6767,550,2025-10-13,15641.02,15641.02,Оплачен вовремя
6768,550,2025-11-12,15641.02,15641.02,Оплачен вовремя
6769,550,2025-12-12,15641.02,15641.02,Оплачен вовремя
6770,551,2022-12-22,144954.88,144954.88,Оплачен вовремя
6771,551,2023-01-21,144954.88,144954.88,Оплачен вовремя
6772,551,2023-02-20,144954.88,144954.88,Оплачен вовремя
6773,552,2024-03-11,13343.19,13343.19,Оплачен вовремя
6774,552,2024-04-10,13343.19,13343.19,Оплачен вовремя
6775,552,2024-05-10,13343.19,13343.19,Оплачен вовремя
6776,552,2024-06-09,13343.19,13343.19,Оплачен вовремя
6777,552,2024-07-09,13343.19,13343.19,Оплачен вовремя
6778,552,2024-08-08,13343.19,13343.19,Оплачен вовремя
6779,552,2024-09-07,13343.19,13343.19,Оплачен вовремя
6780,552,2024-10-07,13343.19,13343.19,Оплачен вовремя
6781,552,2024-11-06,13343.19,13343.19,Оплачен вовремя
6782,552,2024-12-06,13343.19,13343.19,Оплачен вовремя
6783,552,2025-01-05,13343.19,13343.19,Оплачен вовремя
6784,552,2025-02-04,13343.19,13343.19,Оплачен вовремя
6785,553,2022-06-11,9812.07,9812.07,Оплачен вовремя
6786,553,2022-07-11,9812.07,9812.07,Оплачен вовремя
6787,553,2022-08-10,9812.07,9812.07,Оплачен вовремя
6788,553,2022-09-09,9812.07,9812.07,Оплачен вовремя
6789,553,2022-10-09,9812.07,9812.07,Оплачен вовремя
6790,553,2022-11-08,9812.07,9812.07,Оплачен вовремя
6791,553,2022-12-08,9812.07,9812.07,Оплачен вовремя
6792,553,2023-01-07,9812.07,9812.07,Оплачен вовремя
6793,553,2023-02-06,9812.07,9812.07,Оплачен вовремя
6794,553,2023-03-08,9812.07,9812.07,Оплачен вовремя
6795,553,2023-04-07,9812.07,9812.07,Оплачен вовремя
6796,553,2023-05-07,9812.07,9812.07,Оплачен вовремя
6797,553,2023-06-06,9812.07,9812.07,Оплачен вовремя
6798,553,2023-07-06,9812.07,9812.07,Оплачен вовремя
6799,553,2023-08-05,9812.07,9812.07,Оплачен вовремя
6800,553,2023-09-04,9812.07,9812.07,Оплачен вовремя
6801,553,2023-10-04,9812.07,9812.07,Оплачен вовремя
6802,553,2023-11-03,9812.07,9812.07,Оплачен вовремя
6803,553,2023-12-03,9812.07,9812.07,Оплачен вовремя
6804,553,2024-01-02,9812.07,9812.07,Оплачен вовремя
6805,553,2024-02-01,9812.07,9812.07,Оплачен вовремя
6806,553,2024-03-02,9812.07,9812.07,Оплачен вовремя
6807,553,2024-04-01,9812.07,9812.07,Оплачен вовремя
6808,553,2024-05-01,9812.07,9812.07,Оплачен вовремя
6809,554,2025-06-26,51544.52,51544.52,Просрочен
6810,554,2025-07-26,51544.52,0.0,Не оплачен
6811,554,2025-08-25,51544.52,0.0,Не оплачен
6812,554,2025-09-24,51544.52,51544.52,Оплачен вовремя
6813,554,2025-10-24,51544.52,51544.52,Просрочен
6814,554,2025-11-23,51544.52,51544.52,Оплачен вовремя
6815,554,2025-12-23,51544.52,51544.52,Оплачен вовремя
6816,555,2025-09-01,12204.48,12204.48,Оплачен вовремя
6817,555,2025-10-01,12204.48,12204.48,Оплачен вовремя
6818,555,2025-10-31,12204.48,12204.48,Оплачен вовремя
6819,555,2025-11-30,12204.48,12204.48,Оплачен вовремя
6820,556,2023-05-07,11709.81,11709.81,Оплачен вовремя
6821,556,2023-06-06,11709.81,11709.81,Оплачен вовремя
6822,556,2023-07-06,11709.81,11709.81,Оплачен вовремя
6823,556,2023-08-05,11709.81,11709.81,Оплачен вовремя
6824,556,2023-09-04,11709.81,11709.81,Оплачен вовремя
6825,556,2023-10-04,11709.81,11709.81,Оплачен вовремя
6826,556,2023-11-03,11709.81,11709.81,Оплачен вовремя
6827,556,2023-12-03,11709.81,11709.81,Оплачен вовремя
6828,556,2024-01-02,11709.81,11709.81,Оплачен вовремя
6829,556,2024-02-01,11709.81,11709.81,Оплачен вовремя
6830,556,2024-03-02,11709.81,11709.81,Оплачен вовремя
6831,556,2024-04-01,11709.81,11709.81,Оплачен вовремя
6832,556,2024-05-01,11709.81,11709.81,Оплачен вовремя
6833,556,2024-05-31,11709.81,11709.81,Оплачен вовремя
6834,556,2024-06-30,11709.81,11709.81,Оплачен вовремя
6835,556,2024-07-30,11709.81,11709.81,Оплачен вовремя
6836,556,2024-08-29,11709.81,11709.81,Оплачен вовремя
6837,556,2024-09-28,11709.81,11709.81,Оплачен вовремя
6838,556,2024-10-28,11709.81,11709.81,Оплачен вовремя
6839,556,2024-11-27,11709.81,11709.81,Оплачен вовремя
6840,556,2024-12-27,11709.81,11709.81,Оплачен вовремя
6841,556,2025-01-26,11709.81,11709.81,Оплачен вовремя
6842,556,2025-02-25,11709.81,11709.81,Оплачен вовремя
6843,556,2025-03-27,11709.81,11709.81,Оплачен вовремя
6844,556,2025-04-26,11709.81,11709.81,Оплачен вовремя
6845,556,2025-05-26,11709.81,11709.81,Оплачен вовремя
6846,556,2025-06-25,11709.81,11709.81,Оплачен вовремя
6847,556,2025-07-25,11709.81,11709.81,Оплачен вовремя
6848,556,2025-08-24,11709.81,11709.81,Оплачен вовремя
6849,556,2025-09-23,11709.81,11709.81,Оплачен вовремя
6850,556,2025-10-23,11709.81,11709.81,Оплачен вовремя
6851,556,2025-11-22,11709.81,11709.81,Оплачен вовремя
6852,557,2025-05-07,102842.2,102842.2,Оплачен вовремя
6853,557,2025-06-06,102842.2,102842.2,Оплачен вовремя
6854,557,2025-07-06,102842.2,102842.2,Оплачен вовремя
6855,557,2025-08-05,102842.2,102842.2,Оплачен вовремя
6856,557,2025-09-04,102842.2,102842.2,Оплачен вовремя
6857,557,2025-10-04,102842.2,102842.2,Оплачен вовремя
6858,557,2025-11-03,102842.2,102842.2,Оплачен вовремя
6859,557,2025-12-03,102842.2,102842.2,Оплачен вовремя
6860,559,2024-02-11,4009.1,4009.1,Оплачен вовремя
6861,559,2024-03-12,4009.1,4009.1,Оплачен вовремя
6862,559,2024-04-11,4009.1,4009.1,Оплачен вовремя
6863,559,2024-05-11,4009.1,4009.1,Оплачен вовремя
6864,559,2024-06-10,4009.1,4009.1,Оплачен вовремя
6865,559,2024-07-10,4009.1,4009.1,Оплачен вовремя
6866,559,2024-08-09,4009.1,4009.1,Оплачен вовремя
6867,559,2024-09-08,4009.1,4009.1,Оплачен вовремя
6868,559,2024-10-08,4009.1,4009.1,Оплачен вовремя
6869,559,2024-11-07,4009.1,4009.1,Оплачен вовремя
6870,559,2024-12-07,4009.1,4009.1,Оплачен вовремя
6871,559,2025-01-06,4009.1,4009.1,Оплачен вовремя
6872,559,2025-02-05,4009.1,4009.1,Оплачен вовремя
6873,559,2025-03-07,4009.1,4009.1,Оплачен вовремя
6874,559,2025-04-06,4009.1,4009.1,Оплачен вовремя
6875,559,2025-05-06,4009.1,4009.1,Оплачен вовремя
6876,559,2025-06-05,4009.1,4009.1,Оплачен вовремя
6877,559,2025-07-05,4009.1,4009.1,Оплачен вовремя
6878,559,2025-08-04,4009.1,4009.1,Оплачен вовремя
6879,559,2025-09-03,4009.1,4009.1,Оплачен вовремя
6880,559,2025-10-03,4009.1,4009.1,Оплачен вовремя
6881,559,2025-11-02,4009.1,4009.1,Оплачен вовремя
6882,559,2025-12-02,4009.1,4009.1,Оплачен вовремя
6883,560,2025-07-29,37308.97,37308.97,Оплачен вовремя
6884,560,2025-08-28,37308.97,37308.97,Оплачен вовремя
6885,560,2025-09-27,37308.97,37308.97,Оплачен вовремя
6886,560,2025-10-27,37308.97,37308.97,Оплачен вовремя
6887,560,2025-11-26,37308.97,37308.97,Оплачен вовремя
6888,560,2025-12-26,37308.97,37308.97,Оплачен вовремя
6889,561,2022-08-25,3049.65,3049.65,Оплачен вовремя
6890,561,2022-09-24,3049.65,3049.65,Оплачен вовремя
6891,561,2022-10-24,3049.65,3049.65,Оплачен вовремя
6892,561,2022-11-23,3049.65,3049.65,Оплачен вовремя
6893,561,2022-12-23,3049.65,3049.65,Оплачен вовремя
6894,561,2023-01-22,3049.65,3049.65,Оплачен вовремя
6895,561,2023-02-21,3049.65,3049.65,Оплачен вовремя
6896,561,2023-03-23,3049.65,3049.65,Оплачен вовремя
6897,561,2023-04-22,3049.65,3049.65,Оплачен вовремя
6898,561,2023-05-22,3049.65,3049.65,Оплачен вовремя
6899,561,2023-06-21,3049.65,3049.65,Оплачен вовремя
6900,561,2023-07-21,3049.65,3049.65,Оплачен вовремя
6901,561,2023-08-20,3049.65,3049.65,Оплачен вовремя
6902,561,2023-09-19,3049.65,3049.65,Оплачен вовремя
6903,561,2023-10-19,3049.65,3049.65,Оплачен вовремя
6904,561,2023-11-18,3049.65,3049.65,Оплачен вовремя
6905,561,2023-12-18,3049.65,3049.65,Оплачен вовремя
6906,561,2024-01-17,3049.65,3049.65,Оплачен вовремя
6907,561,2024-02-16,3049.65,3049.65,Оплачен вовремя
6908,561,2024-03-17,3049.65,3049.65,Оплачен вовремя
6909,561,2024-04-16,3049.65,3049.65,Оплачен вовремя
6910,561,2024-05-16,3049.65,3049.65,Оплачен вовремя
6911,561,2024-06-15,3049.65,3049.65,Оплачен вовремя
6912,561,2024-07-15,3049.65,3049.65,Оплачен вовремя
6913,561,2024-08-14,3049.65,3049.65,Оплачен вовремя
6914,561,2024-09-13,3049.65,3049.65,Оплачен вовремя
6915,561,2024-10-13,3049.65,3049.65,Оплачен вовремя
6916,561,2024-11-12,3049.65,3049.65,Оплачен вовремя
6917,561,2024-12-12,3049.65,3049.65,Оплачен вовремя
6918,561,2025-01-11,3049.65,3049.65,Оплачен вовремя
6919,561,2025-02-10,3049.65,3049.65,Оплачен вовремя
6920,561,2025-03-12,3049.65,3049.65,Оплачен вовремя
6921,561,2025-04-11,3049.65,3049.65,Оплачен вовремя
6922,561,2025-05-11,3049.65,3049.65,Оплачен вовремя
6923,561,2025-06-10,3049.65,3049.65,Оплачен вовремя
6924,561,2025-07-10,3049.65,3049.65,Оплачен вовремя
6925,562,2023-06-29,9671.51,9671.51,Оплачен вовремя
6926,562,2023-07-29,9671.51,9671.51,Оплачен вовремя
6927,562,2023-08-28,9671.51,9671.51,Оплачен вовремя
6928,562,2023-09-27,9671.51,9671.51,Оплачен вовремя
6929,562,2023-10-27,9671.51,9671.51,Оплачен вовремя
6930,562,2023-11-26,9671.51,9671.51,Оплачен вовремя
6931,562,2023-12-26,9671.51,9671.51,Оплачен вовремя
6932,562,2024-01-25,9671.51,9671.51,Оплачен вовремя
6933,562,2024-02-24,9671.51,9671.51,Оплачен вовремя
6934,562,2024-03-25,9671.51,9671.51,Оплачен вовремя
6935,562,2024-04-24,9671.51,9671.51,Оплачен вовремя
6936,562,2024-05-24,9671.51,9671.51,Оплачен вовремя
6937,562,2024-06-23,9671.51,9671.51,Оплачен вовремя
6938,562,2024-07-23,9671.51,9671.51,Оплачен вовремя
6939,562,2024-08-22,9671.51,9671.51,Оплачен вовремя
6940,562,2024-09-21,9671.51,9671.51,Оплачен вовремя
6941,562,2024-10-21,9671.51,9671.51,Оплачен вовремя
6942,562,2024-11-20,9671.51,9671.51,Оплачен вовремя
6943,562,2024-12-20,9671.51,9671.51,Оплачен вовремя
6944,562,2025-01-19,9671.51,9671.51,Оплачен вовремя
6945,562,2025-02-18,9671.51,9671.51,Оплачен вовремя
6946,562,2025-03-20,9671.51,9671.51,Оплачен вовремя
6947,562,2025-04-19,9671.51,9671.51,Оплачен вовремя
6948,562,2025-05-19,9671.51,9671.51,Оплачен вовремя
6949,562,2025-06-18,9671.51,9671.51,Оплачен вовремя
6950,562,2025-07-18,9671.51,9671.51,Оплачен вовремя
6951,562,2025-08-17,9671.51,9671.51,Оплачен вовремя
6952,562,2025-09-16,9671.51,9671.51,Оплачен вовремя
6953,562,2025-10-16,9671.51,9671.51,Оплачен вовремя
6954,562,2025-11-15,9671.51,9671.51,Оплачен вовремя
6955,562,2025-12-15,9671.51,9671.51,Оплачен вовремя
6956,563,2025-01-29,24595.36,24595.36,Оплачен вовремя
6957,563,2025-02-28,24595.36,24595.36,Оплачен вовремя
6958,563,2025-03-30,24595.36,24595.36,Оплачен вовремя
6959,563,2025-04-29,24595.36,24595.36,Оплачен вовремя
6960,563,2025-05-29,24595.36,24595.36,Оплачен вовремя
6961,563,2025-06-28,24595.36,24595.36,Оплачен вовремя
6962,563,2025-07-28,24595.36,24595.36,Оплачен вовремя
6963,563,2025-08-27,24595.36,24595.36,Оплачен вовремя
6964,563,2025-09-26,24595.36,24595.36,Оплачен вовремя
6965,563,2025-10-26,24595.36,24595.36,Оплачен вовремя
6966,563,2025-11-25,24595.36,24595.36,Оплачен вовремя
6967,563,2025-12-25,24595.36,24595.36,Оплачен вовремя
6968,564,2025-10-26,51313.47,51313.47,Оплачен вовремя
6969,564,2025-11-25,51313.47,51313.47,Оплачен вовремя
6970,564,2025-12-25,51313.47,51313.47,Оплачен вовремя
6971,565,2022-12-19,8270.8,8270.8,Оплачен вовремя
6972,565,2023-01-18,8270.8,8270.8,Оплачен вовремя
6973,565,2023-02-17,8270.8,8270.8,Оплачен вовремя
6974,565,2023-03-19,8270.8,8270.8,Оплачен вовремя
6975,565,2023-04-18,8270.8,8270.8,Оплачен вовремя
6976,565,2023-05-18,8270.8,8270.8,Оплачен вовремя
6977,565,2023-06-17,8270.8,8270.8,Оплачен вовремя
6978,565,2023-07-17,8270.8,8270.8,Оплачен вовремя
6979,565,2023-08-16,8270.8,8270.8,Оплачен вовремя
6980,565,2023-09-15,8270.8,8270.8,Оплачен вовремя
6981,565,2023-10-15,8270.8,8270.8,Оплачен вовремя
6982,565,2023-11-14,8270.8,8270.8,Оплачен вовремя
6983,565,2023-12-14,8270.8,8270.8,Оплачен вовремя
6984,565,2024-01-13,8270.8,8270.8,Оплачен вовремя
6985,565,2024-02-12,8270.8,8270.8,Оплачен вовремя
6986,565,2024-03-13,8270.8,8270.8,Оплачен вовремя
6987,565,2024-04-12,8270.8,8270.8,Оплачен вовремя
6988,565,2024-05-12,8270.8,8270.8,Оплачен вовремя
6989,565,2024-06-11,8270.8,8270.8,Оплачен вовремя
6990,565,2024-07-11,8270.8,8270.8,Оплачен вовремя
6991,565,2024-08-10,8270.8,8270.8,Оплачен вовремя
6992,565,2024-09-09,8270.8,8270.8,Оплачен вовремя
6993,565,2024-10-09,8270.8,8270.8,Оплачен вовремя
6994,565,2024-11-08,8270.8,8270.8,Оплачен вовремя
6995,565,2024-12-08,8270.8,8270.8,Оплачен вовремя
6996,565,2025-01-07,8270.8,8270.8,Оплачен вовремя
6997,565,2025-02-06,8270.8,8270.8,Оплачен вовремя
6998,565,2025-03-08,8270.8,8270.8,Оплачен вовремя
6999,565,2025-04-07,8270.8,8270.8,Оплачен вовремя
7000,565,2025-05-07,8270.8,8270.8,Оплачен вовремя
7001,565,2025-06-06,8270.8,8270.8,Оплачен вовремя
7002,565,2025-07-06,8270.8,8270.8,Оплачен вовремя
7003,565,2025-08-05,8270.8,8270.8,Оплачен вовремя
7004,565,2025-09-04,8270.8,8270.8,Оплачен вовремя
7005,565,2025-10-04,8270.8,8270.8,Оплачен вовремя
7006,565,2025-11-03,8270.8,8270.8,Оплачен вовремя
7007,566,2023-03-25,26359.02,26359.02,Оплачен вовремя
7008,566,2023-04-24,26359.02,26359.02,Оплачен вовремя
7009,566,2023-05-24,26359.02,26359.02,Оплачен вовремя
7010,566,2023-06-23,26359.02,26359.02,Оплачен вовремя
7011,566,2023-07-23,26359.02,26359.02,Оплачен вовремя
7012,566,2023-08-22,26359.02,26359.02,Оплачен вовремя
7013,566,2023-09-21,26359.02,26359.02,Оплачен вовремя
7014,566,2023-10-21,26359.02,26359.02,Оплачен вовремя
7015,566,2023-11-20,26359.02,26359.02,Оплачен вовремя
7016,566,2023-12-20,26359.02,26359.02,Оплачен вовремя
7017,566,2024-01-19,26359.02,26359.02,Оплачен вовремя
7018,566,2024-02-18,26359.02,26359.02,Оплачен вовремя
7019,566,2024-03-19,26359.02,26359.02,Оплачен вовремя
7020,566,2024-04-18,26359.02,26359.02,Оплачен вовремя
7021,566,2024-05-18,26359.02,26359.02,Оплачен вовремя
7022,566,2024-06-17,26359.02,26359.02,Оплачен вовремя
7023,566,2024-07-17,26359.02,26359.02,Оплачен вовремя
7024,566,2024-08-16,26359.02,26359.02,Оплачен вовремя
7025,566,2024-09-15,26359.02,26359.02,Оплачен вовремя
7026,566,2024-10-15,26359.02,26359.02,Оплачен вовремя
7027,566,2024-11-14,26359.02,26359.02,Оплачен вовремя
7028,566,2024-12-14,26359.02,26359.02,Оплачен вовремя
7029,566,2025-01-13,26359.02,26359.02,Оплачен вовремя
7030,566,2025-02-12,26359.02,26359.02,Оплачен вовремя
7031,567,2023-06-29,1543111.28,1543111.28,Оплачен вовремя
7032,567,2023-07-29,1543111.28,1543111.28,Оплачен вовремя
7033,567,2023-08-28,1543111.28,1543111.28,Оплачен вовремя
7034,568,2024-01-09,18708.4,18708.4,Оплачен вовремя
7035,568,2024-02-08,18708.4,18708.4,Оплачен вовремя
7036,568,2024-03-09,18708.4,18708.4,Оплачен вовремя
7037,568,2024-04-08,18708.4,18708.4,Оплачен вовремя
7038,568,2024-05-08,18708.4,18708.4,Оплачен вовремя
7039,568,2024-06-07,18708.4,18708.4,Оплачен вовремя
7040,568,2024-07-07,18708.4,18708.4,Оплачен вовремя
7041,568,2024-08-06,18708.4,18708.4,Оплачен вовремя
7042,568,2024-09-05,18708.4,18708.4,Оплачен вовремя
7043,568,2024-10-05,18708.4,18708.4,Оплачен вовремя
7044,568,2024-11-04,18708.4,18708.4,Оплачен вовремя
7045,568,2024-12-04,18708.4,18708.4,Оплачен вовремя
7046,569,2023-06-23,391543.61,391543.61,Просрочен
7047,569,2023-07-23,391543.61,391543.61,Просрочен
7048,569,2023-08-22,391543.61,391543.61,Оплачен вовремя
7049,569,2023-09-21,391543.61,391543.61,Оплачен вовремя
7050,569,2023-10-21,391543.61,391543.61,Просрочен
7051,569,2023-11-20,391543.61,0.0,Не оплачен
7052,569,2023-12-20,391543.61,0.0,Не оплачен
7053,569,2024-01-19,391543.61,391543.61,Оплачен вовремя
7054,569,2024-02-18,391543.61,391543.61,Оплачен вовремя
7055,569,2024-03-19,391543.61,391543.61,Оплачен вовремя
7056,569,2024-04-18,391543.61,391543.61,Оплачен вовремя
7057,569,2024-05-18,391543.61,391543.61,Просрочен
7058,570,2024-07-02,17942.41,17942.41,Оплачен вовремя
7059,570,2024-08-01,17942.41,17942.41,Оплачен вовремя
7060,570,2024-08-31,17942.41,17942.41,Оплачен вовремя
7061,570,2024-09-30,17942.41,17942.41,Оплачен вовремя
7062,570,2024-10-30,17942.41,17942.41,Оплачен вовремя
7063,570,2024-11-29,17942.41,17942.41,Оплачен вовремя
7064,570,2024-12-29,17942.41,17942.41,Оплачен вовремя
7065,570,2025-01-28,17942.41,17942.41,Оплачен вовремя
7066,570,2025-02-27,17942.41,17942.41,Оплачен вовремя
7067,570,2025-03-29,17942.41,17942.41,Оплачен вовремя
7068,570,2025-04-28,17942.41,17942.41,Оплачен вовремя
7069,570,2025-05-28,17942.41,17942.41,Оплачен вовремя
7070,570,2025-06-27,17942.41,17942.41,Оплачен вовремя
7071,570,2025-07-27,17942.41,17942.41,Оплачен вовремя
7072,570,2025-08-26,17942.41,17942.41,Оплачен вовремя
7073,570,2025-09-25,17942.41,17942.41,Оплачен вовремя
7074,570,2025-10-25,17942.41,17942.41,Оплачен вовремя
7075,570,2025-11-24,17942.41,17942.41,Оплачен вовремя
7076,571,2022-10-22,3051.82,3051.82,Оплачен вовремя
7077,571,2022-11-21,3051.82,3051.82,Оплачен вовремя
7078,571,2022-12-21,3051.82,3051.82,Оплачен вовремя
7079,571,2023-01-20,3051.82,3051.82,Оплачен вовремя
7080,571,2023-02-19,3051.82,3051.82,Оплачен вовремя
7081,571,2023-03-21,3051.82,3051.82,Оплачен вовремя
7082,571,2023-04-20,3051.82,3051.82,Оплачен вовремя
7083,571,2023-05-20,3051.82,3051.82,Оплачен вовремя
7084,571,2023-06-19,3051.82,3051.82,Оплачен вовремя
7085,571,2023-07-19,3051.82,3051.82,Оплачен вовремя
7086,571,2023-08-18,3051.82,3051.82,Оплачен вовремя
7087,571,2023-09-17,3051.82,3051.82,Оплачен вовремя
7088,572,2025-03-07,58489.68,58489.68,Оплачен вовремя
7089,572,2025-04-06,58489.68,58489.68,Оплачен вовремя
7090,572,2025-05-06,58489.68,58489.68,Оплачен вовремя
7091,572,2025-06-05,58489.68,58489.68,Оплачен вовремя
7092,572,2025-07-05,58489.68,58489.68,Оплачен вовремя
7093,572,2025-08-04,58489.68,58489.68,Оплачен вовремя
7094,572,2025-09-03,58489.68,58489.68,Оплачен вовремя
7095,572,2025-10-03,58489.68,58489.68,Оплачен вовремя
7096,572,2025-11-02,58489.68,58489.68,Оплачен вовремя
7097,572,2025-12-02,58489.68,58489.68,Оплачен вовремя
7098,573,2025-03-01,185216.68,185216.68,Оплачен вовремя
7099,573,2025-03-31,185216.68,185216.68,Оплачен вовремя
7100,573,2025-04-30,185216.68,185216.68,Оплачен вовремя
7101,573,2025-05-30,185216.68,185216.68,Оплачен вовремя
7102,573,2025-06-29,185216.68,185216.68,Оплачен вовремя
7103,573,2025-07-29,185216.68,185216.68,Оплачен вовремя
7104,573,2025-08-28,185216.68,185216.68,Оплачен вовремя
7105,573,2025-09-27,185216.68,185216.68,Оплачен вовремя
7106,573,2025-10-27,185216.68,185216.68,Оплачен вовремя
7107,573,2025-11-26,185216.68,185216.68,Оплачен вовремя
7108,573,2025-12-26,185216.68,185216.68,Оплачен вовремя
7109,574,2023-07-31,57882.2,57882.2,Оплачен вовремя
7110,574,2023-08-30,57882.2,57882.2,Оплачен вовремя
7111,574,2023-09-29,57882.2,57882.2,Оплачен вовремя
7112,574,2023-10-29,57882.2,57882.2,Оплачен вовремя
7113,574,2023-11-28,57882.2,57882.2,Оплачен вовремя
7114,574,2023-12-28,57882.2,57882.2,Оплачен вовремя
7115,574,2024-01-27,57882.2,57882.2,Оплачен вовремя
7116,574,2024-02-26,57882.2,57882.2,Оплачен вовремя
7117,574,2024-03-27,57882.2,57882.2,Оплачен вовремя
7118,574,2024-04-26,57882.2,57882.2,Оплачен вовремя
7119,574,2024-05-26,57882.2,57882.2,Оплачен вовремя
7120,574,2024-06-25,57882.2,57882.2,Оплачен вовремя
7121,574,2024-07-25,57882.2,57882.2,Оплачен вовремя
7122,574,2024-08-24,57882.2,57882.2,Оплачен вовремя
7123,574,2024-09-23,57882.2,57882.2,Оплачен вовремя
7124,574,2024-10-23,57882.2,57882.2,Оплачен вовремя
7125,574,2024-11-22,57882.2,57882.2,Оплачен вовремя
7126,574,2024-12-22,57882.2,57882.2,Оплачен вовремя
7127,574,2025-01-21,57882.2,57882.2,Оплачен вовремя
7128,574,2025-02-20,57882.2,57882.2,Оплачен вовремя
7129,574,2025-03-22,57882.2,57882.2,Оплачен вовремя
7130,574,2025-04-21,57882.2,57882.2,Оплачен вовремя
7131,574,2025-05-21,57882.2,57882.2,Оплачен вовремя
7132,574,2025-06-20,57882.2,57882.2,Оплачен вовремя
7133,574,2025-07-20,57882.2,57882.2,Оплачен вовремя
7134,574,2025-08-19,57882.2,57882.2,Оплачен вовремя
7135,574,2025-09-18,57882.2,57882.2,Оплачен вовремя
7136,574,2025-10-18,57882.2,57882.2,Оплачен вовремя
7137,574,2025-11-17,57882.2,57882.2,Оплачен вовремя
7138,575,2024-05-25,20803.57,20803.57,Оплачен вовремя
7139,575,2024-06-24,20803.57,20803.57,Оплачен вовремя
7140,575,2024-07-24,20803.57,20803.57,Оплачен вовремя
7141,575,2024-08-23,20803.57,20803.57,Оплачен вовремя
7142,575,2024-09-22,20803.57,20803.57,Оплачен вовремя
7143,575,2024-10-22,20803.57,20803.57,Оплачен вовремя
7144,575,2024-11-21,20803.57,20803.57,Оплачен вовремя
7145,575,2024-12-21,20803.57,20803.57,Оплачен вовремя
7146,575,2025-01-20,20803.57,20803.57,Оплачен вовремя
7147,575,2025-02-19,20803.57,20803.57,Оплачен вовремя
7148,575,2025-03-21,20803.57,20803.57,Оплачен вовремя
7149,575,2025-04-20,20803.57,20803.57,Оплачен вовремя
7150,575,2025-05-20,20803.57,20803.57,Оплачен вовремя
7151,575,2025-06-19,20803.57,20803.57,Оплачен вовремя
7152,575,2025-07-19,20803.57,20803.57,Оплачен вовремя
7153,575,2025-08-18,20803.57,20803.57,Оплачен вовремя
7154,575,2025-09-17,20803.57,20803.57,Оплачен вовремя
7155,575,2025-10-17,20803.57,20803.57,Оплачен вовремя
7156,575,2025-11-16,20803.57,20803.57,Оплачен вовремя
7157,575,2025-12-16,20803.57,20803.57,Оплачен вовремя
7158,576,2024-08-11,22011.55,22011.55,Оплачен вовремя
7159,576,2024-09-10,22011.55,22011.55,Оплачен вовремя
7160,576,2024-10-10,22011.55,22011.55,Просрочен
7161,576,2024-11-09,22011.55,22011.55,Оплачен вовремя
7162,576,2024-12-09,22011.55,22011.55,Просрочен
7163,576,2025-01-08,22011.55,22011.55,Оплачен вовремя
7164,576,2025-02-07,22011.55,0.0,Не оплачен
7165,576,2025-03-09,22011.55,22011.55,Оплачен вовремя
7166,576,2025-04-08,22011.55,22011.55,Просрочен
7167,576,2025-05-08,22011.55,22011.55,Оплачен вовремя
7168,576,2025-06-07,22011.55,22011.55,Оплачен вовремя
7169,576,2025-07-07,22011.55,22011.55,Оплачен вовремя
7170,576,2025-08-06,22011.55,22011.55,Оплачен вовремя
7171,576,2025-09-05,22011.55,22011.55,Просрочен
7172,576,2025-10-05,22011.55,22011.55,Оплачен вовремя
7173,576,2025-11-04,22011.55,0.0,Не оплачен
7174,576,2025-12-04,22011.55,22011.55,Оплачен вовремя
7175,577,2024-03-18,20402.92,20402.92,Оплачен вовремя
7176,577,2024-04-17,20402.92,20402.92,Оплачен вовремя
7177,577,2024-05-17,20402.92,20402.92,Оплачен вовремя
7178,577,2024-06-16,20402.92,20402.92,Оплачен вовремя
7179,577,2024-07-16,20402.92,20402.92,Оплачен вовремя
7180,577,2024-08-15,20402.92,20402.92,Оплачен вовремя
7181,577,2024-09-14,20402.92,20402.92,Оплачен вовремя
7182,577,2024-10-14,20402.92,20402.92,Оплачен вовремя
7183,577,2024-11-13,20402.92,20402.92,Оплачен вовремя
7184,577,2024-12-13,20402.92,20402.92,Оплачен вовремя
7185,577,2025-01-12,20402.92,20402.92,Оплачен вовремя
7186,577,2025-02-11,20402.92,20402.92,Оплачен вовремя
7187,577,2025-03-13,20402.92,20402.92,Оплачен вовремя
7188,577,2025-04-12,20402.92,20402.92,Оплачен вовремя
7189,577,2025-05-12,20402.92,20402.92,Оплачен вовремя
7190,577,2025-06-11,20402.92,20402.92,Оплачен вовремя
7191,577,2025-07-11,20402.92,20402.92,Оплачен вовремя
7192,577,2025-08-10,20402.92,20402.92,Оплачен вовремя
7193,577,2025-09-09,20402.92,20402.92,Оплачен вовремя
7194,577,2025-10-09,20402.92,20402.92,Оплачен вовремя
7195,577,2025-11-08,20402.92,20402.92,Оплачен вовремя
7196,577,2025-12-08,20402.92,20402.92,Оплачен вовремя
7197,578,2025-10-06,29191.16,29191.16,Оплачен вовремя
7198,578,2025-11-05,29191.16,29191.16,Оплачен вовремя
7199,578,2025-12-05,29191.16,29191.16,Оплачен вовремя
7200,579,2023-04-27,16279.82,16279.82,Оплачен вовремя
7201,579,2023-05-27,16279.82,16279.82,Оплачен вовремя
7202,579,2023-06-26,16279.82,16279.82,Оплачен вовремя
7203,579,2023-07-26,16279.82,16279.82,Оплачен вовремя
7204,579,2023-08-25,16279.82,16279.82,Оплачен вовремя
7205,579,2023-09-24,16279.82,16279.82,Оплачен вовремя
7206,579,2023-10-24,16279.82,16279.82,Оплачен вовремя
7207,579,2023-11-23,16279.82,16279.82,Оплачен вовремя
7208,579,2023-12-23,16279.82,16279.82,Оплачен вовремя
7209,579,2024-01-22,16279.82,16279.82,Оплачен вовремя
7210,579,2024-02-21,16279.82,16279.82,Оплачен вовремя
7211,579,2024-03-22,16279.82,16279.82,Оплачен вовремя
7212,579,2024-04-21,16279.82,16279.82,Оплачен вовремя
7213,579,2024-05-21,16279.82,16279.82,Оплачен вовремя
7214,579,2024-06-20,16279.82,16279.82,Оплачен вовремя
7215,579,2024-07-20,16279.82,16279.82,Оплачен вовремя
7216,579,2024-08-19,16279.82,16279.82,Оплачен вовремя
7217,579,2024-09-18,16279.82,16279.82,Оплачен вовремя
7218,579,2024-10-18,16279.82,16279.82,Оплачен вовремя
7219,579,2024-11-17,16279.82,16279.82,Оплачен вовремя
7220,579,2024-12-17,16279.82,16279.82,Оплачен вовремя
7221,579,2025-01-16,16279.82,16279.82,Оплачен вовремя
7222,579,2025-02-15,16279.82,16279.82,Оплачен вовремя
7223,579,2025-03-17,16279.82,16279.82,Оплачен вовремя
7224,579,2025-04-16,16279.82,16279.82,Оплачен вовремя
7225,579,2025-05-16,16279.82,16279.82,Оплачен вовремя
7226,579,2025-06-15,16279.82,16279.82,Оплачен вовремя
7227,579,2025-07-15,16279.82,16279.82,Оплачен вовремя
7228,579,2025-08-14,16279.82,16279.82,Оплачен вовремя
7229,579,2025-09-13,16279.82,16279.82,Оплачен вовремя
7230,579,2025-10-13,16279.82,16279.82,Оплачен вовремя
7231,579,2025-11-12,16279.82,16279.82,Оплачен вовремя
7232,579,2025-12-12,16279.82,16279.82,Оплачен вовремя
7233,580,2025-01-13,260552.03,260552.03,Оплачен вовремя
7234,580,2025-02-12,260552.03,260552.03,Оплачен вовремя
7235,580,2025-03-14,260552.03,260552.03,Оплачен вовремя
7236,580,2025-04-13,260552.03,260552.03,Оплачен вовремя
7237,580,2025-05-13,260552.03,260552.03,Оплачен вовремя
7238,580,2025-06-12,260552.03,260552.03,Оплачен вовремя
7239,582,2025-04-07,6482.05,6482.05,Оплачен вовремя
7240,582,2025-05-07,6482.05,6482.05,Оплачен вовремя
7241,582,2025-06-06,6482.05,6482.05,Оплачен вовремя
7242,582,2025-07-06,6482.05,6482.05,Оплачен вовремя
7243,582,2025-08-05,6482.05,6482.05,Оплачен вовремя
7244,582,2025-09-04,6482.05,6482.05,Оплачен вовремя
7245,582,2025-10-04,6482.05,6482.05,Оплачен вовремя
7246,582,2025-11-03,6482.05,6482.05,Оплачен вовремя
7247,582,2025-12-03,6482.05,6482.05,Оплачен вовремя
7248,583,2024-05-24,1341623.71,1341623.71,Оплачен вовремя
7249,583,2024-06-23,1341623.71,1341623.71,Оплачен вовремя
7250,583,2024-07-23,1341623.71,1341623.71,Оплачен вовремя
7251,584,2025-04-22,3029.03,3029.03,Оплачен вовремя
7252,584,2025-05-22,3029.03,3029.03,Оплачен вовремя
7253,584,2025-06-21,3029.03,3029.03,Оплачен вовремя
7254,584,2025-07-21,3029.03,3029.03,Оплачен вовремя
7255,584,2025-08-20,3029.03,3029.03,Оплачен вовремя
7256,584,2025-09-19,3029.03,3029.03,Оплачен вовремя
7257,584,2025-10-19,3029.03,3029.03,Оплачен вовремя
7258,584,2025-11-18,3029.03,3029.03,Оплачен вовремя
7259,584,2025-12-18,3029.03,3029.03,Оплачен вовремя
7260,585,2025-10-29,1294.4,1294.4,Оплачен вовремя
7261,585,2025-11-28,1294.4,1294.4,Оплачен вовремя
7262,585,2025-12-28,1294.4,1294.4,Оплачен вовремя
7263,586,2023-11-19,14366.41,14366.41,Оплачен вовремя
7264,586,2023-12-19,14366.41,14366.41,Оплачен вовремя
7265,586,2024-01-18,14366.41,14366.41,Оплачен вовремя
7266,586,2024-02-17,14366.41,14366.41,Оплачен вовремя
7267,586,2024-03-18,14366.41,14366.41,Оплачен вовремя
7268,586,2024-04-17,14366.41,14366.41,Оплачен вовремя
7269,586,2024-05-17,14366.41,14366.41,Оплачен вовремя
7270,586,2024-06-16,14366.41,14366.41,Оплачен вовремя
7271,586,2024-07-16,14366.41,14366.41,Оплачен вовремя
7272,586,2024-08-15,14366.41,14366.41,Оплачен вовремя
7273,586,2024-09-14,14366.41,14366.41,Оплачен вовремя
7274,586,2024-10-14,14366.41,14366.41,Оплачен вовремя
7275,586,2024-11-13,14366.41,14366.41,Оплачен вовремя
7276,586,2024-12-13,14366.41,14366.41,Оплачен вовремя
7277,586,2025-01-12,14366.41,14366.41,Оплачен вовремя
7278,586,2025-02-11,14366.41,14366.41,Оплачен вовремя
7279,586,2025-03-13,14366.41,14366.41,Оплачен вовремя
7280,586,2025-04-12,14366.41,14366.41,Оплачен вовремя
7281,586,2025-05-12,14366.41,14366.41,Оплачен вовремя
7282,586,2025-06-11,14366.41,14366.41,Оплачен вовремя
7283,586,2025-07-11,14366.41,14366.41,Оплачен вовремя
7284,586,2025-08-10,14366.41,14366.41,Оплачен вовремя
7285,586,2025-09-09,14366.41,14366.41,Оплачен вовремя
7286,586,2025-10-09,14366.41,14366.41,Оплачен вовремя
7287,586,2025-11-08,14366.41,14366.41,Оплачен вовремя
7288,586,2025-12-08,14366.41,14366.41,Оплачен вовремя
7289,587,2023-06-21,12911.98,12911.98,Оплачен вовремя
7290,587,2023-07-21,12911.98,12911.98,Оплачен вовремя
7291,587,2023-08-20,12911.98,12911.98,Оплачен вовремя
7292,587,2023-09-19,12911.98,12911.98,Оплачен вовремя
7293,587,2023-10-19,12911.98,12911.98,Оплачен вовремя
7294,587,2023-11-18,12911.98,12911.98,Оплачен вовремя
7295,587,2023-12-18,12911.98,12911.98,Оплачен вовремя
7296,587,2024-01-17,12911.98,12911.98,Оплачен вовремя
7297,587,2024-02-16,12911.98,12911.98,Оплачен вовремя
7298,587,2024-03-17,12911.98,12911.98,Оплачен вовремя
7299,587,2024-04-16,12911.98,12911.98,Оплачен вовремя
7300,587,2024-05-16,12911.98,12911.98,Оплачен вовремя
7301,587,2024-06-15,12911.98,12911.98,Оплачен вовремя
7302,587,2024-07-15,12911.98,12911.98,Оплачен вовремя
7303,587,2024-08-14,12911.98,12911.98,Оплачен вовремя
7304,587,2024-09-13,12911.98,12911.98,Оплачен вовремя
7305,587,2024-10-13,12911.98,12911.98,Оплачен вовремя
7306,587,2024-11-12,12911.98,12911.98,Оплачен вовремя
7307,587,2024-12-12,12911.98,12911.98,Оплачен вовремя
7308,587,2025-01-11,12911.98,12911.98,Оплачен вовремя
7309,587,2025-02-10,12911.98,12911.98,Оплачен вовремя
7310,587,2025-03-12,12911.98,12911.98,Оплачен вовремя
7311,587,2025-04-11,12911.98,12911.98,Оплачен вовремя
7312,587,2025-05-11,12911.98,12911.98,Оплачен вовремя
7313,587,2025-06-10,12911.98,12911.98,Оплачен вовремя
7314,587,2025-07-10,12911.98,12911.98,Оплачен вовремя
7315,587,2025-08-09,12911.98,12911.98,Оплачен вовремя
7316,587,2025-09-08,12911.98,12911.98,Оплачен вовремя
7317,587,2025-10-08,12911.98,12911.98,Оплачен вовремя
7318,587,2025-11-07,12911.98,12911.98,Оплачен вовремя
7319,587,2025-12-07,12911.98,12911.98,Оплачен вовремя
7320,588,2023-04-19,7768.94,7768.94,Оплачен вовремя
7321,588,2023-05-19,7768.94,7768.94,Оплачен вовремя
7322,588,2023-06-18,7768.94,7768.94,Оплачен вовремя
7323,588,2023-07-18,7768.94,7768.94,Оплачен вовремя
7324,588,2023-08-17,7768.94,7768.94,Оплачен вовремя
7325,588,2023-09-16,7768.94,7768.94,Оплачен вовремя
7326,588,2023-10-16,7768.94,7768.94,Оплачен вовремя
7327,588,2023-11-15,7768.94,7768.94,Оплачен вовремя
7328,588,2023-12-15,7768.94,7768.94,Оплачен вовремя
7329,588,2024-01-14,7768.94,7768.94,Оплачен вовремя
7330,588,2024-02-13,7768.94,7768.94,Оплачен вовремя
7331,588,2024-03-14,7768.94,7768.94,Оплачен вовремя
7332,588,2024-04-13,7768.94,7768.94,Оплачен вовремя
7333,588,2024-05-13,7768.94,7768.94,Оплачен вовремя
7334,588,2024-06-12,7768.94,7768.94,Оплачен вовремя
7335,588,2024-07-12,7768.94,7768.94,Оплачен вовремя
7336,588,2024-08-11,7768.94,7768.94,Оплачен вовремя
7337,588,2024-09-10,7768.94,7768.94,Оплачен вовремя
7338,588,2024-10-10,7768.94,7768.94,Оплачен вовремя
7339,588,2024-11-09,7768.94,7768.94,Оплачен вовремя
7340,588,2024-12-09,7768.94,7768.94,Оплачен вовремя
7341,588,2025-01-08,7768.94,7768.94,Оплачен вовремя
7342,588,2025-02-07,7768.94,7768.94,Оплачен вовремя
7343,588,2025-03-09,7768.94,7768.94,Оплачен вовремя
7344,588,2025-04-08,7768.94,7768.94,Оплачен вовремя
7345,588,2025-05-08,7768.94,7768.94,Оплачен вовремя
7346,588,2025-06-07,7768.94,7768.94,Оплачен вовремя
7347,588,2025-07-07,7768.94,7768.94,Оплачен вовремя
7348,588,2025-08-06,7768.94,7768.94,Оплачен вовремя
7349,588,2025-09-05,7768.94,7768.94,Оплачен вовремя
7350,588,2025-10-05,7768.94,7768.94,Оплачен вовремя
7351,588,2025-11-04,7768.94,7768.94,Оплачен вовремя
7352,588,2025-12-04,7768.94,7768.94,Оплачен вовремя
7353,589,2024-07-24,111993.7,111993.7,Оплачен вовремя
7354,589,2024-08-23,111993.7,111993.7,Оплачен вовремя
7355,589,2024-09-22,111993.7,111993.7,Оплачен вовремя
7356,589,2024-10-22,111993.7,111993.7,Оплачен вовремя
7357,589,2024-11-21,111993.7,111993.7,Оплачен вовремя
7358,589,2024-12-21,111993.7,111993.7,Оплачен вовремя
7359,589,2025-01-20,111993.7,111993.7,Оплачен вовремя
7360,589,2025-02-19,111993.7,111993.7,Оплачен вовремя
7361,589,2025-03-21,111993.7,111993.7,Оплачен вовремя
7362,589,2025-04-20,111993.7,111993.7,Оплачен вовремя
7363,589,2025-05-20,111993.7,111993.7,Оплачен вовремя
7364,589,2025-06-19,111993.7,111993.7,Оплачен вовремя
7365,589,2025-07-19,111993.7,111993.7,Оплачен вовремя
7366,589,2025-08-18,111993.7,111993.7,Оплачен вовремя
7367,589,2025-09-17,111993.7,111993.7,Оплачен вовремя
7368,589,2025-10-17,111993.7,111993.7,Оплачен вовремя
7369,589,2025-11-16,111993.7,111993.7,Оплачен вовремя
7370,589,2025-12-16,111993.7,111993.7,Оплачен вовремя
7371,590,2025-03-25,364013.28,364013.28,Оплачен вовремя
7372,590,2025-04-24,364013.28,364013.28,Оплачен вовремя
7373,590,2025-05-24,364013.28,364013.28,Оплачен вовремя
7374,590,2025-06-23,364013.28,364013.28,Оплачен вовремя
7375,590,2025-07-23,364013.28,364013.28,Оплачен вовремя
7376,590,2025-08-22,364013.28,364013.28,Оплачен вовремя
7377,590,2025-09-21,364013.28,364013.28,Оплачен вовремя
7378,590,2025-10-21,364013.28,364013.28,Оплачен вовремя
7379,590,2025-11-20,364013.28,364013.28,Оплачен вовремя
7380,590,2025-12-20,364013.28,364013.28,Оплачен вовремя
7381,591,2023-06-07,16161.04,16161.04,Оплачен вовремя
7382,591,2023-07-07,16161.04,16161.04,Оплачен вовремя
7383,591,2023-08-06,16161.04,16161.04,Просрочен
7384,591,2023-09-05,16161.04,16161.04,Оплачен вовремя
7385,591,2023-10-05,16161.04,16161.04,Оплачен вовремя
7386,591,2023-11-04,16161.04,16161.04,Оплачен вовремя
7387,591,2023-12-04,16161.04,16161.04,Оплачен вовремя
7388,591,2024-01-03,16161.04,16161.04,Оплачен вовремя
7389,591,2024-02-02,16161.04,0.0,Не оплачен
7390,591,2024-03-03,16161.04,16161.04,Просрочен
7391,591,2024-04-02,16161.04,16161.04,Оплачен вовремя
7392,591,2024-05-02,16161.04,16161.04,Оплачен вовремя
7393,591,2024-06-01,16161.04,16161.04,Оплачен вовремя
7394,591,2024-07-01,16161.04,16161.04,Оплачен вовремя
7395,591,2024-07-31,16161.04,16161.04,Оплачен вовремя
7396,591,2024-08-30,16161.04,16161.04,Просрочен
7397,591,2024-09-29,16161.04,16161.04,Оплачен вовремя
7398,591,2024-10-29,16161.04,16161.04,Оплачен вовремя
7399,591,2024-11-28,16161.04,16161.04,Оплачен вовремя
7400,591,2024-12-28,16161.04,16161.04,Просрочен
7401,591,2025-01-27,16161.04,16161.04,Оплачен вовремя
7402,591,2025-02-26,16161.04,16161.04,Оплачен вовремя
7403,591,2025-03-28,16161.04,16161.04,Оплачен вовремя
7404,591,2025-04-27,16161.04,16161.04,Оплачен вовремя
7405,591,2025-05-27,16161.04,16161.04,Просрочен
7406,591,2025-06-26,16161.04,0.0,Не оплачен
7407,591,2025-07-26,16161.04,16161.04,Оплачен вовремя
7408,591,2025-08-25,16161.04,16161.04,Оплачен вовремя
7409,591,2025-09-24,16161.04,16161.04,Оплачен вовремя
7410,591,2025-10-24,16161.04,16161.04,Просрочен
7411,591,2025-11-23,16161.04,0.0,Не оплачен
7412,592,2025-02-15,243229.62,243229.62,Оплачен вовремя
7413,592,2025-03-17,243229.62,243229.62,Оплачен вовремя
7414,592,2025-04-16,243229.62,243229.62,Оплачен вовремя
7415,592,2025-05-16,243229.62,243229.62,Оплачен вовремя
7416,592,2025-06-15,243229.62,243229.62,Оплачен вовремя
7417,592,2025-07-15,243229.62,243229.62,Оплачен вовремя
7418,593,2025-12-25,28414.75,28414.75,Оплачен вовремя
7419,594,2025-05-04,15352.08,15352.08,Просрочен
7420,594,2025-06-03,15352.08,15352.08,Оплачен вовремя
7421,594,2025-07-03,15352.08,15352.08,Оплачен вовремя
7422,594,2025-08-02,15352.08,15352.08,Просрочен
7423,594,2025-09-01,15352.08,15352.08,Оплачен вовремя
7424,594,2025-10-01,15352.08,0.0,Не оплачен
7425,594,2025-10-31,15352.08,15352.08,Просрочен
7426,594,2025-11-30,15352.08,15352.08,Просрочен
7427,595,2025-11-07,39577.12,39577.12,Оплачен вовремя
7428,595,2025-12-07,39577.12,39577.12,Оплачен вовремя
7429,596,2022-06-11,12799.69,12799.69,Оплачен вовремя
7430,596,2022-07-11,12799.69,12799.69,Оплачен вовремя
7431,596,2022-08-10,12799.69,12799.69,Оплачен вовремя
7432,596,2022-09-09,12799.69,12799.69,Оплачен вовремя
7433,596,2022-10-09,12799.69,12799.69,Оплачен вовремя
7434,596,2022-11-08,12799.69,12799.69,Оплачен вовремя
7435,596,2022-12-08,12799.69,12799.69,Оплачен вовремя
7436,596,2023-01-07,12799.69,12799.69,Оплачен вовремя
7437,596,2023-02-06,12799.69,12799.69,Оплачен вовремя
7438,596,2023-03-08,12799.69,12799.69,Оплачен вовремя
7439,596,2023-04-07,12799.69,12799.69,Оплачен вовремя
7440,596,2023-05-07,12799.69,12799.69,Оплачен вовремя
7441,596,2023-06-06,12799.69,12799.69,Оплачен вовремя
7442,596,2023-07-06,12799.69,12799.69,Оплачен вовремя
7443,596,2023-08-05,12799.69,12799.69,Оплачен вовремя
7444,596,2023-09-04,12799.69,12799.69,Оплачен вовремя
7445,596,2023-10-04,12799.69,12799.69,Оплачен вовремя
7446,596,2023-11-03,12799.69,12799.69,Оплачен вовремя
7447,596,2023-12-03,12799.69,12799.69,Оплачен вовремя
7448,596,2024-01-02,12799.69,12799.69,Оплачен вовремя
7449,596,2024-02-01,12799.69,12799.69,Оплачен вовремя
7450,596,2024-03-02,12799.69,12799.69,Оплачен вовремя
7451,596,2024-04-01,12799.69,12799.69,Оплачен вовремя
7452,596,2024-05-01,12799.69,12799.69,Оплачен вовремя
7453,596,2024-05-31,12799.69,12799.69,Оплачен вовремя
7454,596,2024-06-30,12799.69,12799.69,Оплачен вовремя
7455,596,2024-07-30,12799.69,12799.69,Оплачен вовремя
7456,596,2024-08-29,12799.69,12799.69,Оплачен вовремя
7457,596,2024-09-28,12799.69,12799.69,Оплачен вовремя
7458,596,2024-10-28,12799.69,12799.69,Оплачен вовремя
7459,596,2024-11-27,12799.69,12799.69,Оплачен вовремя
7460,596,2024-12-27,12799.69,12799.69,Оплачен вовремя
7461,596,2025-01-26,12799.69,12799.69,Оплачен вовремя
7462,596,2025-02-25,12799.69,12799.69,Оплачен вовремя
7463,596,2025-03-27,12799.69,12799.69,Оплачен вовремя
7464,596,2025-04-26,12799.69,12799.69,Оплачен вовремя
7465,596,2025-05-26,12799.69,12799.69,Оплачен вовремя
7466,596,2025-06-25,12799.69,12799.69,Оплачен вовремя
7467,596,2025-07-25,12799.69,12799.69,Оплачен вовремя
7468,596,2025-08-24,12799.69,12799.69,Оплачен вовремя
7469,596,2025-09-23,12799.69,12799.69,Оплачен вовремя
7470,596,2025-10-23,12799.69,12799.69,Оплачен вовремя
7471,596,2025-11-22,12799.69,12799.69,Оплачен вовремя
7472,597,2023-05-11,29691.19,29691.19,Оплачен вовремя
7473,597,2023-06-10,29691.19,29691.19,Оплачен вовремя
7474,597,2023-07-10,29691.19,29691.19,Оплачен вовремя
7475,597,2023-08-09,29691.19,29691.19,Оплачен вовремя
7476,597,2023-09-08,29691.19,29691.19,Оплачен вовремя
7477,597,2023-10-08,29691.19,29691.19,Оплачен вовремя
7478,597,2023-11-07,29691.19,29691.19,Оплачен вовремя
7479,597,2023-12-07,29691.19,29691.19,Оплачен вовремя
7480,597,2024-01-06,29691.19,29691.19,Оплачен вовремя
7481,597,2024-02-05,29691.19,29691.19,Оплачен вовремя
7482,597,2024-03-06,29691.19,29691.19,Оплачен вовремя
7483,597,2024-04-05,29691.19,29691.19,Оплачен вовремя
7484,597,2024-05-05,29691.19,29691.19,Оплачен вовремя
7485,597,2024-06-04,29691.19,29691.19,Оплачен вовремя
7486,597,2024-07-04,29691.19,29691.19,Оплачен вовремя
7487,597,2024-08-03,29691.19,29691.19,Оплачен вовремя
7488,597,2024-09-02,29691.19,29691.19,Оплачен вовремя
7489,597,2024-10-02,29691.19,29691.19,Оплачен вовремя
7490,597,2024-11-01,29691.19,29691.19,Оплачен вовремя
7491,597,2024-12-01,29691.19,29691.19,Оплачен вовремя
7492,597,2024-12-31,29691.19,29691.19,Оплачен вовремя
7493,597,2025-01-30,29691.19,29691.19,Оплачен вовремя
7494,597,2025-03-01,29691.19,29691.19,Оплачен вовремя
7495,597,2025-03-31,29691.19,29691.19,Оплачен вовремя
7496,598,2025-05-09,419908.78,419908.78,Оплачен вовремя
7497,598,2025-06-08,419908.78,419908.78,Оплачен вовремя
7498,598,2025-07-08,419908.78,419908.78,Оплачен вовремя
7499,599,2022-11-22,19762.66,19762.66,Оплачен вовремя
7500,599,2022-12-22,19762.66,19762.66,Оплачен вовремя
7501,599,2023-01-21,19762.66,19762.66,Оплачен вовремя
7502,599,2023-02-20,19762.66,19762.66,Оплачен вовремя
7503,599,2023-03-22,19762.66,19762.66,Оплачен вовремя
7504,599,2023-04-21,19762.66,19762.66,Оплачен вовремя
7505,599,2023-05-21,19762.66,19762.66,Оплачен вовремя
7506,599,2023-06-20,19762.66,19762.66,Оплачен вовремя
7507,599,2023-07-20,19762.66,19762.66,Оплачен вовремя
7508,599,2023-08-19,19762.66,19762.66,Оплачен вовремя
7509,599,2023-09-18,19762.66,19762.66,Оплачен вовремя
7510,599,2023-10-18,19762.66,19762.66,Оплачен вовремя
7511,599,2023-11-17,19762.66,19762.66,Оплачен вовремя
7512,599,2023-12-17,19762.66,19762.66,Оплачен вовремя
7513,599,2024-01-16,19762.66,19762.66,Оплачен вовремя
7514,599,2024-02-15,19762.66,19762.66,Оплачен вовремя
7515,599,2024-03-16,19762.66,19762.66,Оплачен вовремя
7516,599,2024-04-15,19762.66,19762.66,Оплачен вовремя
7517,599,2024-05-15,19762.66,19762.66,Оплачен вовремя
7518,599,2024-06-14,19762.66,19762.66,Оплачен вовремя
7519,599,2024-07-14,19762.66,19762.66,Оплачен вовремя
7520,599,2024-08-13,19762.66,19762.66,Оплачен вовремя
7521,599,2024-09-12,19762.66,19762.66,Оплачен вовремя
7522,599,2024-10-12,19762.66,19762.66,Оплачен вовремя
7523,600,2025-02-10,19312.23,19312.23,Оплачен вовремя
7524,600,2025-03-12,19312.23,19312.23,Оплачен вовремя
7525,600,2025-04-11,19312.23,19312.23,Оплачен вовремя
7526,600,2025-05-11,19312.23,19312.23,Оплачен вовремя
7527,600,2025-06-10,19312.23,19312.23,Оплачен вовремя
7528,600,2025-07-10,19312.23,19312.23,Оплачен вовремя
7529,600,2025-08-09,19312.23,19312.23,Оплачен вовремя
7530,600,2025-09-08,19312.23,19312.23,Оплачен вовремя
7531,600,2025-10-08,19312.23,19312.23,Оплачен вовремя
7532,600,2025-11-07,19312.23,19312.23,Оплачен вовремя
7533,600,2025-12-07,19312.23,19312.23,Оплачен вовремя
7534,601,2024-12-12,36070.13,36070.13,Оплачен вовремя
7535,601,2025-01-11,36070.13,36070.13,Оплачен вовремя
7536,601,2025-02-10,36070.13,36070.13,Оплачен вовремя
7537,601,2025-03-12,36070.13,36070.13,Оплачен вовремя
7538,601,2025-04-11,36070.13,36070.13,Оплачен вовремя
7539,601,2025-05-11,36070.13,36070.13,Оплачен вовремя
7540,601,2025-06-10,36070.13,36070.13,Оплачен вовремя
7541,601,2025-07-10,36070.13,36070.13,Оплачен вовремя
7542,601,2025-08-09,36070.13,36070.13,Оплачен вовремя
7543,601,2025-09-08,36070.13,36070.13,Оплачен вовремя
7544,601,2025-10-08,36070.13,36070.13,Оплачен вовремя
7545,601,2025-11-07,36070.13,36070.13,Оплачен вовремя
7546,602,2022-08-29,34610.16,34610.16,Оплачен вовремя
7547,602,2022-09-28,34610.16,34610.16,Оплачен вовремя
7548,602,2022-10-28,34610.16,34610.16,Оплачен вовремя
7549,602,2022-11-27,34610.16,34610.16,Оплачен вовремя
7550,602,2022-12-27,34610.16,34610.16,Оплачен вовремя
7551,602,2023-01-26,34610.16,34610.16,Оплачен вовремя
7552,602,2023-02-25,34610.16,34610.16,Оплачен вовремя
7553,602,2023-03-27,34610.16,34610.16,Оплачен вовремя
7554,602,2023-04-26,34610.16,34610.16,Оплачен вовремя
7555,602,2023-05-26,34610.16,34610.16,Оплачен вовремя
7556,602,2023-06-25,34610.16,34610.16,Оплачен вовремя
7557,602,2023-07-25,34610.16,34610.16,Оплачен вовремя
7558,602,2023-08-24,34610.16,34610.16,Оплачен вовремя
7559,602,2023-09-23,34610.16,34610.16,Оплачен вовремя
7560,602,2023-10-23,34610.16,34610.16,Оплачен вовремя
7561,602,2023-11-22,34610.16,34610.16,Оплачен вовремя
7562,602,2023-12-22,34610.16,34610.16,Оплачен вовремя
7563,602,2024-01-21,34610.16,34610.16,Оплачен вовремя
7564,602,2024-02-20,34610.16,34610.16,Оплачен вовремя
7565,602,2024-03-21,34610.16,34610.16,Оплачен вовремя
7566,602,2024-04-20,34610.16,34610.16,Оплачен вовремя
7567,602,2024-05-20,34610.16,34610.16,Оплачен вовремя
7568,602,2024-06-19,34610.16,34610.16,Оплачен вовремя
7569,602,2024-07-19,34610.16,34610.16,Оплачен вовремя
7570,602,2024-08-18,34610.16,34610.16,Оплачен вовремя
7571,602,2024-09-17,34610.16,34610.16,Оплачен вовремя
7572,602,2024-10-17,34610.16,34610.16,Оплачен вовремя
7573,602,2024-11-16,34610.16,34610.16,Оплачен вовремя
7574,602,2024-12-16,34610.16,34610.16,Оплачен вовремя
7575,602,2025-01-15,34610.16,34610.16,Оплачен вовремя
7576,602,2025-02-14,34610.16,34610.16,Оплачен вовремя
7577,602,2025-03-16,34610.16,34610.16,Оплачен вовремя
7578,602,2025-04-15,34610.16,34610.16,Оплачен вовремя
7579,602,2025-05-15,34610.16,34610.16,Оплачен вовремя
7580,602,2025-06-14,34610.16,34610.16,Оплачен вовремя
7581,602,2025-07-14,34610.16,34610.16,Оплачен вовремя
7582,602,2025-08-13,34610.16,34610.16,Оплачен вовремя
7583,602,2025-09-12,34610.16,34610.16,Оплачен вовремя
7584,602,2025-10-12,34610.16,34610.16,Оплачен вовремя
7585,602,2025-11-11,34610.16,34610.16,Оплачен вовремя
7586,602,2025-12-11,34610.16,34610.16,Оплачен вовремя
7587,603,2023-12-18,14313.48,14313.48,Оплачен вовремя
7588,603,2024-01-17,14313.48,14313.48,Оплачен вовремя
7589,603,2024-02-16,14313.48,14313.48,Оплачен вовремя
7590,603,2024-03-17,14313.48,14313.48,Оплачен вовремя
7591,603,2024-04-16,14313.48,14313.48,Оплачен вовремя
7592,603,2024-05-16,14313.48,14313.48,Оплачен вовремя
7593,603,2024-06-15,14313.48,14313.48,Оплачен вовремя
7594,603,2024-07-15,14313.48,14313.48,Оплачен вовремя
7595,603,2024-08-14,14313.48,14313.48,Оплачен вовремя
7596,603,2024-09-13,14313.48,14313.48,Оплачен вовремя
7597,603,2024-10-13,14313.48,14313.48,Оплачен вовремя
7598,603,2024-11-12,14313.48,14313.48,Оплачен вовремя
7599,603,2024-12-12,14313.48,14313.48,Оплачен вовремя
7600,603,2025-01-11,14313.48,14313.48,Оплачен вовремя
7601,603,2025-02-10,14313.48,14313.48,Оплачен вовремя
7602,603,2025-03-12,14313.48,14313.48,Оплачен вовремя
7603,603,2025-04-11,14313.48,14313.48,Оплачен вовремя
7604,603,2025-05-11,14313.48,14313.48,Оплачен вовремя
7605,603,2025-06-10,14313.48,14313.48,Оплачен вовремя
7606,603,2025-07-10,14313.48,14313.48,Оплачен вовремя
7607,603,2025-08-09,14313.48,14313.48,Оплачен вовремя
7608,603,2025-09-08,14313.48,14313.48,Оплачен вовремя
7609,603,2025-10-08,14313.48,14313.48,Оплачен вовремя
7610,603,2025-11-07,14313.48,14313.48,Оплачен вовремя
7611,603,2025-12-07,14313.48,14313.48,Оплачен вовремя
7612,604,2025-01-12,98873.89,98873.89,Оплачен вовремя
7613,604,2025-02-11,98873.89,98873.89,Оплачен вовремя
7614,604,2025-03-13,98873.89,98873.89,Оплачен вовремя
7615,604,2025-04-12,98873.89,98873.89,Оплачен вовремя
7616,604,2025-05-12,98873.89,98873.89,Оплачен вовремя
7617,604,2025-06-11,98873.89,98873.89,Оплачен вовремя
7618,604,2025-07-11,98873.89,98873.89,Оплачен вовремя
7619,604,2025-08-10,98873.89,98873.89,Оплачен вовремя
7620,604,2025-09-09,98873.89,98873.89,Оплачен вовремя
7621,604,2025-10-09,98873.89,98873.89,Оплачен вовремя
7622,604,2025-11-08,98873.89,98873.89,Оплачен вовремя
7623,604,2025-12-08,98873.89,98873.89,Оплачен вовремя
7624,605,2023-09-10,1046.08,1046.08,Оплачен вовремя
7625,605,2023-10-10,1046.08,1046.08,Оплачен вовремя
7626,605,2023-11-09,1046.08,1046.08,Оплачен вовремя
7627,605,2023-12-09,1046.08,1046.08,Оплачен вовремя
7628,605,2024-01-08,1046.08,1046.08,Оплачен вовремя
7629,605,2024-02-07,1046.08,1046.08,Оплачен вовремя
7630,605,2024-03-08,1046.08,1046.08,Оплачен вовремя
7631,605,2024-04-07,1046.08,1046.08,Оплачен вовремя
7632,605,2024-05-07,1046.08,1046.08,Оплачен вовремя
7633,605,2024-06-06,1046.08,1046.08,Оплачен вовремя
7634,605,2024-07-06,1046.08,1046.08,Оплачен вовремя
7635,605,2024-08-05,1046.08,1046.08,Оплачен вовремя
7636,605,2024-09-04,1046.08,1046.08,Оплачен вовремя
7637,605,2024-10-04,1046.08,1046.08,Оплачен вовремя
7638,605,2024-11-03,1046.08,1046.08,Оплачен вовремя
7639,605,2024-12-03,1046.08,1046.08,Оплачен вовремя
7640,605,2025-01-02,1046.08,1046.08,Оплачен вовремя
7641,605,2025-02-01,1046.08,1046.08,Оплачен вовремя
7642,605,2025-03-03,1046.08,1046.08,Оплачен вовремя
7643,605,2025-04-02,1046.08,1046.08,Оплачен вовремя
7644,605,2025-05-02,1046.08,1046.08,Оплачен вовремя
7645,605,2025-06-01,1046.08,1046.08,Оплачен вовремя
7646,605,2025-07-01,1046.08,1046.08,Оплачен вовремя
7647,605,2025-07-31,1046.08,1046.08,Оплачен вовремя
7648,605,2025-08-30,1046.08,1046.08,Оплачен вовремя
7649,605,2025-09-29,1046.08,1046.08,Оплачен вовремя
7650,605,2025-10-29,1046.08,1046.08,Оплачен вовремя
7651,605,2025-11-28,1046.08,1046.08,Оплачен вовремя
7652,606,2023-06-23,442579.48,442579.48,Оплачен вовремя
7653,606,2023-07-23,442579.48,442579.48,Оплачен вовремя
7654,606,2023-08-22,442579.48,442579.48,Оплачен вовремя
7655,606,2023-09-21,442579.48,442579.48,Оплачен вовремя
7656,606,2023-10-21,442579.48,442579.48,Оплачен вовремя
7657,606,2023-11-20,442579.48,442579.48,Оплачен вовремя
7658,606,2023-12-20,442579.48,442579.48,Оплачен вовремя
7659,606,2024-01-19,442579.48,442579.48,Оплачен вовремя
7660,606,2024-02-18,442579.48,442579.48,Оплачен вовремя
7661,607,2025-12-25,668856.49,668856.49,Оплачен вовремя
7662,608,2025-02-07,32092.51,32092.51,Оплачен вовремя
7663,608,2025-03-09,32092.51,32092.51,Оплачен вовремя
7664,608,2025-04-08,32092.51,32092.51,Оплачен вовремя
7665,608,2025-05-08,32092.51,32092.51,Оплачен вовремя
7666,608,2025-06-07,32092.51,32092.51,Оплачен вовремя
7667,608,2025-07-07,32092.51,32092.51,Оплачен вовремя
7668,608,2025-08-06,32092.51,32092.51,Оплачен вовремя
7669,608,2025-09-05,32092.51,32092.51,Оплачен вовремя
7670,608,2025-10-05,32092.51,32092.51,Оплачен вовремя
7671,608,2025-11-04,32092.51,32092.51,Оплачен вовремя
7672,608,2025-12-04,32092.51,32092.51,Оплачен вовремя
7673,609,2023-11-11,258695.05,258695.05,Оплачен вовремя
7674,609,2023-12-11,258695.05,258695.05,Оплачен вовремя
7675,609,2024-01-10,258695.05,258695.05,Оплачен вовремя
7676,609,2024-02-09,258695.05,258695.05,Оплачен вовремя
7677,609,2024-03-10,258695.05,258695.05,Оплачен вовремя
7678,609,2024-04-09,258695.05,258695.05,Оплачен вовремя
7679,609,2024-05-09,258695.05,258695.05,Оплачен вовремя
7680,609,2024-06-08,258695.05,258695.05,Оплачен вовремя
7681,609,2024-07-08,258695.05,258695.05,Оплачен вовремя
7682,609,2024-08-07,258695.05,258695.05,Оплачен вовремя
7683,609,2024-09-06,258695.05,258695.05,Оплачен вовремя
7684,609,2024-10-06,258695.05,258695.05,Оплачен вовремя
7685,610,2023-05-18,5019.86,5019.86,Оплачен вовремя
7686,610,2023-06-17,5019.86,5019.86,Оплачен вовремя
7687,610,2023-07-17,5019.86,5019.86,Оплачен вовремя
7688,610,2023-08-16,5019.86,5019.86,Оплачен вовремя
7689,610,2023-09-15,5019.86,5019.86,Оплачен вовремя
7690,610,2023-10-15,5019.86,5019.86,Оплачен вовремя
7691,610,2023-11-14,5019.86,5019.86,Оплачен вовремя
7692,610,2023-12-14,5019.86,5019.86,Оплачен вовремя
7693,610,2024-01-13,5019.86,5019.86,Оплачен вовремя
7694,610,2024-02-12,5019.86,5019.86,Оплачен вовремя
7695,610,2024-03-13,5019.86,5019.86,Оплачен вовремя
7696,610,2024-04-12,5019.86,5019.86,Оплачен вовремя
7697,610,2024-05-12,5019.86,5019.86,Оплачен вовремя
7698,610,2024-06-11,5019.86,5019.86,Оплачен вовремя
7699,610,2024-07-11,5019.86,5019.86,Оплачен вовремя
7700,610,2024-08-10,5019.86,5019.86,Оплачен вовремя
7701,610,2024-09-09,5019.86,5019.86,Оплачен вовремя
7702,610,2024-10-09,5019.86,5019.86,Оплачен вовремя
7703,610,2024-11-08,5019.86,5019.86,Оплачен вовремя
7704,610,2024-12-08,5019.86,5019.86,Оплачен вовремя
7705,610,2025-01-07,5019.86,5019.86,Оплачен вовремя
7706,610,2025-02-06,5019.86,5019.86,Оплачен вовремя
7707,610,2025-03-08,5019.86,5019.86,Оплачен вовремя
7708,610,2025-04-07,5019.86,5019.86,Оплачен вовремя
7709,611,2024-02-11,191345.8,191345.8,Оплачен вовремя
7710,611,2024-03-12,191345.8,191345.8,Оплачен вовремя
7711,611,2024-04-11,191345.8,191345.8,Оплачен вовремя
7712,611,2024-05-11,191345.8,191345.8,Оплачен вовремя
7713,611,2024-06-10,191345.8,191345.8,Оплачен вовремя
7714,611,2024-07-10,191345.8,191345.8,Оплачен вовремя
7715,611,2024-08-09,191345.8,191345.8,Оплачен вовремя
7716,611,2024-09-08,191345.8,191345.8,Оплачен вовремя
7717,611,2024-10-08,191345.8,191345.8,Оплачен вовремя
7718,611,2024-11-07,191345.8,191345.8,Оплачен вовремя
7719,611,2024-12-07,191345.8,191345.8,Оплачен вовремя
7720,611,2025-01-06,191345.8,191345.8,Оплачен вовремя
7721,612,2025-08-31,5792.61,5792.61,Оплачен вовремя
7722,612,2025-09-30,5792.61,5792.61,Оплачен вовремя
7723,612,2025-10-30,5792.61,5792.61,Оплачен вовремя
7724,612,2025-11-29,5792.61,5792.61,Оплачен вовремя
7725,613,2024-09-18,835454.38,835454.38,Оплачен вовремя
7726,613,2024-10-18,835454.38,835454.38,Оплачен вовремя
7727,613,2024-11-17,835454.38,835454.38,Оплачен вовремя
7728,613,2024-12-17,835454.38,835454.38,Оплачен вовремя
7729,613,2025-01-16,835454.38,835454.38,Оплачен вовремя
7730,613,2025-02-15,835454.38,835454.38,Оплачен вовремя
7731,614,2024-08-25,7410.19,7410.19,Оплачен вовремя
7732,614,2024-09-24,7410.19,7410.19,Оплачен вовремя
7733,614,2024-10-24,7410.19,7410.19,Оплачен вовремя
7734,614,2024-11-23,7410.19,7410.19,Оплачен вовремя
7735,614,2024-12-23,7410.19,7410.19,Оплачен вовремя
7736,614,2025-01-22,7410.19,7410.19,Оплачен вовремя
7737,614,2025-02-21,7410.19,7410.19,Оплачен вовремя
7738,614,2025-03-23,7410.19,7410.19,Оплачен вовремя
7739,614,2025-04-22,7410.19,7410.19,Оплачен вовремя
7740,614,2025-05-22,7410.19,7410.19,Оплачен вовремя
7741,614,2025-06-21,7410.19,7410.19,Оплачен вовремя
7742,614,2025-07-21,7410.19,7410.19,Оплачен вовремя
7743,614,2025-08-20,7410.19,7410.19,Оплачен вовремя
7744,614,2025-09-19,7410.19,7410.19,Оплачен вовремя
7745,614,2025-10-19,7410.19,7410.19,Оплачен вовремя
7746,614,2025-11-18,7410.19,7410.19,Оплачен вовремя
7747,614,2025-12-18,7410.19,7410.19,Оплачен вовремя
7748,615,2025-10-16,57876.81,57876.81,Просрочен
7749,615,2025-11-15,57876.81,0.0,Не оплачен
7750,615,2025-12-15,57876.81,57876.81,Просрочен
7751,616,2025-02-05,32420.15,32420.15,Оплачен вовремя
7752,616,2025-03-07,32420.15,32420.15,Просрочен
7753,616,2025-04-06,32420.15,32420.15,Просрочен
7754,616,2025-05-06,32420.15,32420.15,Просрочен
7755,616,2025-06-05,32420.15,32420.15,Просрочен
7756,616,2025-07-05,32420.15,32420.15,Оплачен вовремя
7757,616,2025-08-04,32420.15,0.0,Не оплачен
7758,616,2025-09-03,32420.15,32420.15,Оплачен вовремя
7759,616,2025-10-03,32420.15,32420.15,Оплачен вовремя
7760,616,2025-11-02,32420.15,32420.15,Оплачен вовремя
7761,616,2025-12-02,32420.15,32420.15,Оплачен вовремя
7762,617,2024-01-18,14777.41,14777.41,Оплачен вовремя
7763,617,2024-02-17,14777.41,14777.41,Оплачен вовремя
7764,617,2024-03-18,14777.41,14777.41,Оплачен вовремя
7765,617,2024-04-17,14777.41,14777.41,Оплачен вовремя
7766,617,2024-05-17,14777.41,14777.41,Оплачен вовремя
7767,617,2024-06-16,14777.41,14777.41,Оплачен вовремя
7768,617,2024-07-16,14777.41,14777.41,Оплачен вовремя
7769,617,2024-08-15,14777.41,14777.41,Оплачен вовремя
7770,617,2024-09-14,14777.41,14777.41,Оплачен вовремя
7771,617,2024-10-14,14777.41,14777.41,Оплачен вовремя
7772,617,2024-11-13,14777.41,14777.41,Оплачен вовремя
7773,617,2024-12-13,14777.41,14777.41,Оплачен вовремя
7774,618,2025-12-28,5323.28,5323.28,Оплачен вовремя
7775,619,2025-05-26,18857.44,18857.44,Оплачен вовремя
7776,619,2025-06-25,18857.44,18857.44,Оплачен вовремя
7777,619,2025-07-25,18857.44,18857.44,Оплачен вовремя
7778,619,2025-08-24,18857.44,18857.44,Оплачен вовремя
7779,619,2025-09-23,18857.44,18857.44,Оплачен вовремя
7780,619,2025-10-23,18857.44,18857.44,Оплачен вовремя
7781,619,2025-11-22,18857.44,18857.44,Оплачен вовремя
7782,619,2025-12-22,18857.44,18857.44,Оплачен вовремя
7783,620,2024-08-07,17102.99,17102.99,Оплачен вовремя
7784,620,2024-09-06,17102.99,17102.99,Оплачен вовремя
7785,620,2024-10-06,17102.99,17102.99,Оплачен вовремя
7786,620,2024-11-05,17102.99,17102.99,Оплачен вовремя
7787,620,2024-12-05,17102.99,17102.99,Оплачен вовремя
7788,620,2025-01-04,17102.99,17102.99,Оплачен вовремя
7789,620,2025-02-03,17102.99,17102.99,Оплачен вовремя
7790,620,2025-03-05,17102.99,17102.99,Оплачен вовремя
7791,620,2025-04-04,17102.99,17102.99,Оплачен вовремя
7792,620,2025-05-04,17102.99,17102.99,Оплачен вовремя
7793,620,2025-06-03,17102.99,17102.99,Оплачен вовремя
7794,620,2025-07-03,17102.99,17102.99,Оплачен вовремя
7795,620,2025-08-02,17102.99,17102.99,Оплачен вовремя
7796,620,2025-09-01,17102.99,17102.99,Оплачен вовремя
7797,620,2025-10-01,17102.99,17102.99,Оплачен вовремя
7798,620,2025-10-31,17102.99,17102.99,Оплачен вовремя
7799,620,2025-11-30,17102.99,17102.99,Оплачен вовремя
7800,622,2024-09-11,107520.32,107520.32,Оплачен вовремя
7801,622,2024-10-11,107520.32,107520.32,Оплачен вовремя
7802,622,2024-11-10,107520.32,107520.32,Оплачен вовремя
7803,622,2024-12-10,107520.32,107520.32,Оплачен вовремя
7804,622,2025-01-09,107520.32,107520.32,Оплачен вовремя
7805,622,2025-02-08,107520.32,107520.32,Оплачен вовремя
7806,622,2025-03-10,107520.32,107520.32,Оплачен вовремя
7807,622,2025-04-09,107520.32,107520.32,Оплачен вовремя
7808,622,2025-05-09,107520.32,107520.32,Оплачен вовремя
7809,622,2025-06-08,107520.32,107520.32,Оплачен вовремя
7810,622,2025-07-08,107520.32,107520.32,Оплачен вовремя
7811,622,2025-08-07,107520.32,107520.32,Оплачен вовремя
7812,622,2025-09-06,107520.32,107520.32,Оплачен вовремя
7813,622,2025-10-06,107520.32,107520.32,Оплачен вовремя
7814,622,2025-11-05,107520.32,107520.32,Оплачен вовремя
7815,622,2025-12-05,107520.32,107520.32,Оплачен вовремя
7816,623,2024-08-09,260096.25,260096.25,Оплачен вовремя
7817,623,2024-09-08,260096.25,260096.25,Оплачен вовремя
7818,623,2024-10-08,260096.25,260096.25,Оплачен вовремя
7819,623,2024-11-07,260096.25,260096.25,Оплачен вовремя
7820,623,2024-12-07,260096.25,260096.25,Оплачен вовремя
7821,623,2025-01-06,260096.25,260096.25,Оплачен вовремя
7822,623,2025-02-05,260096.25,260096.25,Оплачен вовремя
7823,623,2025-03-07,260096.25,260096.25,Оплачен вовремя
7824,623,2025-04-06,260096.25,260096.25,Оплачен вовремя
7825,624,2024-11-09,2358.18,2358.18,Оплачен вовремя
7826,624,2024-12-09,2358.18,2358.18,Оплачен вовремя
7827,624,2025-01-08,2358.18,2358.18,Оплачен вовремя
7828,624,2025-02-07,2358.18,2358.18,Оплачен вовремя
7829,624,2025-03-09,2358.18,2358.18,Оплачен вовремя
7830,624,2025-04-08,2358.18,2358.18,Оплачен вовремя
7831,624,2025-05-08,2358.18,2358.18,Оплачен вовремя
7832,624,2025-06-07,2358.18,2358.18,Оплачен вовремя
7833,624,2025-07-07,2358.18,2358.18,Оплачен вовремя
7834,624,2025-08-06,2358.18,2358.18,Оплачен вовремя
7835,624,2025-09-05,2358.18,2358.18,Оплачен вовремя
7836,624,2025-10-05,2358.18,2358.18,Оплачен вовремя
7837,624,2025-11-04,2358.18,2358.18,Оплачен вовремя
7838,624,2025-12-04,2358.18,2358.18,Оплачен вовремя
7839,625,2024-09-22,28980.68,28980.68,Оплачен вовремя
7840,625,2024-10-22,28980.68,28980.68,Оплачен вовремя
7841,625,2024-11-21,28980.68,28980.68,Оплачен вовремя
7842,625,2024-12-21,28980.68,28980.68,Оплачен вовремя
7843,625,2025-01-20,28980.68,28980.68,Оплачен вовремя
7844,625,2025-02-19,28980.68,28980.68,Оплачен вовремя
7845,625,2025-03-21,28980.68,28980.68,Оплачен вовремя
7846,625,2025-04-20,28980.68,28980.68,Оплачен вовремя
7847,625,2025-05-20,28980.68,28980.68,Оплачен вовремя
7848,625,2025-06-19,28980.68,28980.68,Оплачен вовремя
7849,625,2025-07-19,28980.68,28980.68,Оплачен вовремя
7850,625,2025-08-18,28980.68,28980.68,Оплачен вовремя
7851,625,2025-09-17,28980.68,28980.68,Оплачен вовремя
7852,625,2025-10-17,28980.68,28980.68,Оплачен вовремя
7853,625,2025-11-16,28980.68,28980.68,Оплачен вовремя
7854,625,2025-12-16,28980.68,28980.68,Оплачен вовремя
7855,626,2024-04-29,1152.57,1152.57,Оплачен вовремя
7856,626,2024-05-29,1152.57,1152.57,Оплачен вовремя
7857,626,2024-06-28,1152.57,1152.57,Оплачен вовремя
7858,626,2024-07-28,1152.57,1152.57,Оплачен вовремя
7859,626,2024-08-27,1152.57,1152.57,Оплачен вовремя
7860,626,2024-09-26,1152.57,1152.57,Оплачен вовремя
7861,626,2024-10-26,1152.57,1152.57,Оплачен вовремя
7862,626,2024-11-25,1152.57,1152.57,Оплачен вовремя
7863,626,2024-12-25,1152.57,1152.57,Оплачен вовремя
7864,626,2025-01-24,1152.57,1152.57,Оплачен вовремя
7865,626,2025-02-23,1152.57,1152.57,Оплачен вовремя
7866,626,2025-03-25,1152.57,1152.57,Оплачен вовремя
7867,626,2025-04-24,1152.57,1152.57,Оплачен вовремя
7868,626,2025-05-24,1152.57,1152.57,Оплачен вовремя
7869,626,2025-06-23,1152.57,1152.57,Оплачен вовремя
7870,626,2025-07-23,1152.57,1152.57,Оплачен вовремя
7871,626,2025-08-22,1152.57,1152.57,Оплачен вовремя
7872,626,2025-09-21,1152.57,1152.57,Оплачен вовремя
7873,626,2025-10-21,1152.57,1152.57,Оплачен вовремя
7874,626,2025-11-20,1152.57,1152.57,Оплачен вовремя
7875,626,2025-12-20,1152.57,1152.57,Оплачен вовремя
7876,627,2025-10-18,13828.47,13828.47,Оплачен вовремя
7877,627,2025-11-17,13828.47,13828.47,Оплачен вовремя
7878,627,2025-12-17,13828.47,13828.47,Оплачен вовремя
7879,628,2025-06-25,5000.09,5000.09,Оплачен вовремя
7880,628,2025-07-25,5000.09,5000.09,Оплачен вовремя
7881,628,2025-08-24,5000.09,5000.09,Оплачен вовремя
7882,628,2025-09-23,5000.09,5000.09,Оплачен вовремя
7883,628,2025-10-23,5000.09,5000.09,Оплачен вовремя
7884,628,2025-11-22,5000.09,5000.09,Оплачен вовремя
7885,628,2025-12-22,5000.09,5000.09,Оплачен вовремя
7886,629,2024-03-25,5157.51,5157.51,Оплачен вовремя
7887,629,2024-04-24,5157.51,5157.51,Оплачен вовремя
7888,629,2024-05-24,5157.51,0.0,Не оплачен
7889,629,2024-06-23,5157.51,5157.51,Оплачен вовремя
7890,629,2024-07-23,5157.51,5157.51,Просрочен
7891,629,2024-08-22,5157.51,0.0,Не оплачен
7892,629,2024-09-21,5157.51,5157.51,Оплачен вовремя
7893,629,2024-10-21,5157.51,5157.51,Оплачен вовремя
7894,629,2024-11-20,5157.51,5157.51,Оплачен вовремя
7895,629,2024-12-20,5157.51,5157.51,Просрочен
7896,629,2025-01-19,5157.51,5157.51,Оплачен вовремя
7897,629,2025-02-18,5157.51,5157.51,Оплачен вовремя
7898,629,2025-03-20,5157.51,5157.51,Просрочен
7899,629,2025-04-19,5157.51,5157.51,Оплачен вовремя
7900,629,2025-05-19,5157.51,5157.51,Оплачен вовремя
7901,629,2025-06-18,5157.51,5157.51,Оплачен вовремя
7902,629,2025-07-18,5157.51,5157.51,Оплачен вовремя
7903,629,2025-08-17,5157.51,0.0,Не оплачен
7904,629,2025-09-16,5157.51,0.0,Не оплачен
7905,629,2025-10-16,5157.51,5157.51,Оплачен вовремя
7906,629,2025-11-15,5157.51,5157.51,Оплачен вовремя
7907,629,2025-12-15,5157.51,5157.51,Оплачен вовремя
7908,630,2024-10-27,105085.0,105085.0,Оплачен вовремя
7909,630,2024-11-26,105085.0,105085.0,Просрочен
7910,630,2024-12-26,105085.0,105085.0,Оплачен вовремя
7911,630,2025-01-25,105085.0,105085.0,Оплачен вовремя
7912,630,2025-02-24,105085.0,105085.0,Оплачен вовремя
7913,630,2025-03-26,105085.0,105085.0,Оплачен вовремя
7914,630,2025-04-25,105085.0,105085.0,Просрочен
7915,630,2025-05-25,105085.0,105085.0,Оплачен вовремя
7916,630,2025-06-24,105085.0,105085.0,Оплачен вовремя
7917,630,2025-07-24,105085.0,105085.0,Просрочен
7918,630,2025-08-23,105085.0,105085.0,Оплачен вовремя
7919,630,2025-09-22,105085.0,105085.0,Оплачен вовремя
7920,630,2025-10-22,105085.0,105085.0,Просрочен
7921,630,2025-11-21,105085.0,105085.0,Оплачен вовремя
7922,630,2025-12-21,105085.0,0.0,Не оплачен
7923,631,2025-03-25,16066.61,16066.61,Оплачен вовремя
7924,631,2025-04-24,16066.61,16066.61,Оплачен вовремя
7925,631,2025-05-24,16066.61,16066.61,Оплачен вовремя
7926,631,2025-06-23,16066.61,16066.61,Оплачен вовремя
7927,631,2025-07-23,16066.61,16066.61,Оплачен вовремя
7928,631,2025-08-22,16066.61,16066.61,Оплачен вовремя
7929,631,2025-09-21,16066.61,16066.61,Оплачен вовремя
7930,631,2025-10-21,16066.61,16066.61,Оплачен вовремя
7931,631,2025-11-20,16066.61,16066.61,Оплачен вовремя
7932,631,2025-12-20,16066.61,16066.61,Оплачен вовремя
7933,633,2025-10-31,8337.38,8337.38,Оплачен вовремя
7934,633,2025-11-30,8337.38,8337.38,Оплачен вовремя
7935,634,2025-08-08,399767.28,399767.28,Оплачен вовремя
7936,634,2025-09-07,399767.28,399767.28,Оплачен вовремя
7937,634,2025-10-07,399767.28,399767.28,Оплачен вовремя
7938,637,2024-07-10,120398.24,120398.24,Оплачен вовремя
7939,637,2024-08-09,120398.24,120398.24,Оплачен вовремя
7940,637,2024-09-08,120398.24,120398.24,Оплачен вовремя
7941,637,2024-10-08,120398.24,120398.24,Оплачен вовремя
7942,637,2024-11-07,120398.24,120398.24,Оплачен вовремя
7943,637,2024-12-07,120398.24,120398.24,Оплачен вовремя
7944,637,2025-01-06,120398.24,120398.24,Оплачен вовремя
7945,637,2025-02-05,120398.24,120398.24,Оплачен вовремя
7946,637,2025-03-07,120398.24,120398.24,Оплачен вовремя
7947,637,2025-04-06,120398.24,120398.24,Оплачен вовремя
7948,637,2025-05-06,120398.24,120398.24,Оплачен вовремя
7949,637,2025-06-05,120398.24,120398.24,Оплачен вовремя
7950,637,2025-07-05,120398.24,120398.24,Оплачен вовремя
7951,637,2025-08-04,120398.24,120398.24,Оплачен вовремя
7952,637,2025-09-03,120398.24,120398.24,Оплачен вовремя
7953,637,2025-10-03,120398.24,120398.24,Оплачен вовремя
7954,637,2025-11-02,120398.24,120398.24,Оплачен вовремя
7955,637,2025-12-02,120398.24,120398.24,Оплачен вовремя
7956,638,2024-10-19,237510.0,237510.0,Оплачен вовремя
7957,638,2024-11-18,237510.0,237510.0,Оплачен вовремя
7958,638,2024-12-18,237510.0,237510.0,Оплачен вовремя
7959,638,2025-01-17,237510.0,237510.0,Оплачен вовремя
7960,638,2025-02-16,237510.0,237510.0,Оплачен вовремя
7961,638,2025-03-18,237510.0,237510.0,Оплачен вовремя
7962,639,2024-12-23,44646.81,44646.81,Оплачен вовремя
7963,639,2025-01-22,44646.81,44646.81,Оплачен вовремя
7964,639,2025-02-21,44646.81,44646.81,Оплачен вовремя
7965,639,2025-03-23,44646.81,44646.81,Оплачен вовремя
7966,639,2025-04-22,44646.81,44646.81,Оплачен вовремя
7967,639,2025-05-22,44646.81,44646.81,Оплачен вовремя
7968,639,2025-06-21,44646.81,44646.81,Оплачен вовремя
7969,639,2025-07-21,44646.81,44646.81,Оплачен вовремя
7970,639,2025-08-20,44646.81,44646.81,Оплачен вовремя
7971,639,2025-09-19,44646.81,44646.81,Оплачен вовремя
7972,639,2025-10-19,44646.81,44646.81,Оплачен вовремя
7973,639,2025-11-18,44646.81,44646.81,Оплачен вовремя
7974,641,2025-08-29,57304.85,57304.85,Оплачен вовремя
7975,641,2025-09-28,57304.85,57304.85,Оплачен вовремя
7976,641,2025-10-28,57304.85,57304.85,Оплачен вовремя
7977,641,2025-11-27,57304.85,57304.85,Оплачен вовремя
7978,641,2025-12-27,57304.85,57304.85,Оплачен вовремя
7979,642,2025-10-30,10846.02,10846.02,Оплачен вовремя
7980,642,2025-11-29,10846.02,10846.02,Оплачен вовремя
7981,642,2025-12-29,10846.02,10846.02,Оплачен вовремя
7982,643,2025-03-30,38102.27,38102.27,Оплачен вовремя
7983,643,2025-04-29,38102.27,38102.27,Оплачен вовремя
7984,643,2025-05-29,38102.27,38102.27,Оплачен вовремя
7985,643,2025-06-28,38102.27,38102.27,Оплачен вовремя
7986,643,2025-07-28,38102.27,38102.27,Оплачен вовремя
7987,643,2025-08-27,38102.27,38102.27,Оплачен вовремя
7988,643,2025-09-26,38102.27,38102.27,Оплачен вовремя
7989,643,2025-10-26,38102.27,38102.27,Оплачен вовремя
7990,643,2025-11-25,38102.27,38102.27,Оплачен вовремя
7991,643,2025-12-25,38102.27,38102.27,Оплачен вовремя
7992,644,2024-10-18,126823.85,126823.85,Оплачен вовремя
7993,644,2024-11-17,126823.85,126823.85,Оплачен вовремя
7994,644,2024-12-17,126823.85,126823.85,Оплачен вовремя
7995,644,2025-01-16,126823.85,126823.85,Оплачен вовремя
7996,644,2025-02-15,126823.85,126823.85,Оплачен вовремя
7997,644,2025-03-17,126823.85,126823.85,Оплачен вовремя
7998,644,2025-04-16,126823.85,126823.85,Оплачен вовремя
7999,644,2025-05-16,126823.85,126823.85,Оплачен вовремя
8000,644,2025-06-15,126823.85,126823.85,Оплачен вовремя
8001,644,2025-07-15,126823.85,126823.85,Оплачен вовремя
8002,644,2025-08-14,126823.85,126823.85,Оплачен вовремя
8003,644,2025-09-13,126823.85,126823.85,Оплачен вовремя
8004,645,2025-12-13,43937.86,43937.86,Оплачен вовремя
8005,646,2025-06-14,10833.98,10833.98,Оплачен вовремя
8006,646,2025-07-14,10833.98,10833.98,Оплачен вовремя
8007,646,2025-08-13,10833.98,10833.98,Оплачен вовремя
8008,646,2025-09-12,10833.98,10833.98,Оплачен вовремя
8009,646,2025-10-12,10833.98,10833.98,Оплачен вовремя
8010,646,2025-11-11,10833.98,10833.98,Оплачен вовремя
8011,646,2025-12-11,10833.98,10833.98,Оплачен вовремя
8012,647,2023-04-14,4457.56,4457.56,Оплачен вовремя
8013,647,2023-05-14,4457.56,4457.56,Оплачен вовремя
8014,647,2023-06-13,4457.56,4457.56,Оплачен вовремя
8015,647,2023-07-13,4457.56,4457.56,Оплачен вовремя
8016,647,2023-08-12,4457.56,4457.56,Оплачен вовремя
8017,647,2023-09-11,4457.56,4457.56,Оплачен вовремя
8018,647,2023-10-11,4457.56,4457.56,Оплачен вовремя
8019,647,2023-11-10,4457.56,4457.56,Оплачен вовремя
8020,647,2023-12-10,4457.56,4457.56,Оплачен вовремя
8021,647,2024-01-09,4457.56,4457.56,Оплачен вовремя
8022,647,2024-02-08,4457.56,4457.56,Оплачен вовремя
8023,647,2024-03-09,4457.56,4457.56,Оплачен вовремя
8024,647,2024-04-08,4457.56,4457.56,Оплачен вовремя
8025,647,2024-05-08,4457.56,4457.56,Оплачен вовремя
8026,647,2024-06-07,4457.56,4457.56,Оплачен вовремя
8027,647,2024-07-07,4457.56,4457.56,Оплачен вовремя
8028,647,2024-08-06,4457.56,4457.56,Оплачен вовремя
8029,647,2024-09-05,4457.56,4457.56,Оплачен вовремя
8030,647,2024-10-05,4457.56,4457.56,Оплачен вовремя
8031,647,2024-11-04,4457.56,4457.56,Оплачен вовремя
8032,647,2024-12-04,4457.56,4457.56,Оплачен вовремя
8033,647,2025-01-03,4457.56,4457.56,Оплачен вовремя
8034,647,2025-02-02,4457.56,4457.56,Оплачен вовремя
8035,647,2025-03-04,4457.56,4457.56,Оплачен вовремя
8036,647,2025-04-03,4457.56,4457.56,Оплачен вовремя
8037,647,2025-05-03,4457.56,4457.56,Оплачен вовремя
8038,647,2025-06-02,4457.56,4457.56,Оплачен вовремя
8039,647,2025-07-02,4457.56,4457.56,Оплачен вовремя
8040,647,2025-08-01,4457.56,4457.56,Оплачен вовремя
8041,647,2025-08-31,4457.56,4457.56,Оплачен вовремя
8042,647,2025-09-30,4457.56,4457.56,Оплачен вовремя
8043,647,2025-10-30,4457.56,4457.56,Оплачен вовремя
8044,647,2025-11-29,4457.56,4457.56,Оплачен вовремя
8045,648,2024-06-19,7249.32,7249.32,Оплачен вовремя
8046,648,2024-07-19,7249.32,7249.32,Оплачен вовремя
8047,648,2024-08-18,7249.32,7249.32,Оплачен вовремя
8048,648,2024-09-17,7249.32,7249.32,Оплачен вовремя
8049,648,2024-10-17,7249.32,7249.32,Оплачен вовремя
8050,648,2024-11-16,7249.32,7249.32,Оплачен вовремя
8051,648,2024-12-16,7249.32,7249.32,Оплачен вовремя
8052,648,2025-01-15,7249.32,7249.32,Оплачен вовремя
8053,648,2025-02-14,7249.32,7249.32,Оплачен вовремя
8054,648,2025-03-16,7249.32,7249.32,Оплачен вовремя
8055,648,2025-04-15,7249.32,7249.32,Оплачен вовремя
8056,648,2025-05-15,7249.32,7249.32,Оплачен вовремя
8057,648,2025-06-14,7249.32,7249.32,Оплачен вовремя
8058,648,2025-07-14,7249.32,7249.32,Оплачен вовремя
8059,648,2025-08-13,7249.32,7249.32,Оплачен вовремя
8060,648,2025-09-12,7249.32,7249.32,Оплачен вовремя
8061,648,2025-10-12,7249.32,7249.32,Оплачен вовремя
8062,648,2025-11-11,7249.32,7249.32,Оплачен вовремя
8063,648,2025-12-11,7249.32,7249.32,Оплачен вовремя
8064,649,2025-09-30,35337.12,35337.12,Оплачен вовремя
8065,649,2025-10-30,35337.12,35337.12,Оплачен вовремя
8066,649,2025-11-29,35337.12,35337.12,Оплачен вовремя
8067,649,2025-12-29,35337.12,35337.12,Оплачен вовремя
8068,650,2025-07-10,17335.88,17335.88,Оплачен вовремя
8069,650,2025-08-09,17335.88,17335.88,Оплачен вовремя
8070,650,2025-09-08,17335.88,17335.88,Оплачен вовремя
8071,650,2025-10-08,17335.88,17335.88,Оплачен вовремя
8072,650,2025-11-07,17335.88,17335.88,Оплачен вовремя
8073,650,2025-12-07,17335.88,17335.88,Оплачен вовремя
8074,651,2024-11-28,12547.73,12547.73,Оплачен вовремя
8075,651,2024-12-28,12547.73,12547.73,Оплачен вовремя
8076,651,2025-01-27,12547.73,12547.73,Оплачен вовремя
8077,651,2025-02-26,12547.73,12547.73,Оплачен вовремя
8078,651,2025-03-28,12547.73,12547.73,Оплачен вовремя
8079,651,2025-04-27,12547.73,12547.73,Оплачен вовремя
8080,651,2025-05-27,12547.73,12547.73,Оплачен вовремя
8081,651,2025-06-26,12547.73,12547.73,Оплачен вовремя
8082,651,2025-07-26,12547.73,12547.73,Оплачен вовремя
8083,651,2025-08-25,12547.73,12547.73,Оплачен вовремя
8084,651,2025-09-24,12547.73,12547.73,Оплачен вовремя
8085,651,2025-10-24,12547.73,12547.73,Оплачен вовремя
8086,651,2025-11-23,12547.73,12547.73,Оплачен вовремя
8087,651,2025-12-23,12547.73,12547.73,Оплачен вовремя
8088,652,2025-10-11,944424.81,944424.81,Оплачен вовремя
8089,652,2025-11-10,944424.81,944424.81,Оплачен вовремя
8090,652,2025-12-10,944424.81,944424.81,Оплачен вовремя
8091,653,2025-01-05,345678.77,345678.77,Оплачен вовремя
8092,653,2025-02-04,345678.77,345678.77,Оплачен вовремя
8093,653,2025-03-06,345678.77,345678.77,Оплачен вовремя
8094,653,2025-04-05,345678.77,345678.77,Оплачен вовремя
8095,653,2025-05-05,345678.77,345678.77,Оплачен вовремя
8096,653,2025-06-04,345678.77,345678.77,Оплачен вовремя
8097,654,2025-09-08,42082.94,42082.94,Оплачен вовремя
8098,654,2025-10-08,42082.94,42082.94,Оплачен вовремя
8099,654,2025-11-07,42082.94,42082.94,Просрочен
8100,654,2025-12-07,42082.94,42082.94,Просрочен
8101,655,2023-06-24,7306.73,7306.73,Оплачен вовремя
8102,655,2023-07-24,7306.73,7306.73,Оплачен вовремя
8103,655,2023-08-23,7306.73,7306.73,Оплачен вовремя
8104,655,2023-09-22,7306.73,7306.73,Оплачен вовремя
8105,655,2023-10-22,7306.73,7306.73,Оплачен вовремя
8106,655,2023-11-21,7306.73,7306.73,Оплачен вовремя
8107,655,2023-12-21,7306.73,7306.73,Оплачен вовремя
8108,655,2024-01-20,7306.73,7306.73,Оплачен вовремя
8109,655,2024-02-19,7306.73,7306.73,Оплачен вовремя
8110,655,2024-03-20,7306.73,7306.73,Оплачен вовремя
8111,655,2024-04-19,7306.73,7306.73,Оплачен вовремя
8112,655,2024-05-19,7306.73,7306.73,Оплачен вовремя
8113,655,2024-06-18,7306.73,7306.73,Оплачен вовремя
8114,655,2024-07-18,7306.73,7306.73,Оплачен вовремя
8115,655,2024-08-17,7306.73,7306.73,Оплачен вовремя
8116,655,2024-09-16,7306.73,7306.73,Оплачен вовремя
8117,655,2024-10-16,7306.73,7306.73,Оплачен вовремя
8118,655,2024-11-15,7306.73,7306.73,Оплачен вовремя
8119,655,2024-12-15,7306.73,7306.73,Оплачен вовремя
8120,655,2025-01-14,7306.73,7306.73,Оплачен вовремя
8121,655,2025-02-13,7306.73,7306.73,Оплачен вовремя
8122,655,2025-03-15,7306.73,7306.73,Оплачен вовремя
8123,655,2025-04-14,7306.73,7306.73,Оплачен вовремя
8124,655,2025-05-14,7306.73,7306.73,Оплачен вовремя
8125,655,2025-06-13,7306.73,7306.73,Оплачен вовремя
8126,655,2025-07-13,7306.73,7306.73,Оплачен вовремя
8127,655,2025-08-12,7306.73,7306.73,Оплачен вовремя
8128,655,2025-09-11,7306.73,7306.73,Оплачен вовремя
8129,655,2025-10-11,7306.73,7306.73,Оплачен вовремя
8130,655,2025-11-10,7306.73,7306.73,Оплачен вовремя
8131,655,2025-12-10,7306.73,7306.73,Оплачен вовремя
8132,656,2024-12-21,92751.27,92751.27,Оплачен вовремя
8133,656,2025-01-20,92751.27,92751.27,Оплачен вовремя
8134,656,2025-02-19,92751.27,92751.27,Оплачен вовремя
8135,656,2025-03-21,92751.27,92751.27,Оплачен вовремя
8136,656,2025-04-20,92751.27,92751.27,Оплачен вовремя
8137,656,2025-05-20,92751.27,92751.27,Оплачен вовремя
8138,656,2025-06-19,92751.27,92751.27,Оплачен вовремя
8139,656,2025-07-19,92751.27,92751.27,Оплачен вовремя
8140,656,2025-08-18,92751.27,92751.27,Оплачен вовремя
8141,656,2025-09-17,92751.27,92751.27,Оплачен вовремя
8142,656,2025-10-17,92751.27,92751.27,Оплачен вовремя
8143,656,2025-11-16,92751.27,92751.27,Оплачен вовремя
8144,656,2025-12-16,92751.27,92751.27,Оплачен вовремя
8145,657,2025-03-09,83099.73,83099.73,Оплачен вовремя
8146,657,2025-04-08,83099.73,83099.73,Оплачен вовремя
8147,657,2025-05-08,83099.73,83099.73,Оплачен вовремя
8148,657,2025-06-07,83099.73,83099.73,Оплачен вовремя
8149,657,2025-07-07,83099.73,83099.73,Оплачен вовремя
8150,657,2025-08-06,83099.73,83099.73,Оплачен вовремя
8151,657,2025-09-05,83099.73,83099.73,Оплачен вовремя
8152,657,2025-10-05,83099.73,83099.73,Оплачен вовремя
8153,657,2025-11-04,83099.73,83099.73,Оплачен вовремя
8154,658,2025-02-13,722122.24,722122.24,Оплачен вовремя
8155,658,2025-03-15,722122.24,722122.24,Оплачен вовремя
8156,658,2025-04-14,722122.24,722122.24,Оплачен вовремя
8157,659,2025-02-26,29873.12,29873.12,Оплачен вовремя
8158,659,2025-03-28,29873.12,29873.12,Оплачен вовремя
8159,659,2025-04-27,29873.12,29873.12,Оплачен вовремя
8160,659,2025-05-27,29873.12,29873.12,Оплачен вовремя
8161,659,2025-06-26,29873.12,29873.12,Оплачен вовремя
8162,659,2025-07-26,29873.12,29873.12,Оплачен вовремя
8163,659,2025-08-25,29873.12,29873.12,Оплачен вовремя
8164,659,2025-09-24,29873.12,29873.12,Оплачен вовремя
8165,659,2025-10-24,29873.12,29873.12,Оплачен вовремя
8166,659,2025-11-23,29873.12,29873.12,Оплачен вовремя
8167,659,2025-12-23,29873.12,29873.12,Оплачен вовремя
8168,660,2025-10-05,5691.07,5691.07,Оплачен вовремя
8169,660,2025-11-04,5691.07,5691.07,Оплачен вовремя
8170,660,2025-12-04,5691.07,5691.07,Оплачен вовремя
8171,661,2024-10-16,21738.21,21738.21,Оплачен вовремя
8172,661,2024-11-15,21738.21,21738.21,Оплачен вовремя
8173,661,2024-12-15,21738.21,21738.21,Оплачен вовремя
8174,661,2025-01-14,21738.21,21738.21,Оплачен вовремя
8175,661,2025-02-13,21738.21,21738.21,Оплачен вовремя
8176,661,2025-03-15,21738.21,21738.21,Оплачен вовремя
8177,661,2025-04-14,21738.21,21738.21,Оплачен вовремя
8178,661,2025-05-14,21738.21,21738.21,Оплачен вовремя
8179,661,2025-06-13,21738.21,21738.21,Оплачен вовремя
8180,661,2025-07-13,21738.21,21738.21,Оплачен вовремя
8181,661,2025-08-12,21738.21,21738.21,Оплачен вовремя
8182,661,2025-09-11,21738.21,21738.21,Оплачен вовремя
8183,661,2025-10-11,21738.21,21738.21,Оплачен вовремя
8184,661,2025-11-10,21738.21,21738.21,Оплачен вовремя
8185,661,2025-12-10,21738.21,21738.21,Оплачен вовремя
8186,662,2024-04-16,1338.76,1338.76,Оплачен вовремя
8187,662,2024-05-16,1338.76,1338.76,Оплачен вовремя
8188,662,2024-06-15,1338.76,1338.76,Оплачен вовремя
8189,662,2024-07-15,1338.76,1338.76,Оплачен вовремя
8190,662,2024-08-14,1338.76,1338.76,Оплачен вовремя
8191,662,2024-09-13,1338.76,1338.76,Оплачен вовремя
8192,662,2024-10-13,1338.76,1338.76,Оплачен вовремя
8193,662,2024-11-12,1338.76,1338.76,Оплачен вовремя
8194,662,2024-12-12,1338.76,1338.76,Оплачен вовремя
8195,662,2025-01-11,1338.76,1338.76,Оплачен вовремя
8196,662,2025-02-10,1338.76,1338.76,Оплачен вовремя
8197,662,2025-03-12,1338.76,1338.76,Оплачен вовремя
8198,662,2025-04-11,1338.76,1338.76,Оплачен вовремя
8199,662,2025-05-11,1338.76,1338.76,Оплачен вовремя
8200,662,2025-06-10,1338.76,1338.76,Оплачен вовремя
8201,662,2025-07-10,1338.76,1338.76,Оплачен вовремя
8202,662,2025-08-09,1338.76,1338.76,Оплачен вовремя
8203,662,2025-09-08,1338.76,1338.76,Оплачен вовремя
8204,662,2025-10-08,1338.76,1338.76,Оплачен вовремя
8205,662,2025-11-07,1338.76,1338.76,Оплачен вовремя
8206,662,2025-12-07,1338.76,1338.76,Оплачен вовремя
8207,663,2024-04-23,18479.89,18479.89,Оплачен вовремя
8208,663,2024-05-23,18479.89,18479.89,Оплачен вовремя
8209,663,2024-06-22,18479.89,18479.89,Оплачен вовремя
8210,663,2024-07-22,18479.89,18479.89,Оплачен вовремя
8211,663,2024-08-21,18479.89,18479.89,Оплачен вовремя
8212,663,2024-09-20,18479.89,18479.89,Оплачен вовремя
8213,663,2024-10-20,18479.89,18479.89,Оплачен вовремя
8214,663,2024-11-19,18479.89,18479.89,Оплачен вовремя
8215,663,2024-12-19,18479.89,18479.89,Оплачен вовремя
8216,663,2025-01-18,18479.89,18479.89,Оплачен вовремя
8217,663,2025-02-17,18479.89,18479.89,Оплачен вовремя
8218,663,2025-03-19,18479.89,18479.89,Оплачен вовремя
8219,664,2023-07-26,43915.27,43915.27,Оплачен вовремя
8220,664,2023-08-25,43915.27,43915.27,Оплачен вовремя
8221,664,2023-09-24,43915.27,43915.27,Оплачен вовремя
8222,664,2023-10-24,43915.27,43915.27,Оплачен вовремя
8223,664,2023-11-23,43915.27,43915.27,Оплачен вовремя
8224,664,2023-12-23,43915.27,43915.27,Оплачен вовремя
8225,664,2024-01-22,43915.27,43915.27,Оплачен вовремя
8226,664,2024-02-21,43915.27,43915.27,Оплачен вовремя
8227,664,2024-03-22,43915.27,43915.27,Оплачен вовремя
8228,664,2024-04-21,43915.27,43915.27,Оплачен вовремя
8229,664,2024-05-21,43915.27,43915.27,Оплачен вовремя
8230,664,2024-06-20,43915.27,43915.27,Оплачен вовремя
8231,664,2024-07-20,43915.27,43915.27,Оплачен вовремя
8232,664,2024-08-19,43915.27,43915.27,Оплачен вовремя
8233,664,2024-09-18,43915.27,43915.27,Оплачен вовремя
8234,664,2024-10-18,43915.27,43915.27,Оплачен вовремя
8235,664,2024-11-17,43915.27,43915.27,Оплачен вовремя
8236,664,2024-12-17,43915.27,43915.27,Оплачен вовремя
8237,664,2025-01-16,43915.27,43915.27,Оплачен вовремя
8238,664,2025-02-15,43915.27,43915.27,Оплачен вовремя
8239,664,2025-03-17,43915.27,43915.27,Оплачен вовремя
8240,664,2025-04-16,43915.27,43915.27,Оплачен вовремя
8241,664,2025-05-16,43915.27,43915.27,Оплачен вовремя
8242,664,2025-06-15,43915.27,43915.27,Оплачен вовремя
8243,664,2025-07-15,43915.27,43915.27,Оплачен вовремя
8244,664,2025-08-14,43915.27,43915.27,Оплачен вовремя
8245,664,2025-09-13,43915.27,43915.27,Оплачен вовремя
8246,664,2025-10-13,43915.27,43915.27,Оплачен вовремя
8247,664,2025-11-12,43915.27,43915.27,Оплачен вовремя
8248,664,2025-12-12,43915.27,43915.27,Оплачен вовремя
8249,666,2023-09-17,451798.93,451798.93,Оплачен вовремя
8250,666,2023-10-17,451798.93,451798.93,Оплачен вовремя
8251,666,2023-11-16,451798.93,451798.93,Оплачен вовремя
8252,666,2023-12-16,451798.93,451798.93,Оплачен вовремя
8253,666,2024-01-15,451798.93,451798.93,Оплачен вовремя
8254,666,2024-02-14,451798.93,451798.93,Оплачен вовремя
8255,667,2024-08-08,1418312.73,1418312.73,Оплачен вовремя
8256,667,2024-09-07,1418312.73,1418312.73,Оплачен вовремя
8257,667,2024-10-07,1418312.73,1418312.73,Оплачен вовремя
8258,668,2025-02-21,11988.15,11988.15,Оплачен вовремя
8259,668,2025-03-23,11988.15,11988.15,Оплачен вовремя
8260,668,2025-04-22,11988.15,11988.15,Оплачен вовремя
8261,668,2025-05-22,11988.15,11988.15,Оплачен вовремя
8262,668,2025-06-21,11988.15,11988.15,Оплачен вовремя
8263,668,2025-07-21,11988.15,11988.15,Оплачен вовремя
8264,668,2025-08-20,11988.15,11988.15,Оплачен вовремя
8265,668,2025-09-19,11988.15,11988.15,Оплачен вовремя
8266,668,2025-10-19,11988.15,11988.15,Оплачен вовремя
8267,668,2025-11-18,11988.15,11988.15,Оплачен вовремя
8268,668,2025-12-18,11988.15,11988.15,Оплачен вовремя
8269,669,2024-12-27,49079.17,49079.17,Оплачен вовремя
8270,669,2025-01-26,49079.17,49079.17,Просрочен
8271,669,2025-02-25,49079.17,49079.17,Оплачен вовремя
8272,669,2025-03-27,49079.17,49079.17,Оплачен вовремя
8273,669,2025-04-26,49079.17,49079.17,Оплачен вовремя
8274,669,2025-05-26,49079.17,49079.17,Оплачен вовремя
8275,669,2025-06-25,49079.17,49079.17,Оплачен вовремя
8276,669,2025-07-25,49079.17,49079.17,Оплачен вовремя
8277,669,2025-08-24,49079.17,49079.17,Просрочен
8278,669,2025-09-23,49079.17,49079.17,Просрочен
8279,669,2025-10-23,49079.17,0.0,Не оплачен
8280,669,2025-11-22,49079.17,49079.17,Оплачен вовремя
8281,670,2024-07-10,300515.62,300515.62,Оплачен вовремя
8282,670,2024-08-09,300515.62,300515.62,Оплачен вовремя
8283,670,2024-09-08,300515.62,300515.62,Оплачен вовремя
8284,671,2025-08-05,15605.24,15605.24,Оплачен вовремя
8285,671,2025-09-04,15605.24,15605.24,Оплачен вовремя
8286,671,2025-10-04,15605.24,15605.24,Оплачен вовремя
8287,671,2025-11-03,15605.24,15605.24,Оплачен вовремя
8288,671,2025-12-03,15605.24,15605.24,Оплачен вовремя
8289,672,2023-09-30,12002.67,12002.67,Оплачен вовремя
8290,672,2023-10-30,12002.67,12002.67,Оплачен вовремя
8291,672,2023-11-29,12002.67,12002.67,Оплачен вовремя
8292,672,2023-12-29,12002.67,12002.67,Оплачен вовремя
8293,672,2024-01-28,12002.67,12002.67,Оплачен вовремя
8294,672,2024-02-27,12002.67,12002.67,Оплачен вовремя
8295,672,2024-03-28,12002.67,12002.67,Оплачен вовремя
8296,672,2024-04-27,12002.67,12002.67,Оплачен вовремя
8297,672,2024-05-27,12002.67,12002.67,Оплачен вовремя
8298,672,2024-06-26,12002.67,12002.67,Оплачен вовремя
8299,672,2024-07-26,12002.67,12002.67,Оплачен вовремя
8300,672,2024-08-25,12002.67,12002.67,Оплачен вовремя
8301,673,2024-08-19,6004.53,6004.53,Оплачен вовремя
8302,673,2024-09-18,6004.53,6004.53,Оплачен вовремя
8303,673,2024-10-18,6004.53,6004.53,Оплачен вовремя
8304,673,2024-11-17,6004.53,6004.53,Оплачен вовремя
8305,673,2024-12-17,6004.53,6004.53,Оплачен вовремя
8306,673,2025-01-16,6004.53,6004.53,Оплачен вовремя
8307,673,2025-02-15,6004.53,6004.53,Оплачен вовремя
8308,673,2025-03-17,6004.53,6004.53,Оплачен вовремя
8309,673,2025-04-16,6004.53,6004.53,Оплачен вовремя
8310,673,2025-05-16,6004.53,6004.53,Оплачен вовремя
8311,673,2025-06-15,6004.53,6004.53,Оплачен вовремя
8312,673,2025-07-15,6004.53,6004.53,Оплачен вовремя
8313,673,2025-08-14,6004.53,6004.53,Оплачен вовремя
8314,673,2025-09-13,6004.53,6004.53,Оплачен вовремя
8315,673,2025-10-13,6004.53,6004.53,Оплачен вовремя
8316,673,2025-11-12,6004.53,6004.53,Оплачен вовремя
8317,673,2025-12-12,6004.53,6004.53,Оплачен вовремя
8318,674,2025-07-11,11390.19,11390.19,Оплачен вовремя
8319,674,2025-08-10,11390.19,11390.19,Оплачен вовремя
8320,674,2025-09-09,11390.19,11390.19,Оплачен вовремя
8321,674,2025-10-09,11390.19,11390.19,Оплачен вовремя
8322,674,2025-11-08,11390.19,11390.19,Оплачен вовремя
8323,674,2025-12-08,11390.19,11390.19,Оплачен вовремя
8324,675,2025-08-07,11115.26,11115.26,Оплачен вовремя
8325,675,2025-09-06,11115.26,11115.26,Оплачен вовремя
8326,675,2025-10-06,11115.26,11115.26,Оплачен вовремя
8327,675,2025-11-05,11115.26,11115.26,Оплачен вовремя
8328,675,2025-12-05,11115.26,11115.26,Оплачен вовремя
8329,676,2024-09-20,15180.5,15180.5,Оплачен вовремя
8330,676,2024-10-20,15180.5,15180.5,Оплачен вовремя
8331,676,2024-11-19,15180.5,15180.5,Оплачен вовремя
8332,676,2024-12-19,15180.5,15180.5,Оплачен вовремя
8333,676,2025-01-18,15180.5,15180.5,Оплачен вовремя
8334,676,2025-02-17,15180.5,15180.5,Оплачен вовремя
8335,676,2025-03-19,15180.5,15180.5,Оплачен вовремя
8336,676,2025-04-18,15180.5,15180.5,Оплачен вовремя
8337,676,2025-05-18,15180.5,15180.5,Оплачен вовремя
8338,676,2025-06-17,15180.5,15180.5,Оплачен вовремя
8339,676,2025-07-17,15180.5,15180.5,Оплачен вовремя
8340,676,2025-08-16,15180.5,15180.5,Оплачен вовремя
8341,676,2025-09-15,15180.5,15180.5,Оплачен вовремя
8342,676,2025-10-15,15180.5,15180.5,Оплачен вовремя
8343,676,2025-11-14,15180.5,15180.5,Оплачен вовремя
8344,676,2025-12-14,15180.5,15180.5,Оплачен вовремя
8345,677,2025-02-05,363132.07,363132.07,Оплачен вовремя
8346,677,2025-03-07,363132.07,363132.07,Оплачен вовремя
8347,677,2025-04-06,363132.07,363132.07,Оплачен вовремя
8348,678,2025-08-26,15062.0,15062.0,Оплачен вовремя
8349,678,2025-09-25,15062.0,15062.0,Оплачен вовремя
8350,678,2025-10-25,15062.0,15062.0,Оплачен вовремя
8351,678,2025-11-24,15062.0,15062.0,Оплачен вовремя
8352,678,2025-12-24,15062.0,15062.0,Оплачен вовремя
8353,679,2024-06-21,5466.35,5466.35,Оплачен вовремя
8354,679,2024-07-21,5466.35,5466.35,Оплачен вовремя
8355,679,2024-08-20,5466.35,5466.35,Оплачен вовремя
8356,679,2024-09-19,5466.35,5466.35,Оплачен вовремя
8357,679,2024-10-19,5466.35,5466.35,Оплачен вовремя
8358,679,2024-11-18,5466.35,5466.35,Оплачен вовремя
8359,679,2024-12-18,5466.35,5466.35,Оплачен вовремя
8360,679,2025-01-17,5466.35,5466.35,Оплачен вовремя
8361,679,2025-02-16,5466.35,5466.35,Оплачен вовремя
8362,679,2025-03-18,5466.35,5466.35,Оплачен вовремя
8363,679,2025-04-17,5466.35,5466.35,Оплачен вовремя
8364,679,2025-05-17,5466.35,5466.35,Оплачен вовремя
8365,679,2025-06-16,5466.35,5466.35,Оплачен вовремя
8366,679,2025-07-16,5466.35,5466.35,Оплачен вовремя
8367,679,2025-08-15,5466.35,5466.35,Оплачен вовремя
8368,679,2025-09-14,5466.35,5466.35,Оплачен вовремя
8369,679,2025-10-14,5466.35,5466.35,Оплачен вовремя
8370,679,2025-11-13,5466.35,5466.35,Оплачен вовремя
8371,679,2025-12-13,5466.35,5466.35,Оплачен вовремя
8372,680,2023-12-18,790971.83,790971.83,Оплачен вовремя
8373,680,2024-01-17,790971.83,790971.83,Оплачен вовремя
8374,680,2024-02-16,790971.83,790971.83,Оплачен вовремя
8375,680,2024-03-17,790971.83,790971.83,Оплачен вовремя
8376,680,2024-04-16,790971.83,790971.83,Оплачен вовремя
8377,680,2024-05-16,790971.83,790971.83,Оплачен вовремя
8378,682,2025-07-15,32827.19,32827.19,Оплачен вовремя
8379,682,2025-08-14,32827.19,32827.19,Оплачен вовремя
8380,682,2025-09-13,32827.19,32827.19,Оплачен вовремя
8381,682,2025-10-13,32827.19,32827.19,Оплачен вовремя
8382,682,2025-11-12,32827.19,32827.19,Оплачен вовремя
8383,682,2025-12-12,32827.19,32827.19,Оплачен вовремя
8384,683,2023-07-01,9516.89,9516.89,Оплачен вовремя
8385,683,2023-07-31,9516.89,9516.89,Оплачен вовремя
8386,683,2023-08-30,9516.89,9516.89,Оплачен вовремя
8387,683,2023-09-29,9516.89,9516.89,Оплачен вовремя
8388,683,2023-10-29,9516.89,9516.89,Оплачен вовремя
8389,683,2023-11-28,9516.89,9516.89,Оплачен вовремя
8390,683,2023-12-28,9516.89,9516.89,Оплачен вовремя
8391,683,2024-01-27,9516.89,9516.89,Оплачен вовремя
8392,683,2024-02-26,9516.89,9516.89,Оплачен вовремя
8393,683,2024-03-27,9516.89,9516.89,Оплачен вовремя
8394,683,2024-04-26,9516.89,9516.89,Оплачен вовремя
8395,683,2024-05-26,9516.89,9516.89,Оплачен вовремя
8396,683,2024-06-25,9516.89,9516.89,Оплачен вовремя
8397,683,2024-07-25,9516.89,9516.89,Оплачен вовремя
8398,683,2024-08-24,9516.89,9516.89,Оплачен вовремя
8399,683,2024-09-23,9516.89,9516.89,Оплачен вовремя
8400,683,2024-10-23,9516.89,9516.89,Оплачен вовремя
8401,683,2024-11-22,9516.89,9516.89,Оплачен вовремя
8402,683,2024-12-22,9516.89,9516.89,Оплачен вовремя
8403,683,2025-01-21,9516.89,9516.89,Оплачен вовремя
8404,683,2025-02-20,9516.89,9516.89,Оплачен вовремя
8405,683,2025-03-22,9516.89,9516.89,Оплачен вовремя
8406,683,2025-04-21,9516.89,9516.89,Оплачен вовремя
8407,683,2025-05-21,9516.89,9516.89,Оплачен вовремя
8408,684,2022-07-09,19986.83,19986.83,Оплачен вовремя
8409,684,2022-08-08,19986.83,19986.83,Просрочен
8410,684,2022-09-07,19986.83,0.0,Не оплачен
8411,684,2022-10-07,19986.83,19986.83,Оплачен вовремя
8412,684,2022-11-06,19986.83,19986.83,Оплачен вовремя
8413,684,2022-12-06,19986.83,19986.83,Оплачен вовремя
8414,684,2023-01-05,19986.83,19986.83,Оплачен вовремя
8415,684,2023-02-04,19986.83,19986.83,Просрочен
8416,684,2023-03-06,19986.83,19986.83,Оплачен вовремя
8417,684,2023-04-05,19986.83,19986.83,Оплачен вовремя
8418,684,2023-05-05,19986.83,19986.83,Оплачен вовремя
8419,684,2023-06-04,19986.83,19986.83,Оплачен вовремя
8420,684,2023-07-04,19986.83,19986.83,Оплачен вовремя
8421,684,2023-08-03,19986.83,19986.83,Просрочен
8422,684,2023-09-02,19986.83,0.0,Не оплачен
8423,684,2023-10-02,19986.83,19986.83,Оплачен вовремя
8424,684,2023-11-01,19986.83,19986.83,Оплачен вовремя
8425,684,2023-12-01,19986.83,19986.83,Оплачен вовремя
8426,684,2023-12-31,19986.83,19986.83,Оплачен вовремя
8427,684,2024-01-30,19986.83,19986.83,Оплачен вовремя
8428,684,2024-02-29,19986.83,19986.83,Оплачен вовремя
8429,684,2024-03-30,19986.83,19986.83,Оплачен вовремя
8430,684,2024-04-29,19986.83,19986.83,Оплачен вовремя
8431,684,2024-05-29,19986.83,19986.83,Оплачен вовремя
8432,684,2024-06-28,19986.83,19986.83,Оплачен вовремя
8433,684,2024-07-28,19986.83,19986.83,Оплачен вовремя
8434,684,2024-08-27,19986.83,19986.83,Оплачен вовремя
8435,684,2024-09-26,19986.83,19986.83,Оплачен вовремя
8436,684,2024-10-26,19986.83,19986.83,Оплачен вовремя
8437,684,2024-11-25,19986.83,19986.83,Просрочен
8438,684,2024-12-25,19986.83,19986.83,Оплачен вовремя
8439,684,2025-01-24,19986.83,19986.83,Оплачен вовремя
8440,684,2025-02-23,19986.83,19986.83,Оплачен вовремя
8441,684,2025-03-25,19986.83,0.0,Не оплачен
8442,684,2025-04-24,19986.83,19986.83,Оплачен вовремя
8443,684,2025-05-24,19986.83,0.0,Не оплачен
8444,685,2025-01-22,183830.62,183830.62,Оплачен вовремя
8445,685,2025-02-21,183830.62,183830.62,Оплачен вовремя
8446,685,2025-03-23,183830.62,183830.62,Оплачен вовремя
8447,685,2025-04-22,183830.62,183830.62,Оплачен вовремя
8448,685,2025-05-22,183830.62,183830.62,Оплачен вовремя
8449,685,2025-06-21,183830.62,183830.62,Оплачен вовремя
8450,685,2025-07-21,183830.62,183830.62,Оплачен вовремя
8451,685,2025-08-20,183830.62,183830.62,Оплачен вовремя
8452,685,2025-09-19,183830.62,183830.62,Оплачен вовремя
8453,685,2025-10-19,183830.62,183830.62,Оплачен вовремя
8454,685,2025-11-18,183830.62,183830.62,Оплачен вовремя
8455,685,2025-12-18,183830.62,183830.62,Оплачен вовремя
8456,687,2025-05-07,4632.12,4632.12,Оплачен вовремя
8457,687,2025-06-06,4632.12,4632.12,Оплачен вовремя
8458,687,2025-07-06,4632.12,4632.12,Оплачен вовремя
8459,687,2025-08-05,4632.12,4632.12,Оплачен вовремя
8460,687,2025-09-04,4632.12,4632.12,Оплачен вовремя
8461,687,2025-10-04,4632.12,4632.12,Оплачен вовремя
8462,687,2025-11-03,4632.12,4632.12,Оплачен вовремя
8463,687,2025-12-03,4632.12,4632.12,Оплачен вовремя
8464,688,2024-10-30,8001.59,8001.59,Оплачен вовремя
8465,688,2024-11-29,8001.59,8001.59,Оплачен вовремя
8466,688,2024-12-29,8001.59,8001.59,Оплачен вовремя
8467,688,2025-01-28,8001.59,8001.59,Оплачен вовремя
8468,688,2025-02-27,8001.59,8001.59,Оплачен вовремя
8469,688,2025-03-29,8001.59,8001.59,Оплачен вовремя
8470,688,2025-04-28,8001.59,8001.59,Оплачен вовремя
8471,688,2025-05-28,8001.59,8001.59,Оплачен вовремя
8472,688,2025-06-27,8001.59,8001.59,Оплачен вовремя
8473,688,2025-07-27,8001.59,8001.59,Оплачен вовремя
8474,688,2025-08-26,8001.59,8001.59,Оплачен вовремя
8475,688,2025-09-25,8001.59,8001.59,Оплачен вовремя
8476,688,2025-10-25,8001.59,8001.59,Оплачен вовремя
8477,688,2025-11-24,8001.59,8001.59,Оплачен вовремя
8478,688,2025-12-24,8001.59,8001.59,Оплачен вовремя
8479,689,2024-05-17,32102.05,32102.05,Оплачен вовремя
8480,689,2024-06-16,32102.05,32102.05,Оплачен вовремя
8481,689,2024-07-16,32102.05,32102.05,Оплачен вовремя
8482,689,2024-08-15,32102.05,32102.05,Оплачен вовремя
8483,689,2024-09-14,32102.05,32102.05,Оплачен вовремя
8484,689,2024-10-14,32102.05,32102.05,Оплачен вовремя
8485,689,2024-11-13,32102.05,32102.05,Оплачен вовремя
8486,689,2024-12-13,32102.05,32102.05,Оплачен вовремя
8487,689,2025-01-12,32102.05,32102.05,Оплачен вовремя
8488,689,2025-02-11,32102.05,32102.05,Оплачен вовремя
8489,689,2025-03-13,32102.05,32102.05,Оплачен вовремя
8490,689,2025-04-12,32102.05,32102.05,Оплачен вовремя
8491,689,2025-05-12,32102.05,32102.05,Оплачен вовремя
8492,689,2025-06-11,32102.05,32102.05,Оплачен вовремя
8493,689,2025-07-11,32102.05,32102.05,Оплачен вовремя
8494,689,2025-08-10,32102.05,32102.05,Оплачен вовремя
8495,689,2025-09-09,32102.05,32102.05,Оплачен вовремя
8496,689,2025-10-09,32102.05,32102.05,Оплачен вовремя
8497,689,2025-11-08,32102.05,32102.05,Оплачен вовремя
8498,689,2025-12-08,32102.05,32102.05,Оплачен вовремя
8499,690,2024-09-02,151808.39,151808.39,Оплачен вовремя
8500,690,2024-10-02,151808.39,151808.39,Оплачен вовремя
8501,690,2024-11-01,151808.39,151808.39,Оплачен вовремя
8502,690,2024-12-01,151808.39,151808.39,Оплачен вовремя
8503,690,2024-12-31,151808.39,151808.39,Оплачен вовремя
8504,690,2025-01-30,151808.39,151808.39,Оплачен вовремя
8505,690,2025-03-01,151808.39,151808.39,Оплачен вовремя
8506,690,2025-03-31,151808.39,151808.39,Оплачен вовремя
8507,690,2025-04-30,151808.39,151808.39,Оплачен вовремя
8508,690,2025-05-30,151808.39,151808.39,Оплачен вовремя
8509,690,2025-06-29,151808.39,151808.39,Оплачен вовремя
8510,690,2025-07-29,151808.39,151808.39,Оплачен вовремя
8511,692,2024-02-25,24042.23,24042.23,Оплачен вовремя
8512,692,2024-03-26,24042.23,24042.23,Оплачен вовремя
8513,692,2024-04-25,24042.23,24042.23,Оплачен вовремя
8514,692,2024-05-25,24042.23,24042.23,Оплачен вовремя
8515,692,2024-06-24,24042.23,24042.23,Оплачен вовремя
8516,692,2024-07-24,24042.23,24042.23,Оплачен вовремя
8517,692,2024-08-23,24042.23,24042.23,Оплачен вовремя
8518,692,2024-09-22,24042.23,24042.23,Оплачен вовремя
8519,692,2024-10-22,24042.23,24042.23,Оплачен вовремя
8520,692,2024-11-21,24042.23,24042.23,Оплачен вовремя
8521,692,2024-12-21,24042.23,24042.23,Оплачен вовремя
8522,692,2025-01-20,24042.23,24042.23,Оплачен вовремя
8523,693,2025-09-06,10275.28,0.0,Не оплачен
8524,693,2025-10-06,10275.28,10275.28,Оплачен вовремя
8525,693,2025-11-05,10275.28,0.0,Не оплачен
8526,693,2025-12-05,10275.28,10275.28,Оплачен вовремя
8527,694,2025-04-16,489678.04,489678.04,Оплачен вовремя
8528,694,2025-05-16,489678.04,489678.04,Оплачен вовремя
8529,694,2025-06-15,489678.04,489678.04,Оплачен вовремя
8530,695,2024-10-31,27134.24,27134.24,Оплачен вовремя
8531,695,2024-11-30,27134.24,27134.24,Оплачен вовремя
8532,695,2024-12-30,27134.24,27134.24,Оплачен вовремя
8533,695,2025-01-29,27134.24,27134.24,Оплачен вовремя
8534,695,2025-02-28,27134.24,27134.24,Оплачен вовремя
8535,695,2025-03-30,27134.24,27134.24,Оплачен вовремя
8536,695,2025-04-29,27134.24,27134.24,Оплачен вовремя
8537,695,2025-05-29,27134.24,27134.24,Оплачен вовремя
8538,695,2025-06-28,27134.24,27134.24,Оплачен вовремя
8539,695,2025-07-28,27134.24,27134.24,Оплачен вовремя
8540,695,2025-08-27,27134.24,27134.24,Оплачен вовремя
8541,695,2025-09-26,27134.24,27134.24,Оплачен вовремя
8542,695,2025-10-26,27134.24,27134.24,Оплачен вовремя
8543,695,2025-11-25,27134.24,27134.24,Оплачен вовремя
8544,696,2025-05-12,1359920.47,1359920.47,Оплачен вовремя
8545,696,2025-06-11,1359920.47,1359920.47,Оплачен вовремя
8546,696,2025-07-11,1359920.47,1359920.47,Оплачен вовремя
8547,697,2023-07-19,163076.49,163076.49,Оплачен вовремя
8548,697,2023-08-18,163076.49,163076.49,Оплачен вовремя
8549,697,2023-09-17,163076.49,163076.49,Оплачен вовремя
8550,697,2023-10-17,163076.49,163076.49,Оплачен вовремя
8551,697,2023-11-16,163076.49,163076.49,Оплачен вовремя
8552,697,2023-12-16,163076.49,163076.49,Оплачен вовремя
8553,698,2022-08-18,38646.43,38646.43,Оплачен вовремя
8554,698,2022-09-17,38646.43,38646.43,Оплачен вовремя
8555,698,2022-10-17,38646.43,38646.43,Оплачен вовремя
8556,698,2022-11-16,38646.43,38646.43,Оплачен вовремя
8557,698,2022-12-16,38646.43,38646.43,Оплачен вовремя
8558,698,2023-01-15,38646.43,38646.43,Оплачен вовремя
8559,698,2023-02-14,38646.43,38646.43,Оплачен вовремя
8560,698,2023-03-16,38646.43,38646.43,Оплачен вовремя
8561,698,2023-04-15,38646.43,38646.43,Оплачен вовремя
8562,698,2023-05-15,38646.43,38646.43,Оплачен вовремя
8563,698,2023-06-14,38646.43,38646.43,Оплачен вовремя
8564,698,2023-07-14,38646.43,38646.43,Оплачен вовремя
8565,698,2023-08-13,38646.43,38646.43,Оплачен вовремя
8566,698,2023-09-12,38646.43,38646.43,Оплачен вовремя
8567,698,2023-10-12,38646.43,38646.43,Оплачен вовремя
8568,698,2023-11-11,38646.43,38646.43,Оплачен вовремя
8569,698,2023-12-11,38646.43,38646.43,Оплачен вовремя
8570,698,2024-01-10,38646.43,38646.43,Оплачен вовремя
8571,698,2024-02-09,38646.43,38646.43,Оплачен вовремя
8572,698,2024-03-10,38646.43,38646.43,Оплачен вовремя
8573,698,2024-04-09,38646.43,38646.43,Оплачен вовремя
8574,698,2024-05-09,38646.43,38646.43,Оплачен вовремя
8575,698,2024-06-08,38646.43,38646.43,Оплачен вовремя
8576,698,2024-07-08,38646.43,38646.43,Оплачен вовремя
8577,698,2024-08-07,38646.43,38646.43,Оплачен вовремя
8578,698,2024-09-06,38646.43,38646.43,Оплачен вовремя
8579,698,2024-10-06,38646.43,38646.43,Оплачен вовремя
8580,698,2024-11-05,38646.43,38646.43,Оплачен вовремя
8581,698,2024-12-05,38646.43,38646.43,Оплачен вовремя
8582,698,2025-01-04,38646.43,38646.43,Оплачен вовремя
8583,698,2025-02-03,38646.43,38646.43,Оплачен вовремя
8584,698,2025-03-05,38646.43,38646.43,Оплачен вовремя
8585,698,2025-04-04,38646.43,38646.43,Оплачен вовремя
8586,698,2025-05-04,38646.43,38646.43,Оплачен вовремя
8587,698,2025-06-03,38646.43,38646.43,Оплачен вовремя
8588,698,2025-07-03,38646.43,38646.43,Оплачен вовремя
8589,698,2025-08-02,38646.43,38646.43,Оплачен вовремя
8590,698,2025-09-01,38646.43,38646.43,Оплачен вовремя
8591,698,2025-10-01,38646.43,38646.43,Оплачен вовремя
8592,698,2025-10-31,38646.43,38646.43,Оплачен вовремя
8593,698,2025-11-30,38646.43,38646.43,Оплачен вовремя
8594,699,2023-12-13,43360.83,43360.83,Оплачен вовремя
8595,699,2024-01-12,43360.83,43360.83,Оплачен вовремя
8596,699,2024-02-11,43360.83,43360.83,Оплачен вовремя
8597,699,2024-03-12,43360.83,43360.83,Оплачен вовремя
8598,699,2024-04-11,43360.83,43360.83,Оплачен вовремя
8599,699,2024-05-11,43360.83,43360.83,Оплачен вовремя
8600,699,2024-06-10,43360.83,43360.83,Оплачен вовремя
8601,699,2024-07-10,43360.83,43360.83,Оплачен вовремя
8602,699,2024-08-09,43360.83,43360.83,Оплачен вовремя
8603,699,2024-09-08,43360.83,43360.83,Оплачен вовремя
8604,699,2024-10-08,43360.83,43360.83,Оплачен вовремя
8605,699,2024-11-07,43360.83,43360.83,Оплачен вовремя
8606,700,2024-02-20,2139.26,2139.26,Оплачен вовремя
8607,700,2024-03-21,2139.26,2139.26,Оплачен вовремя
8608,700,2024-04-20,2139.26,2139.26,Оплачен вовремя
8609,700,2024-05-20,2139.26,2139.26,Оплачен вовремя
8610,700,2024-06-19,2139.26,2139.26,Оплачен вовремя
8611,700,2024-07-19,2139.26,2139.26,Оплачен вовремя
8612,700,2024-08-18,2139.26,2139.26,Оплачен вовремя
8613,700,2024-09-17,2139.26,2139.26,Оплачен вовремя
8614,700,2024-10-17,2139.26,2139.26,Оплачен вовремя
8615,700,2024-11-16,2139.26,2139.26,Оплачен вовремя
8616,700,2024-12-16,2139.26,2139.26,Оплачен вовремя
8617,700,2025-01-15,2139.26,2139.26,Оплачен вовремя
8618,700,2025-02-14,2139.26,2139.26,Оплачен вовремя
8619,700,2025-03-16,2139.26,2139.26,Оплачен вовремя
8620,700,2025-04-15,2139.26,2139.26,Оплачен вовремя
8621,700,2025-05-15,2139.26,2139.26,Оплачен вовремя
8622,700,2025-06-14,2139.26,2139.26,Оплачен вовремя
8623,700,2025-07-14,2139.26,2139.26,Оплачен вовремя
8624,700,2025-08-13,2139.26,2139.26,Оплачен вовремя
8625,700,2025-09-12,2139.26,2139.26,Оплачен вовремя
8626,700,2025-10-12,2139.26,2139.26,Оплачен вовремя
8627,700,2025-11-11,2139.26,2139.26,Оплачен вовремя
8628,700,2025-12-11,2139.26,2139.26,Оплачен вовремя
8629,701,2024-09-23,72913.92,72913.92,Оплачен вовремя
8630,701,2024-10-23,72913.92,72913.92,Оплачен вовремя
8631,701,2024-11-22,72913.92,72913.92,Оплачен вовремя
8632,701,2024-12-22,72913.92,72913.92,Оплачен вовремя
8633,701,2025-01-21,72913.92,72913.92,Оплачен вовремя
8634,701,2025-02-20,72913.92,72913.92,Оплачен вовремя
8635,701,2025-03-22,72913.92,72913.92,Оплачен вовремя
8636,701,2025-04-21,72913.92,72913.92,Оплачен вовремя
8637,701,2025-05-21,72913.92,72913.92,Оплачен вовремя
8638,701,2025-06-20,72913.92,72913.92,Оплачен вовремя
8639,701,2025-07-20,72913.92,72913.92,Оплачен вовремя
8640,701,2025-08-19,72913.92,72913.92,Оплачен вовремя
8641,701,2025-09-18,72913.92,72913.92,Оплачен вовремя
8642,701,2025-10-18,72913.92,72913.92,Оплачен вовремя
8643,701,2025-11-17,72913.92,72913.92,Оплачен вовремя
8644,701,2025-12-17,72913.92,72913.92,Оплачен вовремя
8645,702,2025-04-15,42993.91,42993.91,Оплачен вовремя
8646,702,2025-05-15,42993.91,42993.91,Оплачен вовремя
8647,702,2025-06-14,42993.91,42993.91,Оплачен вовремя
8648,702,2025-07-14,42993.91,42993.91,Оплачен вовремя
8649,702,2025-08-13,42993.91,42993.91,Оплачен вовремя
8650,702,2025-09-12,42993.91,42993.91,Оплачен вовремя
8651,702,2025-10-12,42993.91,42993.91,Оплачен вовремя
8652,702,2025-11-11,42993.91,42993.91,Оплачен вовремя
8653,702,2025-12-11,42993.91,42993.91,Оплачен вовремя
8654,703,2023-10-30,70277.73,70277.73,Оплачен вовремя
8655,703,2023-11-29,70277.73,70277.73,Оплачен вовремя
8656,703,2023-12-29,70277.73,70277.73,Оплачен вовремя
8657,703,2024-01-28,70277.73,70277.73,Оплачен вовремя
8658,703,2024-02-27,70277.73,70277.73,Оплачен вовремя
8659,703,2024-03-28,70277.73,70277.73,Оплачен вовремя
8660,703,2024-04-27,70277.73,70277.73,Оплачен вовремя
8661,703,2024-05-27,70277.73,70277.73,Оплачен вовремя
8662,703,2024-06-26,70277.73,70277.73,Оплачен вовремя
8663,703,2024-07-26,70277.73,70277.73,Оплачен вовремя
8664,703,2024-08-25,70277.73,70277.73,Оплачен вовремя
8665,703,2024-09-24,70277.73,70277.73,Оплачен вовремя
8666,703,2024-10-24,70277.73,70277.73,Оплачен вовремя
8667,703,2024-11-23,70277.73,70277.73,Оплачен вовремя
8668,703,2024-12-23,70277.73,70277.73,Оплачен вовремя
8669,703,2025-01-22,70277.73,70277.73,Оплачен вовремя
8670,703,2025-02-21,70277.73,70277.73,Оплачен вовремя
8671,703,2025-03-23,70277.73,70277.73,Оплачен вовремя
8672,703,2025-04-22,70277.73,70277.73,Оплачен вовремя
8673,703,2025-05-22,70277.73,70277.73,Оплачен вовремя
8674,703,2025-06-21,70277.73,70277.73,Оплачен вовремя
8675,703,2025-07-21,70277.73,70277.73,Оплачен вовремя
8676,703,2025-08-20,70277.73,70277.73,Оплачен вовремя
8677,703,2025-09-19,70277.73,70277.73,Оплачен вовремя
8678,703,2025-10-19,70277.73,70277.73,Оплачен вовремя
8679,703,2025-11-18,70277.73,70277.73,Оплачен вовремя
8680,703,2025-12-18,70277.73,70277.73,Оплачен вовремя
8681,704,2025-04-04,88041.16,88041.16,Просрочен
8682,704,2025-05-04,88041.16,88041.16,Оплачен вовремя
8683,704,2025-06-03,88041.16,88041.16,Просрочен
8684,704,2025-07-03,88041.16,88041.16,Оплачен вовремя
8685,704,2025-08-02,88041.16,0.0,Не оплачен
8686,704,2025-09-01,88041.16,88041.16,Оплачен вовремя
8687,704,2025-10-01,88041.16,88041.16,Оплачен вовремя
8688,704,2025-10-31,88041.16,88041.16,Просрочен
8689,704,2025-11-30,88041.16,88041.16,Оплачен вовремя
8690,705,2024-12-17,25235.27,25235.27,Оплачен вовремя
8691,705,2025-01-16,25235.27,25235.27,Оплачен вовремя
8692,705,2025-02-15,25235.27,25235.27,Оплачен вовремя
8693,705,2025-03-17,25235.27,25235.27,Оплачен вовремя
8694,705,2025-04-16,25235.27,25235.27,Оплачен вовремя
8695,705,2025-05-16,25235.27,25235.27,Оплачен вовремя
8696,705,2025-06-15,25235.27,25235.27,Оплачен вовремя
8697,705,2025-07-15,25235.27,25235.27,Оплачен вовремя
8698,705,2025-08-14,25235.27,25235.27,Оплачен вовремя
8699,705,2025-09-13,25235.27,25235.27,Оплачен вовремя
8700,705,2025-10-13,25235.27,25235.27,Оплачен вовремя
8701,705,2025-11-12,25235.27,25235.27,Оплачен вовремя
8702,705,2025-12-12,25235.27,25235.27,Оплачен вовремя
8703,706,2024-08-30,1621.85,1621.85,Оплачен вовремя
8704,706,2024-09-29,1621.85,1621.85,Оплачен вовремя
8705,706,2024-10-29,1621.85,1621.85,Оплачен вовремя
8706,706,2024-11-28,1621.85,1621.85,Оплачен вовремя
8707,706,2024-12-28,1621.85,1621.85,Оплачен вовремя
8708,706,2025-01-27,1621.85,1621.85,Оплачен вовремя
8709,706,2025-02-26,1621.85,1621.85,Оплачен вовремя
8710,706,2025-03-28,1621.85,1621.85,Оплачен вовремя
8711,706,2025-04-27,1621.85,1621.85,Оплачен вовремя
8712,706,2025-05-27,1621.85,1621.85,Оплачен вовремя
8713,706,2025-06-26,1621.85,1621.85,Оплачен вовремя
8714,706,2025-07-26,1621.85,1621.85,Оплачен вовремя
8715,706,2025-08-25,1621.85,1621.85,Оплачен вовремя
8716,706,2025-09-24,1621.85,1621.85,Оплачен вовремя
8717,706,2025-10-24,1621.85,1621.85,Оплачен вовремя
8718,706,2025-11-23,1621.85,1621.85,Оплачен вовремя
8719,706,2025-12-23,1621.85,1621.85,Оплачен вовремя
8720,707,2025-08-29,23612.84,23612.84,Оплачен вовремя
8721,707,2025-09-28,23612.84,23612.84,Оплачен вовремя
8722,707,2025-10-28,23612.84,23612.84,Оплачен вовремя
8723,707,2025-11-27,23612.84,23612.84,Оплачен вовремя
8724,707,2025-12-27,23612.84,23612.84,Оплачен вовремя
8725,708,2025-03-11,4343.8,4343.8,Оплачен вовремя
8726,708,2025-04-10,4343.8,4343.8,Оплачен вовремя
8727,708,2025-05-10,4343.8,4343.8,Оплачен вовремя
8728,708,2025-06-09,4343.8,4343.8,Оплачен вовремя
8729,708,2025-07-09,4343.8,4343.8,Оплачен вовремя
8730,708,2025-08-08,4343.8,4343.8,Оплачен вовремя
8731,708,2025-09-07,4343.8,4343.8,Оплачен вовремя
8732,708,2025-10-07,4343.8,4343.8,Оплачен вовремя
8733,708,2025-11-06,4343.8,4343.8,Оплачен вовремя
8734,708,2025-12-06,4343.8,4343.8,Оплачен вовремя
8735,709,2025-12-29,22042.56,0.0,Не оплачен
8736,710,2025-08-15,22130.78,22130.78,Оплачен вовремя
8737,710,2025-09-14,22130.78,22130.78,Оплачен вовремя
8738,710,2025-10-14,22130.78,22130.78,Оплачен вовремя
8739,710,2025-11-13,22130.78,22130.78,Оплачен вовремя
8740,710,2025-12-13,22130.78,22130.78,Оплачен вовремя
8741,712,2022-12-19,125647.13,125647.13,Оплачен вовремя
8742,712,2023-01-18,125647.13,125647.13,Оплачен вовремя
8743,712,2023-02-17,125647.13,125647.13,Оплачен вовремя
8744,712,2023-03-19,125647.13,125647.13,Оплачен вовремя
8745,712,2023-04-18,125647.13,125647.13,Оплачен вовремя
8746,712,2023-05-18,125647.13,125647.13,Оплачен вовремя
8747,712,2023-06-17,125647.13,125647.13,Оплачен вовремя
8748,712,2023-07-17,125647.13,125647.13,Оплачен вовремя
8749,712,2023-08-16,125647.13,125647.13,Оплачен вовремя
8750,713,2025-03-21,19582.39,19582.39,Оплачен вовремя
8751,713,2025-04-20,19582.39,19582.39,Оплачен вовремя
8752,713,2025-05-20,19582.39,19582.39,Оплачен вовремя
8753,713,2025-06-19,19582.39,19582.39,Оплачен вовремя
8754,713,2025-07-19,19582.39,19582.39,Оплачен вовремя
8755,713,2025-08-18,19582.39,19582.39,Оплачен вовремя
8756,713,2025-09-17,19582.39,19582.39,Оплачен вовремя
8757,713,2025-10-17,19582.39,19582.39,Оплачен вовремя
8758,713,2025-11-16,19582.39,19582.39,Оплачен вовремя
8759,713,2025-12-16,19582.39,19582.39,Оплачен вовремя
8760,714,2025-10-10,17685.1,17685.1,Оплачен вовремя
8761,714,2025-11-09,17685.1,17685.1,Оплачен вовремя
8762,714,2025-12-09,17685.1,17685.1,Просрочен
8763,715,2024-11-19,26899.01,26899.01,Оплачен вовремя
8764,715,2024-12-19,26899.01,26899.01,Оплачен вовремя
8765,715,2025-01-18,26899.01,26899.01,Оплачен вовремя
8766,715,2025-02-17,26899.01,26899.01,Оплачен вовремя
8767,715,2025-03-19,26899.01,26899.01,Оплачен вовремя
8768,715,2025-04-18,26899.01,26899.01,Оплачен вовремя
8769,715,2025-05-18,26899.01,26899.01,Оплачен вовремя
8770,715,2025-06-17,26899.01,26899.01,Оплачен вовремя
8771,715,2025-07-17,26899.01,26899.01,Оплачен вовремя
8772,715,2025-08-16,26899.01,26899.01,Оплачен вовремя
8773,715,2025-09-15,26899.01,26899.01,Оплачен вовремя
8774,715,2025-10-15,26899.01,26899.01,Оплачен вовремя
8775,716,2023-10-20,3401.69,3401.69,Оплачен вовремя
8776,716,2023-11-19,3401.69,3401.69,Оплачен вовремя
8777,716,2023-12-19,3401.69,3401.69,Оплачен вовремя
8778,716,2024-01-18,3401.69,3401.69,Оплачен вовремя
8779,716,2024-02-17,3401.69,3401.69,Оплачен вовремя
8780,716,2024-03-18,3401.69,3401.69,Оплачен вовремя
8781,716,2024-04-17,3401.69,3401.69,Оплачен вовремя
8782,716,2024-05-17,3401.69,3401.69,Оплачен вовремя
8783,716,2024-06-16,3401.69,3401.69,Оплачен вовремя
8784,716,2024-07-16,3401.69,3401.69,Оплачен вовремя
8785,716,2024-08-15,3401.69,3401.69,Оплачен вовремя
8786,716,2024-09-14,3401.69,3401.69,Оплачен вовремя
8787,716,2024-10-14,3401.69,3401.69,Оплачен вовремя
8788,716,2024-11-13,3401.69,3401.69,Оплачен вовремя
8789,716,2024-12-13,3401.69,3401.69,Оплачен вовремя
8790,716,2025-01-12,3401.69,3401.69,Оплачен вовремя
8791,716,2025-02-11,3401.69,3401.69,Оплачен вовремя
8792,716,2025-03-13,3401.69,3401.69,Оплачен вовремя
8793,716,2025-04-12,3401.69,3401.69,Оплачен вовремя
8794,716,2025-05-12,3401.69,3401.69,Оплачен вовремя
8795,716,2025-06-11,3401.69,3401.69,Оплачен вовремя
8796,716,2025-07-11,3401.69,3401.69,Оплачен вовремя
8797,716,2025-08-10,3401.69,3401.69,Оплачен вовремя
8798,716,2025-09-09,3401.69,3401.69,Оплачен вовремя
8799,717,2025-05-30,13882.55,13882.55,Оплачен вовремя
8800,717,2025-06-29,13882.55,13882.55,Оплачен вовремя
8801,717,2025-07-29,13882.55,13882.55,Оплачен вовремя
8802,717,2025-08-28,13882.55,13882.55,Оплачен вовремя
8803,717,2025-09-27,13882.55,13882.55,Оплачен вовремя
8804,717,2025-10-27,13882.55,13882.55,Оплачен вовремя
8805,717,2025-11-26,13882.55,13882.55,Оплачен вовремя
8806,717,2025-12-26,13882.55,13882.55,Оплачен вовремя
8807,718,2025-11-07,18679.26,18679.26,Оплачен вовремя
8808,718,2025-12-07,18679.26,18679.26,Оплачен вовремя
8809,719,2025-03-07,31344.95,31344.95,Оплачен вовремя
8810,719,2025-04-06,31344.95,31344.95,Оплачен вовремя
8811,719,2025-05-06,31344.95,31344.95,Оплачен вовремя
8812,719,2025-06-05,31344.95,31344.95,Оплачен вовремя
8813,719,2025-07-05,31344.95,31344.95,Оплачен вовремя
8814,719,2025-08-04,31344.95,31344.95,Оплачен вовремя
8815,719,2025-09-03,31344.95,31344.95,Оплачен вовремя
8816,719,2025-10-03,31344.95,31344.95,Оплачен вовремя
8817,719,2025-11-02,31344.95,31344.95,Оплачен вовремя
8818,719,2025-12-02,31344.95,31344.95,Оплачен вовремя
8819,720,2024-05-23,11652.57,11652.57,Оплачен вовремя
8820,720,2024-06-22,11652.57,11652.57,Оплачен вовремя
8821,720,2024-07-22,11652.57,11652.57,Оплачен вовремя
8822,720,2024-08-21,11652.57,11652.57,Оплачен вовремя
8823,720,2024-09-20,11652.57,11652.57,Оплачен вовремя
8824,720,2024-10-20,11652.57,11652.57,Оплачен вовремя
8825,720,2024-11-19,11652.57,11652.57,Оплачен вовремя
8826,720,2024-12-19,11652.57,11652.57,Оплачен вовремя
8827,720,2025-01-18,11652.57,11652.57,Оплачен вовремя
8828,720,2025-02-17,11652.57,11652.57,Оплачен вовремя
8829,720,2025-03-19,11652.57,11652.57,Оплачен вовремя
8830,720,2025-04-18,11652.57,11652.57,Оплачен вовремя
8831,721,2025-04-08,62541.91,62541.91,Оплачен вовремя
8832,721,2025-05-08,62541.91,62541.91,Оплачен вовремя
8833,721,2025-06-07,62541.91,62541.91,Оплачен вовремя
8834,721,2025-07-07,62541.91,62541.91,Оплачен вовремя
8835,721,2025-08-06,62541.91,62541.91,Оплачен вовремя
8836,721,2025-09-05,62541.91,62541.91,Оплачен вовремя
8837,721,2025-10-05,62541.91,62541.91,Оплачен вовремя
8838,721,2025-11-04,62541.91,62541.91,Оплачен вовремя
8839,721,2025-12-04,62541.91,62541.91,Оплачен вовремя
8840,722,2023-10-26,123465.77,123465.77,Оплачен вовремя
8841,722,2023-11-25,123465.77,123465.77,Оплачен вовремя
8842,722,2023-12-25,123465.77,123465.77,Оплачен вовремя
8843,723,2025-10-10,30675.31,30675.31,Оплачен вовремя
8844,723,2025-11-09,30675.31,30675.31,Оплачен вовремя
8845,723,2025-12-09,30675.31,30675.31,Оплачен вовремя
8846,724,2024-07-13,7886.6,7886.6,Оплачен вовремя
8847,724,2024-08-12,7886.6,7886.6,Оплачен вовремя
8848,724,2024-09-11,7886.6,7886.6,Оплачен вовремя
8849,724,2024-10-11,7886.6,7886.6,Оплачен вовремя
8850,724,2024-11-10,7886.6,7886.6,Оплачен вовремя
8851,724,2024-12-10,7886.6,7886.6,Оплачен вовремя
8852,724,2025-01-09,7886.6,7886.6,Оплачен вовремя
8853,724,2025-02-08,7886.6,7886.6,Оплачен вовремя
8854,724,2025-03-10,7886.6,7886.6,Оплачен вовремя
8855,724,2025-04-09,7886.6,7886.6,Оплачен вовремя
8856,724,2025-05-09,7886.6,7886.6,Оплачен вовремя
8857,724,2025-06-08,7886.6,7886.6,Оплачен вовремя
8858,724,2025-07-08,7886.6,7886.6,Оплачен вовремя
8859,724,2025-08-07,7886.6,7886.6,Оплачен вовремя
8860,724,2025-09-06,7886.6,7886.6,Оплачен вовремя
8861,724,2025-10-06,7886.6,7886.6,Оплачен вовремя
8862,724,2025-11-05,7886.6,7886.6,Оплачен вовремя
8863,724,2025-12-05,7886.6,7886.6,Оплачен вовремя
8864,725,2024-10-04,101499.73,101499.73,Оплачен вовремя
8865,725,2024-11-03,101499.73,0.0,Не оплачен
8866,725,2024-12-03,101499.73,101499.73,Оплачен вовремя
8867,725,2025-01-02,101499.73,101499.73,Просрочен
8868,725,2025-02-01,101499.73,101499.73,Оплачен вовремя
8869,725,2025-03-03,101499.73,101499.73,Оплачен вовремя
8870,725,2025-04-02,101499.73,101499.73,Просрочен
8871,725,2025-05-02,101499.73,0.0,Не оплачен
8872,725,2025-06-01,101499.73,101499.73,Оплачен вовремя
8873,725,2025-07-01,101499.73,0.0,Не оплачен
8874,725,2025-07-31,101499.73,101499.73,Оплачен вовремя
8875,725,2025-08-30,101499.73,101499.73,Просрочен
8876,725,2025-09-29,101499.73,101499.73,Просрочен
8877,725,2025-10-29,101499.73,101499.73,Оплачен вовремя
8878,725,2025-11-28,101499.73,101499.73,Оплачен вовремя
8879,726,2025-10-30,296950.84,296950.84,Оплачен вовремя
8880,726,2025-11-29,296950.84,296950.84,Оплачен вовремя
8881,726,2025-12-29,296950.84,296950.84,Оплачен вовремя
8882,727,2025-02-26,96626.08,96626.08,Оплачен вовремя
8883,727,2025-03-28,96626.08,96626.08,Оплачен вовремя
8884,727,2025-04-27,96626.08,96626.08,Оплачен вовремя
8885,727,2025-05-27,96626.08,96626.08,Оплачен вовремя
8886,727,2025-06-26,96626.08,96626.08,Оплачен вовремя
8887,727,2025-07-26,96626.08,96626.08,Оплачен вовремя
8888,728,2025-06-06,5520.88,5520.88,Просрочен
8889,728,2025-07-06,5520.88,5520.88,Оплачен вовремя
8890,728,2025-08-05,5520.88,5520.88,Оплачен вовремя
8891,728,2025-09-04,5520.88,5520.88,Оплачен вовремя
8892,728,2025-10-04,5520.88,0.0,Не оплачен
8893,728,2025-11-03,5520.88,5520.88,Оплачен вовремя
8894,728,2025-12-03,5520.88,5520.88,Оплачен вовремя
8895,729,2023-04-30,1648728.52,1648728.52,Оплачен вовремя
8896,729,2023-05-30,1648728.52,1648728.52,Оплачен вовремя
8897,729,2023-06-29,1648728.52,1648728.52,Оплачен вовремя
8898,730,2025-07-04,45648.54,45648.54,Оплачен вовремя
8899,730,2025-08-03,45648.54,45648.54,Оплачен вовремя
8900,730,2025-09-02,45648.54,45648.54,Оплачен вовремя
8901,730,2025-10-02,45648.54,45648.54,Оплачен вовремя
8902,730,2025-11-01,45648.54,45648.54,Оплачен вовремя
8903,730,2025-12-01,45648.54,45648.54,Оплачен вовремя
8904,731,2023-11-22,21265.88,21265.88,Оплачен вовремя
8905,731,2023-12-22,21265.88,21265.88,Оплачен вовремя
8906,731,2024-01-21,21265.88,21265.88,Оплачен вовремя
8907,731,2024-02-20,21265.88,21265.88,Оплачен вовремя
8908,731,2024-03-21,21265.88,21265.88,Оплачен вовремя
8909,731,2024-04-20,21265.88,21265.88,Оплачен вовремя
8910,731,2024-05-20,21265.88,21265.88,Оплачен вовремя
8911,731,2024-06-19,21265.88,21265.88,Оплачен вовремя
8912,731,2024-07-19,21265.88,21265.88,Оплачен вовремя
8913,731,2024-08-18,21265.88,21265.88,Оплачен вовремя
8914,731,2024-09-17,21265.88,21265.88,Оплачен вовремя
8915,731,2024-10-17,21265.88,21265.88,Оплачен вовремя
8916,731,2024-11-16,21265.88,21265.88,Оплачен вовремя
8917,731,2024-12-16,21265.88,21265.88,Оплачен вовремя
8918,731,2025-01-15,21265.88,21265.88,Оплачен вовремя
8919,731,2025-02-14,21265.88,21265.88,Оплачен вовремя
8920,731,2025-03-16,21265.88,21265.88,Оплачен вовремя
8921,731,2025-04-15,21265.88,21265.88,Оплачен вовремя
8922,731,2025-05-15,21265.88,21265.88,Оплачен вовремя
8923,731,2025-06-14,21265.88,21265.88,Оплачен вовремя
8924,731,2025-07-14,21265.88,21265.88,Оплачен вовремя
8925,731,2025-08-13,21265.88,21265.88,Оплачен вовремя
8926,731,2025-09-12,21265.88,21265.88,Оплачен вовремя
8927,731,2025-10-12,21265.88,21265.88,Оплачен вовремя
8928,731,2025-11-11,21265.88,21265.88,Оплачен вовремя
8929,731,2025-12-11,21265.88,21265.88,Оплачен вовремя
8930,732,2023-09-06,21320.48,21320.48,Оплачен вовремя
8931,732,2023-10-06,21320.48,21320.48,Оплачен вовремя
8932,732,2023-11-05,21320.48,21320.48,Оплачен вовремя
8933,732,2023-12-05,21320.48,21320.48,Оплачен вовремя
8934,732,2024-01-04,21320.48,21320.48,Оплачен вовремя
8935,732,2024-02-03,21320.48,21320.48,Оплачен вовремя
8936,732,2024-03-04,21320.48,21320.48,Оплачен вовремя
8937,732,2024-04-03,21320.48,21320.48,Оплачен вовремя
8938,732,2024-05-03,21320.48,21320.48,Оплачен вовремя
8939,732,2024-06-02,21320.48,21320.48,Оплачен вовремя
8940,732,2024-07-02,21320.48,21320.48,Оплачен вовремя
8941,732,2024-08-01,21320.48,21320.48,Оплачен вовремя
8942,732,2024-08-31,21320.48,21320.48,Оплачен вовремя
8943,732,2024-09-30,21320.48,21320.48,Оплачен вовремя
8944,732,2024-10-30,21320.48,21320.48,Оплачен вовремя
8945,732,2024-11-29,21320.48,21320.48,Оплачен вовремя
8946,732,2024-12-29,21320.48,21320.48,Оплачен вовремя
8947,732,2025-01-28,21320.48,21320.48,Оплачен вовремя
8948,732,2025-02-27,21320.48,21320.48,Оплачен вовремя
8949,732,2025-03-29,21320.48,21320.48,Оплачен вовремя
8950,732,2025-04-28,21320.48,21320.48,Оплачен вовремя
8951,732,2025-05-28,21320.48,21320.48,Оплачен вовремя
8952,732,2025-06-27,21320.48,21320.48,Оплачен вовремя
8953,732,2025-07-27,21320.48,21320.48,Оплачен вовремя
8954,732,2025-08-26,21320.48,21320.48,Оплачен вовремя
8955,732,2025-09-25,21320.48,21320.48,Оплачен вовремя
8956,732,2025-10-25,21320.48,21320.48,Оплачен вовремя
8957,732,2025-11-24,21320.48,21320.48,Оплачен вовремя
8958,733,2023-08-15,16147.8,16147.8,Оплачен вовремя
8959,733,2023-09-14,16147.8,16147.8,Оплачен вовремя
8960,733,2023-10-14,16147.8,16147.8,Оплачен вовремя
8961,733,2023-11-13,16147.8,16147.8,Оплачен вовремя
8962,733,2023-12-13,16147.8,16147.8,Оплачен вовремя
8963,733,2024-01-12,16147.8,16147.8,Оплачен вовремя
8964,733,2024-02-11,16147.8,16147.8,Оплачен вовремя
8965,733,2024-03-12,16147.8,16147.8,Оплачен вовремя
8966,733,2024-04-11,16147.8,16147.8,Оплачен вовремя
8967,733,2024-05-11,16147.8,16147.8,Оплачен вовремя
8968,733,2024-06-10,16147.8,16147.8,Оплачен вовремя
8969,733,2024-07-10,16147.8,16147.8,Оплачен вовремя
8970,733,2024-08-09,16147.8,16147.8,Оплачен вовремя
8971,733,2024-09-08,16147.8,16147.8,Оплачен вовремя
8972,733,2024-10-08,16147.8,16147.8,Оплачен вовремя
8973,733,2024-11-07,16147.8,16147.8,Оплачен вовремя
8974,733,2024-12-07,16147.8,16147.8,Оплачен вовремя
8975,733,2025-01-06,16147.8,16147.8,Оплачен вовремя
8976,733,2025-02-05,16147.8,16147.8,Оплачен вовремя
8977,733,2025-03-07,16147.8,16147.8,Оплачен вовремя
8978,733,2025-04-06,16147.8,16147.8,Оплачен вовремя
8979,733,2025-05-06,16147.8,16147.8,Оплачен вовремя
8980,733,2025-06-05,16147.8,16147.8,Оплачен вовремя
8981,733,2025-07-05,16147.8,16147.8,Оплачен вовремя
8982,733,2025-08-04,16147.8,16147.8,Оплачен вовремя
8983,733,2025-09-03,16147.8,16147.8,Оплачен вовремя
8984,733,2025-10-03,16147.8,16147.8,Оплачен вовремя
8985,733,2025-11-02,16147.8,16147.8,Оплачен вовремя
8986,733,2025-12-02,16147.8,16147.8,Оплачен вовремя
8987,734,2025-12-06,18497.38,18497.38,Оплачен вовремя
8988,735,2025-01-29,18030.67,18030.67,Оплачен вовремя
8989,735,2025-02-28,18030.67,18030.67,Оплачен вовремя
8990,735,2025-03-30,18030.67,18030.67,Оплачен вовремя
8991,735,2025-04-29,18030.67,18030.67,Оплачен вовремя
8992,735,2025-05-29,18030.67,18030.67,Оплачен вовремя
8993,735,2025-06-28,18030.67,18030.67,Оплачен вовремя
8994,735,2025-07-28,18030.67,18030.67,Оплачен вовремя
8995,735,2025-08-27,18030.67,18030.67,Оплачен вовремя
8996,735,2025-09-26,18030.67,18030.67,Оплачен вовремя
8997,736,2024-10-31,11443.97,11443.97,Оплачен вовремя
8998,736,2024-11-30,11443.97,11443.97,Оплачен вовремя
8999,736,2024-12-30,11443.97,11443.97,Оплачен вовремя
9000,736,2025-01-29,11443.97,11443.97,Оплачен вовремя
9001,736,2025-02-28,11443.97,11443.97,Оплачен вовремя
9002,736,2025-03-30,11443.97,11443.97,Оплачен вовремя
9003,736,2025-04-29,11443.97,11443.97,Оплачен вовремя
9004,736,2025-05-29,11443.97,11443.97,Оплачен вовремя
9005,736,2025-06-28,11443.97,11443.97,Оплачен вовремя
9006,736,2025-07-28,11443.97,11443.97,Оплачен вовремя
9007,736,2025-08-27,11443.97,11443.97,Оплачен вовремя
9008,736,2025-09-26,11443.97,11443.97,Оплачен вовремя
9009,736,2025-10-26,11443.97,11443.97,Оплачен вовремя
9010,736,2025-11-25,11443.97,11443.97,Оплачен вовремя
9011,737,2025-03-03,56286.42,56286.42,Оплачен вовремя
9012,737,2025-04-02,56286.42,56286.42,Оплачен вовремя
9013,737,2025-05-02,56286.42,56286.42,Оплачен вовремя
9014,737,2025-06-01,56286.42,56286.42,Оплачен вовремя
9015,737,2025-07-01,56286.42,56286.42,Оплачен вовремя
9016,737,2025-07-31,56286.42,56286.42,Оплачен вовремя
9017,737,2025-08-30,56286.42,56286.42,Оплачен вовремя
9018,737,2025-09-29,56286.42,56286.42,Оплачен вовремя
9019,737,2025-10-29,56286.42,56286.42,Оплачен вовремя
9020,737,2025-11-28,56286.42,56286.42,Оплачен вовремя
9021,738,2024-04-16,1653822.81,1653822.81,Оплачен вовремя
9022,738,2024-05-16,1653822.81,1653822.81,Оплачен вовремя
9023,738,2024-06-15,1653822.81,1653822.81,Оплачен вовремя
9024,739,2023-12-22,4419.82,4419.82,Оплачен вовремя
9025,739,2024-01-21,4419.82,4419.82,Оплачен вовремя
9026,739,2024-02-20,4419.82,4419.82,Оплачен вовремя
9027,739,2024-03-21,4419.82,4419.82,Оплачен вовремя
9028,739,2024-04-20,4419.82,4419.82,Оплачен вовремя
9029,739,2024-05-20,4419.82,4419.82,Оплачен вовремя
9030,739,2024-06-19,4419.82,4419.82,Оплачен вовремя
9031,739,2024-07-19,4419.82,4419.82,Оплачен вовремя
9032,739,2024-08-18,4419.82,4419.82,Оплачен вовремя
9033,739,2024-09-17,4419.82,4419.82,Оплачен вовремя
9034,739,2024-10-17,4419.82,4419.82,Оплачен вовремя
9035,739,2024-11-16,4419.82,4419.82,Оплачен вовремя
9036,740,2024-07-09,13834.68,13834.68,Оплачен вовремя
9037,740,2024-08-08,13834.68,13834.68,Оплачен вовремя
9038,740,2024-09-07,13834.68,13834.68,Оплачен вовремя
9039,740,2024-10-07,13834.68,13834.68,Оплачен вовремя
9040,740,2024-11-06,13834.68,13834.68,Оплачен вовремя
9041,740,2024-12-06,13834.68,13834.68,Оплачен вовремя
9042,740,2025-01-05,13834.68,13834.68,Оплачен вовремя
9043,740,2025-02-04,13834.68,13834.68,Оплачен вовремя
9044,740,2025-03-06,13834.68,13834.68,Оплачен вовремя
9045,740,2025-04-05,13834.68,13834.68,Оплачен вовремя
9046,740,2025-05-05,13834.68,13834.68,Оплачен вовремя
9047,740,2025-06-04,13834.68,13834.68,Оплачен вовремя
9048,740,2025-07-04,13834.68,13834.68,Оплачен вовремя
9049,740,2025-08-03,13834.68,13834.68,Оплачен вовремя
9050,740,2025-09-02,13834.68,13834.68,Оплачен вовремя
9051,740,2025-10-02,13834.68,13834.68,Оплачен вовремя
9052,740,2025-11-01,13834.68,13834.68,Оплачен вовремя
9053,740,2025-12-01,13834.68,13834.68,Оплачен вовремя
9054,741,2025-06-11,13037.92,13037.92,Оплачен вовремя
9055,741,2025-07-11,13037.92,13037.92,Оплачен вовремя
9056,741,2025-08-10,13037.92,13037.92,Оплачен вовремя
9057,741,2025-09-09,13037.92,13037.92,Оплачен вовремя
9058,741,2025-10-09,13037.92,13037.92,Оплачен вовремя
9059,741,2025-11-08,13037.92,13037.92,Оплачен вовремя
9060,741,2025-12-08,13037.92,13037.92,Оплачен вовремя
9061,742,2025-02-15,1297901.93,1297901.93,Оплачен вовремя
9062,742,2025-03-17,1297901.93,1297901.93,Оплачен вовремя
9063,742,2025-04-16,1297901.93,1297901.93,Оплачен вовремя
9064,743,2025-06-04,24590.64,24590.64,Оплачен вовремя
9065,743,2025-07-04,24590.64,24590.64,Оплачен вовремя
9066,743,2025-08-03,24590.64,24590.64,Оплачен вовремя
9067,743,2025-09-02,24590.64,24590.64,Оплачен вовремя
9068,743,2025-10-02,24590.64,24590.64,Оплачен вовремя
9069,743,2025-11-01,24590.64,24590.64,Оплачен вовремя
9070,743,2025-12-01,24590.64,24590.64,Оплачен вовремя
9071,744,2025-02-14,442350.09,442350.09,Оплачен вовремя
9072,744,2025-03-16,442350.09,442350.09,Оплачен вовремя
9073,744,2025-04-15,442350.09,442350.09,Оплачен вовремя
9074,745,2024-08-26,46256.87,46256.87,Оплачен вовремя
9075,745,2024-09-25,46256.87,46256.87,Оплачен вовремя
9076,745,2024-10-25,46256.87,46256.87,Оплачен вовремя
9077,745,2024-11-24,46256.87,46256.87,Оплачен вовремя
9078,745,2024-12-24,46256.87,46256.87,Оплачен вовремя
9079,745,2025-01-23,46256.87,46256.87,Оплачен вовремя
9080,745,2025-02-22,46256.87,46256.87,Оплачен вовремя
9081,745,2025-03-24,46256.87,46256.87,Оплачен вовремя
9082,745,2025-04-23,46256.87,46256.87,Оплачен вовремя
9083,745,2025-05-23,46256.87,46256.87,Оплачен вовремя
9084,745,2025-06-22,46256.87,46256.87,Оплачен вовремя
9085,745,2025-07-22,46256.87,46256.87,Оплачен вовремя
9086,745,2025-08-21,46256.87,46256.87,Оплачен вовремя
9087,745,2025-09-20,46256.87,46256.87,Оплачен вовремя
9088,745,2025-10-20,46256.87,46256.87,Оплачен вовремя
9089,745,2025-11-19,46256.87,46256.87,Оплачен вовремя
9090,745,2025-12-19,46256.87,46256.87,Оплачен вовремя
9091,746,2025-11-03,7930.79,7930.79,Оплачен вовремя
9092,746,2025-12-03,7930.79,7930.79,Оплачен вовремя
9093,747,2024-03-23,42810.87,42810.87,Оплачен вовремя
9094,747,2024-04-22,42810.87,42810.87,Оплачен вовремя
9095,747,2024-05-22,42810.87,42810.87,Оплачен вовремя
9096,747,2024-06-21,42810.87,42810.87,Оплачен вовремя
9097,747,2024-07-21,42810.87,42810.87,Оплачен вовремя
9098,747,2024-08-20,42810.87,42810.87,Оплачен вовремя
9099,747,2024-09-19,42810.87,42810.87,Оплачен вовремя
9100,747,2024-10-19,42810.87,42810.87,Оплачен вовремя
9101,747,2024-11-18,42810.87,42810.87,Оплачен вовремя
9102,747,2024-12-18,42810.87,42810.87,Оплачен вовремя
9103,747,2025-01-17,42810.87,42810.87,Оплачен вовремя
9104,747,2025-02-16,42810.87,42810.87,Оплачен вовремя
9105,748,2024-04-30,9722.33,9722.33,Оплачен вовремя
9106,748,2024-05-30,9722.33,9722.33,Оплачен вовремя
9107,748,2024-06-29,9722.33,9722.33,Оплачен вовремя
9108,748,2024-07-29,9722.33,9722.33,Оплачен вовремя
9109,748,2024-08-28,9722.33,9722.33,Оплачен вовремя
9110,748,2024-09-27,9722.33,9722.33,Оплачен вовремя
9111,748,2024-10-27,9722.33,9722.33,Оплачен вовремя
9112,748,2024-11-26,9722.33,9722.33,Оплачен вовремя
9113,748,2024-12-26,9722.33,9722.33,Оплачен вовремя
9114,748,2025-01-25,9722.33,9722.33,Оплачен вовремя
9115,748,2025-02-24,9722.33,9722.33,Оплачен вовремя
9116,748,2025-03-26,9722.33,9722.33,Оплачен вовремя
9117,748,2025-04-25,9722.33,9722.33,Оплачен вовремя
9118,748,2025-05-25,9722.33,9722.33,Оплачен вовремя
9119,748,2025-06-24,9722.33,9722.33,Оплачен вовремя
9120,748,2025-07-24,9722.33,9722.33,Оплачен вовремя
9121,748,2025-08-23,9722.33,9722.33,Оплачен вовремя
9122,748,2025-09-22,9722.33,9722.33,Оплачен вовремя
9123,748,2025-10-22,9722.33,9722.33,Оплачен вовремя
9124,748,2025-11-21,9722.33,9722.33,Оплачен вовремя
9125,748,2025-12-21,9722.33,9722.33,Оплачен вовремя
9126,749,2024-07-06,1271530.04,1271530.04,Оплачен вовремя
9127,749,2024-08-05,1271530.04,1271530.04,Оплачен вовремя
9128,749,2024-09-04,1271530.04,1271530.04,Оплачен вовремя
9129,750,2025-12-22,11745.57,11745.57,Оплачен вовремя
9130,751,2025-12-11,21251.31,21251.31,Оплачен вовремя
9131,752,2025-11-19,14683.93,14683.93,Просрочен
9132,752,2025-12-19,14683.93,14683.93,Оплачен вовремя
9133,753,2023-08-16,15184.69,15184.69,Оплачен вовремя
9134,753,2023-09-15,15184.69,15184.69,Оплачен вовремя
9135,753,2023-10-15,15184.69,15184.69,Оплачен вовремя
9136,753,2023-11-14,15184.69,15184.69,Оплачен вовремя
9137,753,2023-12-14,15184.69,15184.69,Оплачен вовремя
9138,753,2024-01-13,15184.69,15184.69,Оплачен вовремя
9139,753,2024-02-12,15184.69,15184.69,Оплачен вовремя
9140,753,2024-03-13,15184.69,15184.69,Оплачен вовремя
9141,753,2024-04-12,15184.69,15184.69,Оплачен вовремя
9142,753,2024-05-12,15184.69,15184.69,Оплачен вовремя
9143,753,2024-06-11,15184.69,15184.69,Оплачен вовремя
9144,753,2024-07-11,15184.69,15184.69,Оплачен вовремя
9145,753,2024-08-10,15184.69,15184.69,Оплачен вовремя
9146,753,2024-09-09,15184.69,15184.69,Оплачен вовремя
9147,753,2024-10-09,15184.69,15184.69,Оплачен вовремя
9148,753,2024-11-08,15184.69,15184.69,Оплачен вовремя
9149,753,2024-12-08,15184.69,15184.69,Оплачен вовремя
9150,753,2025-01-07,15184.69,15184.69,Оплачен вовремя
9151,753,2025-02-06,15184.69,15184.69,Оплачен вовремя
9152,753,2025-03-08,15184.69,15184.69,Оплачен вовремя
9153,753,2025-04-07,15184.69,15184.69,Оплачен вовремя
9154,753,2025-05-07,15184.69,15184.69,Оплачен вовремя
9155,753,2025-06-06,15184.69,15184.69,Оплачен вовремя
9156,753,2025-07-06,15184.69,15184.69,Оплачен вовремя
9157,755,2025-05-19,260218.38,260218.38,Оплачен вовремя
9158,755,2025-06-18,260218.38,260218.38,Оплачен вовремя
9159,755,2025-07-18,260218.38,260218.38,Оплачен вовремя
9160,755,2025-08-17,260218.38,260218.38,Оплачен вовремя
9161,755,2025-09-16,260218.38,260218.38,Оплачен вовремя
9162,755,2025-10-16,260218.38,260218.38,Оплачен вовремя
9163,755,2025-11-15,260218.38,260218.38,Оплачен вовремя
9164,755,2025-12-15,260218.38,260218.38,Оплачен вовремя
9165,756,2024-01-03,95160.33,95160.33,Оплачен вовремя
9166,756,2024-02-02,95160.33,95160.33,Оплачен вовремя
9167,756,2024-03-03,95160.33,95160.33,Оплачен вовремя
9168,756,2024-04-02,95160.33,95160.33,Оплачен вовремя
9169,756,2024-05-02,95160.33,95160.33,Оплачен вовремя
9170,756,2024-06-01,95160.33,95160.33,Оплачен вовремя
9171,756,2024-07-01,95160.33,95160.33,Оплачен вовремя
9172,756,2024-07-31,95160.33,95160.33,Оплачен вовремя
9173,756,2024-08-30,95160.33,95160.33,Оплачен вовремя
9174,756,2024-09-29,95160.33,95160.33,Оплачен вовремя
9175,756,2024-10-29,95160.33,95160.33,Оплачен вовремя
9176,756,2024-11-28,95160.33,95160.33,Оплачен вовремя
9177,756,2024-12-28,95160.33,95160.33,Оплачен вовремя
9178,756,2025-01-27,95160.33,95160.33,Оплачен вовремя
9179,756,2025-02-26,95160.33,95160.33,Оплачен вовремя
9180,756,2025-03-28,95160.33,95160.33,Оплачен вовремя
9181,756,2025-04-27,95160.33,95160.33,Оплачен вовремя
9182,756,2025-05-27,95160.33,95160.33,Оплачен вовремя
9183,756,2025-06-26,95160.33,95160.33,Оплачен вовремя
9184,756,2025-07-26,95160.33,95160.33,Оплачен вовремя
9185,756,2025-08-25,95160.33,95160.33,Оплачен вовремя
9186,756,2025-09-24,95160.33,95160.33,Оплачен вовремя
9187,756,2025-10-24,95160.33,95160.33,Оплачен вовремя
9188,756,2025-11-23,95160.33,95160.33,Оплачен вовремя
9189,757,2023-05-22,14591.26,14591.26,Оплачен вовремя
9190,757,2023-06-21,14591.26,14591.26,Оплачен вовремя
9191,757,2023-07-21,14591.26,14591.26,Оплачен вовремя
9192,757,2023-08-20,14591.26,14591.26,Оплачен вовремя
9193,757,2023-09-19,14591.26,14591.26,Оплачен вовремя
9194,757,2023-10-19,14591.26,14591.26,Оплачен вовремя
9195,757,2023-11-18,14591.26,14591.26,Оплачен вовремя
9196,757,2023-12-18,14591.26,14591.26,Оплачен вовремя
9197,757,2024-01-17,14591.26,14591.26,Оплачен вовремя
9198,757,2024-02-16,14591.26,14591.26,Оплачен вовремя
9199,757,2024-03-17,14591.26,14591.26,Оплачен вовремя
9200,757,2024-04-16,14591.26,14591.26,Оплачен вовремя
9201,757,2024-05-16,14591.26,14591.26,Оплачен вовремя
9202,757,2024-06-15,14591.26,14591.26,Оплачен вовремя
9203,757,2024-07-15,14591.26,14591.26,Оплачен вовремя
9204,757,2024-08-14,14591.26,14591.26,Оплачен вовремя
9205,757,2024-09-13,14591.26,14591.26,Оплачен вовремя
9206,757,2024-10-13,14591.26,14591.26,Оплачен вовремя
9207,757,2024-11-12,14591.26,14591.26,Оплачен вовремя
9208,757,2024-12-12,14591.26,14591.26,Оплачен вовремя
9209,757,2025-01-11,14591.26,14591.26,Оплачен вовремя
9210,757,2025-02-10,14591.26,14591.26,Оплачен вовремя
9211,757,2025-03-12,14591.26,14591.26,Оплачен вовремя
9212,757,2025-04-11,14591.26,14591.26,Оплачен вовремя
9213,757,2025-05-11,14591.26,14591.26,Оплачен вовремя
9214,757,2025-06-10,14591.26,14591.26,Оплачен вовремя
9215,757,2025-07-10,14591.26,14591.26,Оплачен вовремя
9216,757,2025-08-09,14591.26,14591.26,Оплачен вовремя
9217,757,2025-09-08,14591.26,14591.26,Оплачен вовремя
9218,757,2025-10-08,14591.26,14591.26,Оплачен вовремя
9219,757,2025-11-07,14591.26,14591.26,Оплачен вовремя
9220,757,2025-12-07,14591.26,14591.26,Оплачен вовремя
9221,758,2025-08-16,6246.06,6246.06,Оплачен вовремя
9222,758,2025-09-15,6246.06,6246.06,Оплачен вовремя
9223,758,2025-10-15,6246.06,6246.06,Оплачен вовремя
9224,758,2025-11-14,6246.06,6246.06,Оплачен вовремя
9225,758,2025-12-14,6246.06,6246.06,Оплачен вовремя
9226,759,2024-06-19,22133.46,22133.46,Оплачен вовремя
9227,759,2024-07-19,22133.46,22133.46,Оплачен вовремя
9228,759,2024-08-18,22133.46,22133.46,Оплачен вовремя
9229,759,2024-09-17,22133.46,22133.46,Оплачен вовремя
9230,759,2024-10-17,22133.46,22133.46,Оплачен вовремя
9231,759,2024-11-16,22133.46,22133.46,Оплачен вовремя
9232,759,2024-12-16,22133.46,22133.46,Оплачен вовремя
9233,759,2025-01-15,22133.46,22133.46,Оплачен вовремя
9234,759,2025-02-14,22133.46,22133.46,Оплачен вовремя
9235,759,2025-03-16,22133.46,22133.46,Оплачен вовремя
9236,759,2025-04-15,22133.46,22133.46,Оплачен вовремя
9237,759,2025-05-15,22133.46,22133.46,Оплачен вовремя
9238,759,2025-06-14,22133.46,22133.46,Оплачен вовремя
9239,759,2025-07-14,22133.46,22133.46,Оплачен вовремя
9240,759,2025-08-13,22133.46,22133.46,Оплачен вовремя
9241,759,2025-09-12,22133.46,22133.46,Оплачен вовремя
9242,759,2025-10-12,22133.46,22133.46,Оплачен вовремя
9243,759,2025-11-11,22133.46,22133.46,Оплачен вовремя
9244,759,2025-12-11,22133.46,22133.46,Оплачен вовремя
9245,760,2025-08-06,19985.93,19985.93,Оплачен вовремя
9246,760,2025-09-05,19985.93,19985.93,Оплачен вовремя
9247,760,2025-10-05,19985.93,19985.93,Оплачен вовремя
9248,760,2025-11-04,19985.93,19985.93,Оплачен вовремя
9249,760,2025-12-04,19985.93,19985.93,Оплачен вовремя
9250,761,2025-03-30,16431.59,16431.59,Оплачен вовремя
9251,761,2025-04-29,16431.59,16431.59,Оплачен вовремя
9252,761,2025-05-29,16431.59,16431.59,Оплачен вовремя
9253,761,2025-06-28,16431.59,16431.59,Оплачен вовремя
9254,761,2025-07-28,16431.59,16431.59,Оплачен вовремя
9255,761,2025-08-27,16431.59,16431.59,Оплачен вовремя
9256,761,2025-09-26,16431.59,16431.59,Оплачен вовремя
9257,761,2025-10-26,16431.59,16431.59,Оплачен вовремя
9258,761,2025-11-25,16431.59,16431.59,Оплачен вовремя
9259,761,2025-12-25,16431.59,16431.59,Оплачен вовремя
9260,762,2025-03-30,109661.34,109661.34,Оплачен вовремя
9261,762,2025-04-29,109661.34,109661.34,Оплачен вовремя
9262,762,2025-05-29,109661.34,109661.34,Оплачен вовремя
9263,762,2025-06-28,109661.34,109661.34,Оплачен вовремя
9264,762,2025-07-28,109661.34,109661.34,Оплачен вовремя
9265,762,2025-08-27,109661.34,109661.34,Оплачен вовремя
9266,762,2025-09-26,109661.34,109661.34,Оплачен вовремя
9267,762,2025-10-26,109661.34,109661.34,Оплачен вовремя
9268,762,2025-11-25,109661.34,109661.34,Оплачен вовремя
9269,762,2025-12-25,109661.34,109661.34,Оплачен вовремя
9270,763,2025-03-02,14732.64,14732.64,Оплачен вовремя
9271,763,2025-04-01,14732.64,14732.64,Оплачен вовремя
9272,763,2025-05-01,14732.64,14732.64,Оплачен вовремя
9273,763,2025-05-31,14732.64,14732.64,Оплачен вовремя
9274,763,2025-06-30,14732.64,14732.64,Оплачен вовремя
9275,763,2025-07-30,14732.64,14732.64,Оплачен вовремя
9276,763,2025-08-29,14732.64,14732.64,Оплачен вовремя
9277,763,2025-09-28,14732.64,14732.64,Оплачен вовремя
9278,763,2025-10-28,14732.64,14732.64,Оплачен вовремя
9279,763,2025-11-27,14732.64,14732.64,Оплачен вовремя
9280,763,2025-12-27,14732.64,14732.64,Оплачен вовремя
9281,765,2023-05-07,140650.53,140650.53,Оплачен вовремя
9282,765,2023-06-06,140650.53,140650.53,Оплачен вовремя
9283,765,2023-07-06,140650.53,140650.53,Оплачен вовремя
9284,765,2023-08-05,140650.53,140650.53,Оплачен вовремя
9285,765,2023-09-04,140650.53,140650.53,Оплачен вовремя
9286,765,2023-10-04,140650.53,140650.53,Оплачен вовремя
9287,765,2023-11-03,140650.53,140650.53,Оплачен вовремя
9288,765,2023-12-03,140650.53,140650.53,Оплачен вовремя
9289,765,2024-01-02,140650.53,140650.53,Оплачен вовремя
9290,765,2024-02-01,140650.53,140650.53,Оплачен вовремя
9291,765,2024-03-02,140650.53,140650.53,Оплачен вовремя
9292,765,2024-04-01,140650.53,140650.53,Оплачен вовремя
9293,766,2025-11-19,31315.9,31315.9,Оплачен вовремя
9294,766,2025-12-19,31315.9,0.0,Не оплачен
9295,767,2025-11-30,16903.81,16903.81,Оплачен вовремя
9296,767,2025-12-30,16903.81,16903.81,Оплачен вовремя
9297,768,2025-08-26,34551.23,34551.23,Оплачен вовремя
9298,768,2025-09-25,34551.23,34551.23,Оплачен вовремя
9299,768,2025-10-25,34551.23,34551.23,Оплачен вовремя
9300,768,2025-11-24,34551.23,34551.23,Оплачен вовремя
9301,768,2025-12-24,34551.23,34551.23,Оплачен вовремя
9302,769,2025-08-22,50469.48,50469.48,Оплачен вовремя
9303,769,2025-09-21,50469.48,50469.48,Оплачен вовремя
9304,769,2025-10-21,50469.48,50469.48,Оплачен вовремя
9305,769,2025-11-20,50469.48,50469.48,Оплачен вовремя
9306,769,2025-12-20,50469.48,50469.48,Оплачен вовремя
9307,770,2022-10-20,46158.86,46158.86,Оплачен вовремя
9308,770,2022-11-19,46158.86,46158.86,Оплачен вовремя
9309,770,2022-12-19,46158.86,46158.86,Оплачен вовремя
9310,770,2023-01-18,46158.86,46158.86,Оплачен вовремя
9311,770,2023-02-17,46158.86,46158.86,Оплачен вовремя
9312,770,2023-03-19,46158.86,46158.86,Оплачен вовремя
9313,770,2023-04-18,46158.86,46158.86,Оплачен вовремя
9314,770,2023-05-18,46158.86,46158.86,Оплачен вовремя
9315,770,2023-06-17,46158.86,46158.86,Оплачен вовремя
9316,770,2023-07-17,46158.86,46158.86,Оплачен вовремя
9317,770,2023-08-16,46158.86,46158.86,Оплачен вовремя
9318,770,2023-09-15,46158.86,46158.86,Оплачен вовремя
9319,770,2023-10-15,46158.86,46158.86,Оплачен вовремя
9320,770,2023-11-14,46158.86,46158.86,Оплачен вовремя
9321,770,2023-12-14,46158.86,46158.86,Оплачен вовремя
9322,770,2024-01-13,46158.86,46158.86,Оплачен вовремя
9323,770,2024-02-12,46158.86,46158.86,Оплачен вовремя
9324,770,2024-03-13,46158.86,46158.86,Оплачен вовремя
9325,770,2024-04-12,46158.86,46158.86,Оплачен вовремя
9326,770,2024-05-12,46158.86,46158.86,Оплачен вовремя
9327,770,2024-06-11,46158.86,46158.86,Оплачен вовремя
9328,770,2024-07-11,46158.86,46158.86,Оплачен вовремя
9329,770,2024-08-10,46158.86,46158.86,Оплачен вовремя
9330,770,2024-09-09,46158.86,46158.86,Оплачен вовремя
9331,770,2024-10-09,46158.86,46158.86,Оплачен вовремя
9332,770,2024-11-08,46158.86,46158.86,Оплачен вовремя
9333,770,2024-12-08,46158.86,46158.86,Оплачен вовремя
9334,770,2025-01-07,46158.86,46158.86,Оплачен вовремя
9335,770,2025-02-06,46158.86,46158.86,Оплачен вовремя
9336,770,2025-03-08,46158.86,46158.86,Оплачен вовремя
9337,770,2025-04-07,46158.86,46158.86,Оплачен вовремя
9338,770,2025-05-07,46158.86,46158.86,Оплачен вовремя
9339,770,2025-06-06,46158.86,46158.86,Оплачен вовремя
9340,770,2025-07-06,46158.86,46158.86,Оплачен вовремя
9341,770,2025-08-05,46158.86,46158.86,Оплачен вовремя
9342,770,2025-09-04,46158.86,46158.86,Оплачен вовремя
9343,770,2025-10-04,46158.86,46158.86,Оплачен вовремя
9344,770,2025-11-03,46158.86,46158.86,Оплачен вовремя
9345,770,2025-12-03,46158.86,46158.86,Оплачен вовремя
9346,771,2025-03-22,40007.99,40007.99,Оплачен вовремя
9347,771,2025-04-21,40007.99,40007.99,Оплачен вовремя
9348,771,2025-05-21,40007.99,40007.99,Оплачен вовремя
9349,771,2025-06-20,40007.99,40007.99,Оплачен вовремя
9350,771,2025-07-20,40007.99,40007.99,Оплачен вовремя
9351,771,2025-08-19,40007.99,40007.99,Оплачен вовремя
9352,771,2025-09-18,40007.99,40007.99,Оплачен вовремя
9353,771,2025-10-18,40007.99,40007.99,Оплачен вовремя
9354,771,2025-11-17,40007.99,40007.99,Оплачен вовремя
9355,771,2025-12-17,40007.99,40007.99,Оплачен вовремя
9356,772,2023-11-22,31608.74,31608.74,Оплачен вовремя
9357,772,2023-12-22,31608.74,31608.74,Оплачен вовремя
9358,772,2024-01-21,31608.74,31608.74,Оплачен вовремя
9359,772,2024-02-20,31608.74,31608.74,Оплачен вовремя
9360,772,2024-03-21,31608.74,31608.74,Оплачен вовремя
9361,772,2024-04-20,31608.74,31608.74,Оплачен вовремя
9362,772,2024-05-20,31608.74,31608.74,Оплачен вовремя
9363,772,2024-06-19,31608.74,31608.74,Оплачен вовремя
9364,772,2024-07-19,31608.74,31608.74,Оплачен вовремя
9365,772,2024-08-18,31608.74,31608.74,Оплачен вовремя
9366,772,2024-09-17,31608.74,31608.74,Оплачен вовремя
9367,772,2024-10-17,31608.74,0.0,Не оплачен
9368,772,2024-11-16,31608.74,0.0,Не оплачен
9369,772,2024-12-16,31608.74,31608.74,Просрочен
9370,772,2025-01-15,31608.74,31608.74,Оплачен вовремя
9371,772,2025-02-14,31608.74,31608.74,Оплачен вовремя
9372,772,2025-03-16,31608.74,31608.74,Просрочен
9373,772,2025-04-15,31608.74,31608.74,Просрочен
9374,772,2025-05-15,31608.74,31608.74,Оплачен вовремя
9375,772,2025-06-14,31608.74,31608.74,Просрочен
9376,772,2025-07-14,31608.74,31608.74,Оплачен вовремя
9377,772,2025-08-13,31608.74,31608.74,Оплачен вовремя
9378,772,2025-09-12,31608.74,31608.74,Оплачен вовремя
9379,772,2025-10-12,31608.74,31608.74,Оплачен вовремя
9380,773,2025-12-01,16742.0,16742.0,Оплачен вовремя
9381,774,2025-06-21,33602.8,33602.8,Оплачен вовремя
9382,774,2025-07-21,33602.8,33602.8,Оплачен вовремя
9383,774,2025-08-20,33602.8,33602.8,Оплачен вовремя
9384,774,2025-09-19,33602.8,33602.8,Оплачен вовремя
9385,774,2025-10-19,33602.8,33602.8,Оплачен вовремя
9386,774,2025-11-18,33602.8,33602.8,Оплачен вовремя
9387,774,2025-12-18,33602.8,33602.8,Оплачен вовремя
9388,775,2023-10-05,33642.17,33642.17,Оплачен вовремя
9389,775,2023-11-04,33642.17,33642.17,Оплачен вовремя
9390,775,2023-12-04,33642.17,33642.17,Оплачен вовремя
9391,775,2024-01-03,33642.17,33642.17,Оплачен вовремя
9392,775,2024-02-02,33642.17,33642.17,Оплачен вовремя
9393,775,2024-03-03,33642.17,33642.17,Оплачен вовремя
9394,775,2024-04-02,33642.17,33642.17,Оплачен вовремя
9395,775,2024-05-02,33642.17,33642.17,Оплачен вовремя
9396,775,2024-06-01,33642.17,33642.17,Оплачен вовремя
9397,775,2024-07-01,33642.17,33642.17,Оплачен вовремя
9398,775,2024-07-31,33642.17,33642.17,Оплачен вовремя
9399,775,2024-08-30,33642.17,33642.17,Оплачен вовремя
9400,776,2024-02-24,12675.42,12675.42,Оплачен вовремя
9401,776,2024-03-25,12675.42,12675.42,Оплачен вовремя
9402,776,2024-04-24,12675.42,12675.42,Оплачен вовремя
9403,776,2024-05-24,12675.42,12675.42,Оплачен вовремя
9404,776,2024-06-23,12675.42,12675.42,Оплачен вовремя
9405,776,2024-07-23,12675.42,12675.42,Оплачен вовремя
9406,776,2024-08-22,12675.42,12675.42,Оплачен вовремя
9407,776,2024-09-21,12675.42,12675.42,Оплачен вовремя
9408,776,2024-10-21,12675.42,12675.42,Оплачен вовремя
9409,776,2024-11-20,12675.42,12675.42,Оплачен вовремя
9410,776,2024-12-20,12675.42,12675.42,Оплачен вовремя
9411,776,2025-01-19,12675.42,12675.42,Оплачен вовремя
9412,776,2025-02-18,12675.42,12675.42,Оплачен вовремя
9413,776,2025-03-20,12675.42,12675.42,Оплачен вовремя
9414,776,2025-04-19,12675.42,12675.42,Оплачен вовремя
9415,776,2025-05-19,12675.42,12675.42,Оплачен вовремя
9416,776,2025-06-18,12675.42,12675.42,Оплачен вовремя
9417,776,2025-07-18,12675.42,12675.42,Оплачен вовремя
9418,776,2025-08-17,12675.42,12675.42,Оплачен вовремя
9419,776,2025-09-16,12675.42,12675.42,Оплачен вовремя
9420,776,2025-10-16,12675.42,12675.42,Оплачен вовремя
9421,776,2025-11-15,12675.42,12675.42,Оплачен вовремя
9422,776,2025-12-15,12675.42,12675.42,Оплачен вовремя
9423,777,2024-07-17,233954.88,233954.88,Оплачен вовремя
9424,777,2024-08-16,233954.88,233954.88,Оплачен вовремя
9425,777,2024-09-15,233954.88,233954.88,Оплачен вовремя
9426,778,2024-09-17,1402333.93,1402333.93,Оплачен вовремя
9427,778,2024-10-17,1402333.93,1402333.93,Оплачен вовремя
9428,778,2024-11-16,1402333.93,1402333.93,Оплачен вовремя
9429,779,2022-12-02,63566.45,63566.45,Оплачен вовремя
9430,779,2023-01-01,63566.45,63566.45,Оплачен вовремя
9431,779,2023-01-31,63566.45,63566.45,Оплачен вовремя
9432,779,2023-03-02,63566.45,63566.45,Оплачен вовремя
9433,779,2023-04-01,63566.45,63566.45,Оплачен вовремя
9434,779,2023-05-01,63566.45,63566.45,Оплачен вовремя
9435,779,2023-05-31,63566.45,63566.45,Оплачен вовремя
9436,779,2023-06-30,63566.45,63566.45,Оплачен вовремя
9437,779,2023-07-30,63566.45,63566.45,Оплачен вовремя
9438,779,2023-08-29,63566.45,63566.45,Оплачен вовремя
9439,779,2023-09-28,63566.45,63566.45,Оплачен вовремя
9440,779,2023-10-28,63566.45,63566.45,Оплачен вовремя
9441,779,2023-11-27,63566.45,63566.45,Оплачен вовремя
9442,779,2023-12-27,63566.45,63566.45,Оплачен вовремя
9443,779,2024-01-26,63566.45,63566.45,Оплачен вовремя
9444,779,2024-02-25,63566.45,63566.45,Оплачен вовремя
9445,779,2024-03-26,63566.45,63566.45,Оплачен вовремя
9446,779,2024-04-25,63566.45,63566.45,Оплачен вовремя
9447,779,2024-05-25,63566.45,63566.45,Оплачен вовремя
9448,779,2024-06-24,63566.45,63566.45,Оплачен вовремя
9449,779,2024-07-24,63566.45,63566.45,Оплачен вовремя
9450,779,2024-08-23,63566.45,63566.45,Оплачен вовремя
9451,779,2024-09-22,63566.45,63566.45,Оплачен вовремя
9452,779,2024-10-22,63566.45,63566.45,Оплачен вовремя
9453,780,2025-11-08,69080.04,69080.04,Оплачен вовремя
9454,780,2025-12-08,69080.04,69080.04,Оплачен вовремя
9455,781,2023-03-23,11564.33,11564.33,Оплачен вовремя
9456,781,2023-04-22,11564.33,11564.33,Оплачен вовремя
9457,781,2023-05-22,11564.33,11564.33,Оплачен вовремя
9458,781,2023-06-21,11564.33,11564.33,Оплачен вовремя
9459,781,2023-07-21,11564.33,11564.33,Оплачен вовремя
9460,781,2023-08-20,11564.33,11564.33,Оплачен вовремя
9461,781,2023-09-19,11564.33,11564.33,Оплачен вовремя
9462,781,2023-10-19,11564.33,11564.33,Оплачен вовремя
9463,781,2023-11-18,11564.33,11564.33,Оплачен вовремя
9464,781,2023-12-18,11564.33,11564.33,Оплачен вовремя
9465,781,2024-01-17,11564.33,11564.33,Оплачен вовремя
9466,781,2024-02-16,11564.33,11564.33,Оплачен вовремя
9467,781,2024-03-17,11564.33,11564.33,Оплачен вовремя
9468,781,2024-04-16,11564.33,11564.33,Оплачен вовремя
9469,781,2024-05-16,11564.33,11564.33,Оплачен вовремя
9470,781,2024-06-15,11564.33,11564.33,Оплачен вовремя
9471,781,2024-07-15,11564.33,11564.33,Оплачен вовремя
9472,781,2024-08-14,11564.33,11564.33,Оплачен вовремя
9473,781,2024-09-13,11564.33,11564.33,Оплачен вовремя
9474,781,2024-10-13,11564.33,11564.33,Оплачен вовремя
9475,781,2024-11-12,11564.33,11564.33,Оплачен вовремя
9476,781,2024-12-12,11564.33,11564.33,Оплачен вовремя
9477,781,2025-01-11,11564.33,11564.33,Оплачен вовремя
9478,781,2025-02-10,11564.33,11564.33,Оплачен вовремя
9479,781,2025-03-12,11564.33,11564.33,Оплачен вовремя
9480,781,2025-04-11,11564.33,11564.33,Оплачен вовремя
9481,781,2025-05-11,11564.33,11564.33,Оплачен вовремя
9482,781,2025-06-10,11564.33,11564.33,Оплачен вовремя
9483,781,2025-07-10,11564.33,11564.33,Оплачен вовремя
9484,781,2025-08-09,11564.33,11564.33,Оплачен вовремя
9485,781,2025-09-08,11564.33,11564.33,Оплачен вовремя
9486,781,2025-10-08,11564.33,11564.33,Оплачен вовремя
9487,781,2025-11-07,11564.33,11564.33,Оплачен вовремя
9488,781,2025-12-07,11564.33,11564.33,Оплачен вовремя
9489,782,2024-04-21,13728.22,13728.22,Оплачен вовремя
9490,782,2024-05-21,13728.22,13728.22,Оплачен вовремя
9491,782,2024-06-20,13728.22,13728.22,Оплачен вовремя
9492,782,2024-07-20,13728.22,13728.22,Оплачен вовремя
9493,782,2024-08-19,13728.22,13728.22,Оплачен вовремя
9494,782,2024-09-18,13728.22,13728.22,Оплачен вовремя
9495,782,2024-10-18,13728.22,13728.22,Оплачен вовремя
9496,782,2024-11-17,13728.22,13728.22,Оплачен вовремя
9497,782,2024-12-17,13728.22,13728.22,Оплачен вовремя
9498,782,2025-01-16,13728.22,13728.22,Оплачен вовремя
9499,782,2025-02-15,13728.22,13728.22,Оплачен вовремя
9500,782,2025-03-17,13728.22,13728.22,Оплачен вовремя
9501,783,2025-06-01,394338.93,394338.93,Оплачен вовремя
9502,783,2025-07-01,394338.93,394338.93,Оплачен вовремя
9503,783,2025-07-31,394338.93,394338.93,Оплачен вовремя
9504,783,2025-08-30,394338.93,394338.93,Оплачен вовремя
9505,783,2025-09-29,394338.93,394338.93,Оплачен вовремя
9506,783,2025-10-29,394338.93,394338.93,Оплачен вовремя
9507,783,2025-11-28,394338.93,394338.93,Оплачен вовремя
9508,784,2025-03-30,6065.85,6065.85,Оплачен вовремя
9509,784,2025-04-29,6065.85,6065.85,Оплачен вовремя
9510,784,2025-05-29,6065.85,6065.85,Оплачен вовремя
9511,784,2025-06-28,6065.85,6065.85,Оплачен вовремя
9512,784,2025-07-28,6065.85,6065.85,Оплачен вовремя
9513,784,2025-08-27,6065.85,6065.85,Оплачен вовремя
9514,784,2025-09-26,6065.85,6065.85,Оплачен вовремя
9515,784,2025-10-26,6065.85,6065.85,Оплачен вовремя
9516,784,2025-11-25,6065.85,6065.85,Оплачен вовремя
9517,784,2025-12-25,6065.85,6065.85,Оплачен вовремя
9518,786,2024-03-27,81870.18,81870.18,Оплачен вовремя
9519,786,2024-04-26,81870.18,81870.18,Оплачен вовремя
9520,786,2024-05-26,81870.18,81870.18,Оплачен вовремя
9521,786,2024-06-25,81870.18,81870.18,Оплачен вовремя
9522,786,2024-07-25,81870.18,81870.18,Оплачен вовремя
9523,786,2024-08-24,81870.18,81870.18,Оплачен вовремя
9524,786,2024-09-23,81870.18,81870.18,Оплачен вовремя
9525,786,2024-10-23,81870.18,81870.18,Оплачен вовремя
9526,786,2024-11-22,81870.18,81870.18,Оплачен вовремя
9527,787,2025-11-11,23337.25,23337.25,Оплачен вовремя
9528,787,2025-12-11,23337.25,23337.25,Оплачен вовремя
9529,788,2023-01-14,3967.93,3967.93,Оплачен вовремя
9530,788,2023-02-13,3967.93,3967.93,Оплачен вовремя
9531,788,2023-03-15,3967.93,3967.93,Оплачен вовремя
9532,788,2023-04-14,3967.93,3967.93,Оплачен вовремя
9533,788,2023-05-14,3967.93,3967.93,Оплачен вовремя
9534,788,2023-06-13,3967.93,3967.93,Оплачен вовремя
9535,788,2023-07-13,3967.93,3967.93,Оплачен вовремя
9536,788,2023-08-12,3967.93,3967.93,Оплачен вовремя
9537,788,2023-09-11,3967.93,3967.93,Оплачен вовремя
9538,788,2023-10-11,3967.93,3967.93,Оплачен вовремя
9539,788,2023-11-10,3967.93,3967.93,Оплачен вовремя
9540,788,2023-12-10,3967.93,3967.93,Оплачен вовремя
9541,788,2024-01-09,3967.93,3967.93,Оплачен вовремя
9542,788,2024-02-08,3967.93,3967.93,Оплачен вовремя
9543,788,2024-03-09,3967.93,3967.93,Оплачен вовремя
9544,788,2024-04-08,3967.93,3967.93,Оплачен вовремя
9545,788,2024-05-08,3967.93,3967.93,Оплачен вовремя
9546,788,2024-06-07,3967.93,3967.93,Оплачен вовремя
9547,788,2024-07-07,3967.93,3967.93,Оплачен вовремя
9548,788,2024-08-06,3967.93,3967.93,Оплачен вовремя
9549,788,2024-09-05,3967.93,3967.93,Оплачен вовремя
9550,788,2024-10-05,3967.93,3967.93,Оплачен вовремя
9551,788,2024-11-04,3967.93,3967.93,Оплачен вовремя
9552,788,2024-12-04,3967.93,3967.93,Оплачен вовремя
9553,788,2025-01-03,3967.93,3967.93,Оплачен вовремя
9554,788,2025-02-02,3967.93,3967.93,Оплачен вовремя
9555,788,2025-03-04,3967.93,3967.93,Оплачен вовремя
9556,788,2025-04-03,3967.93,3967.93,Оплачен вовремя
9557,788,2025-05-03,3967.93,3967.93,Оплачен вовремя
9558,788,2025-06-02,3967.93,3967.93,Оплачен вовремя
9559,788,2025-07-02,3967.93,3967.93,Оплачен вовремя
9560,788,2025-08-01,3967.93,3967.93,Оплачен вовремя
9561,788,2025-08-31,3967.93,3967.93,Оплачен вовремя
9562,788,2025-09-30,3967.93,3967.93,Оплачен вовремя
9563,788,2025-10-30,3967.93,3967.93,Оплачен вовремя
9564,788,2025-11-29,3967.93,3967.93,Оплачен вовремя
9565,789,2024-03-15,4881.19,4881.19,Оплачен вовремя
9566,789,2024-04-14,4881.19,4881.19,Оплачен вовремя
9567,789,2024-05-14,4881.19,4881.19,Оплачен вовремя
9568,789,2024-06-13,4881.19,4881.19,Оплачен вовремя
9569,789,2024-07-13,4881.19,4881.19,Оплачен вовремя
9570,789,2024-08-12,4881.19,4881.19,Оплачен вовремя
9571,789,2024-09-11,4881.19,4881.19,Оплачен вовремя
9572,789,2024-10-11,4881.19,4881.19,Оплачен вовремя
9573,789,2024-11-10,4881.19,4881.19,Оплачен вовремя
9574,789,2024-12-10,4881.19,4881.19,Оплачен вовремя
9575,789,2025-01-09,4881.19,4881.19,Оплачен вовремя
9576,789,2025-02-08,4881.19,4881.19,Оплачен вовремя
9577,789,2025-03-10,4881.19,4881.19,Оплачен вовремя
9578,789,2025-04-09,4881.19,4881.19,Оплачен вовремя
9579,789,2025-05-09,4881.19,4881.19,Оплачен вовремя
9580,789,2025-06-08,4881.19,4881.19,Оплачен вовремя
9581,789,2025-07-08,4881.19,4881.19,Оплачен вовремя
9582,789,2025-08-07,4881.19,4881.19,Оплачен вовремя
9583,789,2025-09-06,4881.19,4881.19,Оплачен вовремя
9584,789,2025-10-06,4881.19,4881.19,Оплачен вовремя
9585,789,2025-11-05,4881.19,4881.19,Оплачен вовремя
9586,789,2025-12-05,4881.19,4881.19,Оплачен вовремя
9587,790,2024-03-18,6704.22,6704.22,Оплачен вовремя
9588,790,2024-04-17,6704.22,6704.22,Оплачен вовремя
9589,790,2024-05-17,6704.22,6704.22,Оплачен вовремя
9590,790,2024-06-16,6704.22,6704.22,Оплачен вовремя
9591,790,2024-07-16,6704.22,6704.22,Оплачен вовремя
9592,790,2024-08-15,6704.22,6704.22,Оплачен вовремя
9593,790,2024-09-14,6704.22,6704.22,Оплачен вовремя
9594,790,2024-10-14,6704.22,6704.22,Оплачен вовремя
9595,790,2024-11-13,6704.22,6704.22,Оплачен вовремя
9596,790,2024-12-13,6704.22,6704.22,Оплачен вовремя
9597,790,2025-01-12,6704.22,6704.22,Оплачен вовремя
9598,790,2025-02-11,6704.22,6704.22,Оплачен вовремя
9599,790,2025-03-13,6704.22,6704.22,Оплачен вовремя
9600,790,2025-04-12,6704.22,6704.22,Оплачен вовремя
9601,790,2025-05-12,6704.22,6704.22,Оплачен вовремя
9602,790,2025-06-11,6704.22,6704.22,Оплачен вовремя
9603,790,2025-07-11,6704.22,6704.22,Оплачен вовремя
9604,790,2025-08-10,6704.22,6704.22,Оплачен вовремя
9605,790,2025-09-09,6704.22,6704.22,Оплачен вовремя
9606,790,2025-10-09,6704.22,6704.22,Оплачен вовремя
9607,790,2025-11-08,6704.22,6704.22,Оплачен вовремя
9608,790,2025-12-08,6704.22,6704.22,Оплачен вовремя
9609,791,2023-08-23,8667.66,8667.66,Оплачен вовремя
9610,791,2023-09-22,8667.66,8667.66,Оплачен вовремя
9611,791,2023-10-22,8667.66,8667.66,Оплачен вовремя
9612,791,2023-11-21,8667.66,8667.66,Оплачен вовремя
9613,791,2023-12-21,8667.66,8667.66,Оплачен вовремя
9614,791,2024-01-20,8667.66,8667.66,Оплачен вовремя
9615,791,2024-02-19,8667.66,8667.66,Оплачен вовремя
9616,791,2024-03-20,8667.66,8667.66,Оплачен вовремя
9617,791,2024-04-19,8667.66,8667.66,Оплачен вовремя
9618,791,2024-05-19,8667.66,8667.66,Оплачен вовремя
9619,791,2024-06-18,8667.66,8667.66,Оплачен вовремя
9620,791,2024-07-18,8667.66,8667.66,Оплачен вовремя
9621,791,2024-08-17,8667.66,8667.66,Оплачен вовремя
9622,791,2024-09-16,8667.66,8667.66,Оплачен вовремя
9623,791,2024-10-16,8667.66,8667.66,Оплачен вовремя
9624,791,2024-11-15,8667.66,8667.66,Оплачен вовремя
9625,791,2024-12-15,8667.66,8667.66,Оплачен вовремя
9626,791,2025-01-14,8667.66,8667.66,Оплачен вовремя
9627,791,2025-02-13,8667.66,8667.66,Оплачен вовремя
9628,791,2025-03-15,8667.66,8667.66,Оплачен вовремя
9629,791,2025-04-14,8667.66,8667.66,Оплачен вовремя
9630,791,2025-05-14,8667.66,8667.66,Оплачен вовремя
9631,791,2025-06-13,8667.66,8667.66,Оплачен вовремя
9632,791,2025-07-13,8667.66,8667.66,Оплачен вовремя
9633,792,2025-04-11,22545.91,22545.91,Оплачен вовремя
9634,792,2025-05-11,22545.91,22545.91,Оплачен вовремя
9635,792,2025-06-10,22545.91,22545.91,Оплачен вовремя
9636,792,2025-07-10,22545.91,22545.91,Оплачен вовремя
9637,792,2025-08-09,22545.91,22545.91,Оплачен вовремя
9638,792,2025-09-08,22545.91,22545.91,Оплачен вовремя
9639,792,2025-10-08,22545.91,22545.91,Оплачен вовремя
9640,792,2025-11-07,22545.91,22545.91,Оплачен вовремя
9641,792,2025-12-07,22545.91,22545.91,Оплачен вовремя
9642,793,2023-03-21,693034.79,0.0,Не оплачен
9643,793,2023-04-20,693034.79,693034.79,Оплачен вовремя
9644,793,2023-05-20,693034.79,693034.79,Просрочен
9645,793,2023-06-19,693034.79,693034.79,Оплачен вовремя
9646,793,2023-07-19,693034.79,693034.79,Оплачен вовремя
9647,793,2023-08-18,693034.79,0.0,Не оплачен
9648,794,2024-08-09,25094.03,25094.03,Оплачен вовремя
9649,794,2024-09-08,25094.03,25094.03,Оплачен вовремя
9650,794,2024-10-08,25094.03,25094.03,Оплачен вовремя
9651,794,2024-11-07,25094.03,25094.03,Оплачен вовремя
9652,794,2024-12-07,25094.03,25094.03,Оплачен вовремя
9653,794,2025-01-06,25094.03,25094.03,Оплачен вовремя
9654,794,2025-02-05,25094.03,25094.03,Оплачен вовремя
9655,794,2025-03-07,25094.03,25094.03,Оплачен вовремя
9656,794,2025-04-06,25094.03,25094.03,Оплачен вовремя
9657,794,2025-05-06,25094.03,25094.03,Оплачен вовремя
9658,794,2025-06-05,25094.03,25094.03,Оплачен вовремя
9659,794,2025-07-05,25094.03,25094.03,Оплачен вовремя
9660,795,2024-08-02,25648.49,25648.49,Оплачен вовремя
9661,795,2024-09-01,25648.49,25648.49,Оплачен вовремя
9662,795,2024-10-01,25648.49,25648.49,Оплачен вовремя
9663,795,2024-10-31,25648.49,25648.49,Оплачен вовремя
9664,795,2024-11-30,25648.49,25648.49,Оплачен вовремя
9665,795,2024-12-30,25648.49,25648.49,Оплачен вовремя
9666,795,2025-01-29,25648.49,25648.49,Оплачен вовремя
9667,795,2025-02-28,25648.49,25648.49,Оплачен вовремя
9668,795,2025-03-30,25648.49,25648.49,Оплачен вовремя
9669,795,2025-04-29,25648.49,25648.49,Оплачен вовремя
9670,795,2025-05-29,25648.49,25648.49,Оплачен вовремя
9671,795,2025-06-28,25648.49,25648.49,Оплачен вовремя
9672,795,2025-07-28,25648.49,25648.49,Оплачен вовремя
9673,795,2025-08-27,25648.49,25648.49,Оплачен вовремя
9674,795,2025-09-26,25648.49,25648.49,Оплачен вовремя
9675,795,2025-10-26,25648.49,25648.49,Оплачен вовремя
9676,795,2025-11-25,25648.49,25648.49,Оплачен вовремя
9677,796,2025-05-12,168485.28,168485.28,Оплачен вовремя
9678,796,2025-06-11,168485.28,168485.28,Оплачен вовремя
9679,796,2025-07-11,168485.28,168485.28,Оплачен вовремя
9680,796,2025-08-10,168485.28,168485.28,Оплачен вовремя
9681,796,2025-09-09,168485.28,168485.28,Оплачен вовремя
9682,796,2025-10-09,168485.28,168485.28,Оплачен вовремя
9683,797,2025-12-13,4321.44,4321.44,Оплачен вовремя
9684,798,2023-06-23,20368.12,20368.12,Оплачен вовремя
9685,798,2023-07-23,20368.12,20368.12,Оплачен вовремя
9686,798,2023-08-22,20368.12,20368.12,Оплачен вовремя
9687,798,2023-09-21,20368.12,20368.12,Оплачен вовремя
9688,798,2023-10-21,20368.12,20368.12,Оплачен вовремя
9689,798,2023-11-20,20368.12,20368.12,Оплачен вовремя
9690,798,2023-12-20,20368.12,20368.12,Оплачен вовремя
9691,798,2024-01-19,20368.12,20368.12,Оплачен вовремя
9692,798,2024-02-18,20368.12,20368.12,Оплачен вовремя
9693,798,2024-03-19,20368.12,20368.12,Оплачен вовремя
9694,798,2024-04-18,20368.12,20368.12,Оплачен вовремя
9695,798,2024-05-18,20368.12,20368.12,Оплачен вовремя
9696,798,2024-06-17,20368.12,20368.12,Оплачен вовремя
9697,798,2024-07-17,20368.12,20368.12,Оплачен вовремя
9698,798,2024-08-16,20368.12,20368.12,Оплачен вовремя
9699,798,2024-09-15,20368.12,20368.12,Оплачен вовремя
9700,798,2024-10-15,20368.12,20368.12,Оплачен вовремя
9701,798,2024-11-14,20368.12,20368.12,Оплачен вовремя
9702,798,2024-12-14,20368.12,20368.12,Оплачен вовремя
9703,798,2025-01-13,20368.12,20368.12,Оплачен вовремя
9704,798,2025-02-12,20368.12,20368.12,Оплачен вовремя
9705,798,2025-03-14,20368.12,20368.12,Оплачен вовремя
9706,798,2025-04-13,20368.12,20368.12,Оплачен вовремя
9707,798,2025-05-13,20368.12,20368.12,Оплачен вовремя
9708,798,2025-06-12,20368.12,20368.12,Оплачен вовремя
9709,798,2025-07-12,20368.12,20368.12,Оплачен вовремя
9710,798,2025-08-11,20368.12,20368.12,Оплачен вовремя
9711,798,2025-09-10,20368.12,20368.12,Оплачен вовремя
9712,798,2025-10-10,20368.12,20368.12,Оплачен вовремя
9713,798,2025-11-09,20368.12,20368.12,Оплачен вовремя
9714,798,2025-12-09,20368.12,20368.12,Оплачен вовремя
9715,799,2023-11-15,68132.34,68132.34,Оплачен вовремя
9716,799,2023-12-15,68132.34,68132.34,Оплачен вовремя
9717,799,2024-01-14,68132.34,68132.34,Просрочен
9718,799,2024-02-13,68132.34,68132.34,Оплачен вовремя
9719,799,2024-03-14,68132.34,68132.34,Оплачен вовремя
9720,799,2024-04-13,68132.34,68132.34,Просрочен
9721,799,2024-05-13,68132.34,68132.34,Оплачен вовремя
9722,799,2024-06-12,68132.34,68132.34,Оплачен вовремя
9723,799,2024-07-12,68132.34,0.0,Не оплачен
9724,799,2024-08-11,68132.34,68132.34,Оплачен вовремя
9725,799,2024-09-10,68132.34,68132.34,Оплачен вовремя
9726,799,2024-10-10,68132.34,68132.34,Просрочен
9727,799,2024-11-09,68132.34,68132.34,Оплачен вовремя
9728,799,2024-12-09,68132.34,68132.34,Оплачен вовремя
9729,799,2025-01-08,68132.34,68132.34,Оплачен вовремя
9730,799,2025-02-07,68132.34,68132.34,Просрочен
9731,799,2025-03-09,68132.34,68132.34,Оплачен вовремя
9732,799,2025-04-08,68132.34,68132.34,Оплачен вовремя
9733,799,2025-05-08,68132.34,68132.34,Оплачен вовремя
9734,799,2025-06-07,68132.34,68132.34,Оплачен вовремя
9735,799,2025-07-07,68132.34,68132.34,Оплачен вовремя
9736,799,2025-08-06,68132.34,68132.34,Оплачен вовремя
9737,799,2025-09-05,68132.34,68132.34,Оплачен вовремя
9738,799,2025-10-05,68132.34,68132.34,Просрочен
9739,800,2022-08-23,4772.99,4772.99,Оплачен вовремя
9740,800,2022-09-22,4772.99,4772.99,Оплачен вовремя
9741,800,2022-10-22,4772.99,4772.99,Оплачен вовремя
9742,800,2022-11-21,4772.99,4772.99,Оплачен вовремя
9743,800,2022-12-21,4772.99,4772.99,Оплачен вовремя
9744,800,2023-01-20,4772.99,4772.99,Оплачен вовремя
9745,800,2023-02-19,4772.99,4772.99,Оплачен вовремя
9746,800,2023-03-21,4772.99,4772.99,Оплачен вовремя
9747,800,2023-04-20,4772.99,4772.99,Оплачен вовремя
9748,800,2023-05-20,4772.99,4772.99,Оплачен вовремя
9749,800,2023-06-19,4772.99,4772.99,Оплачен вовремя
9750,800,2023-07-19,4772.99,4772.99,Оплачен вовремя
9751,800,2023-08-18,4772.99,4772.99,Оплачен вовремя
9752,800,2023-09-17,4772.99,4772.99,Оплачен вовремя
9753,800,2023-10-17,4772.99,4772.99,Оплачен вовремя
9754,800,2023-11-16,4772.99,4772.99,Оплачен вовремя
9755,800,2023-12-16,4772.99,4772.99,Оплачен вовремя
9756,800,2024-01-15,4772.99,4772.99,Оплачен вовремя
9757,800,2024-02-14,4772.99,4772.99,Оплачен вовремя
9758,800,2024-03-15,4772.99,4772.99,Оплачен вовремя
9759,800,2024-04-14,4772.99,4772.99,Оплачен вовремя
9760,800,2024-05-14,4772.99,4772.99,Оплачен вовремя
9761,800,2024-06-13,4772.99,4772.99,Оплачен вовремя
9762,800,2024-07-13,4772.99,4772.99,Оплачен вовремя
9763,801,2024-02-23,1207.04,1207.04,Оплачен вовремя
9764,801,2024-03-24,1207.04,1207.04,Оплачен вовремя
9765,801,2024-04-23,1207.04,1207.04,Оплачен вовремя
9766,801,2024-05-23,1207.04,1207.04,Оплачен вовремя
9767,801,2024-06-22,1207.04,1207.04,Оплачен вовремя
9768,801,2024-07-22,1207.04,1207.04,Оплачен вовремя
9769,801,2024-08-21,1207.04,1207.04,Оплачен вовремя
9770,801,2024-09-20,1207.04,1207.04,Оплачен вовремя
9771,801,2024-10-20,1207.04,1207.04,Оплачен вовремя
9772,801,2024-11-19,1207.04,1207.04,Оплачен вовремя
9773,801,2024-12-19,1207.04,1207.04,Оплачен вовремя
9774,801,2025-01-18,1207.04,1207.04,Оплачен вовремя
9775,801,2025-02-17,1207.04,1207.04,Оплачен вовремя
9776,801,2025-03-19,1207.04,1207.04,Оплачен вовремя
9777,801,2025-04-18,1207.04,1207.04,Оплачен вовремя
9778,801,2025-05-18,1207.04,1207.04,Оплачен вовремя
9779,801,2025-06-17,1207.04,1207.04,Оплачен вовремя
9780,801,2025-07-17,1207.04,1207.04,Оплачен вовремя
9781,801,2025-08-16,1207.04,1207.04,Оплачен вовремя
9782,801,2025-09-15,1207.04,1207.04,Оплачен вовремя
9783,801,2025-10-15,1207.04,1207.04,Оплачен вовремя
9784,801,2025-11-14,1207.04,1207.04,Оплачен вовремя
9785,801,2025-12-14,1207.04,1207.04,Оплачен вовремя
9786,802,2025-08-16,13751.37,13751.37,Оплачен вовремя
9787,802,2025-09-15,13751.37,13751.37,Оплачен вовремя
9788,802,2025-10-15,13751.37,13751.37,Оплачен вовремя
9789,802,2025-11-14,13751.37,13751.37,Оплачен вовремя
9790,802,2025-12-14,13751.37,13751.37,Оплачен вовремя
9791,803,2024-12-19,12672.57,12672.57,Оплачен вовремя
9792,803,2025-01-18,12672.57,12672.57,Оплачен вовремя
9793,803,2025-02-17,12672.57,12672.57,Оплачен вовремя
9794,803,2025-03-19,12672.57,12672.57,Оплачен вовремя
9795,803,2025-04-18,12672.57,12672.57,Оплачен вовремя
9796,803,2025-05-18,12672.57,12672.57,Оплачен вовремя
9797,803,2025-06-17,12672.57,12672.57,Оплачен вовремя
9798,803,2025-07-17,12672.57,12672.57,Оплачен вовремя
9799,803,2025-08-16,12672.57,12672.57,Оплачен вовремя
9800,803,2025-09-15,12672.57,12672.57,Оплачен вовремя
9801,803,2025-10-15,12672.57,12672.57,Оплачен вовремя
9802,803,2025-11-14,12672.57,12672.57,Оплачен вовремя
9803,803,2025-12-14,12672.57,12672.57,Оплачен вовремя
9804,804,2025-11-19,4098.35,4098.35,Оплачен вовремя
9805,804,2025-12-19,4098.35,4098.35,Оплачен вовремя
9806,805,2024-10-25,25850.16,25850.16,Оплачен вовремя
9807,805,2024-11-24,25850.16,25850.16,Оплачен вовремя
9808,805,2024-12-24,25850.16,25850.16,Оплачен вовремя
9809,805,2025-01-23,25850.16,25850.16,Оплачен вовремя
9810,805,2025-02-22,25850.16,25850.16,Оплачен вовремя
9811,805,2025-03-24,25850.16,25850.16,Оплачен вовремя
9812,805,2025-04-23,25850.16,25850.16,Оплачен вовремя
9813,805,2025-05-23,25850.16,25850.16,Оплачен вовремя
9814,805,2025-06-22,25850.16,25850.16,Оплачен вовремя
9815,805,2025-07-22,25850.16,25850.16,Оплачен вовремя
9816,805,2025-08-21,25850.16,25850.16,Оплачен вовремя
9817,805,2025-09-20,25850.16,25850.16,Оплачен вовремя
9818,805,2025-10-20,25850.16,25850.16,Оплачен вовремя
9819,805,2025-11-19,25850.16,25850.16,Оплачен вовремя
9820,805,2025-12-19,25850.16,25850.16,Оплачен вовремя
9821,806,2024-07-03,30734.4,0.0,Не оплачен
9822,806,2024-08-02,30734.4,30734.4,Оплачен вовремя
9823,806,2024-09-01,30734.4,30734.4,Просрочен
9824,806,2024-10-01,30734.4,30734.4,Оплачен вовремя
9825,806,2024-10-31,30734.4,30734.4,Оплачен вовремя
9826,806,2024-11-30,30734.4,30734.4,Оплачен вовремя
9827,806,2024-12-30,30734.4,30734.4,Оплачен вовремя
9828,806,2025-01-29,30734.4,30734.4,Оплачен вовремя
9829,806,2025-02-28,30734.4,30734.4,Просрочен
9830,806,2025-03-30,30734.4,30734.4,Оплачен вовремя
9831,806,2025-04-29,30734.4,30734.4,Оплачен вовремя
9832,806,2025-05-29,30734.4,30734.4,Просрочен
9833,806,2025-06-28,30734.4,0.0,Не оплачен
9834,806,2025-07-28,30734.4,30734.4,Оплачен вовремя
9835,806,2025-08-27,30734.4,30734.4,Оплачен вовремя
9836,806,2025-09-26,30734.4,30734.4,Просрочен
9837,806,2025-10-26,30734.4,30734.4,Оплачен вовремя
9838,806,2025-11-25,30734.4,30734.4,Оплачен вовремя
9839,807,2024-02-11,47358.03,47358.03,Оплачен вовремя
9840,807,2024-03-12,47358.03,47358.03,Оплачен вовремя
9841,807,2024-04-11,47358.03,47358.03,Оплачен вовремя
9842,807,2024-05-11,47358.03,47358.03,Оплачен вовремя
9843,807,2024-06-10,47358.03,47358.03,Оплачен вовремя
9844,807,2024-07-10,47358.03,47358.03,Оплачен вовремя
9845,807,2024-08-09,47358.03,47358.03,Оплачен вовремя
9846,807,2024-09-08,47358.03,47358.03,Оплачен вовремя
9847,807,2024-10-08,47358.03,47358.03,Оплачен вовремя
9848,807,2024-11-07,47358.03,47358.03,Оплачен вовремя
9849,807,2024-12-07,47358.03,47358.03,Оплачен вовремя
9850,807,2025-01-06,47358.03,47358.03,Оплачен вовремя
9851,807,2025-02-05,47358.03,47358.03,Оплачен вовремя
9852,807,2025-03-07,47358.03,47358.03,Оплачен вовремя
9853,807,2025-04-06,47358.03,47358.03,Оплачен вовремя
9854,807,2025-05-06,47358.03,47358.03,Оплачен вовремя
9855,807,2025-06-05,47358.03,47358.03,Оплачен вовремя
9856,807,2025-07-05,47358.03,47358.03,Оплачен вовремя
9857,807,2025-08-04,47358.03,47358.03,Оплачен вовремя
9858,807,2025-09-03,47358.03,47358.03,Оплачен вовремя
9859,807,2025-10-03,47358.03,47358.03,Оплачен вовремя
9860,807,2025-11-02,47358.03,47358.03,Оплачен вовремя
9861,807,2025-12-02,47358.03,47358.03,Оплачен вовремя
9862,808,2024-05-09,5905.02,5905.02,Оплачен вовремя
9863,808,2024-06-08,5905.02,5905.02,Оплачен вовремя
9864,808,2024-07-08,5905.02,5905.02,Оплачен вовремя
9865,808,2024-08-07,5905.02,5905.02,Оплачен вовремя
9866,808,2024-09-06,5905.02,5905.02,Оплачен вовремя
9867,808,2024-10-06,5905.02,5905.02,Оплачен вовремя
9868,808,2024-11-05,5905.02,5905.02,Оплачен вовремя
9869,808,2024-12-05,5905.02,5905.02,Оплачен вовремя
9870,808,2025-01-04,5905.02,5905.02,Оплачен вовремя
9871,808,2025-02-03,5905.02,5905.02,Оплачен вовремя
9872,808,2025-03-05,5905.02,5905.02,Оплачен вовремя
9873,808,2025-04-04,5905.02,5905.02,Оплачен вовремя
9874,808,2025-05-04,5905.02,5905.02,Оплачен вовремя
9875,808,2025-06-03,5905.02,5905.02,Оплачен вовремя
9876,808,2025-07-03,5905.02,5905.02,Оплачен вовремя
9877,808,2025-08-02,5905.02,5905.02,Оплачен вовремя
9878,808,2025-09-01,5905.02,5905.02,Оплачен вовремя
9879,808,2025-10-01,5905.02,5905.02,Оплачен вовремя
9880,808,2025-10-31,5905.02,5905.02,Оплачен вовремя
9881,808,2025-11-30,5905.02,5905.02,Оплачен вовремя
9882,809,2023-02-28,22660.21,22660.21,Оплачен вовремя
9883,809,2023-03-30,22660.21,22660.21,Оплачен вовремя
9884,809,2023-04-29,22660.21,22660.21,Оплачен вовремя
9885,809,2023-05-29,22660.21,22660.21,Оплачен вовремя
9886,809,2023-06-28,22660.21,22660.21,Оплачен вовремя
9887,809,2023-07-28,22660.21,22660.21,Оплачен вовремя
9888,809,2023-08-27,22660.21,22660.21,Оплачен вовремя
9889,809,2023-09-26,22660.21,22660.21,Оплачен вовремя
9890,809,2023-10-26,22660.21,22660.21,Оплачен вовремя
9891,809,2023-11-25,22660.21,22660.21,Оплачен вовремя
9892,809,2023-12-25,22660.21,22660.21,Оплачен вовремя
9893,809,2024-01-24,22660.21,22660.21,Оплачен вовремя
9894,809,2024-02-23,22660.21,22660.21,Оплачен вовремя
9895,809,2024-03-24,22660.21,22660.21,Оплачен вовремя
9896,809,2024-04-23,22660.21,22660.21,Оплачен вовремя
9897,809,2024-05-23,22660.21,22660.21,Оплачен вовремя
9898,809,2024-06-22,22660.21,22660.21,Оплачен вовремя
9899,809,2024-07-22,22660.21,22660.21,Оплачен вовремя
9900,809,2024-08-21,22660.21,22660.21,Оплачен вовремя
9901,809,2024-09-20,22660.21,22660.21,Оплачен вовремя
9902,809,2024-10-20,22660.21,22660.21,Оплачен вовремя
9903,809,2024-11-19,22660.21,22660.21,Оплачен вовремя
9904,809,2024-12-19,22660.21,22660.21,Оплачен вовремя
9905,809,2025-01-18,22660.21,22660.21,Оплачен вовремя
9906,809,2025-02-17,22660.21,22660.21,Оплачен вовремя
9907,809,2025-03-19,22660.21,22660.21,Оплачен вовремя
9908,809,2025-04-18,22660.21,22660.21,Оплачен вовремя
9909,809,2025-05-18,22660.21,22660.21,Оплачен вовремя
9910,809,2025-06-17,22660.21,22660.21,Оплачен вовремя
9911,809,2025-07-17,22660.21,22660.21,Оплачен вовремя
9912,809,2025-08-16,22660.21,22660.21,Оплачен вовремя
9913,809,2025-09-15,22660.21,22660.21,Оплачен вовремя
9914,809,2025-10-15,22660.21,22660.21,Оплачен вовремя
9915,809,2025-11-14,22660.21,22660.21,Оплачен вовремя
9916,809,2025-12-14,22660.21,22660.21,Оплачен вовремя
9917,810,2024-12-23,15505.3,15505.3,Оплачен вовремя
9918,810,2025-01-22,15505.3,15505.3,Оплачен вовремя
9919,810,2025-02-21,15505.3,15505.3,Оплачен вовремя
9920,810,2025-03-23,15505.3,15505.3,Оплачен вовремя
9921,810,2025-04-22,15505.3,15505.3,Оплачен вовремя
9922,810,2025-05-22,15505.3,15505.3,Оплачен вовремя
9923,810,2025-06-21,15505.3,15505.3,Оплачен вовремя
9924,810,2025-07-21,15505.3,15505.3,Оплачен вовремя
9925,810,2025-08-20,15505.3,15505.3,Оплачен вовремя
9926,810,2025-09-19,15505.3,15505.3,Оплачен вовремя
9927,810,2025-10-19,15505.3,15505.3,Оплачен вовремя
9928,810,2025-11-18,15505.3,15505.3,Оплачен вовремя
9929,810,2025-12-18,15505.3,15505.3,Оплачен вовремя
9930,811,2025-07-19,52123.35,52123.35,Оплачен вовремя
9931,811,2025-08-18,52123.35,52123.35,Оплачен вовремя
9932,811,2025-09-17,52123.35,52123.35,Оплачен вовремя
9933,811,2025-10-17,52123.35,52123.35,Оплачен вовремя
9934,811,2025-11-16,52123.35,52123.35,Оплачен вовремя
9935,811,2025-12-16,52123.35,52123.35,Оплачен вовремя
9936,812,2023-11-07,21351.27,21351.27,Оплачен вовремя
9937,812,2023-12-07,21351.27,21351.27,Оплачен вовремя
9938,812,2024-01-06,21351.27,21351.27,Оплачен вовремя
9939,812,2024-02-05,21351.27,21351.27,Оплачен вовремя
9940,812,2024-03-06,21351.27,21351.27,Оплачен вовремя
9941,812,2024-04-05,21351.27,21351.27,Оплачен вовремя
9942,812,2024-05-05,21351.27,21351.27,Оплачен вовремя
9943,812,2024-06-04,21351.27,21351.27,Оплачен вовремя
9944,812,2024-07-04,21351.27,21351.27,Оплачен вовремя
9945,812,2024-08-03,21351.27,21351.27,Оплачен вовремя
9946,812,2024-09-02,21351.27,21351.27,Оплачен вовремя
9947,812,2024-10-02,21351.27,21351.27,Оплачен вовремя
9948,812,2024-11-01,21351.27,21351.27,Оплачен вовремя
9949,812,2024-12-01,21351.27,21351.27,Оплачен вовремя
9950,812,2024-12-31,21351.27,21351.27,Оплачен вовремя
9951,812,2025-01-30,21351.27,21351.27,Оплачен вовремя
9952,812,2025-03-01,21351.27,21351.27,Оплачен вовремя
9953,812,2025-03-31,21351.27,21351.27,Оплачен вовремя
9954,812,2025-04-30,21351.27,21351.27,Оплачен вовремя
9955,812,2025-05-30,21351.27,21351.27,Оплачен вовремя
9956,812,2025-06-29,21351.27,21351.27,Оплачен вовремя
9957,812,2025-07-29,21351.27,21351.27,Оплачен вовремя
9958,812,2025-08-28,21351.27,21351.27,Оплачен вовремя
9959,812,2025-09-27,21351.27,21351.27,Оплачен вовремя
9960,812,2025-10-27,21351.27,21351.27,Оплачен вовремя
9961,812,2025-11-26,21351.27,21351.27,Оплачен вовремя
9962,813,2024-07-12,10882.84,10882.84,Оплачен вовремя
9963,813,2024-08-11,10882.84,10882.84,Оплачен вовремя
9964,813,2024-09-10,10882.84,10882.84,Оплачен вовремя
9965,813,2024-10-10,10882.84,10882.84,Оплачен вовремя
9966,813,2024-11-09,10882.84,10882.84,Оплачен вовремя
9967,813,2024-12-09,10882.84,10882.84,Оплачен вовремя
9968,813,2025-01-08,10882.84,10882.84,Оплачен вовремя
9969,813,2025-02-07,10882.84,10882.84,Оплачен вовремя
9970,813,2025-03-09,10882.84,10882.84,Оплачен вовремя
9971,813,2025-04-08,10882.84,10882.84,Оплачен вовремя
9972,813,2025-05-08,10882.84,10882.84,Оплачен вовремя
9973,813,2025-06-07,10882.84,10882.84,Оплачен вовремя
9974,814,2023-10-18,11112.8,11112.8,Оплачен вовремя
9975,814,2023-11-17,11112.8,11112.8,Оплачен вовремя
9976,814,2023-12-17,11112.8,11112.8,Оплачен вовремя
9977,814,2024-01-16,11112.8,11112.8,Оплачен вовремя
9978,814,2024-02-15,11112.8,11112.8,Оплачен вовремя
9979,814,2024-03-16,11112.8,11112.8,Оплачен вовремя
9980,814,2024-04-15,11112.8,11112.8,Оплачен вовремя
9981,814,2024-05-15,11112.8,11112.8,Оплачен вовремя
9982,814,2024-06-14,11112.8,11112.8,Оплачен вовремя
9983,814,2024-07-14,11112.8,11112.8,Оплачен вовремя
9984,814,2024-08-13,11112.8,11112.8,Оплачен вовремя
9985,814,2024-09-12,11112.8,11112.8,Оплачен вовремя
9986,814,2024-10-12,11112.8,11112.8,Оплачен вовремя
9987,814,2024-11-11,11112.8,11112.8,Оплачен вовремя
9988,814,2024-12-11,11112.8,11112.8,Оплачен вовремя
9989,814,2025-01-10,11112.8,11112.8,Оплачен вовремя
9990,814,2025-02-09,11112.8,11112.8,Оплачен вовремя
9991,814,2025-03-11,11112.8,11112.8,Оплачен вовремя
9992,814,2025-04-10,11112.8,11112.8,Оплачен вовремя
9993,814,2025-05-10,11112.8,11112.8,Оплачен вовремя
9994,814,2025-06-09,11112.8,11112.8,Оплачен вовремя
9995,814,2025-07-09,11112.8,11112.8,Оплачен вовремя
9996,814,2025-08-08,11112.8,11112.8,Оплачен вовремя
9997,814,2025-09-07,11112.8,11112.8,Оплачен вовремя
9998,814,2025-10-07,11112.8,11112.8,Оплачен вовремя
9999,814,2025-11-06,11112.8,11112.8,Оплачен вовремя
10000,814,2025-12-06,11112.8,11112.8,Оплачен вовремя
10001,815,2022-06-01,173443.42,173443.42,Оплачен вовремя
10002,815,2022-07-01,173443.42,173443.42,Оплачен вовремя
10003,815,2022-07-31,173443.42,173443.42,Оплачен вовремя
10004,815,2022-08-30,173443.42,173443.42,Оплачен вовремя
10005,815,2022-09-29,173443.42,173443.42,Оплачен вовремя
10006,815,2022-10-29,173443.42,173443.42,Оплачен вовремя
10007,815,2022-11-28,173443.42,173443.42,Оплачен вовремя
10008,815,2022-12-28,173443.42,173443.42,Оплачен вовремя
10009,815,2023-01-27,173443.42,173443.42,Оплачен вовремя
10010,816,2025-07-18,65318.42,65318.42,Оплачен вовремя
10011,816,2025-08-17,65318.42,65318.42,Оплачен вовремя
10012,816,2025-09-16,65318.42,65318.42,Оплачен вовремя
10013,816,2025-10-16,65318.42,65318.42,Оплачен вовремя
10014,816,2025-11-15,65318.42,65318.42,Оплачен вовремя
10015,816,2025-12-15,65318.42,65318.42,Оплачен вовремя
10016,817,2025-05-29,3586.38,3586.38,Оплачен вовремя
10017,817,2025-06-28,3586.38,3586.38,Оплачен вовремя
10018,817,2025-07-28,3586.38,3586.38,Оплачен вовремя
10019,817,2025-08-27,3586.38,3586.38,Оплачен вовремя
10020,817,2025-09-26,3586.38,3586.38,Оплачен вовремя
10021,817,2025-10-26,3586.38,3586.38,Оплачен вовремя
10022,817,2025-11-25,3586.38,3586.38,Оплачен вовремя
10023,817,2025-12-25,3586.38,3586.38,Оплачен вовремя
10024,818,2023-06-26,169210.29,169210.29,Оплачен вовремя
10025,818,2023-07-26,169210.29,169210.29,Оплачен вовремя
10026,818,2023-08-25,169210.29,169210.29,Оплачен вовремя
10027,818,2023-09-24,169210.29,169210.29,Оплачен вовремя
10028,818,2023-10-24,169210.29,169210.29,Оплачен вовремя
10029,818,2023-11-23,169210.29,169210.29,Оплачен вовремя
10030,818,2023-12-23,169210.29,169210.29,Оплачен вовремя
10031,818,2024-01-22,169210.29,169210.29,Оплачен вовремя
10032,818,2024-02-21,169210.29,169210.29,Оплачен вовремя
10033,818,2024-03-22,169210.29,169210.29,Оплачен вовремя
10034,818,2024-04-21,169210.29,169210.29,Оплачен вовремя
10035,818,2024-05-21,169210.29,169210.29,Оплачен вовремя
10036,819,2023-08-19,2590.48,2590.48,Оплачен вовремя
10037,819,2023-09-18,2590.48,2590.48,Оплачен вовремя
10038,819,2023-10-18,2590.48,2590.48,Оплачен вовремя
10039,819,2023-11-17,2590.48,2590.48,Оплачен вовремя
10040,819,2023-12-17,2590.48,2590.48,Оплачен вовремя
10041,819,2024-01-16,2590.48,2590.48,Оплачен вовремя
10042,819,2024-02-15,2590.48,2590.48,Оплачен вовремя
10043,819,2024-03-16,2590.48,2590.48,Оплачен вовремя
10044,819,2024-04-15,2590.48,2590.48,Оплачен вовремя
10045,819,2024-05-15,2590.48,2590.48,Оплачен вовремя
10046,819,2024-06-14,2590.48,2590.48,Оплачен вовремя
10047,819,2024-07-14,2590.48,2590.48,Оплачен вовремя
10048,819,2024-08-13,2590.48,2590.48,Оплачен вовремя
10049,819,2024-09-12,2590.48,2590.48,Оплачен вовремя
10050,819,2024-10-12,2590.48,2590.48,Оплачен вовремя
10051,819,2024-11-11,2590.48,2590.48,Оплачен вовремя
10052,819,2024-12-11,2590.48,2590.48,Оплачен вовремя
10053,819,2025-01-10,2590.48,2590.48,Оплачен вовремя
10054,819,2025-02-09,2590.48,2590.48,Оплачен вовремя
10055,819,2025-03-11,2590.48,2590.48,Оплачен вовремя
10056,819,2025-04-10,2590.48,2590.48,Оплачен вовремя
10057,819,2025-05-10,2590.48,2590.48,Оплачен вовремя
10058,819,2025-06-09,2590.48,2590.48,Оплачен вовремя
10059,819,2025-07-09,2590.48,2590.48,Оплачен вовремя
10060,819,2025-08-08,2590.48,2590.48,Оплачен вовремя
10061,819,2025-09-07,2590.48,2590.48,Оплачен вовремя
10062,819,2025-10-07,2590.48,2590.48,Оплачен вовремя
10063,819,2025-11-06,2590.48,2590.48,Оплачен вовремя
10064,819,2025-12-06,2590.48,2590.48,Оплачен вовремя
10065,820,2025-01-12,12840.03,12840.03,Оплачен вовремя
10066,820,2025-02-11,12840.03,12840.03,Оплачен вовремя
10067,820,2025-03-13,12840.03,12840.03,Оплачен вовремя
10068,820,2025-04-12,12840.03,12840.03,Оплачен вовремя
10069,820,2025-05-12,12840.03,12840.03,Оплачен вовремя
10070,820,2025-06-11,12840.03,12840.03,Оплачен вовремя
10071,820,2025-07-11,12840.03,12840.03,Оплачен вовремя
10072,820,2025-08-10,12840.03,12840.03,Оплачен вовремя
10073,820,2025-09-09,12840.03,12840.03,Оплачен вовремя
10074,820,2025-10-09,12840.03,12840.03,Оплачен вовремя
10075,820,2025-11-08,12840.03,12840.03,Оплачен вовремя
10076,820,2025-12-08,12840.03,12840.03,Оплачен вовремя
10077,821,2025-04-20,4566.19,0.0,Не оплачен
10078,821,2025-05-20,4566.19,4566.19,Оплачен вовремя
10079,821,2025-06-19,4566.19,4566.19,Оплачен вовремя
10080,821,2025-07-19,4566.19,0.0,Не оплачен
10081,821,2025-08-18,4566.19,4566.19,Оплачен вовремя
10082,821,2025-09-17,4566.19,4566.19,Оплачен вовремя
10083,821,2025-10-17,4566.19,4566.19,Оплачен вовремя
10084,821,2025-11-16,4566.19,0.0,Не оплачен
10085,821,2025-12-16,4566.19,0.0,Не оплачен
10086,822,2025-03-16,12951.02,12951.02,Оплачен вовремя
10087,822,2025-04-15,12951.02,12951.02,Оплачен вовремя
10088,822,2025-05-15,12951.02,12951.02,Оплачен вовремя
10089,822,2025-06-14,12951.02,12951.02,Оплачен вовремя
10090,822,2025-07-14,12951.02,12951.02,Оплачен вовремя
10091,822,2025-08-13,12951.02,12951.02,Оплачен вовремя
10092,822,2025-09-12,12951.02,12951.02,Оплачен вовремя
10093,822,2025-10-12,12951.02,12951.02,Оплачен вовремя
10094,822,2025-11-11,12951.02,12951.02,Оплачен вовремя
10095,822,2025-12-11,12951.02,12951.02,Оплачен вовремя
10096,823,2024-02-24,17752.66,17752.66,Оплачен вовремя
10097,823,2024-03-25,17752.66,17752.66,Оплачен вовремя
10098,823,2024-04-24,17752.66,17752.66,Оплачен вовремя
10099,823,2024-05-24,17752.66,17752.66,Оплачен вовремя
10100,823,2024-06-23,17752.66,17752.66,Оплачен вовремя
10101,823,2024-07-23,17752.66,17752.66,Оплачен вовремя
10102,823,2024-08-22,17752.66,17752.66,Оплачен вовремя
10103,823,2024-09-21,17752.66,17752.66,Оплачен вовремя
10104,823,2024-10-21,17752.66,17752.66,Оплачен вовремя
10105,823,2024-11-20,17752.66,17752.66,Оплачен вовремя
10106,823,2024-12-20,17752.66,17752.66,Оплачен вовремя
10107,823,2025-01-19,17752.66,17752.66,Оплачен вовремя
10108,823,2025-02-18,17752.66,17752.66,Оплачен вовремя
10109,823,2025-03-20,17752.66,17752.66,Оплачен вовремя
10110,823,2025-04-19,17752.66,17752.66,Оплачен вовремя
10111,823,2025-05-19,17752.66,17752.66,Оплачен вовремя
10112,823,2025-06-18,17752.66,17752.66,Оплачен вовремя
10113,823,2025-07-18,17752.66,17752.66,Оплачен вовремя
10114,823,2025-08-17,17752.66,17752.66,Оплачен вовремя
10115,823,2025-09-16,17752.66,17752.66,Оплачен вовремя
10116,823,2025-10-16,17752.66,17752.66,Оплачен вовремя
10117,823,2025-11-15,17752.66,17752.66,Оплачен вовремя
10118,823,2025-12-15,17752.66,17752.66,Оплачен вовремя
10119,824,2025-11-27,12257.97,12257.97,Оплачен вовремя
10120,824,2025-12-27,12257.97,12257.97,Оплачен вовремя
10121,825,2024-06-07,42220.21,42220.21,Оплачен вовремя
10122,825,2024-07-07,42220.21,42220.21,Оплачен вовремя
10123,825,2024-08-06,42220.21,42220.21,Оплачен вовремя
10124,825,2024-09-05,42220.21,42220.21,Оплачен вовремя
10125,825,2024-10-05,42220.21,42220.21,Оплачен вовремя
10126,825,2024-11-04,42220.21,42220.21,Оплачен вовремя
10127,825,2024-12-04,42220.21,42220.21,Оплачен вовремя
10128,825,2025-01-03,42220.21,42220.21,Оплачен вовремя
10129,825,2025-02-02,42220.21,42220.21,Оплачен вовремя
10130,825,2025-03-04,42220.21,42220.21,Оплачен вовремя
10131,825,2025-04-03,42220.21,42220.21,Оплачен вовремя
10132,825,2025-05-03,42220.21,42220.21,Оплачен вовремя
10133,826,2024-12-15,1351896.41,1351896.41,Оплачен вовремя
10134,826,2025-01-14,1351896.41,1351896.41,Оплачен вовремя
10135,826,2025-02-13,1351896.41,1351896.41,Оплачен вовремя
10136,827,2025-05-03,11226.95,11226.95,Оплачен вовремя
10137,827,2025-06-02,11226.95,11226.95,Оплачен вовремя
10138,827,2025-07-02,11226.95,11226.95,Оплачен вовремя
10139,827,2025-08-01,11226.95,11226.95,Оплачен вовремя
10140,827,2025-08-31,11226.95,11226.95,Оплачен вовремя
10141,827,2025-09-30,11226.95,11226.95,Оплачен вовремя
10142,827,2025-10-30,11226.95,11226.95,Оплачен вовремя
10143,827,2025-11-29,11226.95,11226.95,Оплачен вовремя
10144,828,2025-03-19,9071.67,9071.67,Оплачен вовремя
10145,828,2025-04-18,9071.67,9071.67,Оплачен вовремя
10146,828,2025-05-18,9071.67,9071.67,Оплачен вовремя
10147,828,2025-06-17,9071.67,9071.67,Оплачен вовремя
10148,828,2025-07-17,9071.67,9071.67,Оплачен вовремя
10149,828,2025-08-16,9071.67,9071.67,Оплачен вовремя
10150,828,2025-09-15,9071.67,9071.67,Оплачен вовремя
10151,828,2025-10-15,9071.67,9071.67,Оплачен вовремя
10152,828,2025-11-14,9071.67,9071.67,Оплачен вовремя
10153,828,2025-12-14,9071.67,9071.67,Оплачен вовремя
10154,829,2025-07-03,44236.87,44236.87,Оплачен вовремя
10155,829,2025-08-02,44236.87,44236.87,Оплачен вовремя
10156,829,2025-09-01,44236.87,44236.87,Оплачен вовремя
10157,829,2025-10-01,44236.87,44236.87,Оплачен вовремя
10158,829,2025-10-31,44236.87,44236.87,Оплачен вовремя
10159,829,2025-11-30,44236.87,44236.87,Оплачен вовремя
10160,830,2024-09-10,248809.04,248809.04,Оплачен вовремя
10161,830,2024-10-10,248809.04,248809.04,Оплачен вовремя
10162,830,2024-11-09,248809.04,248809.04,Оплачен вовремя
10163,830,2024-12-09,248809.04,248809.04,Оплачен вовремя
10164,830,2025-01-08,248809.04,248809.04,Оплачен вовремя
10165,830,2025-02-07,248809.04,248809.04,Оплачен вовремя
10166,830,2025-03-09,248809.04,248809.04,Оплачен вовремя
10167,830,2025-04-08,248809.04,248809.04,Оплачен вовремя
10168,830,2025-05-08,248809.04,248809.04,Оплачен вовремя
10169,831,2025-09-18,12593.4,12593.4,Оплачен вовремя
10170,831,2025-10-18,12593.4,12593.4,Оплачен вовремя
10171,831,2025-11-17,12593.4,12593.4,Оплачен вовремя
10172,831,2025-12-17,12593.4,12593.4,Оплачен вовремя
10173,832,2024-03-24,347223.12,347223.12,Оплачен вовремя
10174,832,2024-04-23,347223.12,347223.12,Оплачен вовремя
10175,832,2024-05-23,347223.12,347223.12,Оплачен вовремя
10176,832,2024-06-22,347223.12,347223.12,Оплачен вовремя
10177,832,2024-07-22,347223.12,347223.12,Оплачен вовремя
10178,832,2024-08-21,347223.12,347223.12,Оплачен вовремя
10179,832,2024-09-20,347223.12,347223.12,Оплачен вовремя
10180,832,2024-10-20,347223.12,347223.12,Оплачен вовремя
10181,832,2024-11-19,347223.12,347223.12,Оплачен вовремя
10182,832,2024-12-19,347223.12,347223.12,Оплачен вовремя
10183,832,2025-01-18,347223.12,347223.12,Оплачен вовремя
10184,832,2025-02-17,347223.12,347223.12,Оплачен вовремя
10185,833,2023-11-22,32382.93,32382.93,Оплачен вовремя
10186,833,2023-12-22,32382.93,32382.93,Оплачен вовремя
10187,833,2024-01-21,32382.93,32382.93,Оплачен вовремя
10188,833,2024-02-20,32382.93,32382.93,Оплачен вовремя
10189,833,2024-03-21,32382.93,32382.93,Оплачен вовремя
10190,833,2024-04-20,32382.93,32382.93,Оплачен вовремя
10191,834,2025-09-30,40556.96,40556.96,Оплачен вовремя
10192,834,2025-10-30,40556.96,40556.96,Оплачен вовремя
10193,834,2025-11-29,40556.96,40556.96,Оплачен вовремя
10194,834,2025-12-29,40556.96,40556.96,Оплачен вовремя
10195,835,2025-04-26,7586.18,7586.18,Оплачен вовремя
10196,835,2025-05-26,7586.18,7586.18,Оплачен вовремя
10197,835,2025-06-25,7586.18,7586.18,Оплачен вовремя
10198,835,2025-07-25,7586.18,7586.18,Оплачен вовремя
10199,835,2025-08-24,7586.18,7586.18,Оплачен вовремя
10200,835,2025-09-23,7586.18,7586.18,Оплачен вовремя
10201,835,2025-10-23,7586.18,7586.18,Оплачен вовремя
10202,835,2025-11-22,7586.18,7586.18,Оплачен вовремя
10203,835,2025-12-22,7586.18,7586.18,Оплачен вовремя
10204,836,2023-10-28,10643.85,10643.85,Оплачен вовремя
10205,836,2023-11-27,10643.85,10643.85,Оплачен вовремя
10206,836,2023-12-27,10643.85,10643.85,Оплачен вовремя
10207,836,2024-01-26,10643.85,10643.85,Оплачен вовремя
10208,836,2024-02-25,10643.85,10643.85,Оплачен вовремя
10209,836,2024-03-26,10643.85,10643.85,Оплачен вовремя
10210,836,2024-04-25,10643.85,10643.85,Оплачен вовремя
10211,836,2024-05-25,10643.85,10643.85,Оплачен вовремя
10212,836,2024-06-24,10643.85,10643.85,Оплачен вовремя
10213,836,2024-07-24,10643.85,10643.85,Оплачен вовремя
10214,836,2024-08-23,10643.85,10643.85,Оплачен вовремя
10215,836,2024-09-22,10643.85,10643.85,Оплачен вовремя
10216,837,2024-05-11,7871.97,7871.97,Оплачен вовремя
10217,837,2024-06-10,7871.97,7871.97,Оплачен вовремя
10218,837,2024-07-10,7871.97,7871.97,Оплачен вовремя
10219,837,2024-08-09,7871.97,7871.97,Оплачен вовремя
10220,837,2024-09-08,7871.97,7871.97,Оплачен вовремя
10221,837,2024-10-08,7871.97,7871.97,Оплачен вовремя
10222,837,2024-11-07,7871.97,7871.97,Оплачен вовремя
10223,837,2024-12-07,7871.97,7871.97,Оплачен вовремя
10224,837,2025-01-06,7871.97,7871.97,Оплачен вовремя
10225,837,2025-02-05,7871.97,7871.97,Оплачен вовремя
10226,837,2025-03-07,7871.97,7871.97,Оплачен вовремя
10227,837,2025-04-06,7871.97,7871.97,Оплачен вовремя
10228,837,2025-05-06,7871.97,7871.97,Оплачен вовремя
10229,837,2025-06-05,7871.97,7871.97,Оплачен вовремя
10230,837,2025-07-05,7871.97,7871.97,Оплачен вовремя
10231,837,2025-08-04,7871.97,7871.97,Оплачен вовремя
10232,837,2025-09-03,7871.97,7871.97,Оплачен вовремя
10233,837,2025-10-03,7871.97,7871.97,Оплачен вовремя
10234,837,2025-11-02,7871.97,7871.97,Оплачен вовремя
10235,837,2025-12-02,7871.97,7871.97,Оплачен вовремя
10236,838,2022-08-05,20710.24,20710.24,Оплачен вовремя
10237,838,2022-09-04,20710.24,20710.24,Оплачен вовремя
10238,838,2022-10-04,20710.24,20710.24,Оплачен вовремя
10239,838,2022-11-03,20710.24,20710.24,Оплачен вовремя
10240,838,2022-12-03,20710.24,20710.24,Оплачен вовремя
10241,838,2023-01-02,20710.24,20710.24,Оплачен вовремя
10242,838,2023-02-01,20710.24,20710.24,Оплачен вовремя
10243,838,2023-03-03,20710.24,20710.24,Оплачен вовремя
10244,838,2023-04-02,20710.24,20710.24,Оплачен вовремя
10245,838,2023-05-02,20710.24,20710.24,Оплачен вовремя
10246,838,2023-06-01,20710.24,20710.24,Оплачен вовремя
10247,838,2023-07-01,20710.24,20710.24,Оплачен вовремя
10248,838,2023-07-31,20710.24,20710.24,Оплачен вовремя
10249,838,2023-08-30,20710.24,20710.24,Оплачен вовремя
10250,838,2023-09-29,20710.24,20710.24,Оплачен вовремя
10251,838,2023-10-29,20710.24,20710.24,Оплачен вовремя
10252,838,2023-11-28,20710.24,20710.24,Оплачен вовремя
10253,838,2023-12-28,20710.24,20710.24,Оплачен вовремя
10254,838,2024-01-27,20710.24,20710.24,Оплачен вовремя
10255,838,2024-02-26,20710.24,20710.24,Оплачен вовремя
10256,838,2024-03-27,20710.24,20710.24,Оплачен вовремя
10257,838,2024-04-26,20710.24,20710.24,Оплачен вовремя
10258,838,2024-05-26,20710.24,20710.24,Оплачен вовремя
10259,838,2024-06-25,20710.24,20710.24,Оплачен вовремя
10260,838,2024-07-25,20710.24,20710.24,Оплачен вовремя
10261,838,2024-08-24,20710.24,20710.24,Оплачен вовремя
10262,838,2024-09-23,20710.24,20710.24,Оплачен вовремя
10263,838,2024-10-23,20710.24,20710.24,Оплачен вовремя
10264,838,2024-11-22,20710.24,20710.24,Оплачен вовремя
10265,838,2024-12-22,20710.24,20710.24,Оплачен вовремя
10266,838,2025-01-21,20710.24,20710.24,Оплачен вовремя
10267,838,2025-02-20,20710.24,20710.24,Оплачен вовремя
10268,838,2025-03-22,20710.24,20710.24,Оплачен вовремя
10269,838,2025-04-21,20710.24,20710.24,Оплачен вовремя
10270,838,2025-05-21,20710.24,20710.24,Оплачен вовремя
10271,838,2025-06-20,20710.24,20710.24,Оплачен вовремя
10272,839,2024-07-28,64603.62,64603.62,Оплачен вовремя
10273,839,2024-08-27,64603.62,64603.62,Оплачен вовремя
10274,839,2024-09-26,64603.62,64603.62,Оплачен вовремя
10275,839,2024-10-26,64603.62,64603.62,Оплачен вовремя
10276,839,2024-11-25,64603.62,64603.62,Оплачен вовремя
10277,839,2024-12-25,64603.62,64603.62,Оплачен вовремя
10278,839,2025-01-24,64603.62,64603.62,Оплачен вовремя
10279,839,2025-02-23,64603.62,64603.62,Оплачен вовремя
10280,839,2025-03-25,64603.62,64603.62,Оплачен вовремя
10281,839,2025-04-24,64603.62,64603.62,Оплачен вовремя
10282,839,2025-05-24,64603.62,64603.62,Оплачен вовремя
10283,839,2025-06-23,64603.62,64603.62,Оплачен вовремя
10284,840,2023-03-13,21744.7,21744.7,Оплачен вовремя
10285,840,2023-04-12,21744.7,21744.7,Оплачен вовремя
10286,840,2023-05-12,21744.7,21744.7,Оплачен вовремя
10287,840,2023-06-11,21744.7,21744.7,Оплачен вовремя
10288,840,2023-07-11,21744.7,21744.7,Оплачен вовремя
10289,840,2023-08-10,21744.7,21744.7,Оплачен вовремя
10290,840,2023-09-09,21744.7,21744.7,Оплачен вовремя
10291,840,2023-10-09,21744.7,21744.7,Оплачен вовремя
10292,840,2023-11-08,21744.7,21744.7,Оплачен вовремя
10293,840,2023-12-08,21744.7,21744.7,Оплачен вовремя
10294,840,2024-01-07,21744.7,21744.7,Оплачен вовремя
10295,840,2024-02-06,21744.7,21744.7,Оплачен вовремя
10296,840,2024-03-07,21744.7,21744.7,Оплачен вовремя
10297,840,2024-04-06,21744.7,21744.7,Оплачен вовремя
10298,840,2024-05-06,21744.7,21744.7,Оплачен вовремя
10299,840,2024-06-05,21744.7,21744.7,Оплачен вовремя
10300,840,2024-07-05,21744.7,21744.7,Оплачен вовремя
10301,840,2024-08-04,21744.7,21744.7,Оплачен вовремя
10302,840,2024-09-03,21744.7,21744.7,Оплачен вовремя
10303,840,2024-10-03,21744.7,21744.7,Оплачен вовремя
10304,840,2024-11-02,21744.7,21744.7,Оплачен вовремя
10305,840,2024-12-02,21744.7,21744.7,Оплачен вовремя
10306,840,2025-01-01,21744.7,21744.7,Оплачен вовремя
10307,840,2025-01-31,21744.7,21744.7,Оплачен вовремя
10308,840,2025-03-02,21744.7,21744.7,Оплачен вовремя
10309,840,2025-04-01,21744.7,21744.7,Оплачен вовремя
10310,840,2025-05-01,21744.7,21744.7,Оплачен вовремя
10311,840,2025-05-31,21744.7,21744.7,Оплачен вовремя
10312,840,2025-06-30,21744.7,21744.7,Оплачен вовремя
10313,840,2025-07-30,21744.7,21744.7,Оплачен вовремя
10314,840,2025-08-29,21744.7,21744.7,Оплачен вовремя
10315,840,2025-09-28,21744.7,21744.7,Оплачен вовремя
10316,840,2025-10-28,21744.7,21744.7,Оплачен вовремя
10317,840,2025-11-27,21744.7,21744.7,Оплачен вовремя
10318,841,2025-09-06,65851.83,65851.83,Оплачен вовремя
10319,841,2025-10-06,65851.83,65851.83,Оплачен вовремя
10320,841,2025-11-05,65851.83,65851.83,Оплачен вовремя
10321,841,2025-12-05,65851.83,65851.83,Оплачен вовремя
10322,842,2024-05-30,207942.46,207942.46,Оплачен вовремя
10323,842,2024-06-29,207942.46,207942.46,Оплачен вовремя
10324,842,2024-07-29,207942.46,207942.46,Оплачен вовремя
10325,842,2024-08-28,207942.46,207942.46,Оплачен вовремя
10326,842,2024-09-27,207942.46,207942.46,Оплачен вовремя
10327,842,2024-10-27,207942.46,207942.46,Оплачен вовремя
10328,842,2024-11-26,207942.46,207942.46,Оплачен вовремя
10329,842,2024-12-26,207942.46,207942.46,Оплачен вовремя
10330,842,2025-01-25,207942.46,207942.46,Оплачен вовремя
10331,843,2024-08-23,68846.26,68846.26,Оплачен вовремя
10332,843,2024-09-22,68846.26,68846.26,Оплачен вовремя
10333,843,2024-10-22,68846.26,68846.26,Оплачен вовремя
10334,843,2024-11-21,68846.26,68846.26,Оплачен вовремя
10335,843,2024-12-21,68846.26,68846.26,Оплачен вовремя
10336,843,2025-01-20,68846.26,68846.26,Оплачен вовремя
10337,843,2025-02-19,68846.26,68846.26,Оплачен вовремя
10338,843,2025-03-21,68846.26,68846.26,Оплачен вовремя
10339,843,2025-04-20,68846.26,68846.26,Оплачен вовремя
10340,843,2025-05-20,68846.26,68846.26,Оплачен вовремя
10341,843,2025-06-19,68846.26,68846.26,Оплачен вовремя
10342,843,2025-07-19,68846.26,68846.26,Оплачен вовремя
10343,843,2025-08-18,68846.26,68846.26,Оплачен вовремя
10344,843,2025-09-17,68846.26,68846.26,Оплачен вовремя
10345,843,2025-10-17,68846.26,68846.26,Оплачен вовремя
10346,843,2025-11-16,68846.26,68846.26,Оплачен вовремя
10347,843,2025-12-16,68846.26,68846.26,Оплачен вовремя
10348,844,2024-10-09,44940.08,44940.08,Оплачен вовремя
10349,844,2024-11-08,44940.08,44940.08,Оплачен вовремя
10350,844,2024-12-08,44940.08,44940.08,Оплачен вовремя
10351,844,2025-01-07,44940.08,44940.08,Оплачен вовремя
10352,844,2025-02-06,44940.08,44940.08,Оплачен вовремя
10353,844,2025-03-08,44940.08,44940.08,Оплачен вовремя
10354,844,2025-04-07,44940.08,44940.08,Оплачен вовремя
10355,844,2025-05-07,44940.08,44940.08,Оплачен вовремя
10356,844,2025-06-06,44940.08,44940.08,Оплачен вовремя
10357,844,2025-07-06,44940.08,44940.08,Оплачен вовремя
10358,844,2025-08-05,44940.08,44940.08,Оплачен вовремя
10359,844,2025-09-04,44940.08,44940.08,Оплачен вовремя
10360,844,2025-10-04,44940.08,44940.08,Оплачен вовремя
10361,844,2025-11-03,44940.08,44940.08,Оплачен вовремя
10362,844,2025-12-03,44940.08,44940.08,Оплачен вовремя
10363,846,2025-12-03,1443.83,1443.83,Оплачен вовремя
10364,847,2025-09-29,19862.22,19862.22,Оплачен вовремя
10365,847,2025-10-29,19862.22,19862.22,Оплачен вовремя
10366,847,2025-11-28,19862.22,19862.22,Оплачен вовремя
10367,847,2025-12-28,19862.22,19862.22,Оплачен вовремя
10368,848,2025-10-15,20913.52,20913.52,Оплачен вовремя
10369,848,2025-11-14,20913.52,20913.52,Оплачен вовремя
10370,848,2025-12-14,20913.52,20913.52,Оплачен вовремя
10371,849,2025-10-31,7519.49,7519.49,Оплачен вовремя
10372,849,2025-11-30,7519.49,7519.49,Оплачен вовремя
10373,850,2025-04-07,41644.54,41644.54,Оплачен вовремя
10374,850,2025-05-07,41644.54,41644.54,Оплачен вовремя
10375,850,2025-06-06,41644.54,41644.54,Оплачен вовремя
10376,850,2025-07-06,41644.54,41644.54,Оплачен вовремя
10377,850,2025-08-05,41644.54,41644.54,Оплачен вовремя
10378,850,2025-09-04,41644.54,41644.54,Оплачен вовремя
10379,851,2025-03-03,24391.86,24391.86,Оплачен вовремя
10380,851,2025-04-02,24391.86,24391.86,Оплачен вовремя
10381,851,2025-05-02,24391.86,24391.86,Оплачен вовремя
10382,851,2025-06-01,24391.86,24391.86,Оплачен вовремя
10383,851,2025-07-01,24391.86,24391.86,Оплачен вовремя
10384,851,2025-07-31,24391.86,24391.86,Оплачен вовремя
10385,851,2025-08-30,24391.86,24391.86,Оплачен вовремя
10386,851,2025-09-29,24391.86,24391.86,Оплачен вовремя
10387,851,2025-10-29,24391.86,24391.86,Оплачен вовремя
10388,851,2025-11-28,24391.86,24391.86,Оплачен вовремя
10389,852,2025-02-08,23341.87,23341.87,Оплачен вовремя
10390,852,2025-03-10,23341.87,23341.87,Оплачен вовремя
10391,852,2025-04-09,23341.87,23341.87,Оплачен вовремя
10392,852,2025-05-09,23341.87,23341.87,Оплачен вовремя
10393,852,2025-06-08,23341.87,23341.87,Оплачен вовремя
10394,852,2025-07-08,23341.87,23341.87,Оплачен вовремя
10395,852,2025-08-07,23341.87,23341.87,Оплачен вовремя
10396,852,2025-09-06,23341.87,23341.87,Оплачен вовремя
10397,852,2025-10-06,23341.87,23341.87,Оплачен вовремя
10398,852,2025-11-05,23341.87,23341.87,Оплачен вовремя
10399,852,2025-12-05,23341.87,23341.87,Оплачен вовремя
10400,853,2025-10-21,3495.95,3495.95,Оплачен вовремя
10401,853,2025-11-20,3495.95,3495.95,Оплачен вовремя
10402,853,2025-12-20,3495.95,3495.95,Оплачен вовремя
10403,854,2025-02-03,6536.91,6536.91,Оплачен вовремя
10404,854,2025-03-05,6536.91,6536.91,Оплачен вовремя
10405,854,2025-04-04,6536.91,6536.91,Оплачен вовремя
10406,854,2025-05-04,6536.91,6536.91,Оплачен вовремя
10407,854,2025-06-03,6536.91,6536.91,Оплачен вовремя
10408,854,2025-07-03,6536.91,6536.91,Оплачен вовремя
10409,854,2025-08-02,6536.91,6536.91,Оплачен вовремя
10410,854,2025-09-01,6536.91,6536.91,Оплачен вовремя
10411,854,2025-10-01,6536.91,6536.91,Оплачен вовремя
10412,854,2025-10-31,6536.91,6536.91,Оплачен вовремя
10413,854,2025-11-30,6536.91,6536.91,Оплачен вовремя
10414,855,2024-11-04,20315.56,20315.56,Оплачен вовремя
10415,855,2024-12-04,20315.56,20315.56,Оплачен вовремя
10416,855,2025-01-03,20315.56,20315.56,Оплачен вовремя
10417,855,2025-02-02,20315.56,20315.56,Оплачен вовремя
10418,855,2025-03-04,20315.56,20315.56,Оплачен вовремя
10419,855,2025-04-03,20315.56,20315.56,Оплачен вовремя
10420,855,2025-05-03,20315.56,20315.56,Оплачен вовремя
10421,855,2025-06-02,20315.56,20315.56,Оплачен вовремя
10422,855,2025-07-02,20315.56,20315.56,Оплачен вовремя
10423,855,2025-08-01,20315.56,20315.56,Оплачен вовремя
10424,855,2025-08-31,20315.56,20315.56,Оплачен вовремя
10425,855,2025-09-30,20315.56,20315.56,Оплачен вовремя
10426,855,2025-10-30,20315.56,20315.56,Оплачен вовремя
10427,855,2025-11-29,20315.56,20315.56,Оплачен вовремя
10428,856,2024-10-05,17727.06,17727.06,Оплачен вовремя
10429,856,2024-11-04,17727.06,17727.06,Оплачен вовремя
10430,856,2024-12-04,17727.06,17727.06,Оплачен вовремя
10431,856,2025-01-03,17727.06,17727.06,Оплачен вовремя
10432,856,2025-02-02,17727.06,17727.06,Оплачен вовремя
10433,856,2025-03-04,17727.06,17727.06,Оплачен вовремя
10434,856,2025-04-03,17727.06,17727.06,Оплачен вовремя
10435,856,2025-05-03,17727.06,17727.06,Оплачен вовремя
10436,856,2025-06-02,17727.06,17727.06,Оплачен вовремя
10437,856,2025-07-02,17727.06,17727.06,Оплачен вовремя
10438,856,2025-08-01,17727.06,17727.06,Оплачен вовремя
10439,856,2025-08-31,17727.06,17727.06,Оплачен вовремя
10440,857,2025-08-05,8995.8,8995.8,Оплачен вовремя
10441,857,2025-09-04,8995.8,8995.8,Оплачен вовремя
10442,857,2025-10-04,8995.8,8995.8,Оплачен вовремя
10443,857,2025-11-03,8995.8,8995.8,Оплачен вовремя
10444,857,2025-12-03,8995.8,8995.8,Оплачен вовремя
10445,858,2023-06-26,498724.66,498724.66,Оплачен вовремя
10446,858,2023-07-26,498724.66,498724.66,Оплачен вовремя
10447,858,2023-08-25,498724.66,498724.66,Оплачен вовремя
10448,859,2025-10-30,12321.64,12321.64,Оплачен вовремя
10449,859,2025-11-29,12321.64,12321.64,Оплачен вовремя
10450,859,2025-12-29,12321.64,12321.64,Оплачен вовремя
10451,860,2024-06-13,20363.77,20363.77,Оплачен вовремя
10452,860,2024-07-13,20363.77,20363.77,Оплачен вовремя
10453,860,2024-08-12,20363.77,20363.77,Оплачен вовремя
10454,860,2024-09-11,20363.77,20363.77,Оплачен вовремя
10455,860,2024-10-11,20363.77,20363.77,Оплачен вовремя
10456,860,2024-11-10,20363.77,20363.77,Оплачен вовремя
10457,860,2024-12-10,20363.77,20363.77,Оплачен вовремя
10458,860,2025-01-09,20363.77,20363.77,Оплачен вовремя
10459,860,2025-02-08,20363.77,20363.77,Оплачен вовремя
10460,860,2025-03-10,20363.77,20363.77,Оплачен вовремя
10461,860,2025-04-09,20363.77,20363.77,Оплачен вовремя
10462,860,2025-05-09,20363.77,20363.77,Оплачен вовремя
10463,860,2025-06-08,20363.77,20363.77,Оплачен вовремя
10464,860,2025-07-08,20363.77,20363.77,Оплачен вовремя
10465,860,2025-08-07,20363.77,20363.77,Оплачен вовремя
10466,860,2025-09-06,20363.77,20363.77,Оплачен вовремя
10467,860,2025-10-06,20363.77,20363.77,Оплачен вовремя
10468,860,2025-11-05,20363.77,20363.77,Оплачен вовремя
10469,860,2025-12-05,20363.77,20363.77,Оплачен вовремя
10470,861,2025-09-24,1634.99,1634.99,Оплачен вовремя
10471,861,2025-10-24,1634.99,1634.99,Оплачен вовремя
10472,861,2025-11-23,1634.99,1634.99,Оплачен вовремя
10473,861,2025-12-23,1634.99,1634.99,Оплачен вовремя
10474,862,2024-07-27,22168.71,22168.71,Просрочен
10475,862,2024-08-26,22168.71,22168.71,Просрочен
10476,862,2024-09-25,22168.71,22168.71,Оплачен вовремя
10477,862,2024-10-25,22168.71,22168.71,Просрочен
10478,862,2024-11-24,22168.71,22168.71,Оплачен вовремя
10479,862,2024-12-24,22168.71,22168.71,Просрочен
10480,862,2025-01-23,22168.71,22168.71,Оплачен вовремя
10481,862,2025-02-22,22168.71,22168.71,Просрочен
10482,862,2025-03-24,22168.71,22168.71,Просрочен
10483,862,2025-04-23,22168.71,0.0,Не оплачен
10484,862,2025-05-23,22168.71,22168.71,Оплачен вовремя
10485,862,2025-06-22,22168.71,22168.71,Оплачен вовремя
10486,862,2025-07-22,22168.71,0.0,Не оплачен
10487,862,2025-08-21,22168.71,22168.71,Оплачен вовремя
10488,862,2025-09-20,22168.71,22168.71,Оплачен вовремя
10489,862,2025-10-20,22168.71,22168.71,Оплачен вовремя
10490,862,2025-11-19,22168.71,22168.71,Оплачен вовремя
10491,862,2025-12-19,22168.71,22168.71,Оплачен вовремя
10492,863,2024-08-13,18504.23,18504.23,Оплачен вовремя
10493,863,2024-09-12,18504.23,18504.23,Оплачен вовремя
10494,863,2024-10-12,18504.23,18504.23,Оплачен вовремя
10495,863,2024-11-11,18504.23,18504.23,Оплачен вовремя
10496,863,2024-12-11,18504.23,18504.23,Оплачен вовремя
10497,863,2025-01-10,18504.23,18504.23,Оплачен вовремя
10498,863,2025-02-09,18504.23,18504.23,Оплачен вовремя
10499,863,2025-03-11,18504.23,18504.23,Оплачен вовремя
10500,863,2025-04-10,18504.23,18504.23,Оплачен вовремя
10501,863,2025-05-10,18504.23,18504.23,Оплачен вовремя
10502,863,2025-06-09,18504.23,18504.23,Оплачен вовремя
10503,863,2025-07-09,18504.23,18504.23,Оплачен вовремя
10504,863,2025-08-08,18504.23,18504.23,Оплачен вовремя
10505,863,2025-09-07,18504.23,18504.23,Оплачен вовремя
10506,863,2025-10-07,18504.23,18504.23,Оплачен вовремя
10507,863,2025-11-06,18504.23,18504.23,Оплачен вовремя
10508,863,2025-12-06,18504.23,18504.23,Оплачен вовремя
10509,864,2025-10-04,14961.32,14961.32,Оплачен вовремя
10510,864,2025-11-03,14961.32,14961.32,Оплачен вовремя
10511,864,2025-12-03,14961.32,14961.32,Оплачен вовремя
10512,865,2024-10-25,3390.83,3390.83,Оплачен вовремя
10513,865,2024-11-24,3390.83,3390.83,Оплачен вовремя
10514,865,2024-12-24,3390.83,3390.83,Оплачен вовремя
10515,865,2025-01-23,3390.83,3390.83,Оплачен вовремя
10516,865,2025-02-22,3390.83,3390.83,Оплачен вовремя
10517,865,2025-03-24,3390.83,3390.83,Оплачен вовремя
10518,865,2025-04-23,3390.83,3390.83,Оплачен вовремя
10519,865,2025-05-23,3390.83,3390.83,Оплачен вовремя
10520,865,2025-06-22,3390.83,3390.83,Оплачен вовремя
10521,865,2025-07-22,3390.83,3390.83,Оплачен вовремя
10522,865,2025-08-21,3390.83,3390.83,Оплачен вовремя
10523,865,2025-09-20,3390.83,3390.83,Оплачен вовремя
10524,865,2025-10-20,3390.83,3390.83,Оплачен вовремя
10525,865,2025-11-19,3390.83,3390.83,Оплачен вовремя
10526,865,2025-12-19,3390.83,3390.83,Оплачен вовремя
10527,866,2024-11-03,200994.67,200994.67,Оплачен вовремя
10528,866,2024-12-03,200994.67,200994.67,Оплачен вовремя
10529,866,2025-01-02,200994.67,200994.67,Оплачен вовремя
10530,866,2025-02-01,200994.67,200994.67,Оплачен вовремя
10531,866,2025-03-03,200994.67,200994.67,Оплачен вовремя
10532,866,2025-04-02,200994.67,200994.67,Оплачен вовремя
10533,866,2025-05-02,200994.67,200994.67,Оплачен вовремя
10534,866,2025-06-01,200994.67,200994.67,Оплачен вовремя
10535,866,2025-07-01,200994.67,200994.67,Оплачен вовремя
10536,867,2024-08-24,5430.09,5430.09,Оплачен вовремя
10537,867,2024-09-23,5430.09,5430.09,Оплачен вовремя
10538,867,2024-10-23,5430.09,5430.09,Оплачен вовремя
10539,867,2024-11-22,5430.09,5430.09,Оплачен вовремя
10540,867,2024-12-22,5430.09,5430.09,Оплачен вовремя
10541,867,2025-01-21,5430.09,5430.09,Оплачен вовремя
10542,867,2025-02-20,5430.09,5430.09,Оплачен вовремя
10543,867,2025-03-22,5430.09,5430.09,Оплачен вовремя
10544,867,2025-04-21,5430.09,5430.09,Оплачен вовремя
10545,867,2025-05-21,5430.09,5430.09,Оплачен вовремя
10546,867,2025-06-20,5430.09,5430.09,Оплачен вовремя
10547,867,2025-07-20,5430.09,5430.09,Оплачен вовремя
10548,868,2024-08-14,19820.45,19820.45,Оплачен вовремя
10549,868,2024-09-13,19820.45,19820.45,Оплачен вовремя
10550,868,2024-10-13,19820.45,19820.45,Оплачен вовремя
10551,868,2024-11-12,19820.45,19820.45,Оплачен вовремя
10552,868,2024-12-12,19820.45,19820.45,Оплачен вовремя
10553,868,2025-01-11,19820.45,19820.45,Оплачен вовремя
10554,868,2025-02-10,19820.45,19820.45,Оплачен вовремя
10555,868,2025-03-12,19820.45,19820.45,Оплачен вовремя
10556,868,2025-04-11,19820.45,19820.45,Оплачен вовремя
10557,868,2025-05-11,19820.45,19820.45,Оплачен вовремя
10558,868,2025-06-10,19820.45,19820.45,Оплачен вовремя
10559,868,2025-07-10,19820.45,19820.45,Оплачен вовремя
10560,868,2025-08-09,19820.45,19820.45,Оплачен вовремя
10561,868,2025-09-08,19820.45,19820.45,Оплачен вовремя
10562,868,2025-10-08,19820.45,19820.45,Оплачен вовремя
10563,868,2025-11-07,19820.45,19820.45,Оплачен вовремя
10564,868,2025-12-07,19820.45,19820.45,Оплачен вовремя
10565,869,2024-04-24,24771.13,24771.13,Оплачен вовремя
10566,869,2024-05-24,24771.13,24771.13,Оплачен вовремя
10567,869,2024-06-23,24771.13,24771.13,Оплачен вовремя
10568,869,2024-07-23,24771.13,24771.13,Оплачен вовремя
10569,869,2024-08-22,24771.13,24771.13,Оплачен вовремя
10570,869,2024-09-21,24771.13,24771.13,Оплачен вовремя
10571,869,2024-10-21,24771.13,24771.13,Оплачен вовремя
10572,869,2024-11-20,24771.13,24771.13,Оплачен вовремя
10573,869,2024-12-20,24771.13,24771.13,Оплачен вовремя
10574,869,2025-01-19,24771.13,24771.13,Оплачен вовремя
10575,869,2025-02-18,24771.13,24771.13,Оплачен вовремя
10576,869,2025-03-20,24771.13,24771.13,Оплачен вовремя
10577,870,2023-03-23,28573.22,28573.22,Оплачен вовремя
10578,870,2023-04-22,28573.22,28573.22,Оплачен вовремя
10579,870,2023-05-22,28573.22,28573.22,Оплачен вовремя
10580,870,2023-06-21,28573.22,28573.22,Оплачен вовремя
10581,870,2023-07-21,28573.22,28573.22,Оплачен вовремя
10582,870,2023-08-20,28573.22,28573.22,Оплачен вовремя
10583,870,2023-09-19,28573.22,28573.22,Оплачен вовремя
10584,870,2023-10-19,28573.22,28573.22,Оплачен вовремя
10585,870,2023-11-18,28573.22,28573.22,Оплачен вовремя
10586,870,2023-12-18,28573.22,28573.22,Оплачен вовремя
10587,870,2024-01-17,28573.22,28573.22,Оплачен вовремя
10588,870,2024-02-16,28573.22,28573.22,Оплачен вовремя
10589,870,2024-03-17,28573.22,28573.22,Оплачен вовремя
10590,870,2024-04-16,28573.22,28573.22,Оплачен вовремя
10591,870,2024-05-16,28573.22,28573.22,Оплачен вовремя
10592,870,2024-06-15,28573.22,28573.22,Оплачен вовремя
10593,870,2024-07-15,28573.22,28573.22,Оплачен вовремя
10594,870,2024-08-14,28573.22,28573.22,Оплачен вовремя
10595,870,2024-09-13,28573.22,28573.22,Оплачен вовремя
10596,870,2024-10-13,28573.22,28573.22,Оплачен вовремя
10597,870,2024-11-12,28573.22,28573.22,Оплачен вовремя
10598,870,2024-12-12,28573.22,28573.22,Оплачен вовремя
10599,870,2025-01-11,28573.22,28573.22,Оплачен вовремя
10600,870,2025-02-10,28573.22,28573.22,Оплачен вовремя
10601,871,2025-01-26,33488.55,33488.55,Оплачен вовремя
10602,871,2025-02-25,33488.55,33488.55,Оплачен вовремя
10603,871,2025-03-27,33488.55,33488.55,Оплачен вовремя
10604,871,2025-04-26,33488.55,33488.55,Оплачен вовремя
10605,871,2025-05-26,33488.55,33488.55,Оплачен вовремя
10606,871,2025-06-25,33488.55,33488.55,Оплачен вовремя
10607,871,2025-07-25,33488.55,33488.55,Оплачен вовремя
10608,871,2025-08-24,33488.55,33488.55,Оплачен вовремя
10609,871,2025-09-23,33488.55,33488.55,Оплачен вовремя
10610,871,2025-10-23,33488.55,33488.55,Оплачен вовремя
10611,871,2025-11-22,33488.55,33488.55,Оплачен вовремя
10612,871,2025-12-22,33488.55,33488.55,Оплачен вовремя
10613,872,2025-08-23,7148.29,7148.29,Оплачен вовремя
10614,872,2025-09-22,7148.29,7148.29,Оплачен вовремя
10615,872,2025-10-22,7148.29,7148.29,Оплачен вовремя
10616,872,2025-11-21,7148.29,7148.29,Оплачен вовремя
10617,872,2025-12-21,7148.29,7148.29,Оплачен вовремя
10618,873,2025-10-27,6268.26,6268.26,Оплачен вовремя
10619,873,2025-11-26,6268.26,6268.26,Оплачен вовремя
10620,873,2025-12-26,6268.26,6268.26,Оплачен вовремя
10621,874,2025-10-12,12145.86,12145.86,Оплачен вовремя
10622,874,2025-11-11,12145.86,12145.86,Оплачен вовремя
10623,874,2025-12-11,12145.86,12145.86,Оплачен вовремя
10624,875,2025-02-27,21888.63,21888.63,Оплачен вовремя
10625,875,2025-03-29,21888.63,21888.63,Оплачен вовремя
10626,875,2025-04-28,21888.63,21888.63,Оплачен вовремя
10627,875,2025-05-28,21888.63,21888.63,Оплачен вовремя
10628,875,2025-06-27,21888.63,21888.63,Оплачен вовремя
10629,875,2025-07-27,21888.63,21888.63,Оплачен вовремя
10630,875,2025-08-26,21888.63,21888.63,Оплачен вовремя
10631,875,2025-09-25,21888.63,21888.63,Оплачен вовремя
10632,875,2025-10-25,21888.63,21888.63,Оплачен вовремя
10633,875,2025-11-24,21888.63,21888.63,Оплачен вовремя
10634,875,2025-12-24,21888.63,21888.63,Оплачен вовремя
10635,876,2022-12-10,62884.5,62884.5,Оплачен вовремя
10636,876,2023-01-09,62884.5,62884.5,Оплачен вовремя
10637,876,2023-02-08,62884.5,62884.5,Оплачен вовремя
10638,876,2023-03-10,62884.5,62884.5,Оплачен вовремя
10639,876,2023-04-09,62884.5,62884.5,Оплачен вовремя
10640,876,2023-05-09,62884.5,62884.5,Оплачен вовремя
10641,876,2023-06-08,62884.5,62884.5,Оплачен вовремя
10642,876,2023-07-08,62884.5,62884.5,Оплачен вовремя
10643,876,2023-08-07,62884.5,62884.5,Оплачен вовремя
10644,876,2023-09-06,62884.5,62884.5,Оплачен вовремя
10645,876,2023-10-06,62884.5,62884.5,Оплачен вовремя
10646,876,2023-11-05,62884.5,62884.5,Оплачен вовремя
10647,877,2024-04-11,652371.05,652371.05,Оплачен вовремя
10648,877,2024-05-11,652371.05,652371.05,Оплачен вовремя
10649,877,2024-06-10,652371.05,652371.05,Оплачен вовремя
10650,877,2024-07-10,652371.05,652371.05,Оплачен вовремя
10651,877,2024-08-09,652371.05,652371.05,Оплачен вовремя
10652,877,2024-09-08,652371.05,652371.05,Оплачен вовремя
10653,878,2025-01-11,21985.25,21985.25,Оплачен вовремя
10654,878,2025-02-10,21985.25,21985.25,Оплачен вовремя
10655,878,2025-03-12,21985.25,21985.25,Оплачен вовремя
10656,878,2025-04-11,21985.25,21985.25,Оплачен вовремя
10657,878,2025-05-11,21985.25,21985.25,Оплачен вовремя
10658,878,2025-06-10,21985.25,21985.25,Оплачен вовремя
10659,878,2025-07-10,21985.25,21985.25,Оплачен вовремя
10660,878,2025-08-09,21985.25,21985.25,Оплачен вовремя
10661,878,2025-09-08,21985.25,21985.25,Оплачен вовремя
10662,878,2025-10-08,21985.25,21985.25,Оплачен вовремя
10663,878,2025-11-07,21985.25,21985.25,Оплачен вовремя
10664,878,2025-12-07,21985.25,21985.25,Оплачен вовремя
10665,879,2025-05-14,1784.83,1784.83,Оплачен вовремя
10666,879,2025-06-13,1784.83,1784.83,Оплачен вовремя
10667,879,2025-07-13,1784.83,1784.83,Оплачен вовремя
10668,879,2025-08-12,1784.83,1784.83,Оплачен вовремя
10669,879,2025-09-11,1784.83,1784.83,Оплачен вовремя
10670,879,2025-10-11,1784.83,1784.83,Оплачен вовремя
10671,879,2025-11-10,1784.83,1784.83,Оплачен вовремя
10672,879,2025-12-10,1784.83,1784.83,Оплачен вовремя
10673,880,2022-07-25,7247.28,7247.28,Оплачен вовремя
10674,880,2022-08-24,7247.28,7247.28,Оплачен вовремя
10675,880,2022-09-23,7247.28,7247.28,Оплачен вовремя
10676,880,2022-10-23,7247.28,7247.28,Оплачен вовремя
10677,880,2022-11-22,7247.28,7247.28,Оплачен вовремя
10678,880,2022-12-22,7247.28,7247.28,Оплачен вовремя
10679,880,2023-01-21,7247.28,7247.28,Оплачен вовремя
10680,880,2023-02-20,7247.28,7247.28,Оплачен вовремя
10681,880,2023-03-22,7247.28,7247.28,Оплачен вовремя
10682,880,2023-04-21,7247.28,7247.28,Оплачен вовремя
10683,880,2023-05-21,7247.28,7247.28,Оплачен вовремя
10684,880,2023-06-20,7247.28,7247.28,Оплачен вовремя
10685,880,2023-07-20,7247.28,7247.28,Оплачен вовремя
10686,880,2023-08-19,7247.28,7247.28,Оплачен вовремя
10687,880,2023-09-18,7247.28,7247.28,Оплачен вовремя
10688,880,2023-10-18,7247.28,7247.28,Оплачен вовремя
10689,880,2023-11-17,7247.28,7247.28,Оплачен вовремя
10690,880,2023-12-17,7247.28,7247.28,Оплачен вовремя
10691,880,2024-01-16,7247.28,7247.28,Оплачен вовремя
10692,880,2024-02-15,7247.28,7247.28,Оплачен вовремя
10693,880,2024-03-16,7247.28,7247.28,Оплачен вовремя
10694,880,2024-04-15,7247.28,7247.28,Оплачен вовремя
10695,880,2024-05-15,7247.28,7247.28,Оплачен вовремя
10696,880,2024-06-14,7247.28,7247.28,Оплачен вовремя
10697,880,2024-07-14,7247.28,7247.28,Оплачен вовремя
10698,880,2024-08-13,7247.28,7247.28,Оплачен вовремя
10699,880,2024-09-12,7247.28,7247.28,Оплачен вовремя
10700,880,2024-10-12,7247.28,7247.28,Оплачен вовремя
10701,880,2024-11-11,7247.28,7247.28,Оплачен вовремя
10702,880,2024-12-11,7247.28,7247.28,Оплачен вовремя
10703,880,2025-01-10,7247.28,7247.28,Оплачен вовремя
10704,880,2025-02-09,7247.28,7247.28,Оплачен вовремя
10705,880,2025-03-11,7247.28,7247.28,Оплачен вовремя
10706,880,2025-04-10,7247.28,7247.28,Оплачен вовремя
10707,880,2025-05-10,7247.28,7247.28,Оплачен вовремя
10708,880,2025-06-09,7247.28,7247.28,Оплачен вовремя
10709,881,2025-03-24,11022.86,11022.86,Оплачен вовремя
10710,881,2025-04-23,11022.86,11022.86,Оплачен вовремя
10711,881,2025-05-23,11022.86,11022.86,Оплачен вовремя
10712,881,2025-06-22,11022.86,11022.86,Оплачен вовремя
10713,881,2025-07-22,11022.86,11022.86,Оплачен вовремя
10714,881,2025-08-21,11022.86,11022.86,Оплачен вовремя
10715,881,2025-09-20,11022.86,11022.86,Оплачен вовремя
10716,881,2025-10-20,11022.86,11022.86,Оплачен вовремя
10717,881,2025-11-19,11022.86,11022.86,Оплачен вовремя
10718,881,2025-12-19,11022.86,11022.86,Оплачен вовремя
10719,882,2025-05-26,56210.24,56210.24,Оплачен вовремя
10720,882,2025-06-25,56210.24,56210.24,Оплачен вовремя
10721,882,2025-07-25,56210.24,56210.24,Оплачен вовремя
10722,882,2025-08-24,56210.24,56210.24,Оплачен вовремя
10723,882,2025-09-23,56210.24,56210.24,Оплачен вовремя
10724,882,2025-10-23,56210.24,56210.24,Оплачен вовремя
10725,882,2025-11-22,56210.24,56210.24,Оплачен вовремя
10726,882,2025-12-22,56210.24,56210.24,Оплачен вовремя
10727,883,2024-03-22,21553.31,21553.31,Оплачен вовремя
10728,883,2024-04-21,21553.31,21553.31,Оплачен вовремя
10729,883,2024-05-21,21553.31,21553.31,Оплачен вовремя
10730,883,2024-06-20,21553.31,21553.31,Оплачен вовремя
10731,883,2024-07-20,21553.31,21553.31,Оплачен вовремя
10732,883,2024-08-19,21553.31,21553.31,Оплачен вовремя
10733,883,2024-09-18,21553.31,21553.31,Оплачен вовремя
10734,883,2024-10-18,21553.31,21553.31,Оплачен вовремя
10735,883,2024-11-17,21553.31,21553.31,Оплачен вовремя
10736,883,2024-12-17,21553.31,21553.31,Оплачен вовремя
10737,883,2025-01-16,21553.31,21553.31,Оплачен вовремя
10738,883,2025-02-15,21553.31,21553.31,Оплачен вовремя
10739,884,2023-09-19,26398.46,26398.46,Оплачен вовремя
10740,884,2023-10-19,26398.46,26398.46,Оплачен вовремя
10741,884,2023-11-18,26398.46,26398.46,Оплачен вовремя
10742,884,2023-12-18,26398.46,26398.46,Оплачен вовремя
10743,884,2024-01-17,26398.46,26398.46,Оплачен вовремя
10744,884,2024-02-16,26398.46,26398.46,Оплачен вовремя
10745,884,2024-03-17,26398.46,26398.46,Оплачен вовремя
10746,884,2024-04-16,26398.46,26398.46,Оплачен вовремя
10747,884,2024-05-16,26398.46,26398.46,Оплачен вовремя
10748,884,2024-06-15,26398.46,26398.46,Оплачен вовремя
10749,884,2024-07-15,26398.46,26398.46,Оплачен вовремя
10750,884,2024-08-14,26398.46,26398.46,Оплачен вовремя
10751,884,2024-09-13,26398.46,26398.46,Оплачен вовремя
10752,884,2024-10-13,26398.46,26398.46,Оплачен вовремя
10753,884,2024-11-12,26398.46,26398.46,Оплачен вовремя
10754,884,2024-12-12,26398.46,26398.46,Оплачен вовремя
10755,884,2025-01-11,26398.46,26398.46,Оплачен вовремя
10756,884,2025-02-10,26398.46,26398.46,Оплачен вовремя
10757,884,2025-03-12,26398.46,26398.46,Оплачен вовремя
10758,884,2025-04-11,26398.46,26398.46,Оплачен вовремя
10759,884,2025-05-11,26398.46,26398.46,Оплачен вовремя
10760,884,2025-06-10,26398.46,26398.46,Оплачен вовремя
10761,884,2025-07-10,26398.46,26398.46,Оплачен вовремя
10762,884,2025-08-09,26398.46,26398.46,Оплачен вовремя
10763,884,2025-09-08,26398.46,26398.46,Оплачен вовремя
10764,884,2025-10-08,26398.46,26398.46,Оплачен вовремя
10765,884,2025-11-07,26398.46,26398.46,Оплачен вовремя
10766,884,2025-12-07,26398.46,26398.46,Оплачен вовремя
10767,885,2025-11-05,41556.51,41556.51,Оплачен вовремя
10768,885,2025-12-05,41556.51,41556.51,Оплачен вовремя
10769,886,2025-08-29,744868.99,744868.99,Оплачен вовремя
10770,886,2025-09-28,744868.99,744868.99,Оплачен вовремя
10771,886,2025-10-28,744868.99,744868.99,Оплачен вовремя
10772,887,2025-09-03,163462.93,163462.93,Оплачен вовремя
10773,887,2025-10-03,163462.93,163462.93,Оплачен вовремя
10774,887,2025-11-02,163462.93,163462.93,Оплачен вовремя
10775,887,2025-12-02,163462.93,163462.93,Оплачен вовремя
10776,888,2023-07-19,26848.58,26848.58,Оплачен вовремя
10777,888,2023-08-18,26848.58,26848.58,Оплачен вовремя
10778,888,2023-09-17,26848.58,26848.58,Оплачен вовремя
10779,888,2023-10-17,26848.58,26848.58,Оплачен вовремя
10780,888,2023-11-16,26848.58,26848.58,Оплачен вовремя
10781,888,2023-12-16,26848.58,26848.58,Оплачен вовремя
10782,888,2024-01-15,26848.58,26848.58,Оплачен вовремя
10783,888,2024-02-14,26848.58,26848.58,Оплачен вовремя
10784,888,2024-03-15,26848.58,26848.58,Оплачен вовремя
10785,888,2024-04-14,26848.58,26848.58,Оплачен вовремя
10786,888,2024-05-14,26848.58,26848.58,Оплачен вовремя
10787,888,2024-06-13,26848.58,26848.58,Оплачен вовремя
10788,889,2025-03-30,33645.1,33645.1,Оплачен вовремя
10789,889,2025-04-29,33645.1,33645.1,Оплачен вовремя
10790,889,2025-05-29,33645.1,33645.1,Оплачен вовремя
10791,889,2025-06-28,33645.1,33645.1,Оплачен вовремя
10792,889,2025-07-28,33645.1,33645.1,Оплачен вовремя
10793,889,2025-08-27,33645.1,33645.1,Оплачен вовремя
10794,889,2025-09-26,33645.1,33645.1,Оплачен вовремя
10795,889,2025-10-26,33645.1,33645.1,Оплачен вовремя
10796,889,2025-11-25,33645.1,33645.1,Оплачен вовремя
10797,889,2025-12-25,33645.1,33645.1,Оплачен вовремя
10798,890,2025-06-26,43524.46,43524.46,Оплачен вовремя
10799,890,2025-07-26,43524.46,43524.46,Оплачен вовремя
10800,890,2025-08-25,43524.46,43524.46,Оплачен вовремя
10801,890,2025-09-24,43524.46,43524.46,Оплачен вовремя
10802,890,2025-10-24,43524.46,43524.46,Оплачен вовремя
10803,890,2025-11-23,43524.46,43524.46,Оплачен вовремя
10804,890,2025-12-23,43524.46,43524.46,Оплачен вовремя
10805,891,2025-06-27,10991.72,10991.72,Оплачен вовремя
10806,891,2025-07-27,10991.72,10991.72,Оплачен вовремя
10807,891,2025-08-26,10991.72,10991.72,Оплачен вовремя
10808,891,2025-09-25,10991.72,10991.72,Оплачен вовремя
10809,891,2025-10-25,10991.72,10991.72,Оплачен вовремя
10810,891,2025-11-24,10991.72,10991.72,Оплачен вовремя
10811,891,2025-12-24,10991.72,10991.72,Оплачен вовремя
10812,892,2024-04-16,29564.66,29564.66,Оплачен вовремя
10813,892,2024-05-16,29564.66,29564.66,Оплачен вовремя
10814,892,2024-06-15,29564.66,29564.66,Оплачен вовремя
10815,892,2024-07-15,29564.66,29564.66,Оплачен вовремя
10816,892,2024-08-14,29564.66,29564.66,Оплачен вовремя
10817,892,2024-09-13,29564.66,29564.66,Оплачен вовремя
10818,892,2024-10-13,29564.66,29564.66,Просрочен
10819,892,2024-11-12,29564.66,29564.66,Оплачен вовремя
10820,892,2024-12-12,29564.66,29564.66,Оплачен вовремя
10821,892,2025-01-11,29564.66,29564.66,Просрочен
10822,892,2025-02-10,29564.66,29564.66,Оплачен вовремя
10823,892,2025-03-12,29564.66,29564.66,Просрочен
10824,892,2025-04-11,29564.66,29564.66,Просрочен
10825,892,2025-05-11,29564.66,29564.66,Оплачен вовремя
10826,892,2025-06-10,29564.66,29564.66,Просрочен
10827,892,2025-07-10,29564.66,29564.66,Просрочен
10828,892,2025-08-09,29564.66,0.0,Не оплачен
10829,892,2025-09-08,29564.66,29564.66,Просрочен
10830,892,2025-10-08,29564.66,29564.66,Оплачен вовремя
10831,892,2025-11-07,29564.66,0.0,Не оплачен
10832,892,2025-12-07,29564.66,0.0,Не оплачен
10833,893,2024-04-26,1450823.04,1450823.04,Оплачен вовремя
10834,893,2024-05-26,1450823.04,1450823.04,Оплачен вовремя
10835,893,2024-06-25,1450823.04,1450823.04,Оплачен вовремя
10836,894,2025-04-15,62065.4,62065.4,Оплачен вовремя
10837,894,2025-05-15,62065.4,62065.4,Оплачен вовремя
10838,894,2025-06-14,62065.4,62065.4,Оплачен вовремя
10839,894,2025-07-14,62065.4,62065.4,Оплачен вовремя
10840,894,2025-08-13,62065.4,62065.4,Оплачен вовремя
10841,894,2025-09-12,62065.4,62065.4,Оплачен вовремя
10842,894,2025-10-12,62065.4,62065.4,Оплачен вовремя
10843,894,2025-11-11,62065.4,62065.4,Оплачен вовремя
10844,894,2025-12-11,62065.4,62065.4,Оплачен вовремя
10845,895,2024-08-23,62888.77,62888.77,Оплачен вовремя
10846,895,2024-09-22,62888.77,62888.77,Оплачен вовремя
10847,895,2024-10-22,62888.77,62888.77,Оплачен вовремя
10848,895,2024-11-21,62888.77,62888.77,Оплачен вовремя
10849,895,2024-12-21,62888.77,62888.77,Оплачен вовремя
10850,895,2025-01-20,62888.77,62888.77,Оплачен вовремя
10851,895,2025-02-19,62888.77,62888.77,Оплачен вовремя
10852,895,2025-03-21,62888.77,62888.77,Оплачен вовремя
10853,895,2025-04-20,62888.77,62888.77,Оплачен вовремя
10854,895,2025-05-20,62888.77,62888.77,Оплачен вовремя
10855,895,2025-06-19,62888.77,62888.77,Оплачен вовремя
10856,895,2025-07-19,62888.77,62888.77,Оплачен вовремя
10857,897,2024-06-02,542650.08,542650.08,Оплачен вовремя
10858,897,2024-07-02,542650.08,542650.08,Оплачен вовремя
10859,897,2024-08-01,542650.08,542650.08,Оплачен вовремя
10860,897,2024-08-31,542650.08,542650.08,Оплачен вовремя
10861,897,2024-09-30,542650.08,542650.08,Оплачен вовремя
10862,897,2024-10-30,542650.08,542650.08,Оплачен вовремя
10863,898,2024-03-24,9929.07,9929.07,Оплачен вовремя
10864,898,2024-04-23,9929.07,9929.07,Оплачен вовремя
10865,898,2024-05-23,9929.07,9929.07,Оплачен вовремя
10866,898,2024-06-22,9929.07,9929.07,Оплачен вовремя
10867,898,2024-07-22,9929.07,9929.07,Оплачен вовремя
10868,898,2024-08-21,9929.07,9929.07,Оплачен вовремя
10869,898,2024-09-20,9929.07,9929.07,Оплачен вовремя
10870,898,2024-10-20,9929.07,9929.07,Оплачен вовремя
10871,898,2024-11-19,9929.07,9929.07,Оплачен вовремя
10872,898,2024-12-19,9929.07,9929.07,Оплачен вовремя
10873,898,2025-01-18,9929.07,9929.07,Оплачен вовремя
10874,898,2025-02-17,9929.07,9929.07,Оплачен вовремя
10875,898,2025-03-19,9929.07,9929.07,Оплачен вовремя
10876,898,2025-04-18,9929.07,9929.07,Оплачен вовремя
10877,898,2025-05-18,9929.07,9929.07,Оплачен вовремя
10878,898,2025-06-17,9929.07,9929.07,Оплачен вовремя
10879,898,2025-07-17,9929.07,9929.07,Оплачен вовремя
10880,898,2025-08-16,9929.07,9929.07,Оплачен вовремя
10881,898,2025-09-15,9929.07,9929.07,Оплачен вовремя
10882,898,2025-10-15,9929.07,9929.07,Оплачен вовремя
10883,898,2025-11-14,9929.07,9929.07,Оплачен вовремя
10884,898,2025-12-14,9929.07,9929.07,Оплачен вовремя
10885,899,2024-11-22,41754.44,41754.44,Оплачен вовремя
10886,899,2024-12-22,41754.44,41754.44,Оплачен вовремя
10887,899,2025-01-21,41754.44,41754.44,Оплачен вовремя
10888,899,2025-02-20,41754.44,41754.44,Оплачен вовремя
10889,899,2025-03-22,41754.44,41754.44,Оплачен вовремя
10890,899,2025-04-21,41754.44,41754.44,Оплачен вовремя
10891,899,2025-05-21,41754.44,41754.44,Оплачен вовремя
10892,899,2025-06-20,41754.44,41754.44,Оплачен вовремя
10893,899,2025-07-20,41754.44,41754.44,Оплачен вовремя
10894,899,2025-08-19,41754.44,41754.44,Оплачен вовремя
10895,899,2025-09-18,41754.44,41754.44,Оплачен вовремя
10896,899,2025-10-18,41754.44,41754.44,Оплачен вовремя
10897,899,2025-11-17,41754.44,41754.44,Оплачен вовремя
10898,899,2025-12-17,41754.44,41754.44,Оплачен вовремя
10899,900,2025-09-01,7457.03,7457.03,Оплачен вовремя
10900,900,2025-10-01,7457.03,7457.03,Оплачен вовремя
10901,900,2025-10-31,7457.03,7457.03,Оплачен вовремя
10902,900,2025-11-30,7457.03,7457.03,Оплачен вовремя
10903,901,2025-11-08,6836.8,6836.8,Оплачен вовремя
10904,901,2025-12-08,6836.8,6836.8,Оплачен вовремя
10905,902,2024-12-02,3782.34,3782.34,Оплачен вовремя
10906,902,2025-01-01,3782.34,3782.34,Оплачен вовремя
10907,902,2025-01-31,3782.34,3782.34,Оплачен вовремя
10908,902,2025-03-02,3782.34,3782.34,Оплачен вовремя
10909,902,2025-04-01,3782.34,3782.34,Оплачен вовремя
10910,902,2025-05-01,3782.34,3782.34,Оплачен вовремя
10911,902,2025-05-31,3782.34,3782.34,Оплачен вовремя
10912,902,2025-06-30,3782.34,3782.34,Оплачен вовремя
10913,902,2025-07-30,3782.34,3782.34,Оплачен вовремя
10914,902,2025-08-29,3782.34,3782.34,Оплачен вовремя
10915,902,2025-09-28,3782.34,3782.34,Оплачен вовремя
10916,902,2025-10-28,3782.34,3782.34,Оплачен вовремя
10917,902,2025-11-27,3782.34,3782.34,Оплачен вовремя
10918,903,2023-03-13,36204.65,36204.65,Оплачен вовремя
10919,903,2023-04-12,36204.65,36204.65,Оплачен вовремя
10920,903,2023-05-12,36204.65,36204.65,Оплачен вовремя
10921,903,2023-06-11,36204.65,36204.65,Оплачен вовремя
10922,903,2023-07-11,36204.65,36204.65,Оплачен вовремя
10923,903,2023-08-10,36204.65,36204.65,Оплачен вовремя
10924,903,2023-09-09,36204.65,36204.65,Оплачен вовремя
10925,903,2023-10-09,36204.65,36204.65,Оплачен вовремя
10926,903,2023-11-08,36204.65,36204.65,Оплачен вовремя
10927,903,2023-12-08,36204.65,36204.65,Оплачен вовремя
10928,903,2024-01-07,36204.65,36204.65,Оплачен вовремя
10929,903,2024-02-06,36204.65,36204.65,Оплачен вовремя
10930,903,2024-03-07,36204.65,36204.65,Оплачен вовремя
10931,903,2024-04-06,36204.65,36204.65,Оплачен вовремя
10932,903,2024-05-06,36204.65,36204.65,Оплачен вовремя
10933,903,2024-06-05,36204.65,36204.65,Оплачен вовремя
10934,903,2024-07-05,36204.65,36204.65,Оплачен вовремя
10935,903,2024-08-04,36204.65,36204.65,Оплачен вовремя
10936,903,2024-09-03,36204.65,36204.65,Оплачен вовремя
10937,903,2024-10-03,36204.65,36204.65,Оплачен вовремя
10938,903,2024-11-02,36204.65,36204.65,Оплачен вовремя
10939,903,2024-12-02,36204.65,36204.65,Оплачен вовремя
10940,903,2025-01-01,36204.65,36204.65,Оплачен вовремя
10941,903,2025-01-31,36204.65,36204.65,Оплачен вовремя
10942,904,2025-08-08,5886.6,5886.6,Оплачен вовремя
10943,904,2025-09-07,5886.6,5886.6,Оплачен вовремя
10944,904,2025-10-07,5886.6,5886.6,Оплачен вовремя
10945,904,2025-11-06,5886.6,5886.6,Оплачен вовремя
10946,904,2025-12-06,5886.6,5886.6,Оплачен вовремя
10947,905,2025-07-10,9549.99,9549.99,Просрочен
10948,905,2025-08-09,9549.99,9549.99,Оплачен вовремя
10949,905,2025-09-08,9549.99,0.0,Не оплачен
10950,905,2025-10-08,9549.99,9549.99,Оплачен вовремя
10951,905,2025-11-07,9549.99,9549.99,Оплачен вовремя
10952,905,2025-12-07,9549.99,9549.99,Просрочен
10953,906,2025-10-29,13653.92,13653.92,Оплачен вовремя
10954,906,2025-11-28,13653.92,13653.92,Оплачен вовремя
10955,906,2025-12-28,13653.92,13653.92,Оплачен вовремя
10956,907,2023-09-28,829639.28,829639.28,Оплачен вовремя
10957,907,2023-10-28,829639.28,829639.28,Оплачен вовремя
10958,907,2023-11-27,829639.28,829639.28,Оплачен вовремя
10959,907,2023-12-27,829639.28,829639.28,Оплачен вовремя
10960,907,2024-01-26,829639.28,829639.28,Оплачен вовремя
10961,907,2024-02-25,829639.28,829639.28,Оплачен вовремя
10962,908,2025-07-07,19665.69,19665.69,Оплачен вовремя
10963,908,2025-08-06,19665.69,19665.69,Оплачен вовремя
10964,908,2025-09-05,19665.69,19665.69,Оплачен вовремя
10965,908,2025-10-05,19665.69,19665.69,Оплачен вовремя
10966,908,2025-11-04,19665.69,19665.69,Оплачен вовремя
10967,908,2025-12-04,19665.69,19665.69,Оплачен вовремя
10968,909,2024-11-12,31859.47,31859.47,Оплачен вовремя
10969,909,2024-12-12,31859.47,31859.47,Оплачен вовремя
10970,909,2025-01-11,31859.47,31859.47,Оплачен вовремя
10971,909,2025-02-10,31859.47,31859.47,Оплачен вовремя
10972,909,2025-03-12,31859.47,31859.47,Оплачен вовремя
10973,909,2025-04-11,31859.47,31859.47,Оплачен вовремя
10974,909,2025-05-11,31859.47,31859.47,Оплачен вовремя
10975,909,2025-06-10,31859.47,31859.47,Оплачен вовремя
10976,909,2025-07-10,31859.47,31859.47,Оплачен вовремя
10977,909,2025-08-09,31859.47,31859.47,Оплачен вовремя
10978,909,2025-09-08,31859.47,31859.47,Оплачен вовремя
10979,909,2025-10-08,31859.47,31859.47,Оплачен вовремя
10980,909,2025-11-07,31859.47,31859.47,Оплачен вовремя
10981,909,2025-12-07,31859.47,31859.47,Оплачен вовремя
10982,910,2024-03-31,46510.38,46510.38,Оплачен вовремя
10983,910,2024-04-30,46510.38,46510.38,Оплачен вовремя
10984,910,2024-05-30,46510.38,46510.38,Оплачен вовремя
10985,910,2024-06-29,46510.38,46510.38,Оплачен вовремя
10986,910,2024-07-29,46510.38,46510.38,Оплачен вовремя
10987,910,2024-08-28,46510.38,46510.38,Оплачен вовремя
10988,910,2024-09-27,46510.38,46510.38,Оплачен вовремя
10989,910,2024-10-27,46510.38,46510.38,Оплачен вовремя
10990,910,2024-11-26,46510.38,46510.38,Оплачен вовремя
10991,910,2024-12-26,46510.38,46510.38,Оплачен вовремя
10992,910,2025-01-25,46510.38,46510.38,Оплачен вовремя
10993,910,2025-02-24,46510.38,46510.38,Оплачен вовремя
10994,910,2025-03-26,46510.38,46510.38,Оплачен вовремя
10995,910,2025-04-25,46510.38,46510.38,Оплачен вовремя
10996,910,2025-05-25,46510.38,46510.38,Оплачен вовремя
10997,910,2025-06-24,46510.38,46510.38,Оплачен вовремя
10998,910,2025-07-24,46510.38,46510.38,Оплачен вовремя
10999,910,2025-08-23,46510.38,46510.38,Оплачен вовремя
11000,910,2025-09-22,46510.38,46510.38,Оплачен вовремя
11001,910,2025-10-22,46510.38,46510.38,Оплачен вовремя
11002,910,2025-11-21,46510.38,46510.38,Оплачен вовремя
11003,911,2023-05-26,248427.69,248427.69,Оплачен вовремя
11004,911,2023-06-25,248427.69,248427.69,Оплачен вовремя
11005,911,2023-07-25,248427.69,248427.69,Оплачен вовремя
11006,911,2023-08-24,248427.69,248427.69,Оплачен вовремя
11007,911,2023-09-23,248427.69,248427.69,Оплачен вовремя
11008,911,2023-10-23,248427.69,248427.69,Оплачен вовремя
11009,911,2023-11-22,248427.69,248427.69,Оплачен вовремя
11010,911,2023-12-22,248427.69,248427.69,Оплачен вовремя
11011,911,2024-01-21,248427.69,248427.69,Оплачен вовремя
11012,912,2025-02-06,29372.2,29372.2,Просрочен
11013,912,2025-03-08,29372.2,29372.2,Просрочен
11014,912,2025-04-07,29372.2,29372.2,Оплачен вовремя
11015,912,2025-05-07,29372.2,29372.2,Оплачен вовремя
11016,912,2025-06-06,29372.2,0.0,Не оплачен
11017,912,2025-07-06,29372.2,29372.2,Оплачен вовремя
11018,912,2025-08-05,29372.2,29372.2,Оплачен вовремя
11019,912,2025-09-04,29372.2,0.0,Не оплачен
11020,912,2025-10-04,29372.2,29372.2,Оплачен вовремя
11021,912,2025-11-03,29372.2,29372.2,Оплачен вовремя
11022,912,2025-12-03,29372.2,29372.2,Оплачен вовремя
11023,913,2025-01-31,217787.67,217787.67,Оплачен вовремя
11024,913,2025-03-02,217787.67,217787.67,Оплачен вовремя
11025,913,2025-04-01,217787.67,217787.67,Оплачен вовремя
11026,913,2025-05-01,217787.67,217787.67,Оплачен вовремя
11027,913,2025-05-31,217787.67,217787.67,Оплачен вовремя
11028,913,2025-06-30,217787.67,217787.67,Оплачен вовремя
11029,913,2025-07-30,217787.67,217787.67,Оплачен вовремя
11030,913,2025-08-29,217787.67,217787.67,Оплачен вовремя
11031,913,2025-09-28,217787.67,217787.67,Оплачен вовремя
11032,913,2025-10-28,217787.67,217787.67,Оплачен вовремя
11033,913,2025-11-27,217787.67,217787.67,Оплачен вовремя
11034,914,2025-12-04,13081.98,13081.98,Оплачен вовремя
11035,915,2025-06-20,28781.94,28781.94,Оплачен вовремя
11036,915,2025-07-20,28781.94,28781.94,Оплачен вовремя
11037,915,2025-08-19,28781.94,28781.94,Оплачен вовремя
11038,915,2025-09-18,28781.94,28781.94,Оплачен вовремя
11039,915,2025-10-18,28781.94,28781.94,Оплачен вовремя
11040,915,2025-11-17,28781.94,28781.94,Оплачен вовремя
11041,915,2025-12-17,28781.94,28781.94,Оплачен вовремя
11042,916,2025-12-25,36092.28,36092.28,Оплачен вовремя
11043,917,2025-04-11,48559.14,48559.14,Оплачен вовремя
11044,917,2025-05-11,48559.14,48559.14,Оплачен вовремя
11045,917,2025-06-10,48559.14,48559.14,Оплачен вовремя
11046,917,2025-07-10,48559.14,48559.14,Оплачен вовремя
11047,917,2025-08-09,48559.14,48559.14,Оплачен вовремя
11048,917,2025-09-08,48559.14,48559.14,Оплачен вовремя
11049,917,2025-10-08,48559.14,48559.14,Оплачен вовремя
11050,917,2025-11-07,48559.14,48559.14,Оплачен вовремя
11051,917,2025-12-07,48559.14,48559.14,Оплачен вовремя
11052,918,2024-04-21,421139.21,421139.21,Оплачен вовремя
11053,918,2024-05-21,421139.21,421139.21,Оплачен вовремя
11054,918,2024-06-20,421139.21,421139.21,Оплачен вовремя
11055,918,2024-07-20,421139.21,421139.21,Оплачен вовремя
11056,918,2024-08-19,421139.21,421139.21,Оплачен вовремя
11057,918,2024-09-18,421139.21,421139.21,Оплачен вовремя
11058,919,2025-04-12,270188.29,270188.29,Оплачен вовремя
11059,919,2025-05-12,270188.29,270188.29,Оплачен вовремя
11060,919,2025-06-11,270188.29,270188.29,Оплачен вовремя
11061,919,2025-07-11,270188.29,270188.29,Оплачен вовремя
11062,919,2025-08-10,270188.29,270188.29,Оплачен вовремя
11063,919,2025-09-09,270188.29,270188.29,Оплачен вовремя
11064,920,2025-04-24,12895.46,12895.46,Оплачен вовремя
11065,920,2025-05-24,12895.46,12895.46,Оплачен вовремя
11066,920,2025-06-23,12895.46,0.0,Не оплачен
11067,920,2025-07-23,12895.46,12895.46,Просрочен
11068,920,2025-08-22,12895.46,12895.46,Оплачен вовремя
11069,920,2025-09-21,12895.46,12895.46,Оплачен вовремя
11070,920,2025-10-21,12895.46,12895.46,Просрочен
11071,920,2025-11-20,12895.46,12895.46,Оплачен вовремя
11072,920,2025-12-20,12895.46,0.0,Не оплачен
11073,921,2025-07-11,26811.95,26811.95,Оплачен вовремя
11074,921,2025-08-10,26811.95,26811.95,Оплачен вовремя
11075,921,2025-09-09,26811.95,26811.95,Оплачен вовремя
11076,921,2025-10-09,26811.95,26811.95,Оплачен вовремя
11077,921,2025-11-08,26811.95,26811.95,Оплачен вовремя
11078,921,2025-12-08,26811.95,26811.95,Оплачен вовремя
11079,922,2025-09-08,221123.02,221123.02,Оплачен вовремя
11080,922,2025-10-08,221123.02,221123.02,Оплачен вовремя
11081,922,2025-11-07,221123.02,221123.02,Оплачен вовремя
11082,922,2025-12-07,221123.02,221123.02,Оплачен вовремя
11083,923,2025-04-20,2476.91,2476.91,Оплачен вовремя
11084,923,2025-05-20,2476.91,2476.91,Оплачен вовремя
11085,923,2025-06-19,2476.91,2476.91,Оплачен вовремя
11086,923,2025-07-19,2476.91,2476.91,Оплачен вовремя
11087,923,2025-08-18,2476.91,2476.91,Оплачен вовремя
11088,923,2025-09-17,2476.91,2476.91,Оплачен вовремя
11089,923,2025-10-17,2476.91,2476.91,Оплачен вовремя
11090,923,2025-11-16,2476.91,2476.91,Оплачен вовремя
11091,923,2025-12-16,2476.91,2476.91,Оплачен вовремя
11092,924,2024-01-04,50209.6,50209.6,Оплачен вовремя
11093,924,2024-02-03,50209.6,50209.6,Оплачен вовремя
11094,924,2024-03-04,50209.6,50209.6,Оплачен вовремя
11095,924,2024-04-03,50209.6,50209.6,Оплачен вовремя
11096,924,2024-05-03,50209.6,50209.6,Оплачен вовремя
11097,924,2024-06-02,50209.6,50209.6,Оплачен вовремя
11098,924,2024-07-02,50209.6,50209.6,Оплачен вовремя
11099,924,2024-08-01,50209.6,50209.6,Оплачен вовремя
11100,924,2024-08-31,50209.6,50209.6,Оплачен вовремя
11101,924,2024-09-30,50209.6,50209.6,Оплачен вовремя
11102,924,2024-10-30,50209.6,50209.6,Оплачен вовремя
11103,924,2024-11-29,50209.6,50209.6,Оплачен вовремя
11104,924,2024-12-29,50209.6,50209.6,Оплачен вовремя
11105,924,2025-01-28,50209.6,50209.6,Оплачен вовремя
11106,924,2025-02-27,50209.6,50209.6,Оплачен вовремя
11107,924,2025-03-29,50209.6,50209.6,Оплачен вовремя
11108,924,2025-04-28,50209.6,50209.6,Оплачен вовремя
11109,924,2025-05-28,50209.6,50209.6,Оплачен вовремя
11110,924,2025-06-27,50209.6,50209.6,Оплачен вовремя
11111,924,2025-07-27,50209.6,50209.6,Оплачен вовремя
11112,924,2025-08-26,50209.6,50209.6,Оплачен вовремя
11113,924,2025-09-25,50209.6,50209.6,Оплачен вовремя
11114,924,2025-10-25,50209.6,50209.6,Оплачен вовремя
11115,924,2025-11-24,50209.6,50209.6,Оплачен вовремя
11116,925,2023-01-08,370279.81,370279.81,Оплачен вовремя
11117,925,2023-02-07,370279.81,370279.81,Оплачен вовремя
11118,925,2023-03-09,370279.81,370279.81,Оплачен вовремя
11119,925,2023-04-08,370279.81,370279.81,Оплачен вовремя
11120,925,2023-05-08,370279.81,370279.81,Оплачен вовремя
11121,925,2023-06-07,370279.81,370279.81,Оплачен вовремя
11122,925,2023-07-07,370279.81,370279.81,Оплачен вовремя
11123,925,2023-08-06,370279.81,370279.81,Оплачен вовремя
11124,925,2023-09-05,370279.81,370279.81,Оплачен вовремя
11125,925,2023-10-05,370279.81,370279.81,Оплачен вовремя
11126,925,2023-11-04,370279.81,370279.81,Оплачен вовремя
11127,925,2023-12-04,370279.81,370279.81,Оплачен вовремя
11128,926,2023-12-27,71471.32,71471.32,Просрочен
11129,926,2024-01-26,71471.32,71471.32,Оплачен вовремя
11130,926,2024-02-25,71471.32,71471.32,Оплачен вовремя
11131,926,2024-03-26,71471.32,71471.32,Просрочен
11132,926,2024-04-25,71471.32,71471.32,Оплачен вовремя
11133,926,2024-05-25,71471.32,71471.32,Оплачен вовремя
11134,926,2024-06-24,71471.32,71471.32,Оплачен вовремя
11135,926,2024-07-24,71471.32,0.0,Не оплачен
11136,926,2024-08-23,71471.32,71471.32,Оплачен вовремя
11137,926,2024-09-22,71471.32,71471.32,Оплачен вовремя
11138,926,2024-10-22,71471.32,71471.32,Оплачен вовремя
11139,926,2024-11-21,71471.32,71471.32,Оплачен вовремя
11140,926,2024-12-21,71471.32,71471.32,Оплачен вовремя
11141,926,2025-01-20,71471.32,71471.32,Оплачен вовремя
11142,926,2025-02-19,71471.32,71471.32,Просрочен
11143,926,2025-03-21,71471.32,71471.32,Оплачен вовремя
11144,926,2025-04-20,71471.32,71471.32,Просрочен
11145,926,2025-05-20,71471.32,71471.32,Оплачен вовремя
11146,926,2025-06-19,71471.32,71471.32,Оплачен вовремя
11147,926,2025-07-19,71471.32,0.0,Не оплачен
11148,926,2025-08-18,71471.32,71471.32,Оплачен вовремя
11149,926,2025-09-17,71471.32,71471.32,Оплачен вовремя
11150,926,2025-10-17,71471.32,71471.32,Просрочен
11151,926,2025-11-16,71471.32,71471.32,Просрочен
11152,926,2025-12-16,71471.32,71471.32,Оплачен вовремя
11153,927,2025-11-29,42552.21,42552.21,Оплачен вовремя
11154,927,2025-12-29,42552.21,42552.21,Оплачен вовремя
11155,928,2024-08-02,8339.35,8339.35,Оплачен вовремя
11156,928,2024-09-01,8339.35,8339.35,Оплачен вовремя
11157,928,2024-10-01,8339.35,8339.35,Оплачен вовремя
11158,928,2024-10-31,8339.35,8339.35,Оплачен вовремя
11159,928,2024-11-30,8339.35,8339.35,Оплачен вовремя
11160,928,2024-12-30,8339.35,8339.35,Оплачен вовремя
11161,928,2025-01-29,8339.35,8339.35,Оплачен вовремя
11162,928,2025-02-28,8339.35,8339.35,Оплачен вовремя
11163,928,2025-03-30,8339.35,8339.35,Оплачен вовремя
11164,928,2025-04-29,8339.35,8339.35,Оплачен вовремя
11165,928,2025-05-29,8339.35,8339.35,Оплачен вовремя
11166,928,2025-06-28,8339.35,8339.35,Оплачен вовремя
11167,928,2025-07-28,8339.35,8339.35,Оплачен вовремя
11168,928,2025-08-27,8339.35,8339.35,Оплачен вовремя
11169,928,2025-09-26,8339.35,8339.35,Оплачен вовремя
11170,928,2025-10-26,8339.35,8339.35,Оплачен вовремя
11171,928,2025-11-25,8339.35,8339.35,Оплачен вовремя
11172,929,2025-08-26,24358.4,24358.4,Оплачен вовремя
11173,929,2025-09-25,24358.4,24358.4,Оплачен вовремя
11174,929,2025-10-25,24358.4,24358.4,Оплачен вовремя
11175,929,2025-11-24,24358.4,24358.4,Оплачен вовремя
11176,929,2025-12-24,24358.4,24358.4,Оплачен вовремя
11177,930,2023-06-08,1578.28,1578.28,Оплачен вовремя
11178,930,2023-07-08,1578.28,1578.28,Оплачен вовремя
11179,930,2023-08-07,1578.28,1578.28,Оплачен вовремя
11180,930,2023-09-06,1578.28,1578.28,Оплачен вовремя
11181,930,2023-10-06,1578.28,1578.28,Оплачен вовремя
11182,930,2023-11-05,1578.28,1578.28,Оплачен вовремя
11183,930,2023-12-05,1578.28,1578.28,Оплачен вовремя
11184,930,2024-01-04,1578.28,1578.28,Оплачен вовремя
11185,930,2024-02-03,1578.28,1578.28,Оплачен вовремя
11186,930,2024-03-04,1578.28,1578.28,Оплачен вовремя
11187,930,2024-04-03,1578.28,1578.28,Оплачен вовремя
11188,930,2024-05-03,1578.28,1578.28,Оплачен вовремя
11189,930,2024-06-02,1578.28,1578.28,Оплачен вовремя
11190,930,2024-07-02,1578.28,1578.28,Оплачен вовремя
11191,930,2024-08-01,1578.28,1578.28,Оплачен вовремя
11192,930,2024-08-31,1578.28,1578.28,Оплачен вовремя
11193,930,2024-09-30,1578.28,1578.28,Оплачен вовремя
11194,930,2024-10-30,1578.28,1578.28,Оплачен вовремя
11195,930,2024-11-29,1578.28,1578.28,Оплачен вовремя
11196,930,2024-12-29,1578.28,1578.28,Оплачен вовремя
11197,930,2025-01-28,1578.28,1578.28,Оплачен вовремя
11198,930,2025-02-27,1578.28,1578.28,Оплачен вовремя
11199,930,2025-03-29,1578.28,1578.28,Оплачен вовремя
11200,930,2025-04-28,1578.28,1578.28,Оплачен вовремя
11201,930,2025-05-28,1578.28,1578.28,Оплачен вовремя
11202,930,2025-06-27,1578.28,1578.28,Оплачен вовремя
11203,930,2025-07-27,1578.28,1578.28,Оплачен вовремя
11204,930,2025-08-26,1578.28,1578.28,Оплачен вовремя
11205,930,2025-09-25,1578.28,1578.28,Оплачен вовремя
11206,930,2025-10-25,1578.28,1578.28,Оплачен вовремя
11207,930,2025-11-24,1578.28,1578.28,Оплачен вовремя
11208,931,2025-12-22,58558.57,58558.57,Оплачен вовремя
11209,932,2025-06-20,120330.5,120330.5,Оплачен вовремя
11210,932,2025-07-20,120330.5,120330.5,Оплачен вовремя
11211,932,2025-08-19,120330.5,120330.5,Оплачен вовремя
11212,932,2025-09-18,120330.5,120330.5,Оплачен вовремя
11213,932,2025-10-18,120330.5,120330.5,Оплачен вовремя
11214,932,2025-11-17,120330.5,120330.5,Оплачен вовремя
11215,932,2025-12-17,120330.5,120330.5,Оплачен вовремя
11216,933,2024-11-15,36889.72,36889.72,Оплачен вовремя
11217,933,2024-12-15,36889.72,36889.72,Оплачен вовремя
11218,933,2025-01-14,36889.72,36889.72,Оплачен вовремя
11219,933,2025-02-13,36889.72,36889.72,Оплачен вовремя
11220,933,2025-03-15,36889.72,36889.72,Оплачен вовремя
11221,933,2025-04-14,36889.72,36889.72,Оплачен вовремя
11222,933,2025-05-14,36889.72,36889.72,Оплачен вовремя
11223,933,2025-06-13,36889.72,36889.72,Оплачен вовремя
11224,933,2025-07-13,36889.72,36889.72,Оплачен вовремя
11225,933,2025-08-12,36889.72,36889.72,Оплачен вовремя
11226,933,2025-09-11,36889.72,36889.72,Оплачен вовремя
11227,933,2025-10-11,36889.72,36889.72,Оплачен вовремя
11228,934,2025-02-26,8003.92,8003.92,Оплачен вовремя
11229,934,2025-03-28,8003.92,8003.92,Оплачен вовремя
11230,934,2025-04-27,8003.92,8003.92,Оплачен вовремя
11231,934,2025-05-27,8003.92,8003.92,Оплачен вовремя
11232,934,2025-06-26,8003.92,8003.92,Оплачен вовремя
11233,934,2025-07-26,8003.92,8003.92,Оплачен вовремя
11234,934,2025-08-25,8003.92,8003.92,Оплачен вовремя
11235,934,2025-09-24,8003.92,8003.92,Оплачен вовремя
11236,934,2025-10-24,8003.92,8003.92,Оплачен вовремя
11237,934,2025-11-23,8003.92,8003.92,Оплачен вовремя
11238,934,2025-12-23,8003.92,8003.92,Оплачен вовремя
11239,935,2025-04-04,70698.76,70698.76,Оплачен вовремя
11240,935,2025-05-04,70698.76,70698.76,Оплачен вовремя
11241,935,2025-06-03,70698.76,70698.76,Оплачен вовремя
11242,935,2025-07-03,70698.76,70698.76,Оплачен вовремя
11243,935,2025-08-02,70698.76,70698.76,Оплачен вовремя
11244,935,2025-09-01,70698.76,70698.76,Оплачен вовремя
11245,936,2025-08-04,9996.52,9996.52,Оплачен вовремя
11246,936,2025-09-03,9996.52,9996.52,Оплачен вовремя
11247,936,2025-10-03,9996.52,9996.52,Оплачен вовремя
11248,936,2025-11-02,9996.52,9996.52,Оплачен вовремя
11249,936,2025-12-02,9996.52,9996.52,Оплачен вовремя
11250,937,2025-08-20,1118228.46,1118228.46,Оплачен вовремя
11251,937,2025-09-19,1118228.46,1118228.46,Оплачен вовремя
11252,937,2025-10-19,1118228.46,1118228.46,Оплачен вовремя
11253,938,2025-02-22,32065.77,32065.77,Оплачен вовремя
11254,938,2025-03-24,32065.77,32065.77,Оплачен вовремя
11255,938,2025-04-23,32065.77,32065.77,Оплачен вовремя
11256,938,2025-05-23,32065.77,32065.77,Оплачен вовремя
11257,938,2025-06-22,32065.77,32065.77,Оплачен вовремя
11258,938,2025-07-22,32065.77,32065.77,Оплачен вовремя
11259,938,2025-08-21,32065.77,32065.77,Оплачен вовремя
11260,938,2025-09-20,32065.77,32065.77,Оплачен вовремя
11261,938,2025-10-20,32065.77,32065.77,Оплачен вовремя
11262,938,2025-11-19,32065.77,32065.77,Оплачен вовремя
11263,938,2025-12-19,32065.77,32065.77,Оплачен вовремя
11264,939,2024-05-12,13427.08,13427.08,Оплачен вовремя
11265,939,2024-06-11,13427.08,13427.08,Оплачен вовремя
11266,939,2024-07-11,13427.08,13427.08,Просрочен
11267,939,2024-08-10,13427.08,13427.08,Просрочен
11268,939,2024-09-09,13427.08,13427.08,Оплачен вовремя
11269,939,2024-10-09,13427.08,13427.08,Оплачен вовремя
11270,939,2024-11-08,13427.08,13427.08,Оплачен вовремя
11271,939,2024-12-08,13427.08,13427.08,Просрочен
11272,939,2025-01-07,13427.08,13427.08,Просрочен
11273,939,2025-02-06,13427.08,13427.08,Оплачен вовремя
11274,939,2025-03-08,13427.08,13427.08,Оплачен вовремя
11275,939,2025-04-07,13427.08,13427.08,Оплачен вовремя
11276,939,2025-05-07,13427.08,13427.08,Просрочен
11277,939,2025-06-06,13427.08,0.0,Не оплачен
11278,939,2025-07-06,13427.08,0.0,Не оплачен
11279,939,2025-08-05,13427.08,13427.08,Просрочен
11280,939,2025-09-04,13427.08,13427.08,Просрочен
11281,939,2025-10-04,13427.08,13427.08,Просрочен
11282,939,2025-11-03,13427.08,0.0,Не оплачен
11283,939,2025-12-03,13427.08,0.0,Не оплачен
11284,941,2025-01-15,1315810.72,1315810.72,Оплачен вовремя
11285,941,2025-02-14,1315810.72,1315810.72,Оплачен вовремя
11286,941,2025-03-16,1315810.72,1315810.72,Оплачен вовремя
11287,942,2025-09-04,20667.52,0.0,Не оплачен
11288,942,2025-10-04,20667.52,0.0,Не оплачен
11289,942,2025-11-03,20667.52,20667.52,Оплачен вовремя
11290,942,2025-12-03,20667.52,20667.52,Оплачен вовремя
11291,943,2024-01-21,11774.81,11774.81,Оплачен вовремя
11292,943,2024-02-20,11774.81,11774.81,Просрочен
11293,943,2024-03-21,11774.81,11774.81,Просрочен
11294,943,2024-04-20,11774.81,0.0,Не оплачен
11295,943,2024-05-20,11774.81,11774.81,Оплачен вовремя
11296,943,2024-06-19,11774.81,11774.81,Оплачен вовремя
11297,943,2024-07-19,11774.81,11774.81,Просрочен
11298,943,2024-08-18,11774.81,11774.81,Оплачен вовремя
11299,943,2024-09-17,11774.81,11774.81,Оплачен вовремя
11300,943,2024-10-17,11774.81,11774.81,Оплачен вовремя
11301,943,2024-11-16,11774.81,11774.81,Оплачен вовремя
11302,943,2024-12-16,11774.81,11774.81,Просрочен
11303,943,2025-01-15,11774.81,0.0,Не оплачен
11304,943,2025-02-14,11774.81,11774.81,Оплачен вовремя
11305,943,2025-03-16,11774.81,11774.81,Оплачен вовремя
11306,943,2025-04-15,11774.81,0.0,Не оплачен
11307,943,2025-05-15,11774.81,11774.81,Оплачен вовремя
11308,943,2025-06-14,11774.81,11774.81,Оплачен вовремя
11309,943,2025-07-14,11774.81,11774.81,Оплачен вовремя
11310,943,2025-08-13,11774.81,0.0,Не оплачен
11311,943,2025-09-12,11774.81,11774.81,Просрочен
11312,943,2025-10-12,11774.81,11774.81,Просрочен
11313,943,2025-11-11,11774.81,11774.81,Оплачен вовремя
11314,943,2025-12-11,11774.81,11774.81,Оплачен вовремя
11315,944,2024-12-07,375118.1,375118.1,Оплачен вовремя
11316,944,2025-01-06,375118.1,375118.1,Оплачен вовремя
11317,944,2025-02-05,375118.1,375118.1,Оплачен вовремя
11318,944,2025-03-07,375118.1,375118.1,Оплачен вовремя
11319,944,2025-04-06,375118.1,375118.1,Оплачен вовремя
11320,944,2025-05-06,375118.1,375118.1,Оплачен вовремя
11321,945,2023-04-29,16642.59,16642.59,Оплачен вовремя
11322,945,2023-05-29,16642.59,16642.59,Просрочен
11323,945,2023-06-28,16642.59,0.0,Не оплачен
11324,945,2023-07-28,16642.59,16642.59,Оплачен вовремя
11325,945,2023-08-27,16642.59,0.0,Не оплачен
11326,945,2023-09-26,16642.59,16642.59,Просрочен
11327,945,2023-10-26,16642.59,16642.59,Оплачен вовремя
11328,945,2023-11-25,16642.59,16642.59,Оплачен вовремя
11329,945,2023-12-25,16642.59,16642.59,Просрочен
11330,945,2024-01-24,16642.59,16642.59,Оплачен вовремя
11331,945,2024-02-23,16642.59,16642.59,Оплачен вовремя
11332,945,2024-03-24,16642.59,16642.59,Оплачен вовремя
11333,945,2024-04-23,16642.59,16642.59,Оплачен вовремя
11334,945,2024-05-23,16642.59,16642.59,Оплачен вовремя
11335,945,2024-06-22,16642.59,16642.59,Просрочен
11336,945,2024-07-22,16642.59,16642.59,Оплачен вовремя
11337,945,2024-08-21,16642.59,16642.59,Оплачен вовремя
11338,945,2024-09-20,16642.59,16642.59,Оплачен вовремя
11339,945,2024-10-20,16642.59,16642.59,Оплачен вовремя
11340,945,2024-11-19,16642.59,16642.59,Оплачен вовремя
11341,945,2024-12-19,16642.59,0.0,Не оплачен
11342,945,2025-01-18,16642.59,16642.59,Оплачен вовремя
11343,945,2025-02-17,16642.59,16642.59,Оплачен вовремя
11344,945,2025-03-19,16642.59,16642.59,Просрочен
11345,946,2024-09-14,65515.12,65515.12,Оплачен вовремя
11346,946,2024-10-14,65515.12,65515.12,Оплачен вовремя
11347,946,2024-11-13,65515.12,65515.12,Оплачен вовремя
11348,946,2024-12-13,65515.12,65515.12,Оплачен вовремя
11349,946,2025-01-12,65515.12,65515.12,Оплачен вовремя
11350,946,2025-02-11,65515.12,65515.12,Оплачен вовремя
11351,946,2025-03-13,65515.12,65515.12,Оплачен вовремя
11352,946,2025-04-12,65515.12,65515.12,Оплачен вовремя
11353,946,2025-05-12,65515.12,65515.12,Оплачен вовремя
11354,946,2025-06-11,65515.12,65515.12,Оплачен вовремя
11355,946,2025-07-11,65515.12,65515.12,Оплачен вовремя
11356,946,2025-08-10,65515.12,65515.12,Оплачен вовремя
11357,946,2025-09-09,65515.12,65515.12,Оплачен вовремя
11358,946,2025-10-09,65515.12,65515.12,Оплачен вовремя
11359,946,2025-11-08,65515.12,65515.12,Оплачен вовремя
11360,946,2025-12-08,65515.12,65515.12,Оплачен вовремя
11361,947,2025-10-12,11366.46,11366.46,Оплачен вовремя
11362,947,2025-11-11,11366.46,11366.46,Оплачен вовремя
11363,947,2025-12-11,11366.46,11366.46,Оплачен вовремя
11364,948,2024-05-03,10605.97,10605.97,Оплачен вовремя
11365,948,2024-06-02,10605.97,10605.97,Оплачен вовремя
11366,948,2024-07-02,10605.97,10605.97,Оплачен вовремя
11367,948,2024-08-01,10605.97,10605.97,Оплачен вовремя
11368,948,2024-08-31,10605.97,10605.97,Оплачен вовремя
11369,948,2024-09-30,10605.97,10605.97,Оплачен вовремя
11370,948,2024-10-30,10605.97,10605.97,Оплачен вовремя
11371,948,2024-11-29,10605.97,10605.97,Оплачен вовремя
11372,948,2024-12-29,10605.97,10605.97,Оплачен вовремя
11373,948,2025-01-28,10605.97,10605.97,Оплачен вовремя
11374,948,2025-02-27,10605.97,10605.97,Оплачен вовремя
11375,948,2025-03-29,10605.97,10605.97,Оплачен вовремя
11376,948,2025-04-28,10605.97,10605.97,Оплачен вовремя
11377,948,2025-05-28,10605.97,10605.97,Оплачен вовремя
11378,948,2025-06-27,10605.97,10605.97,Оплачен вовремя
11379,948,2025-07-27,10605.97,10605.97,Оплачен вовремя
11380,948,2025-08-26,10605.97,10605.97,Оплачен вовремя
11381,948,2025-09-25,10605.97,10605.97,Оплачен вовремя
11382,948,2025-10-25,10605.97,10605.97,Оплачен вовремя
11383,948,2025-11-24,10605.97,10605.97,Оплачен вовремя
11384,949,2025-11-24,18102.88,18102.88,Оплачен вовремя
11385,949,2025-12-24,18102.88,18102.88,Оплачен вовремя
11386,950,2025-12-13,21307.78,21307.78,Оплачен вовремя
11387,951,2024-10-26,58460.9,0.0,Не оплачен
11388,951,2024-11-25,58460.9,58460.9,Оплачен вовремя
11389,951,2024-12-25,58460.9,58460.9,Оплачен вовремя
11390,951,2025-01-24,58460.9,0.0,Не оплачен
11391,951,2025-02-23,58460.9,0.0,Не оплачен
11392,951,2025-03-25,58460.9,58460.9,Оплачен вовремя
11393,951,2025-04-24,58460.9,58460.9,Оплачен вовремя
11394,951,2025-05-24,58460.9,58460.9,Оплачен вовремя
11395,951,2025-06-23,58460.9,58460.9,Оплачен вовремя
11396,951,2025-07-23,58460.9,58460.9,Просрочен
11397,951,2025-08-22,58460.9,58460.9,Оплачен вовремя
11398,951,2025-09-21,58460.9,58460.9,Оплачен вовремя
11399,951,2025-10-21,58460.9,58460.9,Оплачен вовремя
11400,951,2025-11-20,58460.9,58460.9,Оплачен вовремя
11401,951,2025-12-20,58460.9,58460.9,Оплачен вовремя
11402,952,2024-02-26,30332.09,30332.09,Оплачен вовремя
11403,952,2024-03-27,30332.09,30332.09,Оплачен вовремя
11404,952,2024-04-26,30332.09,30332.09,Оплачен вовремя
11405,952,2024-05-26,30332.09,30332.09,Оплачен вовремя
11406,952,2024-06-25,30332.09,30332.09,Оплачен вовремя
11407,952,2024-07-25,30332.09,30332.09,Оплачен вовремя
11408,952,2024-08-24,30332.09,30332.09,Оплачен вовремя
11409,952,2024-09-23,30332.09,30332.09,Оплачен вовремя
11410,952,2024-10-23,30332.09,30332.09,Оплачен вовремя
11411,952,2024-11-22,30332.09,30332.09,Оплачен вовремя
11412,952,2024-12-22,30332.09,30332.09,Оплачен вовремя
11413,952,2025-01-21,30332.09,30332.09,Оплачен вовремя
11414,952,2025-02-20,30332.09,30332.09,Оплачен вовремя
11415,952,2025-03-22,30332.09,30332.09,Оплачен вовремя
11416,952,2025-04-21,30332.09,30332.09,Оплачен вовремя
11417,952,2025-05-21,30332.09,30332.09,Оплачен вовремя
11418,952,2025-06-20,30332.09,30332.09,Оплачен вовремя
11419,952,2025-07-20,30332.09,30332.09,Оплачен вовремя
11420,952,2025-08-19,30332.09,30332.09,Оплачен вовремя
11421,952,2025-09-18,30332.09,30332.09,Оплачен вовремя
11422,952,2025-10-18,30332.09,30332.09,Оплачен вовремя
11423,952,2025-11-17,30332.09,30332.09,Оплачен вовремя
11424,952,2025-12-17,30332.09,30332.09,Оплачен вовремя
11425,953,2024-10-18,3549.79,3549.79,Оплачен вовремя
11426,953,2024-11-17,3549.79,3549.79,Оплачен вовремя
11427,953,2024-12-17,3549.79,3549.79,Оплачен вовремя
11428,953,2025-01-16,3549.79,3549.79,Оплачен вовремя
11429,953,2025-02-15,3549.79,3549.79,Оплачен вовремя
11430,953,2025-03-17,3549.79,3549.79,Оплачен вовремя
11431,953,2025-04-16,3549.79,3549.79,Оплачен вовремя
11432,953,2025-05-16,3549.79,3549.79,Оплачен вовремя
11433,953,2025-06-15,3549.79,3549.79,Оплачен вовремя
11434,953,2025-07-15,3549.79,3549.79,Оплачен вовремя
11435,953,2025-08-14,3549.79,3549.79,Оплачен вовремя
11436,953,2025-09-13,3549.79,3549.79,Оплачен вовремя
11437,953,2025-10-13,3549.79,3549.79,Оплачен вовремя
11438,953,2025-11-12,3549.79,3549.79,Оплачен вовремя
11439,953,2025-12-12,3549.79,3549.79,Оплачен вовремя
11440,954,2023-09-06,11846.94,11846.94,Оплачен вовремя
11441,954,2023-10-06,11846.94,11846.94,Оплачен вовремя
11442,954,2023-11-05,11846.94,11846.94,Оплачен вовремя
11443,954,2023-12-05,11846.94,11846.94,Оплачен вовремя
11444,954,2024-01-04,11846.94,11846.94,Оплачен вовремя
11445,954,2024-02-03,11846.94,11846.94,Оплачен вовремя
11446,954,2024-03-04,11846.94,11846.94,Оплачен вовремя
11447,954,2024-04-03,11846.94,11846.94,Оплачен вовремя
11448,954,2024-05-03,11846.94,11846.94,Оплачен вовремя
11449,954,2024-06-02,11846.94,11846.94,Оплачен вовремя
11450,954,2024-07-02,11846.94,11846.94,Оплачен вовремя
11451,954,2024-08-01,11846.94,11846.94,Оплачен вовремя
11452,954,2024-08-31,11846.94,11846.94,Оплачен вовремя
11453,954,2024-09-30,11846.94,11846.94,Оплачен вовремя
11454,954,2024-10-30,11846.94,11846.94,Оплачен вовремя
11455,954,2024-11-29,11846.94,11846.94,Оплачен вовремя
11456,954,2024-12-29,11846.94,11846.94,Оплачен вовремя
11457,954,2025-01-28,11846.94,11846.94,Оплачен вовремя
11458,954,2025-02-27,11846.94,11846.94,Оплачен вовремя
11459,954,2025-03-29,11846.94,11846.94,Оплачен вовремя
11460,954,2025-04-28,11846.94,11846.94,Оплачен вовремя
11461,954,2025-05-28,11846.94,11846.94,Оплачен вовремя
11462,954,2025-06-27,11846.94,11846.94,Оплачен вовремя
11463,954,2025-07-27,11846.94,11846.94,Оплачен вовремя
11464,954,2025-08-26,11846.94,11846.94,Оплачен вовремя
11465,954,2025-09-25,11846.94,11846.94,Оплачен вовремя
11466,954,2025-10-25,11846.94,11846.94,Оплачен вовремя
11467,954,2025-11-24,11846.94,11846.94,Оплачен вовремя
11468,955,2023-12-08,13196.03,13196.03,Оплачен вовремя
11469,955,2024-01-07,13196.03,13196.03,Оплачен вовремя
11470,955,2024-02-06,13196.03,13196.03,Оплачен вовремя
11471,955,2024-03-07,13196.03,13196.03,Оплачен вовремя
11472,955,2024-04-06,13196.03,13196.03,Оплачен вовремя
11473,955,2024-05-06,13196.03,13196.03,Оплачен вовремя
11474,955,2024-06-05,13196.03,13196.03,Оплачен вовремя
11475,955,2024-07-05,13196.03,13196.03,Оплачен вовремя
11476,955,2024-08-04,13196.03,13196.03,Оплачен вовремя
11477,955,2024-09-03,13196.03,13196.03,Оплачен вовремя
11478,955,2024-10-03,13196.03,13196.03,Оплачен вовремя
11479,955,2024-11-02,13196.03,13196.03,Оплачен вовремя
11480,955,2024-12-02,13196.03,13196.03,Оплачен вовремя
11481,955,2025-01-01,13196.03,13196.03,Оплачен вовремя
11482,955,2025-01-31,13196.03,13196.03,Оплачен вовремя
11483,955,2025-03-02,13196.03,13196.03,Оплачен вовремя
11484,955,2025-04-01,13196.03,13196.03,Оплачен вовремя
11485,955,2025-05-01,13196.03,13196.03,Оплачен вовремя
11486,955,2025-05-31,13196.03,13196.03,Оплачен вовремя
11487,955,2025-06-30,13196.03,13196.03,Оплачен вовремя
11488,955,2025-07-30,13196.03,13196.03,Оплачен вовремя
11489,955,2025-08-29,13196.03,13196.03,Оплачен вовремя
11490,955,2025-09-28,13196.03,13196.03,Оплачен вовремя
11491,955,2025-10-28,13196.03,13196.03,Оплачен вовремя
11492,955,2025-11-27,13196.03,13196.03,Оплачен вовремя
11493,956,2024-12-29,37050.08,37050.08,Оплачен вовремя
11494,956,2025-01-28,37050.08,37050.08,Оплачен вовремя
11495,956,2025-02-27,37050.08,37050.08,Оплачен вовремя
11496,956,2025-03-29,37050.08,37050.08,Оплачен вовремя
11497,956,2025-04-28,37050.08,37050.08,Оплачен вовремя
11498,956,2025-05-28,37050.08,37050.08,Оплачен вовремя
11499,956,2025-06-27,37050.08,37050.08,Оплачен вовремя
11500,956,2025-07-27,37050.08,37050.08,Оплачен вовремя
11501,956,2025-08-26,37050.08,37050.08,Оплачен вовремя
11502,956,2025-09-25,37050.08,37050.08,Оплачен вовремя
11503,956,2025-10-25,37050.08,37050.08,Оплачен вовремя
11504,956,2025-11-24,37050.08,37050.08,Оплачен вовремя
11505,957,2024-07-25,338716.13,338716.13,Оплачен вовремя
11506,957,2024-08-24,338716.13,338716.13,Оплачен вовремя
11507,957,2024-09-23,338716.13,338716.13,Оплачен вовремя
11508,958,2025-10-19,42318.93,42318.93,Оплачен вовремя
11509,958,2025-11-18,42318.93,42318.93,Оплачен вовремя
11510,958,2025-12-18,42318.93,42318.93,Оплачен вовремя
11511,959,2025-04-09,1224190.98,1224190.98,Оплачен вовремя
11512,959,2025-05-09,1224190.98,1224190.98,Оплачен вовремя
11513,959,2025-06-08,1224190.98,1224190.98,Оплачен вовремя
11514,960,2024-09-03,11723.72,11723.72,Оплачен вовремя
11515,960,2024-10-03,11723.72,11723.72,Оплачен вовремя
11516,960,2024-11-02,11723.72,11723.72,Оплачен вовремя
11517,960,2024-12-02,11723.72,11723.72,Оплачен вовремя
11518,960,2025-01-01,11723.72,11723.72,Оплачен вовремя
11519,960,2025-01-31,11723.72,11723.72,Оплачен вовремя
11520,960,2025-03-02,11723.72,11723.72,Оплачен вовремя
11521,960,2025-04-01,11723.72,11723.72,Оплачен вовремя
11522,960,2025-05-01,11723.72,11723.72,Оплачен вовремя
11523,960,2025-05-31,11723.72,11723.72,Оплачен вовремя
11524,960,2025-06-30,11723.72,11723.72,Оплачен вовремя
11525,960,2025-07-30,11723.72,11723.72,Оплачен вовремя
11526,960,2025-08-29,11723.72,11723.72,Оплачен вовремя
11527,960,2025-09-28,11723.72,11723.72,Оплачен вовремя
11528,960,2025-10-28,11723.72,11723.72,Оплачен вовремя
11529,960,2025-11-27,11723.72,11723.72,Оплачен вовремя
11530,961,2024-08-30,96353.5,96353.5,Оплачен вовремя
11531,961,2024-09-29,96353.5,96353.5,Оплачен вовремя
11532,961,2024-10-29,96353.5,96353.5,Оплачен вовремя
11533,961,2024-11-28,96353.5,96353.5,Оплачен вовремя
11534,961,2024-12-28,96353.5,96353.5,Оплачен вовремя
11535,961,2025-01-27,96353.5,96353.5,Оплачен вовремя
11536,961,2025-02-26,96353.5,96353.5,Оплачен вовремя
11537,961,2025-03-28,96353.5,96353.5,Оплачен вовремя
11538,961,2025-04-27,96353.5,96353.5,Оплачен вовремя
11539,961,2025-05-27,96353.5,96353.5,Оплачен вовремя
11540,961,2025-06-26,96353.5,96353.5,Оплачен вовремя
11541,961,2025-07-26,96353.5,96353.5,Оплачен вовремя
11542,961,2025-08-25,96353.5,96353.5,Оплачен вовремя
11543,961,2025-09-24,96353.5,96353.5,Оплачен вовремя
11544,961,2025-10-24,96353.5,96353.5,Оплачен вовремя
11545,961,2025-11-23,96353.5,96353.5,Оплачен вовремя
11546,961,2025-12-23,96353.5,96353.5,Оплачен вовремя
11547,962,2024-08-09,19009.2,19009.2,Оплачен вовремя
11548,962,2024-09-08,19009.2,19009.2,Оплачен вовремя
11549,962,2024-10-08,19009.2,19009.2,Оплачен вовремя
11550,962,2024-11-07,19009.2,19009.2,Оплачен вовремя
11551,962,2024-12-07,19009.2,19009.2,Оплачен вовремя
11552,962,2025-01-06,19009.2,19009.2,Оплачен вовремя
11553,962,2025-02-05,19009.2,19009.2,Оплачен вовремя
11554,962,2025-03-07,19009.2,19009.2,Оплачен вовремя
11555,962,2025-04-06,19009.2,19009.2,Оплачен вовремя
11556,962,2025-05-06,19009.2,19009.2,Оплачен вовремя
11557,962,2025-06-05,19009.2,19009.2,Оплачен вовремя
11558,962,2025-07-05,19009.2,19009.2,Оплачен вовремя
11559,963,2023-12-12,16218.91,16218.91,Оплачен вовремя
11560,963,2024-01-11,16218.91,16218.91,Оплачен вовремя
11561,963,2024-02-10,16218.91,16218.91,Просрочен
11562,963,2024-03-11,16218.91,16218.91,Оплачен вовремя
11563,963,2024-04-10,16218.91,16218.91,Оплачен вовремя
11564,963,2024-05-10,16218.91,16218.91,Оплачен вовремя
11565,963,2024-06-09,16218.91,16218.91,Оплачен вовремя
11566,963,2024-07-09,16218.91,16218.91,Оплачен вовремя
11567,963,2024-08-08,16218.91,16218.91,Оплачен вовремя
11568,963,2024-09-07,16218.91,16218.91,Оплачен вовремя
11569,963,2024-10-07,16218.91,16218.91,Оплачен вовремя
11570,963,2024-11-06,16218.91,16218.91,Оплачен вовремя
11571,963,2024-12-06,16218.91,16218.91,Просрочен
11572,963,2025-01-05,16218.91,16218.91,Оплачен вовремя
11573,963,2025-02-04,16218.91,16218.91,Просрочен
11574,963,2025-03-06,16218.91,0.0,Не оплачен
11575,963,2025-04-05,16218.91,16218.91,Оплачен вовремя
11576,963,2025-05-05,16218.91,16218.91,Оплачен вовремя
11577,963,2025-06-04,16218.91,16218.91,Оплачен вовремя
11578,963,2025-07-04,16218.91,16218.91,Оплачен вовремя
11579,963,2025-08-03,16218.91,16218.91,Оплачен вовремя
11580,963,2025-09-02,16218.91,16218.91,Оплачен вовремя
11581,963,2025-10-02,16218.91,16218.91,Просрочен
11582,963,2025-11-01,16218.91,16218.91,Оплачен вовремя
11583,963,2025-12-01,16218.91,16218.91,Оплачен вовремя
11584,964,2023-11-20,56396.45,56396.45,Оплачен вовремя
11585,964,2023-12-20,56396.45,56396.45,Оплачен вовремя
11586,964,2024-01-19,56396.45,56396.45,Оплачен вовремя
11587,964,2024-02-18,56396.45,56396.45,Оплачен вовремя
11588,964,2024-03-19,56396.45,56396.45,Оплачен вовремя
11589,964,2024-04-18,56396.45,56396.45,Оплачен вовремя
11590,964,2024-05-18,56396.45,56396.45,Оплачен вовремя
11591,964,2024-06-17,56396.45,56396.45,Оплачен вовремя
11592,964,2024-07-17,56396.45,56396.45,Оплачен вовремя
11593,964,2024-08-16,56396.45,56396.45,Оплачен вовремя
11594,964,2024-09-15,56396.45,56396.45,Оплачен вовремя
11595,964,2024-10-15,56396.45,56396.45,Оплачен вовремя
11596,964,2024-11-14,56396.45,56396.45,Оплачен вовремя
11597,964,2024-12-14,56396.45,56396.45,Оплачен вовремя
11598,964,2025-01-13,56396.45,56396.45,Оплачен вовремя
11599,964,2025-02-12,56396.45,56396.45,Оплачен вовремя
11600,964,2025-03-14,56396.45,56396.45,Оплачен вовремя
11601,964,2025-04-13,56396.45,56396.45,Оплачен вовремя
11602,964,2025-05-13,56396.45,56396.45,Оплачен вовремя
11603,964,2025-06-12,56396.45,56396.45,Оплачен вовремя
11604,964,2025-07-12,56396.45,56396.45,Оплачен вовремя
11605,964,2025-08-11,56396.45,56396.45,Оплачен вовремя
11606,964,2025-09-10,56396.45,56396.45,Оплачен вовремя
11607,964,2025-10-10,56396.45,56396.45,Оплачен вовремя
11608,964,2025-11-09,56396.45,56396.45,Оплачен вовремя
11609,964,2025-12-09,56396.45,56396.45,Оплачен вовремя
11610,965,2025-11-19,43271.26,43271.26,Оплачен вовремя
11611,965,2025-12-19,43271.26,43271.26,Оплачен вовремя
11612,966,2025-03-30,18417.06,18417.06,Просрочен
11613,966,2025-04-29,18417.06,18417.06,Оплачен вовремя
11614,966,2025-05-29,18417.06,18417.06,Оплачен вовремя
11615,966,2025-06-28,18417.06,18417.06,Оплачен вовремя
11616,966,2025-07-28,18417.06,18417.06,Оплачен вовремя
11617,966,2025-08-27,18417.06,18417.06,Просрочен
11618,966,2025-09-26,18417.06,18417.06,Оплачен вовремя
11619,966,2025-10-26,18417.06,18417.06,Просрочен
11620,966,2025-11-25,18417.06,18417.06,Оплачен вовремя
11621,966,2025-12-25,18417.06,18417.06,Оплачен вовремя
11622,967,2025-12-28,7937.76,7937.76,Оплачен вовремя
11623,968,2025-07-08,3952.9,3952.9,Оплачен вовремя
11624,968,2025-08-07,3952.9,3952.9,Оплачен вовремя
11625,968,2025-09-06,3952.9,3952.9,Оплачен вовремя
11626,968,2025-10-06,3952.9,3952.9,Оплачен вовремя
11627,968,2025-11-05,3952.9,3952.9,Оплачен вовремя
11628,968,2025-12-05,3952.9,3952.9,Оплачен вовремя
11629,969,2024-08-18,63037.25,63037.25,Оплачен вовремя
11630,969,2024-09-17,63037.25,63037.25,Оплачен вовремя
11631,969,2024-10-17,63037.25,63037.25,Оплачен вовремя
11632,969,2024-11-16,63037.25,63037.25,Оплачен вовремя
11633,969,2024-12-16,63037.25,63037.25,Оплачен вовремя
11634,969,2025-01-15,63037.25,63037.25,Оплачен вовремя
11635,969,2025-02-14,63037.25,63037.25,Оплачен вовремя
11636,969,2025-03-16,63037.25,63037.25,Оплачен вовремя
11637,969,2025-04-15,63037.25,63037.25,Оплачен вовремя
11638,969,2025-05-15,63037.25,63037.25,Оплачен вовремя
11639,969,2025-06-14,63037.25,63037.25,Оплачен вовремя
11640,969,2025-07-14,63037.25,63037.25,Оплачен вовремя
11641,969,2025-08-13,63037.25,63037.25,Оплачен вовремя
11642,969,2025-09-12,63037.25,63037.25,Оплачен вовремя
11643,969,2025-10-12,63037.25,63037.25,Оплачен вовремя
11644,969,2025-11-11,63037.25,63037.25,Оплачен вовремя
11645,969,2025-12-11,63037.25,63037.25,Оплачен вовремя
11646,970,2023-07-11,12694.31,12694.31,Оплачен вовремя
11647,970,2023-08-10,12694.31,12694.31,Оплачен вовремя
11648,970,2023-09-09,12694.31,12694.31,Оплачен вовремя
11649,970,2023-10-09,12694.31,12694.31,Оплачен вовремя
11650,970,2023-11-08,12694.31,12694.31,Оплачен вовремя
11651,970,2023-12-08,12694.31,12694.31,Оплачен вовремя
11652,970,2024-01-07,12694.31,12694.31,Оплачен вовремя
11653,970,2024-02-06,12694.31,12694.31,Оплачен вовремя
11654,970,2024-03-07,12694.31,12694.31,Оплачен вовремя
11655,970,2024-04-06,12694.31,12694.31,Оплачен вовремя
11656,970,2024-05-06,12694.31,12694.31,Оплачен вовремя
11657,970,2024-06-05,12694.31,12694.31,Оплачен вовремя
11658,970,2024-07-05,12694.31,12694.31,Оплачен вовремя
11659,970,2024-08-04,12694.31,12694.31,Оплачен вовремя
11660,970,2024-09-03,12694.31,12694.31,Оплачен вовремя
11661,970,2024-10-03,12694.31,12694.31,Оплачен вовремя
11662,970,2024-11-02,12694.31,12694.31,Оплачен вовремя
11663,970,2024-12-02,12694.31,12694.31,Оплачен вовремя
11664,970,2025-01-01,12694.31,12694.31,Оплачен вовремя
11665,970,2025-01-31,12694.31,12694.31,Оплачен вовремя
11666,970,2025-03-02,12694.31,12694.31,Оплачен вовремя
11667,970,2025-04-01,12694.31,12694.31,Оплачен вовремя
11668,970,2025-05-01,12694.31,12694.31,Оплачен вовремя
11669,970,2025-05-31,12694.31,12694.31,Оплачен вовремя
11670,970,2025-06-30,12694.31,12694.31,Оплачен вовремя
11671,970,2025-07-30,12694.31,12694.31,Оплачен вовремя
11672,970,2025-08-29,12694.31,12694.31,Оплачен вовремя
11673,970,2025-09-28,12694.31,12694.31,Оплачен вовремя
11674,970,2025-10-28,12694.31,12694.31,Оплачен вовремя
11675,970,2025-11-27,12694.31,12694.31,Оплачен вовремя
11676,971,2025-09-24,42146.08,42146.08,Оплачен вовремя
11677,971,2025-10-24,42146.08,42146.08,Оплачен вовремя
11678,971,2025-11-23,42146.08,42146.08,Оплачен вовремя
11679,971,2025-12-23,42146.08,42146.08,Оплачен вовремя
11680,972,2025-08-24,9971.95,9971.95,Оплачен вовремя
11681,972,2025-09-23,9971.95,9971.95,Оплачен вовремя
11682,972,2025-10-23,9971.95,9971.95,Оплачен вовремя
11683,972,2025-11-22,9971.95,9971.95,Оплачен вовремя
11684,972,2025-12-22,9971.95,9971.95,Оплачен вовремя
11685,973,2024-09-06,21982.33,21982.33,Оплачен вовремя
11686,973,2024-10-06,21982.33,21982.33,Оплачен вовремя
11687,973,2024-11-05,21982.33,21982.33,Оплачен вовремя
11688,973,2024-12-05,21982.33,21982.33,Оплачен вовремя
11689,973,2025-01-04,21982.33,21982.33,Оплачен вовремя
11690,973,2025-02-03,21982.33,21982.33,Оплачен вовремя
11691,973,2025-03-05,21982.33,21982.33,Оплачен вовремя
11692,973,2025-04-04,21982.33,21982.33,Оплачен вовремя
11693,973,2025-05-04,21982.33,21982.33,Оплачен вовремя
11694,973,2025-06-03,21982.33,21982.33,Оплачен вовремя
11695,973,2025-07-03,21982.33,21982.33,Оплачен вовремя
11696,973,2025-08-02,21982.33,21982.33,Оплачен вовремя
11697,973,2025-09-01,21982.33,21982.33,Оплачен вовремя
11698,973,2025-10-01,21982.33,21982.33,Оплачен вовремя
11699,973,2025-10-31,21982.33,21982.33,Оплачен вовремя
11700,973,2025-11-30,21982.33,21982.33,Оплачен вовремя
11701,974,2023-09-20,18929.36,18929.36,Оплачен вовремя
11702,974,2023-10-20,18929.36,18929.36,Оплачен вовремя
11703,974,2023-11-19,18929.36,18929.36,Оплачен вовремя
11704,974,2023-12-19,18929.36,18929.36,Оплачен вовремя
11705,974,2024-01-18,18929.36,18929.36,Оплачен вовремя
11706,974,2024-02-17,18929.36,18929.36,Оплачен вовремя
11707,974,2024-03-18,18929.36,18929.36,Оплачен вовремя
11708,974,2024-04-17,18929.36,18929.36,Оплачен вовремя
11709,974,2024-05-17,18929.36,18929.36,Оплачен вовремя
11710,974,2024-06-16,18929.36,18929.36,Оплачен вовремя
11711,974,2024-07-16,18929.36,18929.36,Оплачен вовремя
11712,974,2024-08-15,18929.36,18929.36,Оплачен вовремя
11713,974,2024-09-14,18929.36,18929.36,Оплачен вовремя
11714,974,2024-10-14,18929.36,18929.36,Оплачен вовремя
11715,974,2024-11-13,18929.36,18929.36,Оплачен вовремя
11716,974,2024-12-13,18929.36,18929.36,Оплачен вовремя
11717,974,2025-01-12,18929.36,18929.36,Оплачен вовремя
11718,974,2025-02-11,18929.36,18929.36,Оплачен вовремя
11719,974,2025-03-13,18929.36,18929.36,Оплачен вовремя
11720,974,2025-04-12,18929.36,18929.36,Оплачен вовремя
11721,974,2025-05-12,18929.36,18929.36,Оплачен вовремя
11722,974,2025-06-11,18929.36,18929.36,Оплачен вовремя
11723,974,2025-07-11,18929.36,18929.36,Оплачен вовремя
11724,974,2025-08-10,18929.36,18929.36,Оплачен вовремя
11725,975,2025-04-28,444055.35,444055.35,Оплачен вовремя
11726,975,2025-05-28,444055.35,444055.35,Оплачен вовремя
11727,975,2025-06-27,444055.35,444055.35,Оплачен вовремя
11728,975,2025-07-27,444055.35,444055.35,Оплачен вовремя
11729,975,2025-08-26,444055.35,444055.35,Оплачен вовремя
11730,975,2025-09-25,444055.35,444055.35,Оплачен вовремя
11731,975,2025-10-25,444055.35,444055.35,Оплачен вовремя
11732,975,2025-11-24,444055.35,444055.35,Оплачен вовремя
11733,975,2025-12-24,444055.35,444055.35,Оплачен вовремя
11734,976,2022-11-16,17109.99,17109.99,Оплачен вовремя
11735,976,2022-12-16,17109.99,17109.99,Оплачен вовремя
11736,976,2023-01-15,17109.99,17109.99,Оплачен вовремя
11737,976,2023-02-14,17109.99,17109.99,Оплачен вовремя
11738,976,2023-03-16,17109.99,17109.99,Оплачен вовремя
11739,976,2023-04-15,17109.99,17109.99,Оплачен вовремя
11740,976,2023-05-15,17109.99,17109.99,Оплачен вовремя
11741,976,2023-06-14,17109.99,17109.99,Оплачен вовремя
11742,976,2023-07-14,17109.99,17109.99,Оплачен вовремя
11743,976,2023-08-13,17109.99,17109.99,Оплачен вовремя
11744,976,2023-09-12,17109.99,17109.99,Оплачен вовремя
11745,976,2023-10-12,17109.99,17109.99,Оплачен вовремя
11746,976,2023-11-11,17109.99,17109.99,Оплачен вовремя
11747,976,2023-12-11,17109.99,17109.99,Оплачен вовремя
11748,976,2024-01-10,17109.99,17109.99,Оплачен вовремя
11749,976,2024-02-09,17109.99,17109.99,Оплачен вовремя
11750,976,2024-03-10,17109.99,17109.99,Оплачен вовремя
11751,976,2024-04-09,17109.99,17109.99,Оплачен вовремя
11752,976,2024-05-09,17109.99,17109.99,Оплачен вовремя
11753,976,2024-06-08,17109.99,17109.99,Оплачен вовремя
11754,976,2024-07-08,17109.99,17109.99,Оплачен вовремя
11755,976,2024-08-07,17109.99,17109.99,Оплачен вовремя
11756,976,2024-09-06,17109.99,17109.99,Оплачен вовремя
11757,976,2024-10-06,17109.99,17109.99,Оплачен вовремя
11758,976,2024-11-05,17109.99,17109.99,Оплачен вовремя
11759,976,2024-12-05,17109.99,17109.99,Оплачен вовремя
11760,976,2025-01-04,17109.99,17109.99,Оплачен вовремя
11761,976,2025-02-03,17109.99,17109.99,Оплачен вовремя
11762,976,2025-03-05,17109.99,17109.99,Оплачен вовремя
11763,976,2025-04-04,17109.99,17109.99,Оплачен вовремя
11764,976,2025-05-04,17109.99,17109.99,Оплачен вовремя
11765,976,2025-06-03,17109.99,17109.99,Оплачен вовремя
11766,976,2025-07-03,17109.99,17109.99,Оплачен вовремя
11767,976,2025-08-02,17109.99,17109.99,Оплачен вовремя
11768,976,2025-09-01,17109.99,17109.99,Оплачен вовремя
11769,976,2025-10-01,17109.99,17109.99,Оплачен вовремя
11770,976,2025-10-31,17109.99,17109.99,Оплачен вовремя
11771,976,2025-11-30,17109.99,17109.99,Оплачен вовремя
11772,977,2022-08-21,14181.68,14181.68,Оплачен вовремя
11773,977,2022-09-20,14181.68,14181.68,Оплачен вовремя
11774,977,2022-10-20,14181.68,14181.68,Оплачен вовремя
11775,977,2022-11-19,14181.68,14181.68,Оплачен вовремя
11776,977,2022-12-19,14181.68,14181.68,Оплачен вовремя
11777,977,2023-01-18,14181.68,14181.68,Оплачен вовремя
11778,977,2023-02-17,14181.68,14181.68,Оплачен вовремя
11779,977,2023-03-19,14181.68,14181.68,Оплачен вовремя
11780,977,2023-04-18,14181.68,14181.68,Оплачен вовремя
11781,977,2023-05-18,14181.68,14181.68,Оплачен вовремя
11782,977,2023-06-17,14181.68,14181.68,Оплачен вовремя
11783,977,2023-07-17,14181.68,14181.68,Оплачен вовремя
11784,977,2023-08-16,14181.68,14181.68,Оплачен вовремя
11785,977,2023-09-15,14181.68,14181.68,Оплачен вовремя
11786,977,2023-10-15,14181.68,14181.68,Оплачен вовремя
11787,977,2023-11-14,14181.68,14181.68,Оплачен вовремя
11788,977,2023-12-14,14181.68,14181.68,Оплачен вовремя
11789,977,2024-01-13,14181.68,14181.68,Оплачен вовремя
11790,977,2024-02-12,14181.68,14181.68,Оплачен вовремя
11791,977,2024-03-13,14181.68,14181.68,Оплачен вовремя
11792,977,2024-04-12,14181.68,14181.68,Оплачен вовремя
11793,977,2024-05-12,14181.68,14181.68,Оплачен вовремя
11794,977,2024-06-11,14181.68,14181.68,Оплачен вовремя
11795,977,2024-07-11,14181.68,14181.68,Оплачен вовремя
11796,977,2024-08-10,14181.68,14181.68,Оплачен вовремя
11797,977,2024-09-09,14181.68,14181.68,Оплачен вовремя
11798,977,2024-10-09,14181.68,14181.68,Оплачен вовремя
11799,977,2024-11-08,14181.68,14181.68,Оплачен вовремя
11800,977,2024-12-08,14181.68,14181.68,Оплачен вовремя
11801,977,2025-01-07,14181.68,14181.68,Оплачен вовремя
11802,977,2025-02-06,14181.68,14181.68,Оплачен вовремя
11803,977,2025-03-08,14181.68,14181.68,Оплачен вовремя
11804,977,2025-04-07,14181.68,14181.68,Оплачен вовремя
11805,977,2025-05-07,14181.68,14181.68,Оплачен вовремя
11806,977,2025-06-06,14181.68,14181.68,Оплачен вовремя
11807,977,2025-07-06,14181.68,14181.68,Оплачен вовремя
11808,977,2025-08-05,14181.68,14181.68,Оплачен вовремя
11809,977,2025-09-04,14181.68,14181.68,Оплачен вовремя
11810,977,2025-10-04,14181.68,14181.68,Оплачен вовремя
11811,977,2025-11-03,14181.68,14181.68,Оплачен вовремя
11812,977,2025-12-03,14181.68,14181.68,Оплачен вовремя
11813,978,2024-05-17,7181.62,7181.62,Просрочен
11814,978,2024-06-16,7181.62,7181.62,Оплачен вовремя
11815,978,2024-07-16,7181.62,7181.62,Просрочен
11816,978,2024-08-15,7181.62,7181.62,Просрочен
11817,978,2024-09-14,7181.62,0.0,Не оплачен
11818,978,2024-10-14,7181.62,7181.62,Оплачен вовремя
11819,978,2024-11-13,7181.62,7181.62,Оплачен вовремя
11820,978,2024-12-13,7181.62,7181.62,Оплачен вовремя
11821,978,2025-01-12,7181.62,7181.62,Оплачен вовремя
11822,978,2025-02-11,7181.62,7181.62,Оплачен вовремя
11823,978,2025-03-13,7181.62,0.0,Не оплачен
11824,978,2025-04-12,7181.62,7181.62,Оплачен вовремя
11825,978,2025-05-12,7181.62,7181.62,Оплачен вовремя
11826,978,2025-06-11,7181.62,7181.62,Просрочен
11827,978,2025-07-11,7181.62,7181.62,Оплачен вовремя
11828,978,2025-08-10,7181.62,7181.62,Оплачен вовремя
11829,978,2025-09-09,7181.62,7181.62,Оплачен вовремя
11830,978,2025-10-09,7181.62,7181.62,Оплачен вовремя
11831,978,2025-11-08,7181.62,7181.62,Оплачен вовремя
11832,978,2025-12-08,7181.62,7181.62,Оплачен вовремя
11833,979,2025-11-24,36632.86,36632.86,Оплачен вовремя
11834,979,2025-12-24,36632.86,36632.86,Оплачен вовремя
11835,980,2025-01-22,69652.27,69652.27,Оплачен вовремя
11836,980,2025-02-21,69652.27,69652.27,Оплачен вовремя
11837,980,2025-03-23,69652.27,69652.27,Оплачен вовремя
11838,980,2025-04-22,69652.27,69652.27,Оплачен вовремя
11839,980,2025-05-22,69652.27,69652.27,Оплачен вовремя
11840,980,2025-06-21,69652.27,69652.27,Оплачен вовремя
11841,980,2025-07-21,69652.27,69652.27,Оплачен вовремя
11842,980,2025-08-20,69652.27,69652.27,Оплачен вовремя
11843,980,2025-09-19,69652.27,69652.27,Оплачен вовремя
11844,980,2025-10-19,69652.27,69652.27,Оплачен вовремя
11845,980,2025-11-18,69652.27,69652.27,Оплачен вовремя
11846,980,2025-12-18,69652.27,69652.27,Оплачен вовремя
11847,981,2025-07-04,21187.62,21187.62,Оплачен вовремя
11848,981,2025-08-03,21187.62,21187.62,Оплачен вовремя
11849,981,2025-09-02,21187.62,21187.62,Оплачен вовремя
11850,981,2025-10-02,21187.62,21187.62,Оплачен вовремя
11851,981,2025-11-01,21187.62,21187.62,Оплачен вовремя
11852,981,2025-12-01,21187.62,21187.62,Оплачен вовремя
11853,982,2025-03-09,20638.03,20638.03,Оплачен вовремя
11854,982,2025-04-08,20638.03,20638.03,Оплачен вовремя
11855,982,2025-05-08,20638.03,20638.03,Оплачен вовремя
11856,982,2025-06-07,20638.03,20638.03,Оплачен вовремя
11857,982,2025-07-07,20638.03,20638.03,Оплачен вовремя
11858,982,2025-08-06,20638.03,20638.03,Просрочен
11859,982,2025-09-05,20638.03,0.0,Не оплачен
11860,982,2025-10-05,20638.03,0.0,Не оплачен
11861,982,2025-11-04,20638.03,20638.03,Оплачен вовремя
11862,982,2025-12-04,20638.03,20638.03,Оплачен вовремя
11863,983,2023-11-03,10197.0,10197.0,Оплачен вовремя
11864,983,2023-12-03,10197.0,10197.0,Оплачен вовремя
11865,983,2024-01-02,10197.0,10197.0,Оплачен вовремя
11866,983,2024-02-01,10197.0,10197.0,Оплачен вовремя
11867,983,2024-03-02,10197.0,10197.0,Оплачен вовремя
11868,983,2024-04-01,10197.0,10197.0,Оплачен вовремя
11869,983,2024-05-01,10197.0,10197.0,Оплачен вовремя
11870,983,2024-05-31,10197.0,10197.0,Оплачен вовремя
11871,983,2024-06-30,10197.0,10197.0,Оплачен вовремя
11872,983,2024-07-30,10197.0,10197.0,Оплачен вовремя
11873,983,2024-08-29,10197.0,10197.0,Оплачен вовремя
11874,983,2024-09-28,10197.0,10197.0,Оплачен вовремя
11875,984,2025-08-17,17762.06,17762.06,Оплачен вовремя
11876,984,2025-09-16,17762.06,17762.06,Оплачен вовремя
11877,984,2025-10-16,17762.06,17762.06,Оплачен вовремя
11878,984,2025-11-15,17762.06,17762.06,Оплачен вовремя
11879,984,2025-12-15,17762.06,17762.06,Оплачен вовремя
11880,985,2023-09-16,408740.31,408740.31,Оплачен вовремя
11881,985,2023-10-16,408740.31,408740.31,Оплачен вовремя
11882,985,2023-11-15,408740.31,408740.31,Оплачен вовремя
11883,985,2023-12-15,408740.31,408740.31,Оплачен вовремя
11884,985,2024-01-14,408740.31,408740.31,Оплачен вовремя
11885,985,2024-02-13,408740.31,408740.31,Оплачен вовремя
11886,986,2023-04-11,2998.49,2998.49,Оплачен вовремя
11887,986,2023-05-11,2998.49,2998.49,Оплачен вовремя
11888,986,2023-06-10,2998.49,2998.49,Оплачен вовремя
11889,986,2023-07-10,2998.49,2998.49,Оплачен вовремя
11890,986,2023-08-09,2998.49,2998.49,Оплачен вовремя
11891,986,2023-09-08,2998.49,2998.49,Оплачен вовремя
11892,986,2023-10-08,2998.49,2998.49,Оплачен вовремя
11893,986,2023-11-07,2998.49,2998.49,Оплачен вовремя
11894,986,2023-12-07,2998.49,2998.49,Оплачен вовремя
11895,986,2024-01-06,2998.49,2998.49,Оплачен вовремя
11896,986,2024-02-05,2998.49,2998.49,Оплачен вовремя
11897,986,2024-03-06,2998.49,2998.49,Оплачен вовремя
11898,986,2024-04-05,2998.49,2998.49,Оплачен вовремя
11899,986,2024-05-05,2998.49,2998.49,Оплачен вовремя
11900,986,2024-06-04,2998.49,2998.49,Оплачен вовремя
11901,986,2024-07-04,2998.49,2998.49,Оплачен вовремя
11902,986,2024-08-03,2998.49,2998.49,Оплачен вовремя
11903,986,2024-09-02,2998.49,2998.49,Оплачен вовремя
11904,986,2024-10-02,2998.49,2998.49,Оплачен вовремя
11905,986,2024-11-01,2998.49,2998.49,Оплачен вовремя
11906,986,2024-12-01,2998.49,2998.49,Оплачен вовремя
11907,986,2024-12-31,2998.49,2998.49,Оплачен вовремя
11908,986,2025-01-30,2998.49,2998.49,Оплачен вовремя
11909,986,2025-03-01,2998.49,2998.49,Оплачен вовремя
11910,987,2025-12-14,43176.62,43176.62,Оплачен вовремя
11911,988,2025-09-01,69410.25,69410.25,Оплачен вовремя
11912,988,2025-10-01,69410.25,69410.25,Оплачен вовремя
11913,988,2025-10-31,69410.25,69410.25,Оплачен вовремя
11914,988,2025-11-30,69410.25,69410.25,Оплачен вовремя
11915,989,2025-05-15,57308.99,57308.99,Оплачен вовремя
11916,989,2025-06-14,57308.99,57308.99,Оплачен вовремя
11917,989,2025-07-14,57308.99,57308.99,Оплачен вовремя
11918,989,2025-08-13,57308.99,57308.99,Оплачен вовремя
11919,989,2025-09-12,57308.99,57308.99,Оплачен вовремя
11920,989,2025-10-12,57308.99,57308.99,Оплачен вовремя
11921,989,2025-11-11,57308.99,57308.99,Оплачен вовремя
11922,989,2025-12-11,57308.99,57308.99,Оплачен вовремя
11923,990,2024-06-16,26252.1,26252.1,Оплачен вовремя
11924,990,2024-07-16,26252.1,26252.1,Оплачен вовремя
11925,990,2024-08-15,26252.1,26252.1,Оплачен вовремя
11926,990,2024-09-14,26252.1,26252.1,Оплачен вовремя
11927,990,2024-10-14,26252.1,26252.1,Оплачен вовремя
11928,990,2024-11-13,26252.1,26252.1,Оплачен вовремя
11929,990,2024-12-13,26252.1,26252.1,Оплачен вовремя
11930,990,2025-01-12,26252.1,26252.1,Оплачен вовремя
11931,990,2025-02-11,26252.1,26252.1,Оплачен вовремя
11932,990,2025-03-13,26252.1,26252.1,Оплачен вовремя
11933,990,2025-04-12,26252.1,26252.1,Оплачен вовремя
11934,990,2025-05-12,26252.1,26252.1,Оплачен вовремя
11935,990,2025-06-11,26252.1,26252.1,Оплачен вовремя
11936,990,2025-07-11,26252.1,26252.1,Оплачен вовремя
11937,990,2025-08-10,26252.1,26252.1,Оплачен вовремя
11938,990,2025-09-09,26252.1,26252.1,Оплачен вовремя
11939,990,2025-10-09,26252.1,26252.1,Оплачен вовремя
11940,990,2025-11-08,26252.1,26252.1,Оплачен вовремя
11941,990,2025-12-08,26252.1,26252.1,Оплачен вовремя
11942,991,2024-11-12,25581.24,25581.24,Оплачен вовремя
11943,991,2024-12-12,25581.24,25581.24,Оплачен вовремя
11944,991,2025-01-11,25581.24,25581.24,Оплачен вовремя
11945,991,2025-02-10,25581.24,25581.24,Оплачен вовремя
11946,991,2025-03-12,25581.24,25581.24,Оплачен вовремя
11947,991,2025-04-11,25581.24,25581.24,Оплачен вовремя
11948,991,2025-05-11,25581.24,25581.24,Оплачен вовремя
11949,991,2025-06-10,25581.24,25581.24,Оплачен вовремя
11950,991,2025-07-10,25581.24,25581.24,Оплачен вовремя
11951,991,2025-08-09,25581.24,25581.24,Оплачен вовремя
11952,991,2025-09-08,25581.24,25581.24,Оплачен вовремя
11953,991,2025-10-08,25581.24,25581.24,Оплачен вовремя
11954,992,2025-10-31,1543588.04,1543588.04,Оплачен вовремя
11955,992,2025-11-30,1543588.04,1543588.04,Оплачен вовремя
11956,993,2025-12-06,1606204.14,1606204.14,Оплачен вовремя
11957,994,2024-02-17,54742.58,54742.58,Оплачен вовремя
11958,994,2024-03-18,54742.58,54742.58,Оплачен вовремя
11959,994,2024-04-17,54742.58,54742.58,Оплачен вовремя
11960,994,2024-05-17,54742.58,54742.58,Оплачен вовремя
11961,994,2024-06-16,54742.58,54742.58,Оплачен вовремя
11962,994,2024-07-16,54742.58,54742.58,Оплачен вовремя
11963,994,2024-08-15,54742.58,54742.58,Оплачен вовремя
11964,994,2024-09-14,54742.58,54742.58,Оплачен вовремя
11965,994,2024-10-14,54742.58,54742.58,Оплачен вовремя
11966,994,2024-11-13,54742.58,54742.58,Оплачен вовремя
11967,994,2024-12-13,54742.58,54742.58,Оплачен вовремя
11968,994,2025-01-12,54742.58,54742.58,Оплачен вовремя
11969,994,2025-02-11,54742.58,54742.58,Оплачен вовремя
11970,994,2025-03-13,54742.58,54742.58,Оплачен вовремя
11971,994,2025-04-12,54742.58,54742.58,Оплачен вовремя
11972,994,2025-05-12,54742.58,54742.58,Оплачен вовремя
11973,994,2025-06-11,54742.58,54742.58,Оплачен вовремя
11974,994,2025-07-11,54742.58,54742.58,Оплачен вовремя
11975,994,2025-08-10,54742.58,54742.58,Оплачен вовремя
11976,994,2025-09-09,54742.58,54742.58,Оплачен вовремя
11977,994,2025-10-09,54742.58,54742.58,Оплачен вовремя
11978,994,2025-11-08,54742.58,54742.58,Оплачен вовремя
11979,994,2025-12-08,54742.58,54742.58,Оплачен вовремя
11980,995,2024-10-29,23068.52,23068.52,Оплачен вовремя
11981,995,2024-11-28,23068.52,23068.52,Оплачен вовремя
11982,995,2024-12-28,23068.52,23068.52,Оплачен вовремя
11983,995,2025-01-27,23068.52,23068.52,Оплачен вовремя
11984,995,2025-02-26,23068.52,23068.52,Оплачен вовремя
11985,995,2025-03-28,23068.52,23068.52,Оплачен вовремя
11986,995,2025-04-27,23068.52,23068.52,Оплачен вовремя
11987,995,2025-05-27,23068.52,23068.52,Оплачен вовремя
11988,995,2025-06-26,23068.52,23068.52,Оплачен вовремя
11989,995,2025-07-26,23068.52,23068.52,Оплачен вовремя
11990,995,2025-08-25,23068.52,23068.52,Оплачен вовремя
11991,995,2025-09-24,23068.52,23068.52,Оплачен вовремя
11992,996,2024-07-05,5895.12,5895.12,Оплачен вовремя
11993,996,2024-08-04,5895.12,5895.12,Оплачен вовремя
11994,996,2024-09-03,5895.12,5895.12,Оплачен вовремя
11995,996,2024-10-03,5895.12,5895.12,Оплачен вовремя
11996,996,2024-11-02,5895.12,5895.12,Оплачен вовремя
11997,996,2024-12-02,5895.12,5895.12,Оплачен вовремя
11998,996,2025-01-01,5895.12,5895.12,Оплачен вовремя
11999,996,2025-01-31,5895.12,5895.12,Оплачен вовремя
12000,996,2025-03-02,5895.12,5895.12,Оплачен вовремя
12001,996,2025-04-01,5895.12,5895.12,Оплачен вовремя
12002,996,2025-05-01,5895.12,5895.12,Оплачен вовремя
12003,996,2025-05-31,5895.12,5895.12,Оплачен вовремя
12004,996,2025-06-30,5895.12,5895.12,Оплачен вовремя
12005,996,2025-07-30,5895.12,5895.12,Оплачен вовремя
12006,996,2025-08-29,5895.12,5895.12,Оплачен вовремя
12007,996,2025-09-28,5895.12,5895.12,Оплачен вовремя
12008,996,2025-10-28,5895.12,5895.12,Оплачен вовремя
12009,996,2025-11-27,5895.12,5895.12,Оплачен вовремя
12010,997,2025-03-05,372294.77,372294.77,Оплачен вовремя
12011,997,2025-04-04,372294.77,372294.77,Оплачен вовремя
12012,997,2025-05-04,372294.77,372294.77,Оплачен вовремя
12013,997,2025-06-03,372294.77,372294.77,Оплачен вовремя
12014,997,2025-07-03,372294.77,372294.77,Оплачен вовремя
12015,997,2025-08-02,372294.77,372294.77,Оплачен вовремя
12016,997,2025-09-01,372294.77,372294.77,Оплачен вовремя
12017,997,2025-10-01,372294.77,372294.77,Оплачен вовремя
12018,997,2025-10-31,372294.77,372294.77,Оплачен вовремя
12019,998,2023-12-31,97332.81,97332.81,Оплачен вовремя
12020,998,2024-01-30,97332.81,97332.81,Оплачен вовремя
12021,998,2024-02-29,97332.81,97332.81,Оплачен вовремя
12022,998,2024-03-30,97332.81,97332.81,Оплачен вовремя
12023,998,2024-04-29,97332.81,97332.81,Оплачен вовремя
12024,998,2024-05-29,97332.81,97332.81,Оплачен вовремя
12025,998,2024-06-28,97332.81,97332.81,Оплачен вовремя
12026,998,2024-07-28,97332.81,97332.81,Оплачен вовремя
12027,998,2024-08-27,97332.81,97332.81,Оплачен вовремя
12028,998,2024-09-26,97332.81,97332.81,Оплачен вовремя
12029,998,2024-10-26,97332.81,97332.81,Оплачен вовремя
12030,998,2024-11-25,97332.81,97332.81,Оплачен вовремя
12031,998,2024-12-25,97332.81,97332.81,Оплачен вовремя
12032,998,2025-01-24,97332.81,97332.81,Оплачен вовремя
12033,998,2025-02-23,97332.81,97332.81,Оплачен вовремя
12034,998,2025-03-25,97332.81,97332.81,Оплачен вовремя
12035,998,2025-04-24,97332.81,97332.81,Оплачен вовремя
12036,998,2025-05-24,97332.81,97332.81,Оплачен вовремя
12037,998,2025-06-23,97332.81,97332.81,Оплачен вовремя
12038,998,2025-07-23,97332.81,97332.81,Оплачен вовремя
12039,998,2025-08-22,97332.81,97332.81,Оплачен вовремя
12040,998,2025-09-21,97332.81,97332.81,Оплачен вовремя
12041,998,2025-10-21,97332.81,97332.81,Оплачен вовремя
12042,998,2025-11-20,97332.81,97332.81,Оплачен вовремя
12043,999,2025-12-28,37720.73,37720.73,Оплачен вовремя
12044,1001,2023-07-31,5452.91,5452.91,Оплачен вовремя
12045,1001,2023-08-30,5452.91,5452.91,Оплачен вовремя
12046,1001,2023-09-29,5452.91,5452.91,Оплачен вовремя
12047,1001,2023-10-29,5452.91,5452.91,Оплачен вовремя
12048,1001,2023-11-28,5452.91,5452.91,Оплачен вовремя
12049,1001,2023-12-28,5452.91,5452.91,Оплачен вовремя
12050,1001,2024-01-27,5452.91,5452.91,Оплачен вовремя
12051,1001,2024-02-26,5452.91,5452.91,Оплачен вовремя
12052,1001,2024-03-27,5452.91,5452.91,Оплачен вовремя
12053,1001,2024-04-26,5452.91,5452.91,Оплачен вовремя
12054,1001,2024-05-26,5452.91,5452.91,Оплачен вовремя
12055,1001,2024-06-25,5452.91,5452.91,Оплачен вовремя
12056,1001,2024-07-25,5452.91,5452.91,Оплачен вовремя
12057,1001,2024-08-24,5452.91,5452.91,Оплачен вовремя
12058,1001,2024-09-23,5452.91,5452.91,Оплачен вовремя
12059,1001,2024-10-23,5452.91,5452.91,Оплачен вовремя
12060,1001,2024-11-22,5452.91,5452.91,Оплачен вовремя
12061,1001,2024-12-22,5452.91,5452.91,Оплачен вовремя
12062,1001,2025-01-21,5452.91,5452.91,Оплачен вовремя
12063,1001,2025-02-20,5452.91,5452.91,Оплачен вовремя
12064,1001,2025-03-22,5452.91,5452.91,Оплачен вовремя
12065,1001,2025-04-21,5452.91,5452.91,Оплачен вовремя
12066,1001,2025-05-21,5452.91,5452.91,Оплачен вовремя
12067,1001,2025-06-20,5452.91,5452.91,Оплачен вовремя
12068,1001,2025-07-20,5452.91,5452.91,Оплачен вовремя
12069,1001,2025-08-19,5452.91,5452.91,Оплачен вовремя
12070,1001,2025-09-18,5452.91,5452.91,Оплачен вовремя
12071,1001,2025-10-18,5452.91,5452.91,Оплачен вовремя
12072,1001,2025-11-17,5452.91,5452.91,Оплачен вовремя
12073,1002,2024-12-08,15570.35,15570.35,Оплачен вовремя
12074,1002,2025-01-07,15570.35,15570.35,Оплачен вовремя
12075,1002,2025-02-06,15570.35,15570.35,Оплачен вовремя
12076,1002,2025-03-08,15570.35,15570.35,Оплачен вовремя
12077,1002,2025-04-07,15570.35,15570.35,Оплачен вовремя
12078,1002,2025-05-07,15570.35,15570.35,Оплачен вовремя
12079,1002,2025-06-06,15570.35,15570.35,Оплачен вовремя
12080,1002,2025-07-06,15570.35,15570.35,Оплачен вовремя
12081,1002,2025-08-05,15570.35,15570.35,Оплачен вовремя
12082,1002,2025-09-04,15570.35,15570.35,Оплачен вовремя
12083,1002,2025-10-04,15570.35,15570.35,Оплачен вовремя
12084,1002,2025-11-03,15570.35,15570.35,Оплачен вовремя
12085,1002,2025-12-03,15570.35,15570.35,Оплачен вовремя
12086,1003,2023-11-04,210654.51,210654.51,Оплачен вовремя
12087,1003,2023-12-04,210654.51,210654.51,Оплачен вовремя
12088,1003,2024-01-03,210654.51,210654.51,Оплачен вовремя
12089,1004,2023-08-21,9826.25,9826.25,Оплачен вовремя
12090,1004,2023-09-20,9826.25,9826.25,Оплачен вовремя
12091,1004,2023-10-20,9826.25,9826.25,Оплачен вовремя
12092,1004,2023-11-19,9826.25,9826.25,Оплачен вовремя
12093,1004,2023-12-19,9826.25,9826.25,Оплачен вовремя
12094,1004,2024-01-18,9826.25,9826.25,Оплачен вовремя
12095,1004,2024-02-17,9826.25,9826.25,Оплачен вовремя
12096,1004,2024-03-18,9826.25,9826.25,Оплачен вовремя
12097,1004,2024-04-17,9826.25,9826.25,Оплачен вовремя
12098,1004,2024-05-17,9826.25,9826.25,Оплачен вовремя
12099,1004,2024-06-16,9826.25,9826.25,Оплачен вовремя
12100,1004,2024-07-16,9826.25,9826.25,Оплачен вовремя
12101,1005,2025-05-08,16663.19,16663.19,Оплачен вовремя
12102,1005,2025-06-07,16663.19,16663.19,Оплачен вовремя
12103,1005,2025-07-07,16663.19,16663.19,Оплачен вовремя
12104,1005,2025-08-06,16663.19,16663.19,Оплачен вовремя
12105,1005,2025-09-05,16663.19,16663.19,Оплачен вовремя
12106,1005,2025-10-05,16663.19,16663.19,Оплачен вовремя
12107,1005,2025-11-04,16663.19,16663.19,Оплачен вовремя
12108,1005,2025-12-04,16663.19,16663.19,Оплачен вовремя
12109,1006,2025-07-08,52882.38,52882.38,Оплачен вовремя
12110,1006,2025-08-07,52882.38,52882.38,Оплачен вовремя
12111,1006,2025-09-06,52882.38,52882.38,Оплачен вовремя
12112,1006,2025-10-06,52882.38,52882.38,Оплачен вовремя
12113,1006,2025-11-05,52882.38,52882.38,Оплачен вовремя
12114,1006,2025-12-05,52882.38,52882.38,Оплачен вовремя
12115,1007,2023-03-22,23716.78,23716.78,Оплачен вовремя
12116,1007,2023-04-21,23716.78,23716.78,Оплачен вовремя
12117,1007,2023-05-21,23716.78,23716.78,Оплачен вовремя
12118,1007,2023-06-20,23716.78,23716.78,Оплачен вовремя
12119,1007,2023-07-20,23716.78,23716.78,Оплачен вовремя
12120,1007,2023-08-19,23716.78,23716.78,Оплачен вовремя
12121,1007,2023-09-18,23716.78,23716.78,Оплачен вовремя
12122,1007,2023-10-18,23716.78,23716.78,Оплачен вовремя
12123,1007,2023-11-17,23716.78,23716.78,Оплачен вовремя
12124,1007,2023-12-17,23716.78,23716.78,Оплачен вовремя
12125,1007,2024-01-16,23716.78,23716.78,Оплачен вовремя
12126,1007,2024-02-15,23716.78,23716.78,Оплачен вовремя
12127,1008,2024-12-25,418698.9,418698.9,Оплачен вовремя
12128,1008,2025-01-24,418698.9,418698.9,Оплачен вовремя
12129,1008,2025-02-23,418698.9,418698.9,Оплачен вовремя
12130,1009,2025-06-23,13458.54,13458.54,Оплачен вовремя
12131,1009,2025-07-23,13458.54,13458.54,Оплачен вовремя
12132,1009,2025-08-22,13458.54,13458.54,Оплачен вовремя
12133,1009,2025-09-21,13458.54,13458.54,Оплачен вовремя
12134,1009,2025-10-21,13458.54,13458.54,Оплачен вовремя
12135,1009,2025-11-20,13458.54,13458.54,Оплачен вовремя
12136,1009,2025-12-20,13458.54,13458.54,Оплачен вовремя
12137,1010,2024-07-25,1458265.58,1458265.58,Просрочен
12138,1010,2024-08-24,1458265.58,1458265.58,Оплачен вовремя
12139,1010,2024-09-23,1458265.58,1458265.58,Просрочен
12140,1011,2025-04-23,2862.6,2862.6,Оплачен вовремя
12141,1011,2025-05-23,2862.6,2862.6,Оплачен вовремя
12142,1011,2025-06-22,2862.6,2862.6,Оплачен вовремя
12143,1011,2025-07-22,2862.6,2862.6,Оплачен вовремя
12144,1011,2025-08-21,2862.6,2862.6,Оплачен вовремя
12145,1011,2025-09-20,2862.6,2862.6,Оплачен вовремя
12146,1011,2025-10-20,2862.6,2862.6,Оплачен вовремя
12147,1011,2025-11-19,2862.6,2862.6,Оплачен вовремя
12148,1011,2025-12-19,2862.6,2862.6,Оплачен вовремя
12149,1012,2025-06-20,114453.59,114453.59,Оплачен вовремя
12150,1012,2025-07-20,114453.59,114453.59,Оплачен вовремя
12151,1012,2025-08-19,114453.59,114453.59,Оплачен вовремя
12152,1012,2025-09-18,114453.59,114453.59,Оплачен вовремя
12153,1012,2025-10-18,114453.59,114453.59,Оплачен вовремя
12154,1012,2025-11-17,114453.59,114453.59,Оплачен вовремя
12155,1012,2025-12-17,114453.59,114453.59,Оплачен вовремя
12156,1013,2023-10-09,10091.47,10091.47,Оплачен вовремя
12157,1013,2023-11-08,10091.47,10091.47,Оплачен вовремя
12158,1013,2023-12-08,10091.47,10091.47,Оплачен вовремя
12159,1013,2024-01-07,10091.47,10091.47,Оплачен вовремя
12160,1013,2024-02-06,10091.47,10091.47,Оплачен вовремя
12161,1013,2024-03-07,10091.47,10091.47,Оплачен вовремя
12162,1013,2024-04-06,10091.47,10091.47,Оплачен вовремя
12163,1013,2024-05-06,10091.47,10091.47,Оплачен вовремя
12164,1013,2024-06-05,10091.47,10091.47,Оплачен вовремя
12165,1013,2024-07-05,10091.47,10091.47,Оплачен вовремя
12166,1013,2024-08-04,10091.47,10091.47,Оплачен вовремя
12167,1013,2024-09-03,10091.47,10091.47,Оплачен вовремя
12168,1013,2024-10-03,10091.47,10091.47,Оплачен вовремя
12169,1013,2024-11-02,10091.47,10091.47,Оплачен вовремя
12170,1013,2024-12-02,10091.47,10091.47,Оплачен вовремя
12171,1013,2025-01-01,10091.47,10091.47,Оплачен вовремя
12172,1013,2025-01-31,10091.47,10091.47,Оплачен вовремя
12173,1013,2025-03-02,10091.47,10091.47,Оплачен вовремя
12174,1013,2025-04-01,10091.47,10091.47,Оплачен вовремя
12175,1013,2025-05-01,10091.47,10091.47,Оплачен вовремя
12176,1013,2025-05-31,10091.47,10091.47,Оплачен вовремя
12177,1013,2025-06-30,10091.47,10091.47,Оплачен вовремя
12178,1013,2025-07-30,10091.47,10091.47,Оплачен вовремя
12179,1013,2025-08-29,10091.47,10091.47,Оплачен вовремя
12180,1013,2025-09-28,10091.47,10091.47,Оплачен вовремя
12181,1013,2025-10-28,10091.47,10091.47,Оплачен вовремя
12182,1013,2025-11-27,10091.47,10091.47,Оплачен вовремя
12183,1014,2024-08-08,1553.72,1553.72,Оплачен вовремя
12184,1014,2024-09-07,1553.72,1553.72,Оплачен вовремя
12185,1014,2024-10-07,1553.72,1553.72,Оплачен вовремя
12186,1014,2024-11-06,1553.72,1553.72,Просрочен
12187,1014,2024-12-06,1553.72,1553.72,Оплачен вовремя
12188,1014,2025-01-05,1553.72,0.0,Не оплачен
12189,1014,2025-02-04,1553.72,1553.72,Оплачен вовремя
12190,1014,2025-03-06,1553.72,1553.72,Просрочен
12191,1014,2025-04-05,1553.72,1553.72,Оплачен вовремя
12192,1014,2025-05-05,1553.72,1553.72,Оплачен вовремя
12193,1014,2025-06-04,1553.72,1553.72,Оплачен вовремя
12194,1014,2025-07-04,1553.72,1553.72,Оплачен вовремя
12195,1014,2025-08-03,1553.72,1553.72,Оплачен вовремя
12196,1014,2025-09-02,1553.72,1553.72,Просрочен
12197,1014,2025-10-02,1553.72,1553.72,Оплачен вовремя
12198,1014,2025-11-01,1553.72,1553.72,Оплачен вовремя
12199,1014,2025-12-01,1553.72,0.0,Не оплачен
12200,1015,2025-08-22,93453.82,93453.82,Оплачен вовремя
12201,1015,2025-09-21,93453.82,93453.82,Оплачен вовремя
12202,1015,2025-10-21,93453.82,93453.82,Оплачен вовремя
12203,1015,2025-11-20,93453.82,93453.82,Оплачен вовремя
12204,1015,2025-12-20,93453.82,93453.82,Оплачен вовремя
12205,1016,2025-12-28,1211140.3,1211140.3,Оплачен вовремя
12206,1017,2025-11-19,6177.42,6177.42,Оплачен вовремя
12207,1017,2025-12-19,6177.42,6177.42,Оплачен вовремя
12208,1018,2025-12-28,194932.51,194932.51,Оплачен вовремя
12209,1019,2025-05-17,65438.16,65438.16,Оплачен вовремя
12210,1019,2025-06-16,65438.16,65438.16,Оплачен вовремя
12211,1019,2025-07-16,65438.16,65438.16,Оплачен вовремя
12212,1019,2025-08-15,65438.16,65438.16,Оплачен вовремя
12213,1019,2025-09-14,65438.16,65438.16,Оплачен вовремя
12214,1019,2025-10-14,65438.16,65438.16,Оплачен вовремя
12215,1019,2025-11-13,65438.16,65438.16,Оплачен вовремя
12216,1019,2025-12-13,65438.16,65438.16,Оплачен вовремя
12217,1020,2024-09-06,22466.47,22466.47,Оплачен вовремя
12218,1020,2024-10-06,22466.47,22466.47,Оплачен вовремя
12219,1020,2024-11-05,22466.47,22466.47,Оплачен вовремя
12220,1020,2024-12-05,22466.47,22466.47,Оплачен вовремя
12221,1020,2025-01-04,22466.47,22466.47,Оплачен вовремя
12222,1020,2025-02-03,22466.47,22466.47,Оплачен вовремя
12223,1020,2025-03-05,22466.47,22466.47,Оплачен вовремя
12224,1020,2025-04-04,22466.47,22466.47,Оплачен вовремя
12225,1020,2025-05-04,22466.47,22466.47,Оплачен вовремя
12226,1020,2025-06-03,22466.47,22466.47,Оплачен вовремя
12227,1020,2025-07-03,22466.47,22466.47,Оплачен вовремя
12228,1020,2025-08-02,22466.47,22466.47,Оплачен вовремя
12229,1020,2025-09-01,22466.47,22466.47,Оплачен вовремя
12230,1020,2025-10-01,22466.47,22466.47,Оплачен вовремя
12231,1020,2025-10-31,22466.47,22466.47,Оплачен вовремя
12232,1020,2025-11-30,22466.47,22466.47,Оплачен вовремя
12233,1021,2025-09-06,13011.03,13011.03,Оплачен вовремя
12234,1021,2025-10-06,13011.03,13011.03,Оплачен вовремя
12235,1021,2025-11-05,13011.03,13011.03,Оплачен вовремя
12236,1021,2025-12-05,13011.03,13011.03,Оплачен вовремя
12237,1022,2024-02-18,8422.18,8422.18,Оплачен вовремя
12238,1022,2024-03-19,8422.18,8422.18,Оплачен вовремя
12239,1022,2024-04-18,8422.18,8422.18,Оплачен вовремя
12240,1022,2024-05-18,8422.18,8422.18,Оплачен вовремя
12241,1022,2024-06-17,8422.18,8422.18,Оплачен вовремя
12242,1022,2024-07-17,8422.18,8422.18,Оплачен вовремя
12243,1022,2024-08-16,8422.18,8422.18,Оплачен вовремя
12244,1022,2024-09-15,8422.18,8422.18,Оплачен вовремя
12245,1022,2024-10-15,8422.18,8422.18,Оплачен вовремя
12246,1022,2024-11-14,8422.18,8422.18,Оплачен вовремя
12247,1022,2024-12-14,8422.18,8422.18,Оплачен вовремя
12248,1022,2025-01-13,8422.18,8422.18,Оплачен вовремя
12249,1022,2025-02-12,8422.18,8422.18,Оплачен вовремя
12250,1022,2025-03-14,8422.18,8422.18,Оплачен вовремя
12251,1022,2025-04-13,8422.18,8422.18,Оплачен вовремя
12252,1022,2025-05-13,8422.18,8422.18,Оплачен вовремя
12253,1022,2025-06-12,8422.18,8422.18,Оплачен вовремя
12254,1022,2025-07-12,8422.18,8422.18,Оплачен вовремя
12255,1022,2025-08-11,8422.18,8422.18,Оплачен вовремя
12256,1022,2025-09-10,8422.18,8422.18,Оплачен вовремя
12257,1022,2025-10-10,8422.18,8422.18,Оплачен вовремя
12258,1022,2025-11-09,8422.18,8422.18,Оплачен вовремя
12259,1022,2025-12-09,8422.18,8422.18,Оплачен вовремя
12260,1023,2024-07-31,5957.34,5957.34,Оплачен вовремя
12261,1023,2024-08-30,5957.34,5957.34,Оплачен вовремя
12262,1023,2024-09-29,5957.34,5957.34,Оплачен вовремя
12263,1023,2024-10-29,5957.34,5957.34,Оплачен вовремя
12264,1023,2024-11-28,5957.34,5957.34,Оплачен вовремя
12265,1023,2024-12-28,5957.34,5957.34,Оплачен вовремя
12266,1023,2025-01-27,5957.34,5957.34,Оплачен вовремя
12267,1023,2025-02-26,5957.34,5957.34,Оплачен вовремя
12268,1023,2025-03-28,5957.34,5957.34,Оплачен вовремя
12269,1023,2025-04-27,5957.34,5957.34,Оплачен вовремя
12270,1023,2025-05-27,5957.34,5957.34,Оплачен вовремя
12271,1023,2025-06-26,5957.34,5957.34,Оплачен вовремя
12272,1025,2025-06-26,16806.41,16806.41,Оплачен вовремя
12273,1025,2025-07-26,16806.41,16806.41,Оплачен вовремя
12274,1025,2025-08-25,16806.41,16806.41,Оплачен вовремя
12275,1025,2025-09-24,16806.41,16806.41,Оплачен вовремя
12276,1025,2025-10-24,16806.41,16806.41,Оплачен вовремя
12277,1025,2025-11-23,16806.41,16806.41,Оплачен вовремя
12278,1025,2025-12-23,16806.41,16806.41,Оплачен вовремя
12279,1026,2025-05-03,66055.25,66055.25,Просрочен
12280,1026,2025-06-02,66055.25,66055.25,Просрочен
12281,1026,2025-07-02,66055.25,66055.25,Оплачен вовремя
12282,1026,2025-08-01,66055.25,66055.25,Оплачен вовремя
12283,1026,2025-08-31,66055.25,66055.25,Просрочен
12284,1026,2025-09-30,66055.25,66055.25,Оплачен вовремя
12285,1026,2025-10-30,66055.25,66055.25,Просрочен
12286,1026,2025-11-29,66055.25,66055.25,Оплачен вовремя
12287,1027,2025-08-30,519861.37,519861.37,Оплачен вовремя
12288,1027,2025-09-29,519861.37,519861.37,Оплачен вовремя
12289,1027,2025-10-29,519861.37,519861.37,Оплачен вовремя
12290,1027,2025-11-28,519861.37,519861.37,Оплачен вовремя
12291,1027,2025-12-28,519861.37,519861.37,Оплачен вовремя
12292,1028,2025-08-16,8944.67,8944.67,Оплачен вовремя
12293,1028,2025-09-15,8944.67,8944.67,Оплачен вовремя
12294,1028,2025-10-15,8944.67,8944.67,Оплачен вовремя
12295,1028,2025-11-14,8944.67,8944.67,Оплачен вовремя
12296,1028,2025-12-14,8944.67,8944.67,Оплачен вовремя
12297,1029,2025-01-19,55816.28,55816.28,Оплачен вовремя
12298,1029,2025-02-18,55816.28,55816.28,Оплачен вовремя
12299,1029,2025-03-20,55816.28,55816.28,Оплачен вовремя
12300,1029,2025-04-19,55816.28,55816.28,Оплачен вовремя
12301,1029,2025-05-19,55816.28,55816.28,Оплачен вовремя
12302,1029,2025-06-18,55816.28,55816.28,Оплачен вовремя
12303,1029,2025-07-18,55816.28,55816.28,Оплачен вовремя
12304,1029,2025-08-17,55816.28,55816.28,Оплачен вовремя
12305,1029,2025-09-16,55816.28,55816.28,Оплачен вовремя
12306,1029,2025-10-16,55816.28,55816.28,Оплачен вовремя
12307,1029,2025-11-15,55816.28,55816.28,Оплачен вовремя
12308,1029,2025-12-15,55816.28,55816.28,Оплачен вовремя
12309,1030,2022-06-09,61011.96,61011.96,Оплачен вовремя
12310,1030,2022-07-09,61011.96,61011.96,Оплачен вовремя
12311,1030,2022-08-08,61011.96,61011.96,Оплачен вовремя
12312,1030,2022-09-07,61011.96,61011.96,Оплачен вовремя
12313,1030,2022-10-07,61011.96,61011.96,Оплачен вовремя
12314,1030,2022-11-06,61011.96,61011.96,Оплачен вовремя
12315,1030,2022-12-06,61011.96,61011.96,Оплачен вовремя
12316,1030,2023-01-05,61011.96,61011.96,Оплачен вовремя
12317,1030,2023-02-04,61011.96,61011.96,Оплачен вовремя
12318,1030,2023-03-06,61011.96,61011.96,Оплачен вовремя
12319,1030,2023-04-05,61011.96,61011.96,Оплачен вовремя
12320,1030,2023-05-05,61011.96,61011.96,Оплачен вовремя
12321,1034,2025-02-27,39854.5,39854.5,Оплачен вовремя
12322,1034,2025-03-29,39854.5,39854.5,Просрочен
12323,1034,2025-04-28,39854.5,39854.5,Оплачен вовремя
12324,1034,2025-05-28,39854.5,39854.5,Просрочен
12325,1034,2025-06-27,39854.5,39854.5,Оплачен вовремя
12326,1034,2025-07-27,39854.5,39854.5,Просрочен
12327,1034,2025-08-26,39854.5,39854.5,Оплачен вовремя
12328,1034,2025-09-25,39854.5,39854.5,Оплачен вовремя
12329,1034,2025-10-25,39854.5,39854.5,Оплачен вовремя
12330,1034,2025-11-24,39854.5,39854.5,Оплачен вовремя
12331,1034,2025-12-24,39854.5,39854.5,Оплачен вовремя
12332,1035,2024-09-04,6151.37,6151.37,Оплачен вовремя
12333,1035,2024-10-04,6151.37,6151.37,Оплачен вовремя
12334,1035,2024-11-03,6151.37,6151.37,Оплачен вовремя
12335,1035,2024-12-03,6151.37,6151.37,Оплачен вовремя
12336,1035,2025-01-02,6151.37,6151.37,Оплачен вовремя
12337,1035,2025-02-01,6151.37,6151.37,Оплачен вовремя
12338,1035,2025-03-03,6151.37,6151.37,Оплачен вовремя
12339,1035,2025-04-02,6151.37,6151.37,Оплачен вовремя
12340,1035,2025-05-02,6151.37,6151.37,Оплачен вовремя
12341,1035,2025-06-01,6151.37,6151.37,Оплачен вовремя
12342,1035,2025-07-01,6151.37,6151.37,Оплачен вовремя
12343,1035,2025-07-31,6151.37,6151.37,Оплачен вовремя
12344,1035,2025-08-30,6151.37,6151.37,Оплачен вовремя
12345,1035,2025-09-29,6151.37,6151.37,Оплачен вовремя
12346,1035,2025-10-29,6151.37,6151.37,Оплачен вовремя
12347,1035,2025-11-28,6151.37,6151.37,Оплачен вовремя
12348,1036,2023-08-19,16388.38,16388.38,Оплачен вовремя
12349,1036,2023-09-18,16388.38,16388.38,Оплачен вовремя
12350,1036,2023-10-18,16388.38,16388.38,Оплачен вовремя
12351,1036,2023-11-17,16388.38,16388.38,Оплачен вовремя
12352,1036,2023-12-17,16388.38,16388.38,Оплачен вовремя
12353,1036,2024-01-16,16388.38,16388.38,Оплачен вовремя
12354,1036,2024-02-15,16388.38,16388.38,Оплачен вовремя
12355,1036,2024-03-16,16388.38,16388.38,Оплачен вовремя
12356,1036,2024-04-15,16388.38,16388.38,Оплачен вовремя
12357,1036,2024-05-15,16388.38,16388.38,Оплачен вовремя
12358,1036,2024-06-14,16388.38,16388.38,Оплачен вовремя
12359,1036,2024-07-14,16388.38,16388.38,Оплачен вовремя
12360,1036,2024-08-13,16388.38,16388.38,Оплачен вовремя
12361,1036,2024-09-12,16388.38,16388.38,Оплачен вовремя
12362,1036,2024-10-12,16388.38,16388.38,Оплачен вовремя
12363,1036,2024-11-11,16388.38,16388.38,Оплачен вовремя
12364,1036,2024-12-11,16388.38,16388.38,Оплачен вовремя
12365,1036,2025-01-10,16388.38,16388.38,Оплачен вовремя
12366,1036,2025-02-09,16388.38,16388.38,Оплачен вовремя
12367,1036,2025-03-11,16388.38,16388.38,Оплачен вовремя
12368,1036,2025-04-10,16388.38,16388.38,Оплачен вовремя
12369,1036,2025-05-10,16388.38,16388.38,Оплачен вовремя
12370,1036,2025-06-09,16388.38,16388.38,Оплачен вовремя
12371,1036,2025-07-09,16388.38,16388.38,Оплачен вовремя
12372,1037,2024-08-16,19796.3,19796.3,Оплачен вовремя
12373,1037,2024-09-15,19796.3,19796.3,Оплачен вовремя
12374,1037,2024-10-15,19796.3,19796.3,Оплачен вовремя
12375,1037,2024-11-14,19796.3,19796.3,Оплачен вовремя
12376,1037,2024-12-14,19796.3,19796.3,Оплачен вовремя
12377,1037,2025-01-13,19796.3,19796.3,Оплачен вовремя
12378,1037,2025-02-12,19796.3,19796.3,Оплачен вовремя
12379,1037,2025-03-14,19796.3,19796.3,Оплачен вовремя
12380,1037,2025-04-13,19796.3,19796.3,Оплачен вовремя
12381,1037,2025-05-13,19796.3,19796.3,Оплачен вовремя
12382,1037,2025-06-12,19796.3,19796.3,Оплачен вовремя
12383,1037,2025-07-12,19796.3,19796.3,Оплачен вовремя
12384,1039,2025-06-07,27819.46,27819.46,Оплачен вовремя
12385,1039,2025-07-07,27819.46,27819.46,Оплачен вовремя
12386,1039,2025-08-06,27819.46,27819.46,Оплачен вовремя
12387,1039,2025-09-05,27819.46,27819.46,Оплачен вовремя
12388,1039,2025-10-05,27819.46,27819.46,Оплачен вовремя
12389,1039,2025-11-04,27819.46,27819.46,Оплачен вовремя
12390,1039,2025-12-04,27819.46,27819.46,Оплачен вовремя
12391,1040,2023-06-23,119278.5,119278.5,Оплачен вовремя
12392,1040,2023-07-23,119278.5,119278.5,Оплачен вовремя
12393,1040,2023-08-22,119278.5,119278.5,Оплачен вовремя
12394,1040,2023-09-21,119278.5,119278.5,Оплачен вовремя
12395,1040,2023-10-21,119278.5,119278.5,Оплачен вовремя
12396,1040,2023-11-20,119278.5,119278.5,Оплачен вовремя
12397,1040,2023-12-20,119278.5,119278.5,Оплачен вовремя
12398,1040,2024-01-19,119278.5,119278.5,Оплачен вовремя
12399,1040,2024-02-18,119278.5,119278.5,Оплачен вовремя
12400,1041,2025-08-15,9342.11,9342.11,Оплачен вовремя
12401,1041,2025-09-14,9342.11,9342.11,Оплачен вовремя
12402,1041,2025-10-14,9342.11,9342.11,Оплачен вовремя
12403,1041,2025-11-13,9342.11,9342.11,Оплачен вовремя
12404,1041,2025-12-13,9342.11,9342.11,Оплачен вовремя
12405,1042,2025-11-17,40996.8,40996.8,Оплачен вовремя
12406,1042,2025-12-17,40996.8,40996.8,Оплачен вовремя
12407,1043,2023-10-28,100059.69,100059.69,Оплачен вовремя
12408,1043,2023-11-27,100059.69,100059.69,Оплачен вовремя
12409,1043,2023-12-27,100059.69,100059.69,Оплачен вовремя
12410,1043,2024-01-26,100059.69,100059.69,Оплачен вовремя
12411,1043,2024-02-25,100059.69,100059.69,Оплачен вовремя
12412,1043,2024-03-26,100059.69,100059.69,Оплачен вовремя
12413,1043,2024-04-25,100059.69,100059.69,Оплачен вовремя
12414,1043,2024-05-25,100059.69,100059.69,Оплачен вовремя
12415,1043,2024-06-24,100059.69,100059.69,Оплачен вовремя
12416,1043,2024-07-24,100059.69,100059.69,Оплачен вовремя
12417,1043,2024-08-23,100059.69,100059.69,Оплачен вовремя
12418,1043,2024-09-22,100059.69,100059.69,Оплачен вовремя
12419,1043,2024-10-22,100059.69,100059.69,Оплачен вовремя
12420,1043,2024-11-21,100059.69,100059.69,Оплачен вовремя
12421,1043,2024-12-21,100059.69,100059.69,Оплачен вовремя
12422,1043,2025-01-20,100059.69,100059.69,Оплачен вовремя
12423,1043,2025-02-19,100059.69,100059.69,Оплачен вовремя
12424,1043,2025-03-21,100059.69,100059.69,Оплачен вовремя
12425,1043,2025-04-20,100059.69,100059.69,Оплачен вовремя
12426,1043,2025-05-20,100059.69,100059.69,Оплачен вовремя
12427,1043,2025-06-19,100059.69,100059.69,Оплачен вовремя
12428,1043,2025-07-19,100059.69,100059.69,Оплачен вовремя
12429,1043,2025-08-18,100059.69,100059.69,Оплачен вовремя
12430,1043,2025-09-17,100059.69,100059.69,Оплачен вовремя
12431,1044,2025-05-07,20565.85,20565.85,Оплачен вовремя
12432,1044,2025-06-06,20565.85,20565.85,Оплачен вовремя
12433,1044,2025-07-06,20565.85,20565.85,Оплачен вовремя
12434,1044,2025-08-05,20565.85,20565.85,Оплачен вовремя
12435,1044,2025-09-04,20565.85,20565.85,Оплачен вовремя
12436,1044,2025-10-04,20565.85,20565.85,Оплачен вовремя
12437,1044,2025-11-03,20565.85,20565.85,Оплачен вовремя
12438,1044,2025-12-03,20565.85,20565.85,Оплачен вовремя
12439,1045,2023-12-20,17308.98,17308.98,Оплачен вовремя
12440,1045,2024-01-19,17308.98,17308.98,Оплачен вовремя
12441,1045,2024-02-18,17308.98,17308.98,Оплачен вовремя
12442,1045,2024-03-19,17308.98,17308.98,Оплачен вовремя
12443,1045,2024-04-18,17308.98,17308.98,Оплачен вовремя
12444,1045,2024-05-18,17308.98,17308.98,Оплачен вовремя
12445,1045,2024-06-17,17308.98,17308.98,Оплачен вовремя
12446,1045,2024-07-17,17308.98,17308.98,Оплачен вовремя
12447,1045,2024-08-16,17308.98,17308.98,Оплачен вовремя
12448,1045,2024-09-15,17308.98,17308.98,Оплачен вовремя
12449,1045,2024-10-15,17308.98,17308.98,Оплачен вовремя
12450,1045,2024-11-14,17308.98,17308.98,Оплачен вовремя
12451,1045,2024-12-14,17308.98,17308.98,Оплачен вовремя
12452,1045,2025-01-13,17308.98,17308.98,Оплачен вовремя
12453,1045,2025-02-12,17308.98,17308.98,Оплачен вовремя
12454,1045,2025-03-14,17308.98,17308.98,Оплачен вовремя
12455,1045,2025-04-13,17308.98,17308.98,Оплачен вовремя
12456,1045,2025-05-13,17308.98,17308.98,Оплачен вовремя
12457,1045,2025-06-12,17308.98,17308.98,Оплачен вовремя
12458,1045,2025-07-12,17308.98,17308.98,Оплачен вовремя
12459,1045,2025-08-11,17308.98,17308.98,Оплачен вовремя
12460,1045,2025-09-10,17308.98,17308.98,Оплачен вовремя
12461,1045,2025-10-10,17308.98,17308.98,Оплачен вовремя
12462,1045,2025-11-09,17308.98,17308.98,Оплачен вовремя
12463,1046,2025-09-12,35028.07,35028.07,Оплачен вовремя
12464,1046,2025-10-12,35028.07,35028.07,Оплачен вовремя
12465,1046,2025-11-11,35028.07,35028.07,Оплачен вовремя
12466,1046,2025-12-11,35028.07,35028.07,Оплачен вовремя
12467,1047,2024-12-28,52074.73,52074.73,Оплачен вовремя
12468,1047,2025-01-27,52074.73,52074.73,Оплачен вовремя
12469,1047,2025-02-26,52074.73,52074.73,Оплачен вовремя
12470,1047,2025-03-28,52074.73,52074.73,Оплачен вовремя
12471,1047,2025-04-27,52074.73,52074.73,Оплачен вовремя
12472,1047,2025-05-27,52074.73,52074.73,Оплачен вовремя
12473,1047,2025-06-26,52074.73,52074.73,Оплачен вовремя
12474,1047,2025-07-26,52074.73,52074.73,Оплачен вовремя
12475,1047,2025-08-25,52074.73,52074.73,Оплачен вовремя
12476,1047,2025-09-24,52074.73,52074.73,Оплачен вовремя
12477,1047,2025-10-24,52074.73,52074.73,Оплачен вовремя
12478,1047,2025-11-23,52074.73,52074.73,Оплачен вовремя
12479,1047,2025-12-23,52074.73,52074.73,Оплачен вовремя
12480,1048,2022-12-07,63042.75,63042.75,Оплачен вовремя
12481,1048,2023-01-06,63042.75,63042.75,Оплачен вовремя
12482,1048,2023-02-05,63042.75,63042.75,Оплачен вовремя
12483,1048,2023-03-07,63042.75,63042.75,Оплачен вовремя
12484,1048,2023-04-06,63042.75,63042.75,Оплачен вовремя
12485,1048,2023-05-06,63042.75,63042.75,Оплачен вовремя
12486,1048,2023-06-05,63042.75,63042.75,Оплачен вовремя
12487,1048,2023-07-05,63042.75,63042.75,Оплачен вовремя
12488,1048,2023-08-04,63042.75,63042.75,Оплачен вовремя
12489,1048,2023-09-03,63042.75,63042.75,Оплачен вовремя
12490,1048,2023-10-03,63042.75,63042.75,Оплачен вовремя
12491,1048,2023-11-02,63042.75,63042.75,Оплачен вовремя
12492,1048,2023-12-02,63042.75,63042.75,Оплачен вовремя
12493,1048,2024-01-01,63042.75,63042.75,Оплачен вовремя
12494,1048,2024-01-31,63042.75,63042.75,Оплачен вовремя
12495,1048,2024-03-01,63042.75,63042.75,Оплачен вовремя
12496,1048,2024-03-31,63042.75,63042.75,Оплачен вовремя
12497,1048,2024-04-30,63042.75,63042.75,Оплачен вовремя
12498,1048,2024-05-30,63042.75,63042.75,Оплачен вовремя
12499,1048,2024-06-29,63042.75,63042.75,Оплачен вовремя
12500,1048,2024-07-29,63042.75,63042.75,Оплачен вовремя
12501,1048,2024-08-28,63042.75,63042.75,Оплачен вовремя
12502,1048,2024-09-27,63042.75,63042.75,Оплачен вовремя
12503,1048,2024-10-27,63042.75,63042.75,Оплачен вовремя
12504,1048,2024-11-26,63042.75,63042.75,Оплачен вовремя
12505,1048,2024-12-26,63042.75,63042.75,Оплачен вовремя
12506,1048,2025-01-25,63042.75,63042.75,Оплачен вовремя
12507,1048,2025-02-24,63042.75,63042.75,Оплачен вовремя
12508,1048,2025-03-26,63042.75,63042.75,Оплачен вовремя
12509,1048,2025-04-25,63042.75,63042.75,Оплачен вовремя
12510,1048,2025-05-25,63042.75,63042.75,Оплачен вовремя
12511,1048,2025-06-24,63042.75,63042.75,Оплачен вовремя
12512,1048,2025-07-24,63042.75,63042.75,Оплачен вовремя
12513,1048,2025-08-23,63042.75,63042.75,Оплачен вовремя
12514,1048,2025-09-22,63042.75,63042.75,Оплачен вовремя
12515,1048,2025-10-22,63042.75,63042.75,Оплачен вовремя
12516,1048,2025-11-21,63042.75,63042.75,Оплачен вовремя
12517,1049,2023-12-24,17225.04,17225.04,Оплачен вовремя
12518,1049,2024-01-23,17225.04,17225.04,Оплачен вовремя
12519,1049,2024-02-22,17225.04,17225.04,Оплачен вовремя
12520,1049,2024-03-23,17225.04,17225.04,Оплачен вовремя
12521,1049,2024-04-22,17225.04,17225.04,Оплачен вовремя
12522,1049,2024-05-22,17225.04,17225.04,Оплачен вовремя
12523,1049,2024-06-21,17225.04,17225.04,Оплачен вовремя
12524,1049,2024-07-21,17225.04,17225.04,Оплачен вовремя
12525,1049,2024-08-20,17225.04,17225.04,Оплачен вовремя
12526,1049,2024-09-19,17225.04,17225.04,Оплачен вовремя
12527,1049,2024-10-19,17225.04,17225.04,Оплачен вовремя
12528,1049,2024-11-18,17225.04,17225.04,Оплачен вовремя
12529,1049,2024-12-18,17225.04,17225.04,Оплачен вовремя
12530,1049,2025-01-17,17225.04,17225.04,Оплачен вовремя
12531,1049,2025-02-16,17225.04,17225.04,Оплачен вовремя
12532,1049,2025-03-18,17225.04,17225.04,Оплачен вовремя
12533,1049,2025-04-17,17225.04,17225.04,Оплачен вовремя
12534,1049,2025-05-17,17225.04,17225.04,Оплачен вовремя
12535,1049,2025-06-16,17225.04,17225.04,Оплачен вовремя
12536,1049,2025-07-16,17225.04,17225.04,Оплачен вовремя
12537,1049,2025-08-15,17225.04,17225.04,Оплачен вовремя
12538,1049,2025-09-14,17225.04,17225.04,Оплачен вовремя
12539,1049,2025-10-14,17225.04,17225.04,Оплачен вовремя
12540,1049,2025-11-13,17225.04,17225.04,Оплачен вовремя
12541,1049,2025-12-13,17225.04,17225.04,Оплачен вовремя
12542,1050,2025-09-06,25271.93,25271.93,Оплачен вовремя
12543,1050,2025-10-06,25271.93,25271.93,Оплачен вовремя
12544,1050,2025-11-05,25271.93,25271.93,Оплачен вовремя
12545,1050,2025-12-05,25271.93,25271.93,Оплачен вовремя
12546,1051,2024-05-18,343281.65,343281.65,Оплачен вовремя
12547,1051,2024-06-17,343281.65,343281.65,Оплачен вовремя
12548,1051,2024-07-17,343281.65,343281.65,Оплачен вовремя
12549,1051,2024-08-16,343281.65,343281.65,Оплачен вовремя
12550,1051,2024-09-15,343281.65,343281.65,Оплачен вовремя
12551,1051,2024-10-15,343281.65,343281.65,Оплачен вовремя
12552,1051,2024-11-14,343281.65,343281.65,Оплачен вовремя
12553,1051,2024-12-14,343281.65,343281.65,Оплачен вовремя
12554,1051,2025-01-13,343281.65,343281.65,Оплачен вовремя
12555,1051,2025-02-12,343281.65,343281.65,Оплачен вовремя
12556,1051,2025-03-14,343281.65,343281.65,Оплачен вовремя
12557,1051,2025-04-13,343281.65,343281.65,Оплачен вовремя
12558,1052,2024-01-03,7783.77,7783.77,Оплачен вовремя
12559,1052,2024-02-02,7783.77,7783.77,Оплачен вовремя
12560,1052,2024-03-03,7783.77,7783.77,Оплачен вовремя
12561,1052,2024-04-02,7783.77,7783.77,Оплачен вовремя
12562,1052,2024-05-02,7783.77,7783.77,Оплачен вовремя
12563,1052,2024-06-01,7783.77,7783.77,Оплачен вовремя
12564,1052,2024-07-01,7783.77,7783.77,Оплачен вовремя
12565,1052,2024-07-31,7783.77,7783.77,Оплачен вовремя
12566,1052,2024-08-30,7783.77,7783.77,Оплачен вовремя
12567,1052,2024-09-29,7783.77,7783.77,Оплачен вовремя
12568,1052,2024-10-29,7783.77,7783.77,Оплачен вовремя
12569,1052,2024-11-28,7783.77,7783.77,Оплачен вовремя
12570,1053,2023-10-24,9095.45,9095.45,Оплачен вовремя
12571,1053,2023-11-23,9095.45,9095.45,Оплачен вовремя
12572,1053,2023-12-23,9095.45,9095.45,Оплачен вовремя
12573,1053,2024-01-22,9095.45,9095.45,Оплачен вовремя
12574,1053,2024-02-21,9095.45,9095.45,Оплачен вовремя
12575,1053,2024-03-22,9095.45,9095.45,Оплачен вовремя
12576,1053,2024-04-21,9095.45,9095.45,Оплачен вовремя
12577,1053,2024-05-21,9095.45,9095.45,Оплачен вовремя
12578,1053,2024-06-20,9095.45,9095.45,Оплачен вовремя
12579,1053,2024-07-20,9095.45,9095.45,Оплачен вовремя
12580,1053,2024-08-19,9095.45,9095.45,Оплачен вовремя
12581,1053,2024-09-18,9095.45,9095.45,Оплачен вовремя
12582,1053,2024-10-18,9095.45,9095.45,Оплачен вовремя
12583,1053,2024-11-17,9095.45,9095.45,Оплачен вовремя
12584,1053,2024-12-17,9095.45,9095.45,Оплачен вовремя
12585,1053,2025-01-16,9095.45,9095.45,Оплачен вовремя
12586,1053,2025-02-15,9095.45,9095.45,Оплачен вовремя
12587,1053,2025-03-17,9095.45,9095.45,Оплачен вовремя
12588,1053,2025-04-16,9095.45,9095.45,Оплачен вовремя
12589,1053,2025-05-16,9095.45,9095.45,Оплачен вовремя
12590,1053,2025-06-15,9095.45,9095.45,Оплачен вовремя
12591,1053,2025-07-15,9095.45,9095.45,Оплачен вовремя
12592,1053,2025-08-14,9095.45,9095.45,Оплачен вовремя
12593,1053,2025-09-13,9095.45,9095.45,Оплачен вовремя
12594,1054,2023-05-09,13024.38,13024.38,Оплачен вовремя
12595,1054,2023-06-08,13024.38,13024.38,Оплачен вовремя
12596,1054,2023-07-08,13024.38,13024.38,Оплачен вовремя
12597,1054,2023-08-07,13024.38,13024.38,Оплачен вовремя
12598,1054,2023-09-06,13024.38,13024.38,Оплачен вовремя
12599,1054,2023-10-06,13024.38,13024.38,Оплачен вовремя
12600,1054,2023-11-05,13024.38,13024.38,Оплачен вовремя
12601,1054,2023-12-05,13024.38,13024.38,Оплачен вовремя
12602,1054,2024-01-04,13024.38,13024.38,Оплачен вовремя
12603,1054,2024-02-03,13024.38,13024.38,Оплачен вовремя
12604,1054,2024-03-04,13024.38,13024.38,Оплачен вовремя
12605,1054,2024-04-03,13024.38,13024.38,Оплачен вовремя
12606,1054,2024-05-03,13024.38,13024.38,Оплачен вовремя
12607,1054,2024-06-02,13024.38,13024.38,Оплачен вовремя
12608,1054,2024-07-02,13024.38,13024.38,Оплачен вовремя
12609,1054,2024-08-01,13024.38,13024.38,Оплачен вовремя
12610,1054,2024-08-31,13024.38,13024.38,Оплачен вовремя
12611,1054,2024-09-30,13024.38,13024.38,Оплачен вовремя
12612,1054,2024-10-30,13024.38,13024.38,Оплачен вовремя
12613,1054,2024-11-29,13024.38,13024.38,Оплачен вовремя
12614,1054,2024-12-29,13024.38,13024.38,Оплачен вовремя
12615,1054,2025-01-28,13024.38,13024.38,Оплачен вовремя
12616,1054,2025-02-27,13024.38,13024.38,Оплачен вовремя
12617,1054,2025-03-29,13024.38,13024.38,Оплачен вовремя
12618,1054,2025-04-28,13024.38,13024.38,Оплачен вовремя
12619,1054,2025-05-28,13024.38,13024.38,Оплачен вовремя
12620,1054,2025-06-27,13024.38,13024.38,Оплачен вовремя
12621,1054,2025-07-27,13024.38,13024.38,Оплачен вовремя
12622,1054,2025-08-26,13024.38,13024.38,Оплачен вовремя
12623,1054,2025-09-25,13024.38,13024.38,Оплачен вовремя
12624,1054,2025-10-25,13024.38,13024.38,Оплачен вовремя
12625,1054,2025-11-24,13024.38,13024.38,Оплачен вовремя
12626,1055,2022-05-13,1181942.47,1181942.47,Оплачен вовремя
12627,1055,2022-06-12,1181942.47,1181942.47,Оплачен вовремя
12628,1055,2022-07-12,1181942.47,1181942.47,Оплачен вовремя
12629,1056,2025-05-06,17788.88,17788.88,Оплачен вовремя
12630,1056,2025-06-05,17788.88,17788.88,Оплачен вовремя
12631,1056,2025-07-05,17788.88,17788.88,Оплачен вовремя
12632,1056,2025-08-04,17788.88,17788.88,Оплачен вовремя
12633,1056,2025-09-03,17788.88,17788.88,Оплачен вовремя
12634,1056,2025-10-03,17788.88,17788.88,Оплачен вовремя
12635,1056,2025-11-02,17788.88,17788.88,Оплачен вовремя
12636,1056,2025-12-02,17788.88,17788.88,Оплачен вовремя
12637,1057,2025-08-08,17794.44,17794.44,Оплачен вовремя
12638,1057,2025-09-07,17794.44,17794.44,Оплачен вовремя
12639,1057,2025-10-07,17794.44,17794.44,Оплачен вовремя
12640,1057,2025-11-06,17794.44,17794.44,Оплачен вовремя
12641,1057,2025-12-06,17794.44,17794.44,Оплачен вовремя
12642,1058,2025-06-28,32994.53,32994.53,Оплачен вовремя
12643,1058,2025-07-28,32994.53,32994.53,Оплачен вовремя
12644,1058,2025-08-27,32994.53,32994.53,Оплачен вовремя
12645,1058,2025-09-26,32994.53,32994.53,Оплачен вовремя
12646,1058,2025-10-26,32994.53,32994.53,Оплачен вовремя
12647,1058,2025-11-25,32994.53,32994.53,Оплачен вовремя
12648,1058,2025-12-25,32994.53,32994.53,Оплачен вовремя
12649,1059,2024-08-12,3883.73,3883.73,Оплачен вовремя
12650,1059,2024-09-11,3883.73,3883.73,Оплачен вовремя
12651,1059,2024-10-11,3883.73,3883.73,Оплачен вовремя
12652,1059,2024-11-10,3883.73,3883.73,Оплачен вовремя
12653,1059,2024-12-10,3883.73,3883.73,Оплачен вовремя
12654,1059,2025-01-09,3883.73,3883.73,Оплачен вовремя
12655,1059,2025-02-08,3883.73,3883.73,Оплачен вовремя
12656,1059,2025-03-10,3883.73,3883.73,Оплачен вовремя
12657,1059,2025-04-09,3883.73,3883.73,Оплачен вовремя
12658,1059,2025-05-09,3883.73,3883.73,Оплачен вовремя
12659,1059,2025-06-08,3883.73,3883.73,Оплачен вовремя
12660,1059,2025-07-08,3883.73,3883.73,Оплачен вовремя
12661,1059,2025-08-07,3883.73,3883.73,Оплачен вовремя
12662,1059,2025-09-06,3883.73,3883.73,Оплачен вовремя
12663,1059,2025-10-06,3883.73,3883.73,Оплачен вовремя
12664,1059,2025-11-05,3883.73,3883.73,Оплачен вовремя
12665,1059,2025-12-05,3883.73,3883.73,Оплачен вовремя
12666,1060,2023-07-31,650109.95,650109.95,Оплачен вовремя
12667,1060,2023-08-30,650109.95,650109.95,Оплачен вовремя
12668,1060,2023-09-29,650109.95,650109.95,Оплачен вовремя
12669,1060,2023-10-29,650109.95,650109.95,Оплачен вовремя
12670,1060,2023-11-28,650109.95,650109.95,Оплачен вовремя
12671,1060,2023-12-28,650109.95,650109.95,Оплачен вовремя
12672,1061,2025-11-15,742868.8,742868.8,Оплачен вовремя
12673,1061,2025-12-15,742868.8,742868.8,Оплачен вовремя
12674,1062,2024-02-09,500074.85,500074.85,Оплачен вовремя
12675,1062,2024-03-10,500074.85,500074.85,Оплачен вовремя
12676,1062,2024-04-09,500074.85,500074.85,Оплачен вовремя
12677,1062,2024-05-09,500074.85,500074.85,Оплачен вовремя
12678,1062,2024-06-08,500074.85,500074.85,Оплачен вовремя
12679,1062,2024-07-08,500074.85,500074.85,Оплачен вовремя
12680,1062,2024-08-07,500074.85,500074.85,Оплачен вовремя
12681,1062,2024-09-06,500074.85,500074.85,Оплачен вовремя
12682,1062,2024-10-06,500074.85,500074.85,Оплачен вовремя
12683,1063,2025-09-05,56974.2,56974.2,Оплачен вовремя
12684,1063,2025-10-05,56974.2,56974.2,Оплачен вовремя
12685,1063,2025-11-04,56974.2,56974.2,Оплачен вовремя
12686,1063,2025-12-04,56974.2,56974.2,Оплачен вовремя
12687,1064,2025-10-14,733672.04,733672.04,Оплачен вовремя
12688,1064,2025-11-13,733672.04,733672.04,Оплачен вовремя
12689,1064,2025-12-13,733672.04,733672.04,Оплачен вовремя
12690,1065,2025-07-02,33241.8,33241.8,Оплачен вовремя
12691,1065,2025-08-01,33241.8,33241.8,Оплачен вовремя
12692,1065,2025-08-31,33241.8,33241.8,Оплачен вовремя
12693,1065,2025-09-30,33241.8,33241.8,Оплачен вовремя
12694,1065,2025-10-30,33241.8,33241.8,Оплачен вовремя
12695,1065,2025-11-29,33241.8,33241.8,Оплачен вовремя
12696,1066,2023-12-11,22073.35,22073.35,Оплачен вовремя
12697,1066,2024-01-10,22073.35,22073.35,Оплачен вовремя
12698,1066,2024-02-09,22073.35,22073.35,Оплачен вовремя
12699,1066,2024-03-10,22073.35,22073.35,Оплачен вовремя
12700,1066,2024-04-09,22073.35,22073.35,Оплачен вовремя
12701,1066,2024-05-09,22073.35,22073.35,Оплачен вовремя
12702,1066,2024-06-08,22073.35,22073.35,Оплачен вовремя
12703,1066,2024-07-08,22073.35,22073.35,Оплачен вовремя
12704,1066,2024-08-07,22073.35,22073.35,Оплачен вовремя
12705,1066,2024-09-06,22073.35,22073.35,Оплачен вовремя
12706,1066,2024-10-06,22073.35,22073.35,Оплачен вовремя
12707,1066,2024-11-05,22073.35,22073.35,Оплачен вовремя
12708,1067,2023-08-15,7477.62,7477.62,Оплачен вовремя
12709,1067,2023-09-14,7477.62,7477.62,Оплачен вовремя
12710,1067,2023-10-14,7477.62,7477.62,Оплачен вовремя
12711,1067,2023-11-13,7477.62,7477.62,Оплачен вовремя
12712,1067,2023-12-13,7477.62,7477.62,Оплачен вовремя
12713,1067,2024-01-12,7477.62,7477.62,Оплачен вовремя
12714,1067,2024-02-11,7477.62,7477.62,Оплачен вовремя
12715,1067,2024-03-12,7477.62,7477.62,Оплачен вовремя
12716,1067,2024-04-11,7477.62,7477.62,Оплачен вовремя
12717,1067,2024-05-11,7477.62,7477.62,Оплачен вовремя
12718,1067,2024-06-10,7477.62,7477.62,Оплачен вовремя
12719,1067,2024-07-10,7477.62,7477.62,Оплачен вовремя
12720,1068,2025-03-06,1621063.53,1621063.53,Оплачен вовремя
12721,1068,2025-04-05,1621063.53,1621063.53,Оплачен вовремя
12722,1068,2025-05-05,1621063.53,1621063.53,Оплачен вовремя
12723,1069,2024-06-04,217417.34,217417.34,Оплачен вовремя
12724,1069,2024-07-04,217417.34,217417.34,Оплачен вовремя
12725,1069,2024-08-03,217417.34,217417.34,Оплачен вовремя
12726,1069,2024-09-02,217417.34,217417.34,Оплачен вовремя
12727,1069,2024-10-02,217417.34,217417.34,Оплачен вовремя
12728,1069,2024-11-01,217417.34,217417.34,Оплачен вовремя
12729,1069,2024-12-01,217417.34,217417.34,Оплачен вовремя
12730,1069,2024-12-31,217417.34,217417.34,Оплачен вовремя
12731,1069,2025-01-30,217417.34,217417.34,Оплачен вовремя
12732,1070,2024-08-23,4758.48,4758.48,Оплачен вовремя
12733,1070,2024-09-22,4758.48,4758.48,Оплачен вовремя
12734,1070,2024-10-22,4758.48,4758.48,Оплачен вовремя
12735,1070,2024-11-21,4758.48,4758.48,Оплачен вовремя
12736,1070,2024-12-21,4758.48,4758.48,Оплачен вовремя
12737,1070,2025-01-20,4758.48,4758.48,Оплачен вовремя
12738,1070,2025-02-19,4758.48,4758.48,Оплачен вовремя
12739,1070,2025-03-21,4758.48,4758.48,Оплачен вовремя
12740,1070,2025-04-20,4758.48,4758.48,Оплачен вовремя
12741,1070,2025-05-20,4758.48,4758.48,Оплачен вовремя
12742,1070,2025-06-19,4758.48,4758.48,Оплачен вовремя
12743,1070,2025-07-19,4758.48,4758.48,Оплачен вовремя
12744,1070,2025-08-18,4758.48,4758.48,Оплачен вовремя
12745,1070,2025-09-17,4758.48,4758.48,Оплачен вовремя
12746,1070,2025-10-17,4758.48,4758.48,Оплачен вовремя
12747,1070,2025-11-16,4758.48,4758.48,Оплачен вовремя
12748,1070,2025-12-16,4758.48,4758.48,Оплачен вовремя
12749,1071,2025-11-27,1752.49,1752.49,Оплачен вовремя
12750,1071,2025-12-27,1752.49,1752.49,Оплачен вовремя
12751,1073,2024-08-11,18672.17,18672.17,Оплачен вовремя
12752,1073,2024-09-10,18672.17,18672.17,Оплачен вовремя
12753,1073,2024-10-10,18672.17,18672.17,Оплачен вовремя
12754,1073,2024-11-09,18672.17,18672.17,Оплачен вовремя
12755,1073,2024-12-09,18672.17,18672.17,Оплачен вовремя
12756,1073,2025-01-08,18672.17,18672.17,Оплачен вовремя
12757,1073,2025-02-07,18672.17,18672.17,Оплачен вовремя
12758,1073,2025-03-09,18672.17,18672.17,Оплачен вовремя
12759,1073,2025-04-08,18672.17,18672.17,Оплачен вовремя
12760,1073,2025-05-08,18672.17,18672.17,Оплачен вовремя
12761,1073,2025-06-07,18672.17,18672.17,Оплачен вовремя
12762,1073,2025-07-07,18672.17,18672.17,Оплачен вовремя
12763,1073,2025-08-06,18672.17,18672.17,Оплачен вовремя
12764,1073,2025-09-05,18672.17,18672.17,Оплачен вовремя
12765,1073,2025-10-05,18672.17,18672.17,Оплачен вовремя
12766,1073,2025-11-04,18672.17,18672.17,Оплачен вовремя
12767,1073,2025-12-04,18672.17,18672.17,Оплачен вовремя
12768,1074,2025-05-22,48696.47,48696.47,Оплачен вовремя
12769,1074,2025-06-21,48696.47,48696.47,Оплачен вовремя
12770,1074,2025-07-21,48696.47,48696.47,Оплачен вовремя
12771,1074,2025-08-20,48696.47,48696.47,Оплачен вовремя
12772,1074,2025-09-19,48696.47,48696.47,Оплачен вовремя
12773,1074,2025-10-19,48696.47,48696.47,Оплачен вовремя
12774,1074,2025-11-18,48696.47,48696.47,Оплачен вовремя
12775,1074,2025-12-18,48696.47,48696.47,Оплачен вовремя
12776,1075,2025-10-06,15598.94,15598.94,Оплачен вовремя
12777,1075,2025-11-05,15598.94,15598.94,Оплачен вовремя
12778,1075,2025-12-05,15598.94,15598.94,Оплачен вовремя
12779,1076,2023-12-22,607162.9,607162.9,Оплачен вовремя
12780,1076,2024-01-21,607162.9,607162.9,Оплачен вовремя
12781,1076,2024-02-20,607162.9,607162.9,Оплачен вовремя
12782,1076,2024-03-21,607162.9,607162.9,Оплачен вовремя
12783,1076,2024-04-20,607162.9,607162.9,Оплачен вовремя
12784,1076,2024-05-20,607162.9,607162.9,Оплачен вовремя
12785,1077,2025-09-23,47537.83,47537.83,Оплачен вовремя
12786,1077,2025-10-23,47537.83,47537.83,Оплачен вовремя
12787,1077,2025-11-22,47537.83,47537.83,Оплачен вовремя
12788,1077,2025-12-22,47537.83,47537.83,Оплачен вовремя
12789,1078,2025-12-18,39032.83,39032.83,Оплачен вовремя
12790,1079,2024-09-24,26966.19,26966.19,Оплачен вовремя
12791,1079,2024-10-24,26966.19,26966.19,Оплачен вовремя
12792,1079,2024-11-23,26966.19,26966.19,Оплачен вовремя
12793,1079,2024-12-23,26966.19,26966.19,Оплачен вовремя
12794,1079,2025-01-22,26966.19,26966.19,Оплачен вовремя
12795,1079,2025-02-21,26966.19,26966.19,Оплачен вовремя
12796,1079,2025-03-23,26966.19,26966.19,Оплачен вовремя
12797,1079,2025-04-22,26966.19,26966.19,Оплачен вовремя
12798,1079,2025-05-22,26966.19,26966.19,Оплачен вовремя
12799,1079,2025-06-21,26966.19,26966.19,Оплачен вовремя
12800,1079,2025-07-21,26966.19,26966.19,Оплачен вовремя
12801,1079,2025-08-20,26966.19,26966.19,Оплачен вовремя
12802,1079,2025-09-19,26966.19,26966.19,Оплачен вовремя
12803,1079,2025-10-19,26966.19,26966.19,Оплачен вовремя
12804,1079,2025-11-18,26966.19,26966.19,Оплачен вовремя
12805,1079,2025-12-18,26966.19,26966.19,Оплачен вовремя
12806,1080,2023-11-18,42418.64,42418.64,Оплачен вовремя
12807,1080,2023-12-18,42418.64,42418.64,Оплачен вовремя
12808,1080,2024-01-17,42418.64,42418.64,Оплачен вовремя
12809,1080,2024-02-16,42418.64,42418.64,Оплачен вовремя
12810,1080,2024-03-17,42418.64,42418.64,Оплачен вовремя
12811,1080,2024-04-16,42418.64,42418.64,Оплачен вовремя
12812,1080,2024-05-16,42418.64,42418.64,Оплачен вовремя
12813,1080,2024-06-15,42418.64,42418.64,Оплачен вовремя
12814,1080,2024-07-15,42418.64,42418.64,Оплачен вовремя
12815,1080,2024-08-14,42418.64,42418.64,Оплачен вовремя
12816,1080,2024-09-13,42418.64,42418.64,Оплачен вовремя
12817,1080,2024-10-13,42418.64,42418.64,Оплачен вовремя
12818,1080,2024-11-12,42418.64,42418.64,Оплачен вовремя
12819,1080,2024-12-12,42418.64,42418.64,Оплачен вовремя
12820,1080,2025-01-11,42418.64,42418.64,Оплачен вовремя
12821,1080,2025-02-10,42418.64,42418.64,Оплачен вовремя
12822,1080,2025-03-12,42418.64,42418.64,Оплачен вовремя
12823,1080,2025-04-11,42418.64,42418.64,Оплачен вовремя
12824,1080,2025-05-11,42418.64,42418.64,Оплачен вовремя
12825,1080,2025-06-10,42418.64,42418.64,Оплачен вовремя
12826,1080,2025-07-10,42418.64,42418.64,Оплачен вовремя
12827,1080,2025-08-09,42418.64,42418.64,Оплачен вовремя
12828,1080,2025-09-08,42418.64,42418.64,Оплачен вовремя
12829,1080,2025-10-08,42418.64,42418.64,Оплачен вовремя
12830,1080,2025-11-07,42418.64,42418.64,Оплачен вовремя
12831,1080,2025-12-07,42418.64,42418.64,Оплачен вовремя
12832,1081,2023-09-21,28697.98,28697.98,Оплачен вовремя
12833,1081,2023-10-21,28697.98,28697.98,Оплачен вовремя
12834,1081,2023-11-20,28697.98,28697.98,Оплачен вовремя
12835,1081,2023-12-20,28697.98,28697.98,Оплачен вовремя
12836,1081,2024-01-19,28697.98,28697.98,Оплачен вовремя
12837,1081,2024-02-18,28697.98,28697.98,Оплачен вовремя
12838,1081,2024-03-19,28697.98,28697.98,Оплачен вовремя
12839,1081,2024-04-18,28697.98,28697.98,Оплачен вовремя
12840,1081,2024-05-18,28697.98,28697.98,Оплачен вовремя
12841,1081,2024-06-17,28697.98,28697.98,Оплачен вовремя
12842,1081,2024-07-17,28697.98,28697.98,Оплачен вовремя
12843,1081,2024-08-16,28697.98,28697.98,Оплачен вовремя
12844,1081,2024-09-15,28697.98,28697.98,Оплачен вовремя
12845,1081,2024-10-15,28697.98,28697.98,Оплачен вовремя
12846,1081,2024-11-14,28697.98,28697.98,Оплачен вовремя
12847,1081,2024-12-14,28697.98,28697.98,Оплачен вовремя
12848,1081,2025-01-13,28697.98,28697.98,Оплачен вовремя
12849,1081,2025-02-12,28697.98,28697.98,Оплачен вовремя
12850,1081,2025-03-14,28697.98,28697.98,Оплачен вовремя
12851,1081,2025-04-13,28697.98,28697.98,Оплачен вовремя
12852,1081,2025-05-13,28697.98,28697.98,Оплачен вовремя
12853,1081,2025-06-12,28697.98,28697.98,Оплачен вовремя
12854,1081,2025-07-12,28697.98,28697.98,Оплачен вовремя
12855,1081,2025-08-11,28697.98,28697.98,Оплачен вовремя
12856,1081,2025-09-10,28697.98,28697.98,Оплачен вовремя
12857,1081,2025-10-10,28697.98,28697.98,Оплачен вовремя
12858,1081,2025-11-09,28697.98,28697.98,Оплачен вовремя
12859,1081,2025-12-09,28697.98,28697.98,Оплачен вовремя
12860,1082,2024-11-09,31137.68,31137.68,Оплачен вовремя
12861,1082,2024-12-09,31137.68,31137.68,Оплачен вовремя
12862,1082,2025-01-08,31137.68,31137.68,Оплачен вовремя
12863,1082,2025-02-07,31137.68,31137.68,Оплачен вовремя
12864,1082,2025-03-09,31137.68,31137.68,Оплачен вовремя
12865,1082,2025-04-08,31137.68,31137.68,Оплачен вовремя
12866,1082,2025-05-08,31137.68,31137.68,Оплачен вовремя
12867,1082,2025-06-07,31137.68,31137.68,Оплачен вовремя
12868,1082,2025-07-07,31137.68,31137.68,Оплачен вовремя
12869,1082,2025-08-06,31137.68,31137.68,Оплачен вовремя
12870,1082,2025-09-05,31137.68,31137.68,Оплачен вовремя
12871,1082,2025-10-05,31137.68,31137.68,Оплачен вовремя
12872,1082,2025-11-04,31137.68,31137.68,Оплачен вовремя
12873,1082,2025-12-04,31137.68,31137.68,Оплачен вовремя
12874,1083,2025-04-07,6758.65,6758.65,Оплачен вовремя
12875,1083,2025-05-07,6758.65,6758.65,Оплачен вовремя
12876,1083,2025-06-06,6758.65,6758.65,Оплачен вовремя
12877,1083,2025-07-06,6758.65,6758.65,Оплачен вовремя
12878,1083,2025-08-05,6758.65,6758.65,Оплачен вовремя
12879,1083,2025-09-04,6758.65,6758.65,Оплачен вовремя
12880,1083,2025-10-04,6758.65,6758.65,Оплачен вовремя
12881,1083,2025-11-03,6758.65,6758.65,Оплачен вовремя
12882,1083,2025-12-03,6758.65,6758.65,Оплачен вовремя
12883,1084,2022-11-24,3466.55,3466.55,Оплачен вовремя
12884,1084,2022-12-24,3466.55,3466.55,Оплачен вовремя
12885,1084,2023-01-23,3466.55,3466.55,Оплачен вовремя
12886,1084,2023-02-22,3466.55,3466.55,Оплачен вовремя
12887,1084,2023-03-24,3466.55,3466.55,Оплачен вовремя
12888,1084,2023-04-23,3466.55,3466.55,Оплачен вовремя
12889,1084,2023-05-23,3466.55,3466.55,Оплачен вовремя
12890,1084,2023-06-22,3466.55,3466.55,Оплачен вовремя
12891,1084,2023-07-22,3466.55,3466.55,Оплачен вовремя
12892,1084,2023-08-21,3466.55,3466.55,Оплачен вовремя
12893,1084,2023-09-20,3466.55,3466.55,Оплачен вовремя
12894,1084,2023-10-20,3466.55,3466.55,Оплачен вовремя
12895,1084,2023-11-19,3466.55,3466.55,Оплачен вовремя
12896,1084,2023-12-19,3466.55,3466.55,Оплачен вовремя
12897,1084,2024-01-18,3466.55,3466.55,Оплачен вовремя
12898,1084,2024-02-17,3466.55,3466.55,Оплачен вовремя
12899,1084,2024-03-18,3466.55,3466.55,Оплачен вовремя
12900,1084,2024-04-17,3466.55,3466.55,Оплачен вовремя
12901,1084,2024-05-17,3466.55,3466.55,Оплачен вовремя
12902,1084,2024-06-16,3466.55,3466.55,Оплачен вовремя
12903,1084,2024-07-16,3466.55,3466.55,Оплачен вовремя
12904,1084,2024-08-15,3466.55,3466.55,Оплачен вовремя
12905,1084,2024-09-14,3466.55,3466.55,Оплачен вовремя
12906,1084,2024-10-14,3466.55,3466.55,Оплачен вовремя
12907,1084,2024-11-13,3466.55,3466.55,Оплачен вовремя
12908,1084,2024-12-13,3466.55,3466.55,Оплачен вовремя
12909,1084,2025-01-12,3466.55,3466.55,Оплачен вовремя
12910,1084,2025-02-11,3466.55,3466.55,Оплачен вовремя
12911,1084,2025-03-13,3466.55,3466.55,Оплачен вовремя
12912,1084,2025-04-12,3466.55,3466.55,Оплачен вовремя
12913,1084,2025-05-12,3466.55,3466.55,Оплачен вовремя
12914,1084,2025-06-11,3466.55,3466.55,Оплачен вовремя
12915,1084,2025-07-11,3466.55,3466.55,Оплачен вовремя
12916,1084,2025-08-10,3466.55,3466.55,Оплачен вовремя
12917,1084,2025-09-09,3466.55,3466.55,Оплачен вовремя
12918,1084,2025-10-09,3466.55,3466.55,Оплачен вовремя
12919,1085,2023-07-31,724518.18,724518.18,Оплачен вовремя
12920,1085,2023-08-30,724518.18,724518.18,Оплачен вовремя
12921,1085,2023-09-29,724518.18,724518.18,Оплачен вовремя
12922,1085,2023-10-29,724518.18,724518.18,Оплачен вовремя
12923,1085,2023-11-28,724518.18,724518.18,Оплачен вовремя
12924,1085,2023-12-28,724518.18,724518.18,Оплачен вовремя
12925,1086,2024-12-30,26173.82,26173.82,Оплачен вовремя
12926,1086,2025-01-29,26173.82,26173.82,Оплачен вовремя
12927,1086,2025-02-28,26173.82,26173.82,Оплачен вовремя
12928,1086,2025-03-30,26173.82,26173.82,Оплачен вовремя
12929,1086,2025-04-29,26173.82,26173.82,Оплачен вовремя
12930,1086,2025-05-29,26173.82,26173.82,Оплачен вовремя
12931,1086,2025-06-28,26173.82,26173.82,Оплачен вовремя
12932,1086,2025-07-28,26173.82,26173.82,Оплачен вовремя
12933,1086,2025-08-27,26173.82,26173.82,Оплачен вовремя
12934,1086,2025-09-26,26173.82,26173.82,Оплачен вовремя
12935,1086,2025-10-26,26173.82,26173.82,Просрочен
12936,1086,2025-11-25,26173.82,26173.82,Оплачен вовремя
12937,1086,2025-12-25,26173.82,26173.82,Просрочен
12938,1088,2025-02-27,19177.59,19177.59,Оплачен вовремя
12939,1088,2025-03-29,19177.59,19177.59,Оплачен вовремя
12940,1088,2025-04-28,19177.59,19177.59,Оплачен вовремя
12941,1088,2025-05-28,19177.59,19177.59,Оплачен вовремя
12942,1088,2025-06-27,19177.59,19177.59,Оплачен вовремя
12943,1088,2025-07-27,19177.59,19177.59,Оплачен вовремя
12944,1088,2025-08-26,19177.59,19177.59,Оплачен вовремя
12945,1088,2025-09-25,19177.59,19177.59,Оплачен вовремя
12946,1088,2025-10-25,19177.59,19177.59,Оплачен вовремя
12947,1088,2025-11-24,19177.59,19177.59,Оплачен вовремя
12948,1088,2025-12-24,19177.59,19177.59,Оплачен вовремя
12949,1089,2025-12-09,26338.79,26338.79,Оплачен вовремя
12950,1090,2024-08-27,22788.39,22788.39,Оплачен вовремя
12951,1090,2024-09-26,22788.39,22788.39,Оплачен вовремя
12952,1090,2024-10-26,22788.39,22788.39,Оплачен вовремя
12953,1090,2024-11-25,22788.39,22788.39,Оплачен вовремя
12954,1090,2024-12-25,22788.39,22788.39,Оплачен вовремя
12955,1090,2025-01-24,22788.39,22788.39,Оплачен вовремя
12956,1090,2025-02-23,22788.39,22788.39,Оплачен вовремя
12957,1090,2025-03-25,22788.39,22788.39,Оплачен вовремя
12958,1090,2025-04-24,22788.39,22788.39,Оплачен вовремя
12959,1090,2025-05-24,22788.39,22788.39,Оплачен вовремя
12960,1090,2025-06-23,22788.39,22788.39,Оплачен вовремя
12961,1090,2025-07-23,22788.39,22788.39,Оплачен вовремя
12962,1090,2025-08-22,22788.39,22788.39,Оплачен вовремя
12963,1090,2025-09-21,22788.39,22788.39,Оплачен вовремя
12964,1090,2025-10-21,22788.39,22788.39,Оплачен вовремя
12965,1090,2025-11-20,22788.39,22788.39,Оплачен вовремя
12966,1090,2025-12-20,22788.39,22788.39,Оплачен вовремя
12967,1091,2025-12-24,13429.78,13429.78,Оплачен вовремя
12968,1092,2023-10-09,17349.62,17349.62,Просрочен
12969,1092,2023-11-08,17349.62,17349.62,Оплачен вовремя
12970,1092,2023-12-08,17349.62,17349.62,Оплачен вовремя
12971,1092,2024-01-07,17349.62,17349.62,Просрочен
12972,1092,2024-02-06,17349.62,17349.62,Оплачен вовремя
12973,1092,2024-03-07,17349.62,17349.62,Оплачен вовремя
12974,1092,2024-04-06,17349.62,17349.62,Оплачен вовремя
12975,1092,2024-05-06,17349.62,0.0,Не оплачен
12976,1092,2024-06-05,17349.62,17349.62,Оплачен вовремя
12977,1092,2024-07-05,17349.62,17349.62,Оплачен вовремя
12978,1092,2024-08-04,17349.62,17349.62,Просрочен
12979,1092,2024-09-03,17349.62,17349.62,Просрочен
12980,1093,2025-03-15,56436.69,56436.69,Оплачен вовремя
12981,1093,2025-04-14,56436.69,56436.69,Оплачен вовремя
12982,1093,2025-05-14,56436.69,56436.69,Оплачен вовремя
12983,1093,2025-06-13,56436.69,56436.69,Оплачен вовремя
12984,1093,2025-07-13,56436.69,56436.69,Оплачен вовремя
12985,1093,2025-08-12,56436.69,56436.69,Оплачен вовремя
12986,1093,2025-09-11,56436.69,56436.69,Оплачен вовремя
12987,1093,2025-10-11,56436.69,56436.69,Оплачен вовремя
12988,1093,2025-11-10,56436.69,56436.69,Оплачен вовремя
12989,1093,2025-12-10,56436.69,56436.69,Оплачен вовремя
12990,1094,2025-12-30,17670.66,17670.66,Оплачен вовремя
12991,1095,2025-08-23,7843.88,7843.88,Оплачен вовремя
12992,1095,2025-09-22,7843.88,7843.88,Просрочен
12993,1095,2025-10-22,7843.88,0.0,Не оплачен
12994,1095,2025-11-21,7843.88,7843.88,Оплачен вовремя
12995,1095,2025-12-21,7843.88,7843.88,Оплачен вовремя
12996,1096,2024-09-18,6939.22,6939.22,Оплачен вовремя
12997,1096,2024-10-18,6939.22,6939.22,Оплачен вовремя
12998,1096,2024-11-17,6939.22,6939.22,Оплачен вовремя
12999,1096,2024-12-17,6939.22,6939.22,Оплачен вовремя
13000,1096,2025-01-16,6939.22,6939.22,Оплачен вовремя
13001,1096,2025-02-15,6939.22,6939.22,Оплачен вовремя
13002,1096,2025-03-17,6939.22,6939.22,Оплачен вовремя
13003,1096,2025-04-16,6939.22,6939.22,Оплачен вовремя
13004,1096,2025-05-16,6939.22,6939.22,Оплачен вовремя
13005,1096,2025-06-15,6939.22,6939.22,Оплачен вовремя
13006,1096,2025-07-15,6939.22,6939.22,Оплачен вовремя
13007,1096,2025-08-14,6939.22,6939.22,Оплачен вовремя
13008,1096,2025-09-13,6939.22,6939.22,Оплачен вовремя
13009,1096,2025-10-13,6939.22,6939.22,Оплачен вовремя
13010,1096,2025-11-12,6939.22,6939.22,Оплачен вовремя
13011,1096,2025-12-12,6939.22,6939.22,Оплачен вовремя
13012,1097,2024-06-14,62567.13,62567.13,Оплачен вовремя
13013,1097,2024-07-14,62567.13,62567.13,Оплачен вовремя
13014,1097,2024-08-13,62567.13,62567.13,Оплачен вовремя
13015,1097,2024-09-12,62567.13,62567.13,Оплачен вовремя
13016,1097,2024-10-12,62567.13,62567.13,Оплачен вовремя
13017,1097,2024-11-11,62567.13,62567.13,Оплачен вовремя
13018,1097,2024-12-11,62567.13,62567.13,Оплачен вовремя
13019,1097,2025-01-10,62567.13,62567.13,Оплачен вовремя
13020,1097,2025-02-09,62567.13,62567.13,Оплачен вовремя
13021,1097,2025-03-11,62567.13,62567.13,Оплачен вовремя
13022,1097,2025-04-10,62567.13,62567.13,Оплачен вовремя
13023,1097,2025-05-10,62567.13,62567.13,Оплачен вовремя
13024,1097,2025-06-09,62567.13,62567.13,Оплачен вовремя
13025,1097,2025-07-09,62567.13,62567.13,Оплачен вовремя
13026,1097,2025-08-08,62567.13,62567.13,Оплачен вовремя
13027,1097,2025-09-07,62567.13,62567.13,Оплачен вовремя
13028,1097,2025-10-07,62567.13,62567.13,Оплачен вовремя
13029,1097,2025-11-06,62567.13,62567.13,Оплачен вовремя
13030,1097,2025-12-06,62567.13,62567.13,Оплачен вовремя
13031,1098,2025-11-27,18024.32,18024.32,Оплачен вовремя
13032,1098,2025-12-27,18024.32,18024.32,Оплачен вовремя
13033,1099,2025-11-07,20099.57,20099.57,Оплачен вовремя
13034,1099,2025-12-07,20099.57,20099.57,Оплачен вовремя
13035,1100,2023-12-22,4288.75,4288.75,Оплачен вовремя
13036,1100,2024-01-21,4288.75,4288.75,Оплачен вовремя
13037,1100,2024-02-20,4288.75,4288.75,Оплачен вовремя
13038,1100,2024-03-21,4288.75,4288.75,Оплачен вовремя
13039,1100,2024-04-20,4288.75,4288.75,Оплачен вовремя
13040,1100,2024-05-20,4288.75,4288.75,Оплачен вовремя
13041,1100,2024-06-19,4288.75,4288.75,Оплачен вовремя
13042,1100,2024-07-19,4288.75,4288.75,Оплачен вовремя
13043,1100,2024-08-18,4288.75,4288.75,Оплачен вовремя
13044,1100,2024-09-17,4288.75,4288.75,Оплачен вовремя
13045,1100,2024-10-17,4288.75,4288.75,Оплачен вовремя
13046,1100,2024-11-16,4288.75,4288.75,Оплачен вовремя
13047,1100,2024-12-16,4288.75,4288.75,Оплачен вовремя
13048,1100,2025-01-15,4288.75,4288.75,Оплачен вовремя
13049,1100,2025-02-14,4288.75,4288.75,Оплачен вовремя
13050,1100,2025-03-16,4288.75,4288.75,Оплачен вовремя
13051,1100,2025-04-15,4288.75,4288.75,Оплачен вовремя
13052,1100,2025-05-15,4288.75,4288.75,Оплачен вовремя
13053,1100,2025-06-14,4288.75,4288.75,Оплачен вовремя
13054,1100,2025-07-14,4288.75,4288.75,Оплачен вовремя
13055,1100,2025-08-13,4288.75,4288.75,Оплачен вовремя
13056,1100,2025-09-12,4288.75,4288.75,Оплачен вовремя
13057,1100,2025-10-12,4288.75,4288.75,Оплачен вовремя
13058,1100,2025-11-11,4288.75,4288.75,Оплачен вовремя
13059,1100,2025-12-11,4288.75,4288.75,Оплачен вовремя
13060,1101,2023-10-04,9809.98,9809.98,Оплачен вовремя
13061,1101,2023-11-03,9809.98,9809.98,Оплачен вовремя
13062,1101,2023-12-03,9809.98,9809.98,Оплачен вовремя
13063,1101,2024-01-02,9809.98,9809.98,Оплачен вовремя
13064,1101,2024-02-01,9809.98,0.0,Не оплачен
13065,1101,2024-03-02,9809.98,9809.98,Просрочен
13066,1101,2024-04-01,9809.98,9809.98,Оплачен вовремя
13067,1101,2024-05-01,9809.98,9809.98,Оплачен вовремя
13068,1101,2024-05-31,9809.98,9809.98,Просрочен
13069,1101,2024-06-30,9809.98,9809.98,Оплачен вовремя
13070,1101,2024-07-30,9809.98,9809.98,Оплачен вовремя
13071,1101,2024-08-29,9809.98,9809.98,Оплачен вовремя
13072,1101,2024-09-28,9809.98,9809.98,Оплачен вовремя
13073,1101,2024-10-28,9809.98,9809.98,Оплачен вовремя
13074,1101,2024-11-27,9809.98,9809.98,Оплачен вовремя
13075,1101,2024-12-27,9809.98,9809.98,Оплачен вовремя
13076,1101,2025-01-26,9809.98,9809.98,Просрочен
13077,1101,2025-02-25,9809.98,9809.98,Оплачен вовремя
13078,1101,2025-03-27,9809.98,9809.98,Просрочен
13079,1101,2025-04-26,9809.98,9809.98,Оплачен вовремя
13080,1101,2025-05-26,9809.98,0.0,Не оплачен
13081,1101,2025-06-25,9809.98,9809.98,Оплачен вовремя
13082,1101,2025-07-25,9809.98,9809.98,Оплачен вовремя
13083,1101,2025-08-24,9809.98,9809.98,Оплачен вовремя
13084,1101,2025-09-23,9809.98,0.0,Не оплачен
13085,1101,2025-10-23,9809.98,9809.98,Просрочен
13086,1101,2025-11-22,9809.98,9809.98,Просрочен
13087,1102,2024-12-02,58793.89,58793.89,Оплачен вовремя
13088,1102,2025-01-01,58793.89,58793.89,Оплачен вовремя
13089,1102,2025-01-31,58793.89,58793.89,Оплачен вовремя
13090,1102,2025-03-02,58793.89,58793.89,Оплачен вовремя
13091,1102,2025-04-01,58793.89,58793.89,Оплачен вовремя
13092,1102,2025-05-01,58793.89,58793.89,Оплачен вовремя
13093,1102,2025-05-31,58793.89,58793.89,Оплачен вовремя
13094,1102,2025-06-30,58793.89,58793.89,Оплачен вовремя
13095,1102,2025-07-30,58793.89,58793.89,Оплачен вовремя
13096,1102,2025-08-29,58793.89,58793.89,Оплачен вовремя
13097,1102,2025-09-28,58793.89,58793.89,Оплачен вовремя
13098,1102,2025-10-28,58793.89,58793.89,Оплачен вовремя
13099,1103,2023-07-03,40068.8,40068.8,Оплачен вовремя
13100,1103,2023-08-02,40068.8,40068.8,Оплачен вовремя
13101,1103,2023-09-01,40068.8,40068.8,Оплачен вовремя
13102,1103,2023-10-01,40068.8,40068.8,Оплачен вовремя
13103,1103,2023-10-31,40068.8,40068.8,Оплачен вовремя
13104,1103,2023-11-30,40068.8,40068.8,Оплачен вовремя
13105,1103,2023-12-30,40068.8,40068.8,Оплачен вовремя
13106,1103,2024-01-29,40068.8,40068.8,Оплачен вовремя
13107,1103,2024-02-28,40068.8,40068.8,Оплачен вовремя
13108,1103,2024-03-29,40068.8,40068.8,Оплачен вовремя
13109,1103,2024-04-28,40068.8,40068.8,Оплачен вовремя
13110,1103,2024-05-28,40068.8,40068.8,Оплачен вовремя
13111,1104,2024-01-04,16368.26,16368.26,Оплачен вовремя
13112,1104,2024-02-03,16368.26,16368.26,Оплачен вовремя
13113,1104,2024-03-04,16368.26,16368.26,Оплачен вовремя
13114,1104,2024-04-03,16368.26,16368.26,Оплачен вовремя
13115,1104,2024-05-03,16368.26,16368.26,Оплачен вовремя
13116,1104,2024-06-02,16368.26,16368.26,Оплачен вовремя
13117,1104,2024-07-02,16368.26,16368.26,Оплачен вовремя
13118,1104,2024-08-01,16368.26,16368.26,Оплачен вовремя
13119,1104,2024-08-31,16368.26,16368.26,Оплачен вовремя
13120,1104,2024-09-30,16368.26,16368.26,Оплачен вовремя
13121,1104,2024-10-30,16368.26,16368.26,Оплачен вовремя
13122,1104,2024-11-29,16368.26,16368.26,Оплачен вовремя
13123,1104,2024-12-29,16368.26,16368.26,Оплачен вовремя
13124,1104,2025-01-28,16368.26,16368.26,Оплачен вовремя
13125,1104,2025-02-27,16368.26,16368.26,Оплачен вовремя
13126,1104,2025-03-29,16368.26,16368.26,Оплачен вовремя
13127,1104,2025-04-28,16368.26,16368.26,Оплачен вовремя
13128,1104,2025-05-28,16368.26,16368.26,Оплачен вовремя
13129,1104,2025-06-27,16368.26,16368.26,Оплачен вовремя
13130,1104,2025-07-27,16368.26,16368.26,Оплачен вовремя
13131,1104,2025-08-26,16368.26,16368.26,Оплачен вовремя
13132,1104,2025-09-25,16368.26,16368.26,Оплачен вовремя
13133,1104,2025-10-25,16368.26,16368.26,Оплачен вовремя
13134,1104,2025-11-24,16368.26,16368.26,Оплачен вовремя
13135,1105,2025-05-26,1636023.06,1636023.06,Оплачен вовремя
13136,1105,2025-06-25,1636023.06,1636023.06,Оплачен вовремя
13137,1105,2025-07-25,1636023.06,1636023.06,Оплачен вовремя
13138,1106,2024-03-12,679614.92,679614.92,Оплачен вовремя
13139,1106,2024-04-11,679614.92,679614.92,Оплачен вовремя
13140,1106,2024-05-11,679614.92,679614.92,Оплачен вовремя
13141,1106,2024-06-10,679614.92,679614.92,Оплачен вовремя
13142,1106,2024-07-10,679614.92,679614.92,Оплачен вовремя
13143,1106,2024-08-09,679614.92,679614.92,Оплачен вовремя
13144,1107,2023-09-02,7961.47,7961.47,Оплачен вовремя
13145,1107,2023-10-02,7961.47,7961.47,Оплачен вовремя
13146,1107,2023-11-01,7961.47,7961.47,Оплачен вовремя
13147,1107,2023-12-01,7961.47,7961.47,Оплачен вовремя
13148,1107,2023-12-31,7961.47,7961.47,Оплачен вовремя
13149,1107,2024-01-30,7961.47,7961.47,Оплачен вовремя
13150,1107,2024-02-29,7961.47,7961.47,Оплачен вовремя
13151,1107,2024-03-30,7961.47,7961.47,Оплачен вовремя
13152,1107,2024-04-29,7961.47,7961.47,Оплачен вовремя
13153,1107,2024-05-29,7961.47,7961.47,Оплачен вовремя
13154,1107,2024-06-28,7961.47,7961.47,Оплачен вовремя
13155,1107,2024-07-28,7961.47,7961.47,Оплачен вовремя
13156,1107,2024-08-27,7961.47,7961.47,Оплачен вовремя
13157,1107,2024-09-26,7961.47,7961.47,Оплачен вовремя
13158,1107,2024-10-26,7961.47,7961.47,Оплачен вовремя
13159,1107,2024-11-25,7961.47,7961.47,Оплачен вовремя
13160,1107,2024-12-25,7961.47,7961.47,Оплачен вовремя
13161,1107,2025-01-24,7961.47,7961.47,Оплачен вовремя
13162,1107,2025-02-23,7961.47,7961.47,Оплачен вовремя
13163,1107,2025-03-25,7961.47,7961.47,Оплачен вовремя
13164,1107,2025-04-24,7961.47,7961.47,Оплачен вовремя
13165,1107,2025-05-24,7961.47,7961.47,Оплачен вовремя
13166,1107,2025-06-23,7961.47,7961.47,Оплачен вовремя
13167,1107,2025-07-23,7961.47,7961.47,Оплачен вовремя
13168,1108,2025-06-23,7309.55,7309.55,Оплачен вовремя
13169,1108,2025-07-23,7309.55,7309.55,Оплачен вовремя
13170,1108,2025-08-22,7309.55,7309.55,Оплачен вовремя
13171,1108,2025-09-21,7309.55,7309.55,Оплачен вовремя
13172,1108,2025-10-21,7309.55,7309.55,Оплачен вовремя
13173,1108,2025-11-20,7309.55,7309.55,Оплачен вовремя
13174,1108,2025-12-20,7309.55,7309.55,Оплачен вовремя
13175,1109,2025-08-23,248594.03,248594.03,Оплачен вовремя
13176,1109,2025-09-22,248594.03,248594.03,Оплачен вовремя
13177,1109,2025-10-22,248594.03,248594.03,Оплачен вовремя
13178,1109,2025-11-21,248594.03,248594.03,Оплачен вовремя
13179,1109,2025-12-21,248594.03,248594.03,Оплачен вовремя
13180,1110,2022-08-12,9812.56,9812.56,Оплачен вовремя
13181,1110,2022-09-11,9812.56,9812.56,Оплачен вовремя
13182,1110,2022-10-11,9812.56,9812.56,Оплачен вовремя
13183,1110,2022-11-10,9812.56,9812.56,Оплачен вовремя
13184,1110,2022-12-10,9812.56,9812.56,Оплачен вовремя
13185,1110,2023-01-09,9812.56,9812.56,Оплачен вовремя
13186,1110,2023-02-08,9812.56,9812.56,Оплачен вовремя
13187,1110,2023-03-10,9812.56,9812.56,Оплачен вовремя
13188,1110,2023-04-09,9812.56,9812.56,Оплачен вовремя
13189,1110,2023-05-09,9812.56,9812.56,Оплачен вовремя
13190,1110,2023-06-08,9812.56,9812.56,Оплачен вовремя
13191,1110,2023-07-08,9812.56,9812.56,Оплачен вовремя
13192,1110,2023-08-07,9812.56,9812.56,Оплачен вовремя
13193,1110,2023-09-06,9812.56,9812.56,Оплачен вовремя
13194,1110,2023-10-06,9812.56,9812.56,Оплачен вовремя
13195,1110,2023-11-05,9812.56,9812.56,Оплачен вовремя
13196,1110,2023-12-05,9812.56,9812.56,Оплачен вовремя
13197,1110,2024-01-04,9812.56,9812.56,Оплачен вовремя
13198,1110,2024-02-03,9812.56,9812.56,Оплачен вовремя
13199,1110,2024-03-04,9812.56,9812.56,Оплачен вовремя
13200,1110,2024-04-03,9812.56,9812.56,Оплачен вовремя
13201,1110,2024-05-03,9812.56,9812.56,Оплачен вовремя
13202,1110,2024-06-02,9812.56,9812.56,Оплачен вовремя
13203,1110,2024-07-02,9812.56,9812.56,Оплачен вовремя
13204,1110,2024-08-01,9812.56,9812.56,Оплачен вовремя
13205,1110,2024-08-31,9812.56,9812.56,Оплачен вовремя
13206,1110,2024-09-30,9812.56,9812.56,Оплачен вовремя
13207,1110,2024-10-30,9812.56,9812.56,Оплачен вовремя
13208,1110,2024-11-29,9812.56,9812.56,Оплачен вовремя
13209,1110,2024-12-29,9812.56,9812.56,Оплачен вовремя
13210,1110,2025-01-28,9812.56,9812.56,Оплачен вовремя
13211,1110,2025-02-27,9812.56,9812.56,Оплачен вовремя
13212,1110,2025-03-29,9812.56,9812.56,Оплачен вовремя
13213,1110,2025-04-28,9812.56,9812.56,Оплачен вовремя
13214,1110,2025-05-28,9812.56,9812.56,Оплачен вовремя
13215,1110,2025-06-27,9812.56,9812.56,Оплачен вовремя
13216,1110,2025-07-27,9812.56,9812.56,Оплачен вовремя
13217,1110,2025-08-26,9812.56,9812.56,Оплачен вовремя
13218,1110,2025-09-25,9812.56,9812.56,Оплачен вовремя
13219,1110,2025-10-25,9812.56,9812.56,Оплачен вовремя
13220,1110,2025-11-24,9812.56,9812.56,Оплачен вовремя
13221,1111,2022-11-17,33648.58,33648.58,Оплачен вовремя
13222,1111,2022-12-17,33648.58,33648.58,Оплачен вовремя
13223,1111,2023-01-16,33648.58,33648.58,Оплачен вовремя
13224,1111,2023-02-15,33648.58,33648.58,Оплачен вовремя
13225,1111,2023-03-17,33648.58,33648.58,Оплачен вовремя
13226,1111,2023-04-16,33648.58,33648.58,Оплачен вовремя
13227,1111,2023-05-16,33648.58,33648.58,Оплачен вовремя
13228,1111,2023-06-15,33648.58,33648.58,Оплачен вовремя
13229,1111,2023-07-15,33648.58,33648.58,Оплачен вовремя
13230,1111,2023-08-14,33648.58,33648.58,Оплачен вовремя
13231,1111,2023-09-13,33648.58,33648.58,Оплачен вовремя
13232,1111,2023-10-13,33648.58,33648.58,Оплачен вовремя
13233,1111,2023-11-12,33648.58,33648.58,Оплачен вовремя
13234,1111,2023-12-12,33648.58,33648.58,Оплачен вовремя
13235,1111,2024-01-11,33648.58,33648.58,Оплачен вовремя
13236,1111,2024-02-10,33648.58,33648.58,Оплачен вовремя
13237,1111,2024-03-11,33648.58,33648.58,Оплачен вовремя
13238,1111,2024-04-10,33648.58,33648.58,Оплачен вовремя
13239,1111,2024-05-10,33648.58,33648.58,Оплачен вовремя
13240,1111,2024-06-09,33648.58,33648.58,Оплачен вовремя
13241,1111,2024-07-09,33648.58,33648.58,Оплачен вовремя
13242,1111,2024-08-08,33648.58,33648.58,Оплачен вовремя
13243,1111,2024-09-07,33648.58,33648.58,Оплачен вовремя
13244,1111,2024-10-07,33648.58,33648.58,Оплачен вовремя
13245,1111,2024-11-06,33648.58,33648.58,Оплачен вовремя
13246,1111,2024-12-06,33648.58,33648.58,Оплачен вовремя
13247,1111,2025-01-05,33648.58,33648.58,Оплачен вовремя
13248,1111,2025-02-04,33648.58,33648.58,Оплачен вовремя
13249,1111,2025-03-06,33648.58,33648.58,Оплачен вовремя
13250,1111,2025-04-05,33648.58,33648.58,Оплачен вовремя
13251,1111,2025-05-05,33648.58,33648.58,Оплачен вовремя
13252,1111,2025-06-04,33648.58,33648.58,Оплачен вовремя
13253,1111,2025-07-04,33648.58,33648.58,Оплачен вовремя
13254,1111,2025-08-03,33648.58,33648.58,Оплачен вовремя
13255,1111,2025-09-02,33648.58,33648.58,Оплачен вовремя
13256,1111,2025-10-02,33648.58,33648.58,Оплачен вовремя
13257,1111,2025-11-01,33648.58,33648.58,Оплачен вовремя
13258,1111,2025-12-01,33648.58,33648.58,Оплачен вовремя
13259,1112,2025-03-17,5523.93,5523.93,Просрочен
13260,1112,2025-04-16,5523.93,5523.93,Оплачен вовремя
13261,1112,2025-05-16,5523.93,0.0,Не оплачен
13262,1112,2025-06-15,5523.93,0.0,Не оплачен
13263,1112,2025-07-15,5523.93,5523.93,Оплачен вовремя
13264,1112,2025-08-14,5523.93,5523.93,Просрочен
13265,1112,2025-09-13,5523.93,5523.93,Оплачен вовремя
13266,1112,2025-10-13,5523.93,5523.93,Оплачен вовремя
13267,1112,2025-11-12,5523.93,5523.93,Просрочен
13268,1112,2025-12-12,5523.93,0.0,Не оплачен
13269,1113,2025-10-20,989928.6,989928.6,Оплачен вовремя
13270,1113,2025-11-19,989928.6,989928.6,Оплачен вовремя
13271,1113,2025-12-19,989928.6,989928.6,Оплачен вовремя
13272,1114,2024-03-02,48304.0,48304.0,Оплачен вовремя
13273,1114,2024-04-01,48304.0,48304.0,Оплачен вовремя
13274,1114,2024-05-01,48304.0,48304.0,Оплачен вовремя
13275,1114,2024-05-31,48304.0,48304.0,Оплачен вовремя
13276,1114,2024-06-30,48304.0,48304.0,Оплачен вовремя
13277,1114,2024-07-30,48304.0,48304.0,Оплачен вовремя
13278,1114,2024-08-29,48304.0,48304.0,Оплачен вовремя
13279,1114,2024-09-28,48304.0,48304.0,Оплачен вовремя
13280,1114,2024-10-28,48304.0,48304.0,Оплачен вовремя
13281,1114,2024-11-27,48304.0,48304.0,Оплачен вовремя
13282,1114,2024-12-27,48304.0,48304.0,Оплачен вовремя
13283,1114,2025-01-26,48304.0,48304.0,Оплачен вовремя
13284,1115,2023-10-14,46318.25,46318.25,Оплачен вовремя
13285,1115,2023-11-13,46318.25,46318.25,Оплачен вовремя
13286,1115,2023-12-13,46318.25,46318.25,Оплачен вовремя
13287,1115,2024-01-12,46318.25,46318.25,Оплачен вовремя
13288,1115,2024-02-11,46318.25,46318.25,Оплачен вовремя
13289,1115,2024-03-12,46318.25,46318.25,Оплачен вовремя
13290,1115,2024-04-11,46318.25,46318.25,Оплачен вовремя
13291,1115,2024-05-11,46318.25,46318.25,Оплачен вовремя
13292,1115,2024-06-10,46318.25,46318.25,Оплачен вовремя
13293,1115,2024-07-10,46318.25,46318.25,Оплачен вовремя
13294,1115,2024-08-09,46318.25,46318.25,Оплачен вовремя
13295,1115,2024-09-08,46318.25,46318.25,Оплачен вовремя
13296,1115,2024-10-08,46318.25,46318.25,Оплачен вовремя
13297,1115,2024-11-07,46318.25,46318.25,Оплачен вовремя
13298,1115,2024-12-07,46318.25,46318.25,Оплачен вовремя
13299,1115,2025-01-06,46318.25,46318.25,Оплачен вовремя
13300,1115,2025-02-05,46318.25,46318.25,Оплачен вовремя
13301,1115,2025-03-07,46318.25,46318.25,Оплачен вовремя
13302,1115,2025-04-06,46318.25,46318.25,Оплачен вовремя
13303,1115,2025-05-06,46318.25,46318.25,Оплачен вовремя
13304,1115,2025-06-05,46318.25,46318.25,Оплачен вовремя
13305,1115,2025-07-05,46318.25,46318.25,Оплачен вовремя
13306,1115,2025-08-04,46318.25,46318.25,Оплачен вовремя
13307,1115,2025-09-03,46318.25,46318.25,Оплачен вовремя
13308,1116,2024-08-26,17349.83,17349.83,Оплачен вовремя
13309,1116,2024-09-25,17349.83,17349.83,Оплачен вовремя
13310,1116,2024-10-25,17349.83,17349.83,Оплачен вовремя
13311,1116,2024-11-24,17349.83,17349.83,Оплачен вовремя
13312,1116,2024-12-24,17349.83,17349.83,Оплачен вовремя
13313,1116,2025-01-23,17349.83,17349.83,Оплачен вовремя
13314,1116,2025-02-22,17349.83,17349.83,Оплачен вовремя
13315,1116,2025-03-24,17349.83,17349.83,Оплачен вовремя
13316,1116,2025-04-23,17349.83,17349.83,Оплачен вовремя
13317,1116,2025-05-23,17349.83,17349.83,Оплачен вовремя
13318,1116,2025-06-22,17349.83,17349.83,Оплачен вовремя
13319,1116,2025-07-22,17349.83,17349.83,Оплачен вовремя
13320,1116,2025-08-21,17349.83,17349.83,Оплачен вовремя
13321,1116,2025-09-20,17349.83,17349.83,Оплачен вовремя
13322,1116,2025-10-20,17349.83,17349.83,Оплачен вовремя
13323,1116,2025-11-19,17349.83,17349.83,Оплачен вовремя
13324,1116,2025-12-19,17349.83,17349.83,Оплачен вовремя
13325,1117,2022-11-26,28861.15,28861.15,Оплачен вовремя
13326,1117,2022-12-26,28861.15,28861.15,Оплачен вовремя
13327,1117,2023-01-25,28861.15,28861.15,Оплачен вовремя
13328,1117,2023-02-24,28861.15,28861.15,Оплачен вовремя
13329,1117,2023-03-26,28861.15,28861.15,Оплачен вовремя
13330,1117,2023-04-25,28861.15,28861.15,Оплачен вовремя
13331,1117,2023-05-25,28861.15,28861.15,Оплачен вовремя
13332,1117,2023-06-24,28861.15,28861.15,Оплачен вовремя
13333,1117,2023-07-24,28861.15,28861.15,Оплачен вовремя
13334,1117,2023-08-23,28861.15,28861.15,Оплачен вовремя
13335,1117,2023-09-22,28861.15,28861.15,Оплачен вовремя
13336,1117,2023-10-22,28861.15,28861.15,Оплачен вовремя
13337,1118,2025-05-20,1352.13,1352.13,Оплачен вовремя
13338,1118,2025-06-19,1352.13,1352.13,Оплачен вовремя
13339,1118,2025-07-19,1352.13,1352.13,Оплачен вовремя
13340,1118,2025-08-18,1352.13,1352.13,Оплачен вовремя
13341,1118,2025-09-17,1352.13,1352.13,Оплачен вовремя
13342,1118,2025-10-17,1352.13,1352.13,Оплачен вовремя
13343,1118,2025-11-16,1352.13,1352.13,Оплачен вовремя
13344,1118,2025-12-16,1352.13,1352.13,Оплачен вовремя
13345,1119,2025-04-15,46401.01,46401.01,Оплачен вовремя
13346,1119,2025-05-15,46401.01,46401.01,Оплачен вовремя
13347,1119,2025-06-14,46401.01,46401.01,Оплачен вовремя
13348,1119,2025-07-14,46401.01,46401.01,Оплачен вовремя
13349,1119,2025-08-13,46401.01,46401.01,Оплачен вовремя
13350,1119,2025-09-12,46401.01,46401.01,Оплачен вовремя
13351,1119,2025-10-12,46401.01,46401.01,Оплачен вовремя
13352,1119,2025-11-11,46401.01,46401.01,Оплачен вовремя
13353,1119,2025-12-11,46401.01,46401.01,Оплачен вовремя
13354,1120,2023-07-21,20398.98,20398.98,Оплачен вовремя
13355,1120,2023-08-20,20398.98,20398.98,Оплачен вовремя
13356,1120,2023-09-19,20398.98,20398.98,Оплачен вовремя
13357,1120,2023-10-19,20398.98,20398.98,Оплачен вовремя
13358,1120,2023-11-18,20398.98,20398.98,Оплачен вовремя
13359,1120,2023-12-18,20398.98,20398.98,Оплачен вовремя
13360,1120,2024-01-17,20398.98,20398.98,Оплачен вовремя
13361,1120,2024-02-16,20398.98,20398.98,Оплачен вовремя
13362,1120,2024-03-17,20398.98,20398.98,Оплачен вовремя
13363,1120,2024-04-16,20398.98,20398.98,Оплачен вовремя
13364,1120,2024-05-16,20398.98,20398.98,Оплачен вовремя
13365,1120,2024-06-15,20398.98,20398.98,Оплачен вовремя
13366,1121,2022-10-20,58312.85,58312.85,Оплачен вовремя
13367,1121,2022-11-19,58312.85,58312.85,Оплачен вовремя
13368,1121,2022-12-19,58312.85,58312.85,Оплачен вовремя
13369,1121,2023-01-18,58312.85,58312.85,Оплачен вовремя
13370,1121,2023-02-17,58312.85,58312.85,Оплачен вовремя
13371,1121,2023-03-19,58312.85,58312.85,Оплачен вовремя
13372,1121,2023-04-18,58312.85,58312.85,Оплачен вовремя
13373,1121,2023-05-18,58312.85,58312.85,Оплачен вовремя
13374,1121,2023-06-17,58312.85,58312.85,Оплачен вовремя
13375,1121,2023-07-17,58312.85,58312.85,Оплачен вовремя
13376,1121,2023-08-16,58312.85,58312.85,Оплачен вовремя
13377,1121,2023-09-15,58312.85,58312.85,Оплачен вовремя
13378,1121,2023-10-15,58312.85,58312.85,Оплачен вовремя
13379,1121,2023-11-14,58312.85,58312.85,Оплачен вовремя
13380,1121,2023-12-14,58312.85,58312.85,Оплачен вовремя
13381,1121,2024-01-13,58312.85,58312.85,Оплачен вовремя
13382,1121,2024-02-12,58312.85,58312.85,Оплачен вовремя
13383,1121,2024-03-13,58312.85,58312.85,Оплачен вовремя
13384,1121,2024-04-12,58312.85,58312.85,Оплачен вовремя
13385,1121,2024-05-12,58312.85,58312.85,Оплачен вовремя
13386,1121,2024-06-11,58312.85,58312.85,Оплачен вовремя
13387,1121,2024-07-11,58312.85,58312.85,Оплачен вовремя
13388,1121,2024-08-10,58312.85,58312.85,Оплачен вовремя
13389,1121,2024-09-09,58312.85,58312.85,Оплачен вовремя
13390,1121,2024-10-09,58312.85,58312.85,Оплачен вовремя
13391,1121,2024-11-08,58312.85,58312.85,Оплачен вовремя
13392,1121,2024-12-08,58312.85,58312.85,Оплачен вовремя
13393,1121,2025-01-07,58312.85,58312.85,Оплачен вовремя
13394,1121,2025-02-06,58312.85,58312.85,Оплачен вовремя
13395,1121,2025-03-08,58312.85,58312.85,Оплачен вовремя
13396,1121,2025-04-07,58312.85,58312.85,Оплачен вовремя
13397,1121,2025-05-07,58312.85,58312.85,Оплачен вовремя
13398,1121,2025-06-06,58312.85,58312.85,Оплачен вовремя
13399,1121,2025-07-06,58312.85,58312.85,Оплачен вовремя
13400,1121,2025-08-05,58312.85,58312.85,Оплачен вовремя
13401,1121,2025-09-04,58312.85,58312.85,Оплачен вовремя
13402,1121,2025-10-04,58312.85,58312.85,Оплачен вовремя
13403,1121,2025-11-03,58312.85,58312.85,Оплачен вовремя
13404,1121,2025-12-03,58312.85,58312.85,Оплачен вовремя
13405,1122,2025-05-07,5718.33,5718.33,Оплачен вовремя
13406,1122,2025-06-06,5718.33,5718.33,Оплачен вовремя
13407,1122,2025-07-06,5718.33,5718.33,Оплачен вовремя
13408,1122,2025-08-05,5718.33,5718.33,Оплачен вовремя
13409,1122,2025-09-04,5718.33,5718.33,Оплачен вовремя
13410,1122,2025-10-04,5718.33,5718.33,Оплачен вовремя
13411,1122,2025-11-03,5718.33,5718.33,Оплачен вовремя
13412,1122,2025-12-03,5718.33,5718.33,Оплачен вовремя
13413,1123,2024-06-03,744760.67,744760.67,Оплачен вовремя
13414,1123,2024-07-03,744760.67,744760.67,Оплачен вовремя
13415,1123,2024-08-02,744760.67,744760.67,Оплачен вовремя
13416,1124,2024-11-29,1308191.44,1308191.44,Оплачен вовремя
13417,1124,2024-12-29,1308191.44,1308191.44,Оплачен вовремя
13418,1124,2025-01-28,1308191.44,1308191.44,Оплачен вовремя
13419,1125,2025-01-31,517947.98,517947.98,Оплачен вовремя
13420,1125,2025-03-02,517947.98,517947.98,Оплачен вовремя
13421,1125,2025-04-01,517947.98,517947.98,Оплачен вовремя
13422,1125,2025-05-01,517947.98,517947.98,Оплачен вовремя
13423,1125,2025-05-31,517947.98,517947.98,Оплачен вовремя
13424,1125,2025-06-30,517947.98,517947.98,Оплачен вовремя
13425,1125,2025-07-30,517947.98,517947.98,Оплачен вовремя
13426,1125,2025-08-29,517947.98,517947.98,Оплачен вовремя
13427,1125,2025-09-28,517947.98,517947.98,Оплачен вовремя
13428,1126,2025-12-10,7101.21,7101.21,Оплачен вовремя
13429,1127,2024-09-18,59484.06,59484.06,Оплачен вовремя
13430,1127,2024-10-18,59484.06,59484.06,Оплачен вовремя
13431,1127,2024-11-17,59484.06,59484.06,Оплачен вовремя
13432,1127,2024-12-17,59484.06,59484.06,Оплачен вовремя
13433,1127,2025-01-16,59484.06,59484.06,Оплачен вовремя
13434,1127,2025-02-15,59484.06,59484.06,Оплачен вовремя
13435,1127,2025-03-17,59484.06,59484.06,Оплачен вовремя
13436,1127,2025-04-16,59484.06,59484.06,Оплачен вовремя
13437,1127,2025-05-16,59484.06,59484.06,Оплачен вовремя
13438,1127,2025-06-15,59484.06,59484.06,Оплачен вовремя
13439,1127,2025-07-15,59484.06,59484.06,Оплачен вовремя
13440,1127,2025-08-14,59484.06,59484.06,Оплачен вовремя
13441,1127,2025-09-13,59484.06,59484.06,Оплачен вовремя
13442,1127,2025-10-13,59484.06,59484.06,Оплачен вовремя
13443,1127,2025-11-12,59484.06,59484.06,Оплачен вовремя
13444,1127,2025-12-12,59484.06,59484.06,Оплачен вовремя
13445,1128,2024-05-23,84715.77,84715.77,Оплачен вовремя
13446,1128,2024-06-22,84715.77,84715.77,Оплачен вовремя
13447,1128,2024-07-22,84715.77,84715.77,Оплачен вовремя
13448,1128,2024-08-21,84715.77,84715.77,Оплачен вовремя
13449,1128,2024-09-20,84715.77,84715.77,Оплачен вовремя
13450,1128,2024-10-20,84715.77,84715.77,Оплачен вовремя
13451,1128,2024-11-19,84715.77,84715.77,Оплачен вовремя
13452,1128,2024-12-19,84715.77,84715.77,Оплачен вовремя
13453,1128,2025-01-18,84715.77,84715.77,Оплачен вовремя
13454,1128,2025-02-17,84715.77,84715.77,Оплачен вовремя
13455,1128,2025-03-19,84715.77,84715.77,Оплачен вовремя
13456,1128,2025-04-18,84715.77,84715.77,Оплачен вовремя
13457,1128,2025-05-18,84715.77,84715.77,Оплачен вовремя
13458,1128,2025-06-17,84715.77,84715.77,Оплачен вовремя
13459,1128,2025-07-17,84715.77,84715.77,Оплачен вовремя
13460,1128,2025-08-16,84715.77,84715.77,Оплачен вовремя
13461,1128,2025-09-15,84715.77,84715.77,Оплачен вовремя
13462,1128,2025-10-15,84715.77,84715.77,Оплачен вовремя
13463,1128,2025-11-14,84715.77,84715.77,Оплачен вовремя
13464,1128,2025-12-14,84715.77,84715.77,Оплачен вовремя
13465,1129,2025-04-30,12316.84,12316.84,Оплачен вовремя
13466,1129,2025-05-30,12316.84,12316.84,Оплачен вовремя
13467,1129,2025-06-29,12316.84,12316.84,Оплачен вовремя
13468,1129,2025-07-29,12316.84,12316.84,Оплачен вовремя
13469,1129,2025-08-28,12316.84,12316.84,Оплачен вовремя
13470,1129,2025-09-27,12316.84,12316.84,Оплачен вовремя
13471,1129,2025-10-27,12316.84,12316.84,Оплачен вовремя
13472,1129,2025-11-26,12316.84,12316.84,Оплачен вовремя
13473,1129,2025-12-26,12316.84,12316.84,Оплачен вовремя
13474,1130,2024-12-26,3470.59,3470.59,Оплачен вовремя
13475,1130,2025-01-25,3470.59,3470.59,Оплачен вовремя
13476,1130,2025-02-24,3470.59,3470.59,Оплачен вовремя
13477,1130,2025-03-26,3470.59,3470.59,Оплачен вовремя
13478,1130,2025-04-25,3470.59,3470.59,Оплачен вовремя
13479,1130,2025-05-25,3470.59,3470.59,Оплачен вовремя
13480,1130,2025-06-24,3470.59,3470.59,Оплачен вовремя
13481,1130,2025-07-24,3470.59,3470.59,Оплачен вовремя
13482,1130,2025-08-23,3470.59,3470.59,Оплачен вовремя
13483,1130,2025-09-22,3470.59,3470.59,Оплачен вовремя
13484,1130,2025-10-22,3470.59,3470.59,Оплачен вовремя
13485,1130,2025-11-21,3470.59,3470.59,Оплачен вовремя
13486,1130,2025-12-21,3470.59,3470.59,Оплачен вовремя
13487,1131,2025-12-10,48202.27,48202.27,Оплачен вовремя
13488,1132,2024-09-04,474877.06,474877.06,Оплачен вовремя
13489,1132,2024-10-04,474877.06,474877.06,Оплачен вовремя
13490,1132,2024-11-03,474877.06,474877.06,Оплачен вовремя
13491,1132,2024-12-03,474877.06,474877.06,Оплачен вовремя
13492,1132,2025-01-02,474877.06,474877.06,Оплачен вовремя
13493,1132,2025-02-01,474877.06,474877.06,Оплачен вовремя
13494,1133,2023-03-28,258382.68,258382.68,Оплачен вовремя
13495,1133,2023-04-27,258382.68,258382.68,Оплачен вовремя
13496,1133,2023-05-27,258382.68,258382.68,Оплачен вовремя
13497,1133,2023-06-26,258382.68,258382.68,Оплачен вовремя
13498,1133,2023-07-26,258382.68,258382.68,Оплачен вовремя
13499,1133,2023-08-25,258382.68,258382.68,Оплачен вовремя
13500,1134,2024-07-06,11269.21,11269.21,Оплачен вовремя
13501,1134,2024-08-05,11269.21,11269.21,Оплачен вовремя
13502,1134,2024-09-04,11269.21,11269.21,Оплачен вовремя
13503,1134,2024-10-04,11269.21,11269.21,Оплачен вовремя
13504,1134,2024-11-03,11269.21,11269.21,Оплачен вовремя
13505,1134,2024-12-03,11269.21,11269.21,Оплачен вовремя
13506,1134,2025-01-02,11269.21,11269.21,Оплачен вовремя
13507,1134,2025-02-01,11269.21,11269.21,Оплачен вовремя
13508,1134,2025-03-03,11269.21,11269.21,Оплачен вовремя
13509,1134,2025-04-02,11269.21,11269.21,Оплачен вовремя
13510,1134,2025-05-02,11269.21,11269.21,Оплачен вовремя
13511,1134,2025-06-01,11269.21,11269.21,Оплачен вовремя
13512,1134,2025-07-01,11269.21,11269.21,Оплачен вовремя
13513,1134,2025-07-31,11269.21,11269.21,Оплачен вовремя
13514,1134,2025-08-30,11269.21,11269.21,Оплачен вовремя
13515,1134,2025-09-29,11269.21,11269.21,Оплачен вовремя
13516,1134,2025-10-29,11269.21,11269.21,Оплачен вовремя
13517,1134,2025-11-28,11269.21,11269.21,Оплачен вовремя
13518,1135,2024-05-25,6476.5,0.0,Не оплачен
13519,1135,2024-06-24,6476.5,6476.5,Оплачен вовремя
13520,1135,2024-07-24,6476.5,6476.5,Оплачен вовремя
13521,1135,2024-08-23,6476.5,6476.5,Просрочен
13522,1135,2024-09-22,6476.5,6476.5,Просрочен
13523,1135,2024-10-22,6476.5,6476.5,Просрочен
13524,1135,2024-11-21,6476.5,6476.5,Просрочен
13525,1135,2024-12-21,6476.5,0.0,Не оплачен
13526,1135,2025-01-20,6476.5,0.0,Не оплачен
13527,1135,2025-02-19,6476.5,6476.5,Оплачен вовремя
13528,1135,2025-03-21,6476.5,6476.5,Оплачен вовремя
13529,1135,2025-04-20,6476.5,6476.5,Оплачен вовремя
13530,1135,2025-05-20,6476.5,6476.5,Оплачен вовремя
13531,1135,2025-06-19,6476.5,6476.5,Просрочен
13532,1135,2025-07-19,6476.5,6476.5,Просрочен
13533,1135,2025-08-18,6476.5,6476.5,Оплачен вовремя
13534,1135,2025-09-17,6476.5,6476.5,Оплачен вовремя
13535,1135,2025-10-17,6476.5,0.0,Не оплачен
13536,1135,2025-11-16,6476.5,6476.5,Оплачен вовремя
13537,1135,2025-12-16,6476.5,6476.5,Оплачен вовремя
13538,1136,2023-12-31,10483.68,10483.68,Оплачен вовремя
13539,1136,2024-01-30,10483.68,10483.68,Оплачен вовремя
13540,1136,2024-02-29,10483.68,10483.68,Оплачен вовремя
13541,1136,2024-03-30,10483.68,10483.68,Оплачен вовремя
13542,1136,2024-04-29,10483.68,10483.68,Оплачен вовремя
13543,1136,2024-05-29,10483.68,10483.68,Оплачен вовремя
13544,1136,2024-06-28,10483.68,10483.68,Оплачен вовремя
13545,1136,2024-07-28,10483.68,10483.68,Оплачен вовремя
13546,1136,2024-08-27,10483.68,10483.68,Оплачен вовремя
13547,1136,2024-09-26,10483.68,10483.68,Оплачен вовремя
13548,1136,2024-10-26,10483.68,10483.68,Оплачен вовремя
13549,1136,2024-11-25,10483.68,10483.68,Оплачен вовремя
13550,1136,2024-12-25,10483.68,10483.68,Оплачен вовремя
13551,1136,2025-01-24,10483.68,10483.68,Оплачен вовремя
13552,1136,2025-02-23,10483.68,10483.68,Оплачен вовремя
13553,1136,2025-03-25,10483.68,10483.68,Оплачен вовремя
13554,1136,2025-04-24,10483.68,10483.68,Оплачен вовремя
13555,1136,2025-05-24,10483.68,10483.68,Оплачен вовремя
13556,1136,2025-06-23,10483.68,10483.68,Оплачен вовремя
13557,1136,2025-07-23,10483.68,10483.68,Оплачен вовремя
13558,1136,2025-08-22,10483.68,10483.68,Оплачен вовремя
13559,1136,2025-09-21,10483.68,10483.68,Оплачен вовремя
13560,1136,2025-10-21,10483.68,10483.68,Оплачен вовремя
13561,1136,2025-11-20,10483.68,10483.68,Оплачен вовремя
13562,1137,2025-05-10,4326.54,4326.54,Оплачен вовремя
13563,1137,2025-06-09,4326.54,4326.54,Оплачен вовремя
13564,1137,2025-07-09,4326.54,4326.54,Оплачен вовремя
13565,1137,2025-08-08,4326.54,4326.54,Оплачен вовремя
13566,1137,2025-09-07,4326.54,4326.54,Оплачен вовремя
13567,1137,2025-10-07,4326.54,4326.54,Оплачен вовремя
13568,1137,2025-11-06,4326.54,4326.54,Оплачен вовремя
13569,1137,2025-12-06,4326.54,4326.54,Оплачен вовремя
13570,1138,2025-08-09,1870.86,1870.86,Оплачен вовремя
13571,1138,2025-09-08,1870.86,1870.86,Оплачен вовремя
13572,1138,2025-10-08,1870.86,1870.86,Оплачен вовремя
13573,1138,2025-11-07,1870.86,1870.86,Оплачен вовремя
13574,1138,2025-12-07,1870.86,1870.86,Оплачен вовремя
13575,1139,2025-09-24,28713.65,28713.65,Оплачен вовремя
13576,1139,2025-10-24,28713.65,28713.65,Оплачен вовремя
13577,1139,2025-11-23,28713.65,28713.65,Оплачен вовремя
13578,1139,2025-12-23,28713.65,28713.65,Оплачен вовремя
13579,1140,2025-11-27,8700.28,8700.28,Оплачен вовремя
13580,1140,2025-12-27,8700.28,8700.28,Оплачен вовремя
13581,1141,2023-09-10,18258.58,18258.58,Оплачен вовремя
13582,1141,2023-10-10,18258.58,18258.58,Оплачен вовремя
13583,1141,2023-11-09,18258.58,18258.58,Оплачен вовремя
13584,1141,2023-12-09,18258.58,18258.58,Оплачен вовремя
13585,1141,2024-01-08,18258.58,18258.58,Оплачен вовремя
13586,1141,2024-02-07,18258.58,18258.58,Оплачен вовремя
13587,1141,2024-03-08,18258.58,18258.58,Оплачен вовремя
13588,1141,2024-04-07,18258.58,18258.58,Оплачен вовремя
13589,1141,2024-05-07,18258.58,18258.58,Оплачен вовремя
13590,1141,2024-06-06,18258.58,18258.58,Оплачен вовремя
13591,1141,2024-07-06,18258.58,18258.58,Оплачен вовремя
13592,1141,2024-08-05,18258.58,18258.58,Оплачен вовремя
13593,1142,2023-12-20,22011.18,22011.18,Оплачен вовремя
13594,1142,2024-01-19,22011.18,22011.18,Оплачен вовремя
13595,1142,2024-02-18,22011.18,22011.18,Оплачен вовремя
13596,1142,2024-03-19,22011.18,22011.18,Оплачен вовремя
13597,1142,2024-04-18,22011.18,22011.18,Оплачен вовремя
13598,1142,2024-05-18,22011.18,22011.18,Оплачен вовремя
13599,1142,2024-06-17,22011.18,22011.18,Оплачен вовремя
13600,1142,2024-07-17,22011.18,22011.18,Оплачен вовремя
13601,1142,2024-08-16,22011.18,22011.18,Оплачен вовремя
13602,1142,2024-09-15,22011.18,22011.18,Оплачен вовремя
13603,1142,2024-10-15,22011.18,22011.18,Оплачен вовремя
13604,1142,2024-11-14,22011.18,22011.18,Оплачен вовремя
13605,1142,2024-12-14,22011.18,22011.18,Оплачен вовремя
13606,1142,2025-01-13,22011.18,22011.18,Оплачен вовремя
13607,1142,2025-02-12,22011.18,22011.18,Оплачен вовремя
13608,1142,2025-03-14,22011.18,22011.18,Оплачен вовремя
13609,1142,2025-04-13,22011.18,22011.18,Оплачен вовремя
13610,1142,2025-05-13,22011.18,22011.18,Оплачен вовремя
13611,1142,2025-06-12,22011.18,22011.18,Оплачен вовремя
13612,1142,2025-07-12,22011.18,22011.18,Оплачен вовремя
13613,1142,2025-08-11,22011.18,22011.18,Оплачен вовремя
13614,1142,2025-09-10,22011.18,22011.18,Оплачен вовремя
13615,1142,2025-10-10,22011.18,22011.18,Оплачен вовремя
13616,1142,2025-11-09,22011.18,22011.18,Оплачен вовремя
13617,1142,2025-12-09,22011.18,22011.18,Оплачен вовремя
13618,1143,2025-05-17,49421.33,49421.33,Оплачен вовремя
13619,1143,2025-06-16,49421.33,49421.33,Оплачен вовремя
13620,1143,2025-07-16,49421.33,49421.33,Оплачен вовремя
13621,1143,2025-08-15,49421.33,49421.33,Оплачен вовремя
13622,1143,2025-09-14,49421.33,49421.33,Оплачен вовремя
13623,1143,2025-10-14,49421.33,49421.33,Оплачен вовремя
13624,1143,2025-11-13,49421.33,49421.33,Оплачен вовремя
13625,1143,2025-12-13,49421.33,49421.33,Оплачен вовремя
13626,1144,2023-07-21,79577.41,79577.41,Просрочен
13627,1144,2023-08-20,79577.41,79577.41,Оплачен вовремя
13628,1144,2023-09-19,79577.41,79577.41,Оплачен вовремя
13629,1144,2023-10-19,79577.41,79577.41,Оплачен вовремя
13630,1144,2023-11-18,79577.41,79577.41,Просрочен
13631,1144,2023-12-18,79577.41,79577.41,Оплачен вовремя
13632,1144,2024-01-17,79577.41,79577.41,Оплачен вовремя
13633,1144,2024-02-16,79577.41,0.0,Не оплачен
13634,1144,2024-03-17,79577.41,79577.41,Оплачен вовремя
13635,1144,2024-04-16,79577.41,79577.41,Оплачен вовремя
13636,1144,2024-05-16,79577.41,79577.41,Оплачен вовремя
13637,1144,2024-06-15,79577.41,79577.41,Оплачен вовремя
13638,1145,2024-10-22,16928.66,16928.66,Оплачен вовремя
13639,1145,2024-11-21,16928.66,16928.66,Оплачен вовремя
13640,1145,2024-12-21,16928.66,16928.66,Оплачен вовремя
13641,1145,2025-01-20,16928.66,16928.66,Оплачен вовремя
13642,1145,2025-02-19,16928.66,16928.66,Оплачен вовремя
13643,1145,2025-03-21,16928.66,16928.66,Оплачен вовремя
13644,1145,2025-04-20,16928.66,16928.66,Оплачен вовремя
13645,1145,2025-05-20,16928.66,16928.66,Оплачен вовремя
13646,1145,2025-06-19,16928.66,16928.66,Оплачен вовремя
13647,1145,2025-07-19,16928.66,16928.66,Оплачен вовремя
13648,1145,2025-08-18,16928.66,16928.66,Оплачен вовремя
13649,1145,2025-09-17,16928.66,16928.66,Оплачен вовремя
13650,1145,2025-10-17,16928.66,16928.66,Оплачен вовремя
13651,1145,2025-11-16,16928.66,16928.66,Оплачен вовремя
13652,1145,2025-12-16,16928.66,16928.66,Оплачен вовремя
13653,1146,2024-08-02,16779.0,16779.0,Оплачен вовремя
13654,1146,2024-09-01,16779.0,16779.0,Оплачен вовремя
13655,1146,2024-10-01,16779.0,16779.0,Оплачен вовремя
13656,1146,2024-10-31,16779.0,16779.0,Оплачен вовремя
13657,1146,2024-11-30,16779.0,16779.0,Оплачен вовремя
13658,1146,2024-12-30,16779.0,16779.0,Оплачен вовремя
13659,1146,2025-01-29,16779.0,16779.0,Оплачен вовремя
13660,1146,2025-02-28,16779.0,16779.0,Оплачен вовремя
13661,1146,2025-03-30,16779.0,16779.0,Оплачен вовремя
13662,1146,2025-04-29,16779.0,16779.0,Оплачен вовремя
13663,1146,2025-05-29,16779.0,16779.0,Оплачен вовремя
13664,1146,2025-06-28,16779.0,16779.0,Оплачен вовремя
13665,1146,2025-07-28,16779.0,16779.0,Оплачен вовремя
13666,1146,2025-08-27,16779.0,16779.0,Оплачен вовремя
13667,1146,2025-09-26,16779.0,16779.0,Оплачен вовремя
13668,1146,2025-10-26,16779.0,16779.0,Оплачен вовремя
13669,1146,2025-11-25,16779.0,16779.0,Оплачен вовремя
13670,1148,2024-03-28,36443.83,36443.83,Оплачен вовремя
13671,1148,2024-04-27,36443.83,36443.83,Оплачен вовремя
13672,1148,2024-05-27,36443.83,36443.83,Оплачен вовремя
13673,1148,2024-06-26,36443.83,36443.83,Оплачен вовремя
13674,1148,2024-07-26,36443.83,36443.83,Оплачен вовремя
13675,1148,2024-08-25,36443.83,36443.83,Оплачен вовремя
13676,1148,2024-09-24,36443.83,36443.83,Оплачен вовремя
13677,1148,2024-10-24,36443.83,36443.83,Оплачен вовремя
13678,1148,2024-11-23,36443.83,36443.83,Оплачен вовремя
13679,1148,2024-12-23,36443.83,36443.83,Оплачен вовремя
13680,1148,2025-01-22,36443.83,36443.83,Оплачен вовремя
13681,1148,2025-02-21,36443.83,36443.83,Оплачен вовремя
13682,1148,2025-03-23,36443.83,36443.83,Оплачен вовремя
13683,1148,2025-04-22,36443.83,36443.83,Оплачен вовремя
13684,1148,2025-05-22,36443.83,36443.83,Оплачен вовремя
13685,1148,2025-06-21,36443.83,36443.83,Оплачен вовремя
13686,1148,2025-07-21,36443.83,36443.83,Оплачен вовремя
13687,1148,2025-08-20,36443.83,36443.83,Оплачен вовремя
13688,1148,2025-09-19,36443.83,36443.83,Оплачен вовремя
13689,1148,2025-10-19,36443.83,36443.83,Оплачен вовремя
13690,1148,2025-11-18,36443.83,36443.83,Оплачен вовремя
13691,1148,2025-12-18,36443.83,36443.83,Оплачен вовремя
13692,1149,2024-07-13,18756.38,18756.38,Оплачен вовремя
13693,1149,2024-08-12,18756.38,18756.38,Оплачен вовремя
13694,1149,2024-09-11,18756.38,18756.38,Оплачен вовремя
13695,1149,2024-10-11,18756.38,18756.38,Оплачен вовремя
13696,1149,2024-11-10,18756.38,18756.38,Оплачен вовремя
13697,1149,2024-12-10,18756.38,18756.38,Оплачен вовремя
13698,1149,2025-01-09,18756.38,18756.38,Оплачен вовремя
13699,1149,2025-02-08,18756.38,18756.38,Оплачен вовремя
13700,1149,2025-03-10,18756.38,18756.38,Оплачен вовремя
13701,1149,2025-04-09,18756.38,18756.38,Оплачен вовремя
13702,1149,2025-05-09,18756.38,18756.38,Оплачен вовремя
13703,1149,2025-06-08,18756.38,18756.38,Оплачен вовремя
13704,1149,2025-07-08,18756.38,18756.38,Оплачен вовремя
13705,1149,2025-08-07,18756.38,18756.38,Оплачен вовремя
13706,1149,2025-09-06,18756.38,18756.38,Оплачен вовремя
13707,1149,2025-10-06,18756.38,18756.38,Оплачен вовремя
13708,1149,2025-11-05,18756.38,18756.38,Оплачен вовремя
13709,1149,2025-12-05,18756.38,18756.38,Оплачен вовремя
13710,1150,2024-07-24,9111.31,9111.31,Оплачен вовремя
13711,1150,2024-08-23,9111.31,9111.31,Оплачен вовремя
13712,1150,2024-09-22,9111.31,9111.31,Оплачен вовремя
13713,1150,2024-10-22,9111.31,9111.31,Оплачен вовремя
13714,1150,2024-11-21,9111.31,9111.31,Оплачен вовремя
13715,1150,2024-12-21,9111.31,9111.31,Оплачен вовремя
13716,1150,2025-01-20,9111.31,9111.31,Оплачен вовремя
13717,1150,2025-02-19,9111.31,9111.31,Оплачен вовремя
13718,1150,2025-03-21,9111.31,9111.31,Оплачен вовремя
13719,1150,2025-04-20,9111.31,9111.31,Оплачен вовремя
13720,1150,2025-05-20,9111.31,9111.31,Оплачен вовремя
13721,1150,2025-06-19,9111.31,9111.31,Оплачен вовремя
13722,1150,2025-07-19,9111.31,9111.31,Оплачен вовремя
13723,1150,2025-08-18,9111.31,9111.31,Оплачен вовремя
13724,1150,2025-09-17,9111.31,9111.31,Оплачен вовремя
13725,1150,2025-10-17,9111.31,9111.31,Оплачен вовремя
13726,1150,2025-11-16,9111.31,9111.31,Оплачен вовремя
13727,1150,2025-12-16,9111.31,9111.31,Оплачен вовремя
13728,1151,2023-08-02,14372.19,14372.19,Оплачен вовремя
13729,1151,2023-09-01,14372.19,14372.19,Оплачен вовремя
13730,1151,2023-10-01,14372.19,14372.19,Оплачен вовремя
13731,1151,2023-10-31,14372.19,14372.19,Оплачен вовремя
13732,1151,2023-11-30,14372.19,14372.19,Оплачен вовремя
13733,1151,2023-12-30,14372.19,14372.19,Оплачен вовремя
13734,1151,2024-01-29,14372.19,14372.19,Оплачен вовремя
13735,1151,2024-02-28,14372.19,14372.19,Оплачен вовремя
13736,1151,2024-03-29,14372.19,14372.19,Оплачен вовремя
13737,1151,2024-04-28,14372.19,14372.19,Оплачен вовремя
13738,1151,2024-05-28,14372.19,14372.19,Оплачен вовремя
13739,1151,2024-06-27,14372.19,14372.19,Оплачен вовремя
13740,1151,2024-07-27,14372.19,14372.19,Оплачен вовремя
13741,1151,2024-08-26,14372.19,14372.19,Оплачен вовремя
13742,1151,2024-09-25,14372.19,14372.19,Оплачен вовремя
13743,1151,2024-10-25,14372.19,14372.19,Оплачен вовремя
13744,1151,2024-11-24,14372.19,14372.19,Оплачен вовремя
13745,1151,2024-12-24,14372.19,14372.19,Оплачен вовремя
13746,1151,2025-01-23,14372.19,14372.19,Оплачен вовремя
13747,1151,2025-02-22,14372.19,14372.19,Оплачен вовремя
13748,1151,2025-03-24,14372.19,14372.19,Оплачен вовремя
13749,1151,2025-04-23,14372.19,14372.19,Оплачен вовремя
13750,1151,2025-05-23,14372.19,14372.19,Оплачен вовремя
13751,1151,2025-06-22,14372.19,14372.19,Оплачен вовремя
13752,1151,2025-07-22,14372.19,14372.19,Оплачен вовремя
13753,1151,2025-08-21,14372.19,14372.19,Оплачен вовремя
13754,1151,2025-09-20,14372.19,14372.19,Оплачен вовремя
13755,1151,2025-10-20,14372.19,14372.19,Оплачен вовремя
13756,1151,2025-11-19,14372.19,14372.19,Оплачен вовремя
13757,1152,2025-12-11,19976.07,19976.07,Оплачен вовремя
13758,1153,2025-10-17,968920.33,968920.33,Оплачен вовремя
13759,1153,2025-11-16,968920.33,968920.33,Оплачен вовремя
13760,1153,2025-12-16,968920.33,968920.33,Оплачен вовремя
13761,1154,2024-07-12,7115.62,7115.62,Оплачен вовремя
13762,1154,2024-08-11,7115.62,7115.62,Оплачен вовремя
13763,1154,2024-09-10,7115.62,7115.62,Оплачен вовремя
13764,1154,2024-10-10,7115.62,7115.62,Оплачен вовремя
13765,1154,2024-11-09,7115.62,7115.62,Оплачен вовремя
13766,1154,2024-12-09,7115.62,7115.62,Оплачен вовремя
13767,1154,2025-01-08,7115.62,7115.62,Оплачен вовремя
13768,1154,2025-02-07,7115.62,7115.62,Оплачен вовремя
13769,1154,2025-03-09,7115.62,7115.62,Оплачен вовремя
13770,1154,2025-04-08,7115.62,7115.62,Оплачен вовремя
13771,1154,2025-05-08,7115.62,7115.62,Оплачен вовремя
13772,1154,2025-06-07,7115.62,7115.62,Оплачен вовремя
13773,1154,2025-07-07,7115.62,7115.62,Оплачен вовремя
13774,1154,2025-08-06,7115.62,7115.62,Оплачен вовремя
13775,1154,2025-09-05,7115.62,7115.62,Оплачен вовремя
13776,1154,2025-10-05,7115.62,7115.62,Оплачен вовремя
13777,1154,2025-11-04,7115.62,7115.62,Оплачен вовремя
13778,1154,2025-12-04,7115.62,7115.62,Оплачен вовремя
13779,1155,2024-02-20,23284.6,23284.6,Оплачен вовремя
13780,1155,2024-03-21,23284.6,23284.6,Оплачен вовремя
13781,1155,2024-04-20,23284.6,23284.6,Оплачен вовремя
13782,1155,2024-05-20,23284.6,23284.6,Оплачен вовремя
13783,1155,2024-06-19,23284.6,23284.6,Оплачен вовремя
13784,1155,2024-07-19,23284.6,23284.6,Оплачен вовремя
13785,1155,2024-08-18,23284.6,23284.6,Оплачен вовремя
13786,1155,2024-09-17,23284.6,23284.6,Оплачен вовремя
13787,1155,2024-10-17,23284.6,23284.6,Оплачен вовремя
13788,1155,2024-11-16,23284.6,23284.6,Оплачен вовремя
13789,1155,2024-12-16,23284.6,23284.6,Оплачен вовремя
13790,1155,2025-01-15,23284.6,23284.6,Оплачен вовремя
13791,1155,2025-02-14,23284.6,23284.6,Оплачен вовремя
13792,1155,2025-03-16,23284.6,23284.6,Оплачен вовремя
13793,1155,2025-04-15,23284.6,23284.6,Оплачен вовремя
13794,1155,2025-05-15,23284.6,23284.6,Оплачен вовремя
13795,1155,2025-06-14,23284.6,23284.6,Оплачен вовремя
13796,1155,2025-07-14,23284.6,23284.6,Оплачен вовремя
13797,1155,2025-08-13,23284.6,23284.6,Оплачен вовремя
13798,1155,2025-09-12,23284.6,23284.6,Оплачен вовремя
13799,1155,2025-10-12,23284.6,23284.6,Оплачен вовремя
13800,1155,2025-11-11,23284.6,23284.6,Оплачен вовремя
13801,1155,2025-12-11,23284.6,23284.6,Оплачен вовремя
13802,1156,2022-11-13,29337.46,29337.46,Оплачен вовремя
13803,1156,2022-12-13,29337.46,29337.46,Оплачен вовремя
13804,1156,2023-01-12,29337.46,29337.46,Оплачен вовремя
13805,1156,2023-02-11,29337.46,29337.46,Оплачен вовремя
13806,1156,2023-03-13,29337.46,29337.46,Оплачен вовремя
13807,1156,2023-04-12,29337.46,29337.46,Оплачен вовремя
13808,1156,2023-05-12,29337.46,29337.46,Оплачен вовремя
13809,1156,2023-06-11,29337.46,29337.46,Оплачен вовремя
13810,1156,2023-07-11,29337.46,29337.46,Оплачен вовремя
13811,1156,2023-08-10,29337.46,29337.46,Оплачен вовремя
13812,1156,2023-09-09,29337.46,29337.46,Оплачен вовремя
13813,1156,2023-10-09,29337.46,29337.46,Оплачен вовремя
13814,1156,2023-11-08,29337.46,29337.46,Оплачен вовремя
13815,1156,2023-12-08,29337.46,29337.46,Оплачен вовремя
13816,1156,2024-01-07,29337.46,29337.46,Оплачен вовремя
13817,1156,2024-02-06,29337.46,29337.46,Оплачен вовремя
13818,1156,2024-03-07,29337.46,29337.46,Оплачен вовремя
13819,1156,2024-04-06,29337.46,29337.46,Оплачен вовремя
13820,1156,2024-05-06,29337.46,29337.46,Оплачен вовремя
13821,1156,2024-06-05,29337.46,29337.46,Оплачен вовремя
13822,1156,2024-07-05,29337.46,29337.46,Оплачен вовремя
13823,1156,2024-08-04,29337.46,29337.46,Оплачен вовремя
13824,1156,2024-09-03,29337.46,29337.46,Оплачен вовремя
13825,1156,2024-10-03,29337.46,29337.46,Оплачен вовремя
13826,1157,2022-08-08,24525.54,24525.54,Оплачен вовремя
13827,1157,2022-09-07,24525.54,24525.54,Оплачен вовремя
13828,1157,2022-10-07,24525.54,24525.54,Оплачен вовремя
13829,1157,2022-11-06,24525.54,24525.54,Оплачен вовремя
13830,1157,2022-12-06,24525.54,24525.54,Оплачен вовремя
13831,1157,2023-01-05,24525.54,24525.54,Оплачен вовремя
13832,1157,2023-02-04,24525.54,24525.54,Оплачен вовремя
13833,1157,2023-03-06,24525.54,24525.54,Оплачен вовремя
13834,1157,2023-04-05,24525.54,24525.54,Оплачен вовремя
13835,1157,2023-05-05,24525.54,24525.54,Оплачен вовремя
13836,1157,2023-06-04,24525.54,24525.54,Оплачен вовремя
13837,1157,2023-07-04,24525.54,24525.54,Оплачен вовремя
13838,1157,2023-08-03,24525.54,24525.54,Оплачен вовремя
13839,1157,2023-09-02,24525.54,24525.54,Оплачен вовремя
13840,1157,2023-10-02,24525.54,24525.54,Оплачен вовремя
13841,1157,2023-11-01,24525.54,24525.54,Оплачен вовремя
13842,1157,2023-12-01,24525.54,24525.54,Оплачен вовремя
13843,1157,2023-12-31,24525.54,24525.54,Оплачен вовремя
13844,1157,2024-01-30,24525.54,24525.54,Оплачен вовремя
13845,1157,2024-02-29,24525.54,24525.54,Оплачен вовремя
13846,1157,2024-03-30,24525.54,24525.54,Оплачен вовремя
13847,1157,2024-04-29,24525.54,24525.54,Оплачен вовремя
13848,1157,2024-05-29,24525.54,24525.54,Оплачен вовремя
13849,1157,2024-06-28,24525.54,24525.54,Оплачен вовремя
13850,1158,2024-06-29,15758.78,15758.78,Оплачен вовремя
13851,1158,2024-07-29,15758.78,15758.78,Оплачен вовремя
13852,1158,2024-08-28,15758.78,15758.78,Оплачен вовремя
13853,1158,2024-09-27,15758.78,15758.78,Оплачен вовремя
13854,1158,2024-10-27,15758.78,15758.78,Оплачен вовремя
13855,1158,2024-11-26,15758.78,15758.78,Оплачен вовремя
13856,1158,2024-12-26,15758.78,15758.78,Оплачен вовремя
13857,1158,2025-01-25,15758.78,15758.78,Оплачен вовремя
13858,1158,2025-02-24,15758.78,15758.78,Оплачен вовремя
13859,1158,2025-03-26,15758.78,15758.78,Оплачен вовремя
13860,1158,2025-04-25,15758.78,15758.78,Оплачен вовремя
13861,1158,2025-05-25,15758.78,15758.78,Оплачен вовремя
13862,1158,2025-06-24,15758.78,15758.78,Оплачен вовремя
13863,1158,2025-07-24,15758.78,15758.78,Оплачен вовремя
13864,1158,2025-08-23,15758.78,15758.78,Оплачен вовремя
13865,1158,2025-09-22,15758.78,15758.78,Оплачен вовремя
13866,1158,2025-10-22,15758.78,15758.78,Оплачен вовремя
13867,1158,2025-11-21,15758.78,15758.78,Оплачен вовремя
13868,1158,2025-12-21,15758.78,15758.78,Оплачен вовремя
13869,1159,2023-10-31,3359.92,3359.92,Оплачен вовремя
13870,1159,2023-11-30,3359.92,3359.92,Оплачен вовремя
13871,1159,2023-12-30,3359.92,3359.92,Оплачен вовремя
13872,1159,2024-01-29,3359.92,3359.92,Оплачен вовремя
13873,1159,2024-02-28,3359.92,3359.92,Оплачен вовремя
13874,1159,2024-03-29,3359.92,3359.92,Оплачен вовремя
13875,1159,2024-04-28,3359.92,3359.92,Оплачен вовремя
13876,1159,2024-05-28,3359.92,3359.92,Просрочен
13877,1159,2024-06-27,3359.92,3359.92,Оплачен вовремя
13878,1159,2024-07-27,3359.92,3359.92,Оплачен вовремя
13879,1159,2024-08-26,3359.92,0.0,Не оплачен
13880,1159,2024-09-25,3359.92,3359.92,Оплачен вовремя
13881,1159,2024-10-25,3359.92,3359.92,Оплачен вовремя
13882,1159,2024-11-24,3359.92,3359.92,Оплачен вовремя
13883,1159,2024-12-24,3359.92,3359.92,Оплачен вовремя
13884,1159,2025-01-23,3359.92,3359.92,Оплачен вовремя
13885,1159,2025-02-22,3359.92,3359.92,Просрочен
13886,1159,2025-03-24,3359.92,3359.92,Оплачен вовремя
13887,1159,2025-04-23,3359.92,3359.92,Оплачен вовремя
13888,1159,2025-05-23,3359.92,3359.92,Оплачен вовремя
13889,1159,2025-06-22,3359.92,3359.92,Оплачен вовремя
13890,1159,2025-07-22,3359.92,3359.92,Оплачен вовремя
13891,1159,2025-08-21,3359.92,0.0,Не оплачен
13892,1159,2025-09-20,3359.92,3359.92,Оплачен вовремя
13893,1160,2023-09-13,3759.57,3759.57,Оплачен вовремя
13894,1160,2023-10-13,3759.57,3759.57,Оплачен вовремя
13895,1160,2023-11-12,3759.57,3759.57,Оплачен вовремя
13896,1160,2023-12-12,3759.57,3759.57,Оплачен вовремя
13897,1160,2024-01-11,3759.57,3759.57,Оплачен вовремя
13898,1160,2024-02-10,3759.57,3759.57,Оплачен вовремя
13899,1160,2024-03-11,3759.57,3759.57,Оплачен вовремя
13900,1160,2024-04-10,3759.57,3759.57,Оплачен вовремя
13901,1160,2024-05-10,3759.57,3759.57,Оплачен вовремя
13902,1160,2024-06-09,3759.57,3759.57,Оплачен вовремя
13903,1160,2024-07-09,3759.57,3759.57,Оплачен вовремя
13904,1160,2024-08-08,3759.57,3759.57,Оплачен вовремя
13905,1160,2024-09-07,3759.57,3759.57,Оплачен вовремя
13906,1160,2024-10-07,3759.57,3759.57,Оплачен вовремя
13907,1160,2024-11-06,3759.57,3759.57,Оплачен вовремя
13908,1160,2024-12-06,3759.57,3759.57,Оплачен вовремя
13909,1160,2025-01-05,3759.57,3759.57,Оплачен вовремя
13910,1160,2025-02-04,3759.57,3759.57,Оплачен вовремя
13911,1160,2025-03-06,3759.57,3759.57,Оплачен вовремя
13912,1160,2025-04-05,3759.57,3759.57,Оплачен вовремя
13913,1160,2025-05-05,3759.57,3759.57,Оплачен вовремя
13914,1160,2025-06-04,3759.57,3759.57,Оплачен вовремя
13915,1160,2025-07-04,3759.57,3759.57,Оплачен вовремя
13916,1160,2025-08-03,3759.57,3759.57,Оплачен вовремя
13917,1161,2025-06-18,2667.9,2667.9,Оплачен вовремя
13918,1161,2025-07-18,2667.9,2667.9,Оплачен вовремя
13919,1161,2025-08-17,2667.9,2667.9,Просрочен
13920,1161,2025-09-16,2667.9,2667.9,Оплачен вовремя
13921,1161,2025-10-16,2667.9,0.0,Не оплачен
13922,1161,2025-11-15,2667.9,2667.9,Оплачен вовремя
13923,1161,2025-12-15,2667.9,2667.9,Оплачен вовремя
13924,1162,2024-09-04,53821.19,53821.19,Оплачен вовремя
13925,1162,2024-10-04,53821.19,53821.19,Оплачен вовремя
13926,1162,2024-11-03,53821.19,53821.19,Оплачен вовремя
13927,1162,2024-12-03,53821.19,53821.19,Оплачен вовремя
13928,1162,2025-01-02,53821.19,53821.19,Оплачен вовремя
13929,1162,2025-02-01,53821.19,53821.19,Оплачен вовремя
13930,1162,2025-03-03,53821.19,53821.19,Оплачен вовремя
13931,1162,2025-04-02,53821.19,53821.19,Оплачен вовремя
13932,1162,2025-05-02,53821.19,53821.19,Оплачен вовремя
13933,1162,2025-06-01,53821.19,53821.19,Оплачен вовремя
13934,1162,2025-07-01,53821.19,53821.19,Оплачен вовремя
13935,1162,2025-07-31,53821.19,53821.19,Оплачен вовремя
13936,1163,2025-07-18,31533.16,31533.16,Оплачен вовремя
13937,1163,2025-08-17,31533.16,31533.16,Оплачен вовремя
13938,1163,2025-09-16,31533.16,31533.16,Оплачен вовремя
13939,1163,2025-10-16,31533.16,31533.16,Оплачен вовремя
13940,1163,2025-11-15,31533.16,31533.16,Оплачен вовремя
13941,1163,2025-12-15,31533.16,31533.16,Оплачен вовремя
13942,1164,2024-04-16,19058.23,19058.23,Оплачен вовремя
13943,1164,2024-05-16,19058.23,19058.23,Оплачен вовремя
13944,1164,2024-06-15,19058.23,19058.23,Оплачен вовремя
13945,1164,2024-07-15,19058.23,19058.23,Просрочен
13946,1164,2024-08-14,19058.23,19058.23,Просрочен
13947,1164,2024-09-13,19058.23,19058.23,Оплачен вовремя
13948,1164,2024-10-13,19058.23,19058.23,Просрочен
13949,1164,2024-11-12,19058.23,19058.23,Просрочен
13950,1164,2024-12-12,19058.23,19058.23,Оплачен вовремя
13951,1164,2025-01-11,19058.23,19058.23,Просрочен
13952,1164,2025-02-10,19058.23,19058.23,Оплачен вовремя
13953,1164,2025-03-12,19058.23,19058.23,Просрочен
13954,1164,2025-04-11,19058.23,0.0,Не оплачен
13955,1164,2025-05-11,19058.23,19058.23,Оплачен вовремя
13956,1164,2025-06-10,19058.23,0.0,Не оплачен
13957,1164,2025-07-10,19058.23,19058.23,Просрочен
13958,1164,2025-08-09,19058.23,19058.23,Оплачен вовремя
13959,1164,2025-09-08,19058.23,0.0,Не оплачен
13960,1164,2025-10-08,19058.23,19058.23,Оплачен вовремя
13961,1164,2025-11-07,19058.23,19058.23,Просрочен
13962,1164,2025-12-07,19058.23,19058.23,Оплачен вовремя
13963,1165,2025-04-20,145265.68,145265.68,Оплачен вовремя
13964,1165,2025-05-20,145265.68,145265.68,Оплачен вовремя
13965,1165,2025-06-19,145265.68,145265.68,Оплачен вовремя
13966,1165,2025-07-19,145265.68,145265.68,Оплачен вовремя
13967,1165,2025-08-18,145265.68,145265.68,Оплачен вовремя
13968,1165,2025-09-17,145265.68,145265.68,Оплачен вовремя
13969,1165,2025-10-17,145265.68,145265.68,Оплачен вовремя
13970,1165,2025-11-16,145265.68,145265.68,Оплачен вовремя
13971,1165,2025-12-16,145265.68,145265.68,Оплачен вовремя
13972,1166,2023-04-29,5583.78,5583.78,Оплачен вовремя
13973,1166,2023-05-29,5583.78,5583.78,Оплачен вовремя
13974,1166,2023-06-28,5583.78,5583.78,Оплачен вовремя
13975,1166,2023-07-28,5583.78,5583.78,Оплачен вовремя
13976,1166,2023-08-27,5583.78,5583.78,Оплачен вовремя
13977,1166,2023-09-26,5583.78,5583.78,Оплачен вовремя
13978,1166,2023-10-26,5583.78,5583.78,Оплачен вовремя
13979,1166,2023-11-25,5583.78,5583.78,Оплачен вовремя
13980,1166,2023-12-25,5583.78,5583.78,Оплачен вовремя
13981,1166,2024-01-24,5583.78,5583.78,Оплачен вовремя
13982,1166,2024-02-23,5583.78,5583.78,Оплачен вовремя
13983,1166,2024-03-24,5583.78,5583.78,Оплачен вовремя
13984,1166,2024-04-23,5583.78,5583.78,Оплачен вовремя
13985,1166,2024-05-23,5583.78,5583.78,Оплачен вовремя
13986,1166,2024-06-22,5583.78,5583.78,Оплачен вовремя
13987,1166,2024-07-22,5583.78,5583.78,Оплачен вовремя
13988,1166,2024-08-21,5583.78,5583.78,Оплачен вовремя
13989,1166,2024-09-20,5583.78,5583.78,Оплачен вовремя
13990,1166,2024-10-20,5583.78,5583.78,Оплачен вовремя
13991,1166,2024-11-19,5583.78,5583.78,Оплачен вовремя
13992,1166,2024-12-19,5583.78,5583.78,Оплачен вовремя
13993,1166,2025-01-18,5583.78,5583.78,Оплачен вовремя
13994,1166,2025-02-17,5583.78,5583.78,Оплачен вовремя
13995,1166,2025-03-19,5583.78,5583.78,Оплачен вовремя
13996,1167,2024-08-31,2829.42,2829.42,Оплачен вовремя
13997,1167,2024-09-30,2829.42,2829.42,Оплачен вовремя
13998,1167,2024-10-30,2829.42,2829.42,Оплачен вовремя
13999,1167,2024-11-29,2829.42,2829.42,Оплачен вовремя
14000,1167,2024-12-29,2829.42,2829.42,Оплачен вовремя
14001,1167,2025-01-28,2829.42,2829.42,Оплачен вовремя
14002,1167,2025-02-27,2829.42,2829.42,Оплачен вовремя
14003,1167,2025-03-29,2829.42,2829.42,Оплачен вовремя
14004,1167,2025-04-28,2829.42,2829.42,Оплачен вовремя
14005,1167,2025-05-28,2829.42,2829.42,Оплачен вовремя
14006,1167,2025-06-27,2829.42,2829.42,Оплачен вовремя
14007,1167,2025-07-27,2829.42,2829.42,Оплачен вовремя
14008,1167,2025-08-26,2829.42,2829.42,Оплачен вовремя
14009,1167,2025-09-25,2829.42,2829.42,Оплачен вовремя
14010,1167,2025-10-25,2829.42,2829.42,Оплачен вовремя
14011,1167,2025-11-24,2829.42,2829.42,Оплачен вовремя
14012,1168,2025-03-08,25027.48,25027.48,Оплачен вовремя
14013,1168,2025-04-07,25027.48,25027.48,Оплачен вовремя
14014,1168,2025-05-07,25027.48,25027.48,Оплачен вовремя
14015,1168,2025-06-06,25027.48,25027.48,Оплачен вовремя
14016,1168,2025-07-06,25027.48,25027.48,Оплачен вовремя
14017,1168,2025-08-05,25027.48,25027.48,Оплачен вовремя
14018,1168,2025-09-04,25027.48,25027.48,Оплачен вовремя
14019,1168,2025-10-04,25027.48,25027.48,Оплачен вовремя
14020,1168,2025-11-03,25027.48,25027.48,Оплачен вовремя
14021,1168,2025-12-03,25027.48,25027.48,Оплачен вовремя
14022,1169,2023-06-29,27210.91,27210.91,Оплачен вовремя
14023,1169,2023-07-29,27210.91,27210.91,Оплачен вовремя
14024,1169,2023-08-28,27210.91,27210.91,Оплачен вовремя
14025,1169,2023-09-27,27210.91,27210.91,Оплачен вовремя
14026,1169,2023-10-27,27210.91,27210.91,Оплачен вовремя
14027,1169,2023-11-26,27210.91,27210.91,Оплачен вовремя
14028,1169,2023-12-26,27210.91,27210.91,Оплачен вовремя
14029,1169,2024-01-25,27210.91,27210.91,Оплачен вовремя
14030,1169,2024-02-24,27210.91,27210.91,Оплачен вовремя
14031,1169,2024-03-25,27210.91,27210.91,Оплачен вовремя
14032,1169,2024-04-24,27210.91,27210.91,Оплачен вовремя
14033,1169,2024-05-24,27210.91,27210.91,Оплачен вовремя
14034,1169,2024-06-23,27210.91,27210.91,Оплачен вовремя
14035,1169,2024-07-23,27210.91,27210.91,Оплачен вовремя
14036,1169,2024-08-22,27210.91,27210.91,Оплачен вовремя
14037,1169,2024-09-21,27210.91,27210.91,Оплачен вовремя
14038,1169,2024-10-21,27210.91,27210.91,Оплачен вовремя
14039,1169,2024-11-20,27210.91,27210.91,Оплачен вовремя
14040,1169,2024-12-20,27210.91,27210.91,Оплачен вовремя
14041,1169,2025-01-19,27210.91,27210.91,Оплачен вовремя
14042,1169,2025-02-18,27210.91,27210.91,Оплачен вовремя
14043,1169,2025-03-20,27210.91,27210.91,Оплачен вовремя
14044,1169,2025-04-19,27210.91,27210.91,Оплачен вовремя
14045,1169,2025-05-19,27210.91,27210.91,Оплачен вовремя
14046,1169,2025-06-18,27210.91,27210.91,Оплачен вовремя
14047,1169,2025-07-18,27210.91,27210.91,Оплачен вовремя
14048,1169,2025-08-17,27210.91,27210.91,Оплачен вовремя
14049,1169,2025-09-16,27210.91,27210.91,Оплачен вовремя
14050,1169,2025-10-16,27210.91,27210.91,Оплачен вовремя
14051,1169,2025-11-15,27210.91,27210.91,Оплачен вовремя
14052,1169,2025-12-15,27210.91,27210.91,Оплачен вовремя
14053,1171,2024-03-24,10596.36,10596.36,Оплачен вовремя
14054,1171,2024-04-23,10596.36,10596.36,Оплачен вовремя
14055,1171,2024-05-23,10596.36,10596.36,Оплачен вовремя
14056,1171,2024-06-22,10596.36,10596.36,Оплачен вовремя
14057,1171,2024-07-22,10596.36,10596.36,Оплачен вовремя
14058,1171,2024-08-21,10596.36,10596.36,Оплачен вовремя
14059,1171,2024-09-20,10596.36,10596.36,Оплачен вовремя
14060,1171,2024-10-20,10596.36,10596.36,Оплачен вовремя
14061,1171,2024-11-19,10596.36,10596.36,Оплачен вовремя
14062,1171,2024-12-19,10596.36,10596.36,Оплачен вовремя
14063,1171,2025-01-18,10596.36,10596.36,Оплачен вовремя
14064,1171,2025-02-17,10596.36,10596.36,Оплачен вовремя
14065,1171,2025-03-19,10596.36,10596.36,Оплачен вовремя
14066,1171,2025-04-18,10596.36,10596.36,Оплачен вовремя
14067,1171,2025-05-18,10596.36,10596.36,Оплачен вовремя
14068,1171,2025-06-17,10596.36,10596.36,Оплачен вовремя
14069,1171,2025-07-17,10596.36,10596.36,Оплачен вовремя
14070,1171,2025-08-16,10596.36,10596.36,Оплачен вовремя
14071,1171,2025-09-15,10596.36,10596.36,Оплачен вовремя
14072,1171,2025-10-15,10596.36,10596.36,Оплачен вовремя
14073,1171,2025-11-14,10596.36,10596.36,Оплачен вовремя
14074,1171,2025-12-14,10596.36,10596.36,Оплачен вовремя
14075,1172,2024-07-10,53707.79,53707.79,Оплачен вовремя
14076,1172,2024-08-09,53707.79,53707.79,Оплачен вовремя
14077,1172,2024-09-08,53707.79,53707.79,Оплачен вовремя
14078,1172,2024-10-08,53707.79,53707.79,Оплачен вовремя
14079,1172,2024-11-07,53707.79,53707.79,Оплачен вовремя
14080,1172,2024-12-07,53707.79,53707.79,Оплачен вовремя
14081,1172,2025-01-06,53707.79,53707.79,Оплачен вовремя
14082,1172,2025-02-05,53707.79,53707.79,Оплачен вовремя
14083,1172,2025-03-07,53707.79,53707.79,Оплачен вовремя
14084,1172,2025-04-06,53707.79,53707.79,Оплачен вовремя
14085,1172,2025-05-06,53707.79,53707.79,Оплачен вовремя
14086,1172,2025-06-05,53707.79,53707.79,Оплачен вовремя
14087,1172,2025-07-05,53707.79,53707.79,Оплачен вовремя
14088,1172,2025-08-04,53707.79,53707.79,Оплачен вовремя
14089,1172,2025-09-03,53707.79,53707.79,Оплачен вовремя
14090,1172,2025-10-03,53707.79,53707.79,Оплачен вовремя
14091,1172,2025-11-02,53707.79,53707.79,Оплачен вовремя
14092,1172,2025-12-02,53707.79,53707.79,Оплачен вовремя
14093,1173,2024-05-11,6853.73,6853.73,Оплачен вовремя
14094,1173,2024-06-10,6853.73,6853.73,Оплачен вовремя
14095,1173,2024-07-10,6853.73,6853.73,Оплачен вовремя
14096,1173,2024-08-09,6853.73,6853.73,Оплачен вовремя
14097,1173,2024-09-08,6853.73,6853.73,Оплачен вовремя
14098,1173,2024-10-08,6853.73,6853.73,Оплачен вовремя
14099,1173,2024-11-07,6853.73,6853.73,Оплачен вовремя
14100,1173,2024-12-07,6853.73,6853.73,Оплачен вовремя
14101,1173,2025-01-06,6853.73,6853.73,Оплачен вовремя
14102,1173,2025-02-05,6853.73,6853.73,Оплачен вовремя
14103,1173,2025-03-07,6853.73,6853.73,Оплачен вовремя
14104,1173,2025-04-06,6853.73,6853.73,Оплачен вовремя
14105,1173,2025-05-06,6853.73,6853.73,Оплачен вовремя
14106,1173,2025-06-05,6853.73,6853.73,Оплачен вовремя
14107,1173,2025-07-05,6853.73,6853.73,Оплачен вовремя
14108,1173,2025-08-04,6853.73,6853.73,Оплачен вовремя
14109,1173,2025-09-03,6853.73,6853.73,Оплачен вовремя
14110,1173,2025-10-03,6853.73,6853.73,Оплачен вовремя
14111,1173,2025-11-02,6853.73,6853.73,Оплачен вовремя
14112,1173,2025-12-02,6853.73,6853.73,Оплачен вовремя
14113,1174,2023-07-02,15298.76,15298.76,Оплачен вовремя
14114,1174,2023-08-01,15298.76,15298.76,Оплачен вовремя
14115,1174,2023-08-31,15298.76,15298.76,Оплачен вовремя
14116,1174,2023-09-30,15298.76,15298.76,Оплачен вовремя
14117,1174,2023-10-30,15298.76,15298.76,Оплачен вовремя
14118,1174,2023-11-29,15298.76,15298.76,Оплачен вовремя
14119,1174,2023-12-29,15298.76,15298.76,Оплачен вовремя
14120,1174,2024-01-28,15298.76,15298.76,Оплачен вовремя
14121,1174,2024-02-27,15298.76,15298.76,Оплачен вовремя
14122,1174,2024-03-28,15298.76,15298.76,Оплачен вовремя
14123,1174,2024-04-27,15298.76,15298.76,Оплачен вовремя
14124,1174,2024-05-27,15298.76,15298.76,Оплачен вовремя
14125,1174,2024-06-26,15298.76,15298.76,Оплачен вовремя
14126,1174,2024-07-26,15298.76,15298.76,Оплачен вовремя
14127,1174,2024-08-25,15298.76,15298.76,Оплачен вовремя
14128,1174,2024-09-24,15298.76,15298.76,Оплачен вовремя
14129,1174,2024-10-24,15298.76,15298.76,Оплачен вовремя
14130,1174,2024-11-23,15298.76,15298.76,Оплачен вовремя
14131,1174,2024-12-23,15298.76,15298.76,Оплачен вовремя
14132,1174,2025-01-22,15298.76,15298.76,Оплачен вовремя
14133,1174,2025-02-21,15298.76,15298.76,Оплачен вовремя
14134,1174,2025-03-23,15298.76,15298.76,Оплачен вовремя
14135,1174,2025-04-22,15298.76,15298.76,Оплачен вовремя
14136,1174,2025-05-22,15298.76,15298.76,Оплачен вовремя
14137,1174,2025-06-21,15298.76,15298.76,Оплачен вовремя
14138,1174,2025-07-21,15298.76,15298.76,Оплачен вовремя
14139,1174,2025-08-20,15298.76,15298.76,Оплачен вовремя
14140,1174,2025-09-19,15298.76,15298.76,Оплачен вовремя
14141,1174,2025-10-19,15298.76,15298.76,Оплачен вовремя
14142,1174,2025-11-18,15298.76,15298.76,Оплачен вовремя
14143,1175,2024-05-31,22936.0,22936.0,Оплачен вовремя
14144,1175,2024-06-30,22936.0,22936.0,Оплачен вовремя
14145,1175,2024-07-30,22936.0,22936.0,Оплачен вовремя
14146,1175,2024-08-29,22936.0,22936.0,Оплачен вовремя
14147,1175,2024-09-28,22936.0,22936.0,Оплачен вовремя
14148,1175,2024-10-28,22936.0,22936.0,Оплачен вовремя
14149,1175,2024-11-27,22936.0,22936.0,Оплачен вовремя
14150,1175,2024-12-27,22936.0,22936.0,Оплачен вовремя
14151,1175,2025-01-26,22936.0,22936.0,Оплачен вовремя
14152,1175,2025-02-25,22936.0,22936.0,Оплачен вовремя
14153,1175,2025-03-27,22936.0,22936.0,Оплачен вовремя
14154,1175,2025-04-26,22936.0,22936.0,Оплачен вовремя
14155,1175,2025-05-26,22936.0,22936.0,Оплачен вовремя
14156,1175,2025-06-25,22936.0,22936.0,Оплачен вовремя
14157,1175,2025-07-25,22936.0,22936.0,Оплачен вовремя
14158,1175,2025-08-24,22936.0,22936.0,Оплачен вовремя
14159,1175,2025-09-23,22936.0,22936.0,Оплачен вовремя
14160,1175,2025-10-23,22936.0,22936.0,Оплачен вовремя
14161,1175,2025-11-22,22936.0,22936.0,Оплачен вовремя
14162,1176,2024-03-07,11697.46,11697.46,Оплачен вовремя
14163,1176,2024-04-06,11697.46,11697.46,Оплачен вовремя
14164,1176,2024-05-06,11697.46,11697.46,Оплачен вовремя
14165,1176,2024-06-05,11697.46,11697.46,Оплачен вовремя
14166,1176,2024-07-05,11697.46,11697.46,Оплачен вовремя
14167,1176,2024-08-04,11697.46,11697.46,Оплачен вовремя
14168,1176,2024-09-03,11697.46,11697.46,Оплачен вовремя
14169,1176,2024-10-03,11697.46,11697.46,Оплачен вовремя
14170,1176,2024-11-02,11697.46,11697.46,Оплачен вовремя
14171,1176,2024-12-02,11697.46,11697.46,Оплачен вовремя
14172,1176,2025-01-01,11697.46,11697.46,Оплачен вовремя
14173,1176,2025-01-31,11697.46,11697.46,Оплачен вовремя
14174,1176,2025-03-02,11697.46,11697.46,Оплачен вовремя
14175,1176,2025-04-01,11697.46,11697.46,Оплачен вовремя
14176,1176,2025-05-01,11697.46,11697.46,Оплачен вовремя
14177,1176,2025-05-31,11697.46,11697.46,Оплачен вовремя
14178,1176,2025-06-30,11697.46,11697.46,Оплачен вовремя
14179,1176,2025-07-30,11697.46,11697.46,Оплачен вовремя
14180,1176,2025-08-29,11697.46,11697.46,Оплачен вовремя
14181,1176,2025-09-28,11697.46,11697.46,Оплачен вовремя
14182,1176,2025-10-28,11697.46,11697.46,Оплачен вовремя
14183,1176,2025-11-27,11697.46,11697.46,Оплачен вовремя
14184,1177,2025-06-09,22302.51,22302.51,Оплачен вовремя
14185,1177,2025-07-09,22302.51,22302.51,Оплачен вовремя
14186,1177,2025-08-08,22302.51,22302.51,Оплачен вовремя
14187,1177,2025-09-07,22302.51,22302.51,Оплачен вовремя
14188,1177,2025-10-07,22302.51,22302.51,Оплачен вовремя
14189,1177,2025-11-06,22302.51,22302.51,Оплачен вовремя
14190,1177,2025-12-06,22302.51,22302.51,Оплачен вовремя
14191,1178,2024-01-26,38209.19,38209.19,Оплачен вовремя
14192,1178,2024-02-25,38209.19,38209.19,Оплачен вовремя
14193,1178,2024-03-26,38209.19,38209.19,Оплачен вовремя
14194,1178,2024-04-25,38209.19,38209.19,Оплачен вовремя
14195,1178,2024-05-25,38209.19,38209.19,Оплачен вовремя
14196,1178,2024-06-24,38209.19,38209.19,Оплачен вовремя
14197,1178,2024-07-24,38209.19,38209.19,Оплачен вовремя
14198,1178,2024-08-23,38209.19,38209.19,Оплачен вовремя
14199,1178,2024-09-22,38209.19,38209.19,Оплачен вовремя
14200,1178,2024-10-22,38209.19,38209.19,Оплачен вовремя
14201,1178,2024-11-21,38209.19,38209.19,Оплачен вовремя
14202,1178,2024-12-21,38209.19,38209.19,Оплачен вовремя
14203,1178,2025-01-20,38209.19,38209.19,Оплачен вовремя
14204,1178,2025-02-19,38209.19,38209.19,Оплачен вовремя
14205,1178,2025-03-21,38209.19,38209.19,Оплачен вовремя
14206,1178,2025-04-20,38209.19,38209.19,Оплачен вовремя
14207,1178,2025-05-20,38209.19,38209.19,Оплачен вовремя
14208,1178,2025-06-19,38209.19,38209.19,Оплачен вовремя
14209,1178,2025-07-19,38209.19,38209.19,Оплачен вовремя
14210,1178,2025-08-18,38209.19,38209.19,Оплачен вовремя
14211,1178,2025-09-17,38209.19,38209.19,Оплачен вовремя
14212,1178,2025-10-17,38209.19,38209.19,Оплачен вовремя
14213,1178,2025-11-16,38209.19,38209.19,Оплачен вовремя
14214,1178,2025-12-16,38209.19,38209.19,Оплачен вовремя
14215,1180,2022-06-25,6017.51,6017.51,Оплачен вовремя
14216,1180,2022-07-25,6017.51,6017.51,Оплачен вовремя
14217,1180,2022-08-24,6017.51,6017.51,Оплачен вовремя
14218,1180,2022-09-23,6017.51,6017.51,Оплачен вовремя
14219,1180,2022-10-23,6017.51,6017.51,Оплачен вовремя
14220,1180,2022-11-22,6017.51,6017.51,Оплачен вовремя
14221,1180,2022-12-22,6017.51,6017.51,Оплачен вовремя
14222,1180,2023-01-21,6017.51,6017.51,Оплачен вовремя
14223,1180,2023-02-20,6017.51,6017.51,Оплачен вовремя
14224,1180,2023-03-22,6017.51,6017.51,Оплачен вовремя
14225,1180,2023-04-21,6017.51,6017.51,Оплачен вовремя
14226,1180,2023-05-21,6017.51,6017.51,Оплачен вовремя
14227,1180,2023-06-20,6017.51,6017.51,Оплачен вовремя
14228,1180,2023-07-20,6017.51,6017.51,Оплачен вовремя
14229,1180,2023-08-19,6017.51,6017.51,Оплачен вовремя
14230,1180,2023-09-18,6017.51,6017.51,Оплачен вовремя
14231,1180,2023-10-18,6017.51,6017.51,Оплачен вовремя
14232,1180,2023-11-17,6017.51,6017.51,Оплачен вовремя
14233,1180,2023-12-17,6017.51,6017.51,Оплачен вовремя
14234,1180,2024-01-16,6017.51,6017.51,Оплачен вовремя
14235,1180,2024-02-15,6017.51,6017.51,Оплачен вовремя
14236,1180,2024-03-16,6017.51,6017.51,Оплачен вовремя
14237,1180,2024-04-15,6017.51,6017.51,Оплачен вовремя
14238,1180,2024-05-15,6017.51,6017.51,Оплачен вовремя
14239,1180,2024-06-14,6017.51,6017.51,Оплачен вовремя
14240,1180,2024-07-14,6017.51,6017.51,Оплачен вовремя
14241,1180,2024-08-13,6017.51,6017.51,Оплачен вовремя
14242,1180,2024-09-12,6017.51,6017.51,Оплачен вовремя
14243,1180,2024-10-12,6017.51,6017.51,Оплачен вовремя
14244,1180,2024-11-11,6017.51,6017.51,Оплачен вовремя
14245,1180,2024-12-11,6017.51,6017.51,Оплачен вовремя
14246,1180,2025-01-10,6017.51,6017.51,Оплачен вовремя
14247,1180,2025-02-09,6017.51,6017.51,Оплачен вовремя
14248,1180,2025-03-11,6017.51,6017.51,Оплачен вовремя
14249,1180,2025-04-10,6017.51,6017.51,Оплачен вовремя
14250,1180,2025-05-10,6017.51,6017.51,Оплачен вовремя
14251,1181,2025-10-15,34453.96,34453.96,Оплачен вовремя
14252,1181,2025-11-14,34453.96,34453.96,Оплачен вовремя
14253,1181,2025-12-14,34453.96,34453.96,Оплачен вовремя
14254,1182,2024-12-18,9850.17,9850.17,Оплачен вовремя
14255,1182,2025-01-17,9850.17,9850.17,Оплачен вовремя
14256,1182,2025-02-16,9850.17,9850.17,Оплачен вовремя
14257,1182,2025-03-18,9850.17,9850.17,Оплачен вовремя
14258,1182,2025-04-17,9850.17,9850.17,Оплачен вовремя
14259,1182,2025-05-17,9850.17,9850.17,Оплачен вовремя
14260,1182,2025-06-16,9850.17,9850.17,Оплачен вовремя
14261,1182,2025-07-16,9850.17,9850.17,Оплачен вовремя
14262,1182,2025-08-15,9850.17,9850.17,Оплачен вовремя
14263,1182,2025-09-14,9850.17,9850.17,Оплачен вовремя
14264,1182,2025-10-14,9850.17,9850.17,Оплачен вовремя
14265,1182,2025-11-13,9850.17,9850.17,Оплачен вовремя
14266,1182,2025-12-13,9850.17,9850.17,Оплачен вовремя
14267,1183,2024-03-14,434335.84,434335.84,Оплачен вовремя
14268,1183,2024-04-13,434335.84,434335.84,Оплачен вовремя
14269,1183,2024-05-13,434335.84,434335.84,Оплачен вовремя
14270,1183,2024-06-12,434335.84,434335.84,Оплачен вовремя
14271,1183,2024-07-12,434335.84,434335.84,Оплачен вовремя
14272,1183,2024-08-11,434335.84,434335.84,Оплачен вовремя
14273,1184,2025-09-30,236439.98,236439.98,Оплачен вовремя
14274,1184,2025-10-30,236439.98,236439.98,Оплачен вовремя
14275,1184,2025-11-29,236439.98,236439.98,Оплачен вовремя
14276,1184,2025-12-29,236439.98,236439.98,Оплачен вовремя
14277,1185,2025-08-06,6974.77,6974.77,Оплачен вовремя
14278,1185,2025-09-05,6974.77,6974.77,Оплачен вовремя
14279,1185,2025-10-05,6974.77,6974.77,Оплачен вовремя
14280,1185,2025-11-04,6974.77,6974.77,Оплачен вовремя
14281,1185,2025-12-04,6974.77,6974.77,Оплачен вовремя
14282,1186,2025-10-14,374212.12,374212.12,Оплачен вовремя
14283,1186,2025-11-13,374212.12,374212.12,Оплачен вовремя
14284,1186,2025-12-13,374212.12,374212.12,Оплачен вовремя
14285,1187,2025-12-04,8471.39,8471.39,Оплачен вовремя
14286,1188,2025-10-14,39634.84,39634.84,Оплачен вовремя
14287,1188,2025-11-13,39634.84,39634.84,Оплачен вовремя
14288,1188,2025-12-13,39634.84,39634.84,Оплачен вовремя
14289,1189,2024-10-15,16887.77,16887.77,Оплачен вовремя
14290,1189,2024-11-14,16887.77,16887.77,Оплачен вовремя
14291,1189,2024-12-14,16887.77,16887.77,Оплачен вовремя
14292,1189,2025-01-13,16887.77,16887.77,Оплачен вовремя
14293,1189,2025-02-12,16887.77,16887.77,Оплачен вовремя
14294,1189,2025-03-14,16887.77,16887.77,Оплачен вовремя
14295,1189,2025-04-13,16887.77,16887.77,Оплачен вовремя
14296,1189,2025-05-13,16887.77,16887.77,Оплачен вовремя
14297,1189,2025-06-12,16887.77,16887.77,Оплачен вовремя
14298,1189,2025-07-12,16887.77,16887.77,Оплачен вовремя
14299,1189,2025-08-11,16887.77,16887.77,Оплачен вовремя
14300,1189,2025-09-10,16887.77,16887.77,Оплачен вовремя
14301,1189,2025-10-10,16887.77,16887.77,Оплачен вовремя
14302,1189,2025-11-09,16887.77,16887.77,Оплачен вовремя
14303,1189,2025-12-09,16887.77,16887.77,Оплачен вовремя
14304,1190,2025-08-16,58037.78,58037.78,Оплачен вовремя
14305,1190,2025-09-15,58037.78,58037.78,Оплачен вовремя
14306,1190,2025-10-15,58037.78,58037.78,Оплачен вовремя
14307,1190,2025-11-14,58037.78,58037.78,Оплачен вовремя
14308,1190,2025-12-14,58037.78,58037.78,Оплачен вовремя
14309,1191,2025-05-31,408183.43,408183.43,Оплачен вовремя
14310,1191,2025-06-30,408183.43,408183.43,Оплачен вовремя
14311,1191,2025-07-30,408183.43,408183.43,Оплачен вовремя
14312,1191,2025-08-29,408183.43,408183.43,Оплачен вовремя
14313,1191,2025-09-28,408183.43,408183.43,Оплачен вовремя
14314,1191,2025-10-28,408183.43,408183.43,Оплачен вовремя
14315,1191,2025-11-27,408183.43,408183.43,Оплачен вовремя
14316,1192,2024-12-24,11587.23,11587.23,Оплачен вовремя
14317,1192,2025-01-23,11587.23,11587.23,Оплачен вовремя
14318,1192,2025-02-22,11587.23,11587.23,Оплачен вовремя
14319,1192,2025-03-24,11587.23,11587.23,Оплачен вовремя
14320,1192,2025-04-23,11587.23,11587.23,Оплачен вовремя
14321,1192,2025-05-23,11587.23,11587.23,Оплачен вовремя
14322,1192,2025-06-22,11587.23,11587.23,Оплачен вовремя
14323,1192,2025-07-22,11587.23,11587.23,Оплачен вовремя
14324,1192,2025-08-21,11587.23,11587.23,Оплачен вовремя
14325,1192,2025-09-20,11587.23,11587.23,Оплачен вовремя
14326,1192,2025-10-20,11587.23,11587.23,Оплачен вовремя
14327,1192,2025-11-19,11587.23,11587.23,Оплачен вовремя
14328,1192,2025-12-19,11587.23,11587.23,Оплачен вовремя
14329,1193,2023-06-07,13969.91,13969.91,Оплачен вовремя
14330,1193,2023-07-07,13969.91,13969.91,Оплачен вовремя
14331,1193,2023-08-06,13969.91,13969.91,Оплачен вовремя
14332,1193,2023-09-05,13969.91,13969.91,Оплачен вовремя
14333,1193,2023-10-05,13969.91,13969.91,Оплачен вовремя
14334,1193,2023-11-04,13969.91,13969.91,Оплачен вовремя
14335,1193,2023-12-04,13969.91,13969.91,Оплачен вовремя
14336,1193,2024-01-03,13969.91,13969.91,Оплачен вовремя
14337,1193,2024-02-02,13969.91,13969.91,Оплачен вовремя
14338,1193,2024-03-03,13969.91,13969.91,Оплачен вовремя
14339,1193,2024-04-02,13969.91,13969.91,Оплачен вовремя
14340,1193,2024-05-02,13969.91,13969.91,Оплачен вовремя
14341,1193,2024-06-01,13969.91,13969.91,Оплачен вовремя
14342,1193,2024-07-01,13969.91,13969.91,Оплачен вовремя
14343,1193,2024-07-31,13969.91,13969.91,Оплачен вовремя
14344,1193,2024-08-30,13969.91,13969.91,Оплачен вовремя
14345,1193,2024-09-29,13969.91,13969.91,Оплачен вовремя
14346,1193,2024-10-29,13969.91,13969.91,Оплачен вовремя
14347,1193,2024-11-28,13969.91,13969.91,Оплачен вовремя
14348,1193,2024-12-28,13969.91,13969.91,Оплачен вовремя
14349,1193,2025-01-27,13969.91,13969.91,Оплачен вовремя
14350,1193,2025-02-26,13969.91,13969.91,Оплачен вовремя
14351,1193,2025-03-28,13969.91,13969.91,Оплачен вовремя
14352,1193,2025-04-27,13969.91,13969.91,Оплачен вовремя
14353,1193,2025-05-27,13969.91,13969.91,Оплачен вовремя
14354,1193,2025-06-26,13969.91,13969.91,Оплачен вовремя
14355,1193,2025-07-26,13969.91,13969.91,Оплачен вовремя
14356,1193,2025-08-25,13969.91,13969.91,Оплачен вовремя
14357,1193,2025-09-24,13969.91,13969.91,Оплачен вовремя
14358,1193,2025-10-24,13969.91,13969.91,Оплачен вовремя
14359,1193,2025-11-23,13969.91,13969.91,Оплачен вовремя
14360,1194,2024-09-07,750204.8,750204.8,Оплачен вовремя
14361,1194,2024-10-07,750204.8,750204.8,Оплачен вовремя
14362,1194,2024-11-06,750204.8,750204.8,Оплачен вовремя
14363,1194,2024-12-06,750204.8,750204.8,Оплачен вовремя
14364,1194,2025-01-05,750204.8,750204.8,Оплачен вовремя
14365,1194,2025-02-04,750204.8,750204.8,Оплачен вовремя
14366,1195,2024-06-07,22715.84,22715.84,Оплачен вовремя
14367,1195,2024-07-07,22715.84,22715.84,Оплачен вовремя
14368,1195,2024-08-06,22715.84,22715.84,Оплачен вовремя
14369,1195,2024-09-05,22715.84,22715.84,Оплачен вовремя
14370,1195,2024-10-05,22715.84,22715.84,Оплачен вовремя
14371,1195,2024-11-04,22715.84,22715.84,Оплачен вовремя
14372,1195,2024-12-04,22715.84,22715.84,Оплачен вовремя
14373,1195,2025-01-03,22715.84,22715.84,Оплачен вовремя
14374,1195,2025-02-02,22715.84,22715.84,Оплачен вовремя
14375,1195,2025-03-04,22715.84,22715.84,Оплачен вовремя
14376,1195,2025-04-03,22715.84,22715.84,Оплачен вовремя
14377,1195,2025-05-03,22715.84,22715.84,Оплачен вовремя
14378,1195,2025-06-02,22715.84,22715.84,Оплачен вовремя
14379,1195,2025-07-02,22715.84,22715.84,Оплачен вовремя
14380,1195,2025-08-01,22715.84,22715.84,Оплачен вовремя
14381,1195,2025-08-31,22715.84,22715.84,Оплачен вовремя
14382,1195,2025-09-30,22715.84,22715.84,Оплачен вовремя
14383,1195,2025-10-30,22715.84,22715.84,Оплачен вовремя
14384,1195,2025-11-29,22715.84,22715.84,Оплачен вовремя
14385,1196,2023-11-04,34921.87,34921.87,Оплачен вовремя
14386,1196,2023-12-04,34921.87,34921.87,Оплачен вовремя
14387,1196,2024-01-03,34921.87,34921.87,Просрочен
14388,1196,2024-02-02,34921.87,34921.87,Оплачен вовремя
14389,1196,2024-03-03,34921.87,34921.87,Просрочен
14390,1196,2024-04-02,34921.87,34921.87,Оплачен вовремя
14391,1196,2024-05-02,34921.87,34921.87,Оплачен вовремя
14392,1196,2024-06-01,34921.87,34921.87,Оплачен вовремя
14393,1196,2024-07-01,34921.87,34921.87,Оплачен вовремя
14394,1196,2024-07-31,34921.87,34921.87,Оплачен вовремя
14395,1196,2024-08-30,34921.87,0.0,Не оплачен
14396,1196,2024-09-29,34921.87,34921.87,Просрочен
14397,1197,2024-12-21,72000.5,72000.5,Оплачен вовремя
14398,1197,2025-01-20,72000.5,72000.5,Оплачен вовремя
14399,1197,2025-02-19,72000.5,72000.5,Оплачен вовремя
14400,1197,2025-03-21,72000.5,72000.5,Оплачен вовремя
14401,1197,2025-04-20,72000.5,72000.5,Оплачен вовремя
14402,1197,2025-05-20,72000.5,72000.5,Оплачен вовремя
14403,1197,2025-06-19,72000.5,72000.5,Оплачен вовремя
14404,1197,2025-07-19,72000.5,72000.5,Оплачен вовремя
14405,1197,2025-08-18,72000.5,72000.5,Оплачен вовремя
14406,1197,2025-09-17,72000.5,72000.5,Оплачен вовремя
14407,1197,2025-10-17,72000.5,72000.5,Оплачен вовремя
14408,1197,2025-11-16,72000.5,72000.5,Оплачен вовремя
14409,1198,2024-11-04,14984.15,14984.15,Оплачен вовремя
14410,1198,2024-12-04,14984.15,14984.15,Оплачен вовремя
14411,1198,2025-01-03,14984.15,14984.15,Оплачен вовремя
14412,1198,2025-02-02,14984.15,14984.15,Оплачен вовремя
14413,1198,2025-03-04,14984.15,14984.15,Оплачен вовремя
14414,1198,2025-04-03,14984.15,14984.15,Оплачен вовремя
14415,1198,2025-05-03,14984.15,14984.15,Оплачен вовремя
14416,1198,2025-06-02,14984.15,14984.15,Оплачен вовремя
14417,1198,2025-07-02,14984.15,14984.15,Оплачен вовремя
14418,1198,2025-08-01,14984.15,14984.15,Оплачен вовремя
14419,1198,2025-08-31,14984.15,14984.15,Оплачен вовремя
14420,1198,2025-09-30,14984.15,14984.15,Оплачен вовремя
14421,1198,2025-10-30,14984.15,14984.15,Оплачен вовремя
14422,1198,2025-11-29,14984.15,14984.15,Оплачен вовремя
14423,1199,2023-12-20,9742.63,9742.63,Оплачен вовремя
14424,1199,2024-01-19,9742.63,9742.63,Оплачен вовремя
14425,1199,2024-02-18,9742.63,9742.63,Оплачен вовремя
14426,1199,2024-03-19,9742.63,9742.63,Оплачен вовремя
14427,1199,2024-04-18,9742.63,9742.63,Оплачен вовремя
14428,1199,2024-05-18,9742.63,9742.63,Оплачен вовремя
14429,1199,2024-06-17,9742.63,9742.63,Оплачен вовремя
14430,1199,2024-07-17,9742.63,9742.63,Оплачен вовремя
14431,1199,2024-08-16,9742.63,9742.63,Оплачен вовремя
14432,1199,2024-09-15,9742.63,9742.63,Оплачен вовремя
14433,1199,2024-10-15,9742.63,9742.63,Оплачен вовремя
14434,1199,2024-11-14,9742.63,9742.63,Оплачен вовремя
14435,1199,2024-12-14,9742.63,9742.63,Оплачен вовремя
14436,1199,2025-01-13,9742.63,9742.63,Оплачен вовремя
14437,1199,2025-02-12,9742.63,9742.63,Оплачен вовремя
14438,1199,2025-03-14,9742.63,9742.63,Оплачен вовремя
14439,1199,2025-04-13,9742.63,9742.63,Оплачен вовремя
14440,1199,2025-05-13,9742.63,9742.63,Оплачен вовремя
14441,1199,2025-06-12,9742.63,9742.63,Оплачен вовремя
14442,1199,2025-07-12,9742.63,9742.63,Оплачен вовремя
14443,1199,2025-08-11,9742.63,9742.63,Оплачен вовремя
14444,1199,2025-09-10,9742.63,9742.63,Оплачен вовремя
14445,1199,2025-10-10,9742.63,9742.63,Оплачен вовремя
14446,1199,2025-11-09,9742.63,9742.63,Оплачен вовремя
14447,1200,2025-04-24,4786.65,4786.65,Оплачен вовремя
14448,1200,2025-05-24,4786.65,4786.65,Оплачен вовремя
14449,1200,2025-06-23,4786.65,4786.65,Оплачен вовремя
14450,1200,2025-07-23,4786.65,4786.65,Оплачен вовремя
14451,1200,2025-08-22,4786.65,4786.65,Оплачен вовремя
14452,1200,2025-09-21,4786.65,4786.65,Оплачен вовремя
14453,1200,2025-10-21,4786.65,4786.65,Оплачен вовремя
14454,1200,2025-11-20,4786.65,4786.65,Оплачен вовремя
14455,1200,2025-12-20,4786.65,4786.65,Оплачен вовремя
14456,1201,2023-03-23,32593.34,32593.34,Оплачен вовремя
14457,1201,2023-04-22,32593.34,32593.34,Оплачен вовремя
14458,1201,2023-05-22,32593.34,32593.34,Оплачен вовремя
14459,1201,2023-06-21,32593.34,32593.34,Оплачен вовремя
14460,1201,2023-07-21,32593.34,32593.34,Оплачен вовремя
14461,1201,2023-08-20,32593.34,32593.34,Оплачен вовремя
14462,1201,2023-09-19,32593.34,32593.34,Оплачен вовремя
14463,1201,2023-10-19,32593.34,32593.34,Оплачен вовремя
14464,1201,2023-11-18,32593.34,32593.34,Оплачен вовремя
14465,1201,2023-12-18,32593.34,32593.34,Оплачен вовремя
14466,1201,2024-01-17,32593.34,32593.34,Оплачен вовремя
14467,1201,2024-02-16,32593.34,32593.34,Оплачен вовремя
14468,1201,2024-03-17,32593.34,32593.34,Оплачен вовремя
14469,1201,2024-04-16,32593.34,32593.34,Оплачен вовремя
14470,1201,2024-05-16,32593.34,32593.34,Оплачен вовремя
14471,1201,2024-06-15,32593.34,32593.34,Оплачен вовремя
14472,1201,2024-07-15,32593.34,32593.34,Оплачен вовремя
14473,1201,2024-08-14,32593.34,32593.34,Оплачен вовремя
14474,1201,2024-09-13,32593.34,32593.34,Оплачен вовремя
14475,1201,2024-10-13,32593.34,32593.34,Оплачен вовремя
14476,1201,2024-11-12,32593.34,32593.34,Оплачен вовремя
14477,1201,2024-12-12,32593.34,32593.34,Оплачен вовремя
14478,1201,2025-01-11,32593.34,32593.34,Оплачен вовремя
14479,1201,2025-02-10,32593.34,32593.34,Оплачен вовремя
14480,1203,2024-12-28,10571.18,10571.18,Оплачен вовремя
14481,1203,2025-01-27,10571.18,10571.18,Оплачен вовремя
14482,1203,2025-02-26,10571.18,10571.18,Оплачен вовремя
14483,1203,2025-03-28,10571.18,10571.18,Оплачен вовремя
14484,1203,2025-04-27,10571.18,10571.18,Оплачен вовремя
14485,1203,2025-05-27,10571.18,10571.18,Оплачен вовремя
14486,1203,2025-06-26,10571.18,10571.18,Оплачен вовремя
14487,1203,2025-07-26,10571.18,10571.18,Оплачен вовремя
14488,1203,2025-08-25,10571.18,10571.18,Оплачен вовремя
14489,1203,2025-09-24,10571.18,10571.18,Оплачен вовремя
14490,1203,2025-10-24,10571.18,10571.18,Оплачен вовремя
14491,1203,2025-11-23,10571.18,10571.18,Оплачен вовремя
14492,1204,2024-02-15,378232.24,378232.24,Оплачен вовремя
14493,1204,2024-03-16,378232.24,378232.24,Оплачен вовремя
14494,1204,2024-04-15,378232.24,378232.24,Оплачен вовремя
14495,1204,2024-05-15,378232.24,378232.24,Оплачен вовремя
14496,1204,2024-06-14,378232.24,378232.24,Оплачен вовремя
14497,1204,2024-07-14,378232.24,378232.24,Оплачен вовремя
14498,1204,2024-08-13,378232.24,378232.24,Оплачен вовремя
14499,1204,2024-09-12,378232.24,378232.24,Оплачен вовремя
14500,1204,2024-10-12,378232.24,378232.24,Оплачен вовремя
14501,1204,2024-11-11,378232.24,378232.24,Оплачен вовремя
14502,1204,2024-12-11,378232.24,378232.24,Оплачен вовремя
14503,1204,2025-01-10,378232.24,378232.24,Оплачен вовремя
14504,1205,2024-12-11,53738.01,53738.01,Оплачен вовремя
14505,1205,2025-01-10,53738.01,53738.01,Оплачен вовремя
14506,1205,2025-02-09,53738.01,53738.01,Оплачен вовремя
14507,1205,2025-03-11,53738.01,53738.01,Оплачен вовремя
14508,1205,2025-04-10,53738.01,53738.01,Оплачен вовремя
14509,1205,2025-05-10,53738.01,53738.01,Оплачен вовремя
14510,1205,2025-06-09,53738.01,53738.01,Оплачен вовремя
14511,1205,2025-07-09,53738.01,53738.01,Оплачен вовремя
14512,1205,2025-08-08,53738.01,53738.01,Оплачен вовремя
14513,1205,2025-09-07,53738.01,53738.01,Оплачен вовремя
14514,1205,2025-10-07,53738.01,53738.01,Оплачен вовремя
14515,1205,2025-11-06,53738.01,53738.01,Оплачен вовремя
14516,1205,2025-12-06,53738.01,53738.01,Оплачен вовремя
14517,1206,2024-11-12,53441.74,53441.74,Оплачен вовремя
14518,1206,2024-12-12,53441.74,53441.74,Оплачен вовремя
14519,1206,2025-01-11,53441.74,53441.74,Оплачен вовремя
14520,1206,2025-02-10,53441.74,53441.74,Оплачен вовремя
14521,1206,2025-03-12,53441.74,53441.74,Оплачен вовремя
14522,1206,2025-04-11,53441.74,53441.74,Оплачен вовремя
14523,1206,2025-05-11,53441.74,53441.74,Оплачен вовремя
14524,1206,2025-06-10,53441.74,53441.74,Оплачен вовремя
14525,1206,2025-07-10,53441.74,53441.74,Оплачен вовремя
14526,1206,2025-08-09,53441.74,53441.74,Оплачен вовремя
14527,1206,2025-09-08,53441.74,53441.74,Оплачен вовремя
14528,1206,2025-10-08,53441.74,53441.74,Оплачен вовремя
14529,1207,2025-12-24,30306.86,30306.86,Оплачен вовремя
14530,1208,2024-06-05,11450.16,11450.16,Оплачен вовремя
14531,1208,2024-07-05,11450.16,11450.16,Оплачен вовремя
14532,1208,2024-08-04,11450.16,11450.16,Оплачен вовремя
14533,1208,2024-09-03,11450.16,11450.16,Оплачен вовремя
14534,1208,2024-10-03,11450.16,11450.16,Оплачен вовремя
14535,1208,2024-11-02,11450.16,11450.16,Оплачен вовремя
14536,1208,2024-12-02,11450.16,11450.16,Оплачен вовремя
14537,1208,2025-01-01,11450.16,11450.16,Оплачен вовремя
14538,1208,2025-01-31,11450.16,11450.16,Оплачен вовремя
14539,1208,2025-03-02,11450.16,11450.16,Оплачен вовремя
14540,1208,2025-04-01,11450.16,11450.16,Оплачен вовремя
14541,1208,2025-05-01,11450.16,11450.16,Оплачен вовремя
14542,1208,2025-05-31,11450.16,11450.16,Оплачен вовремя
14543,1208,2025-06-30,11450.16,11450.16,Оплачен вовремя
14544,1208,2025-07-30,11450.16,11450.16,Оплачен вовремя
14545,1208,2025-08-29,11450.16,11450.16,Оплачен вовремя
14546,1208,2025-09-28,11450.16,11450.16,Оплачен вовремя
14547,1208,2025-10-28,11450.16,11450.16,Оплачен вовремя
14548,1208,2025-11-27,11450.16,11450.16,Оплачен вовремя
14549,1209,2024-09-01,12386.31,12386.31,Оплачен вовремя
14550,1209,2024-10-01,12386.31,12386.31,Оплачен вовремя
14551,1209,2024-10-31,12386.31,12386.31,Оплачен вовремя
14552,1209,2024-11-30,12386.31,12386.31,Оплачен вовремя
14553,1209,2024-12-30,12386.31,12386.31,Оплачен вовремя
14554,1209,2025-01-29,12386.31,12386.31,Оплачен вовремя
14555,1209,2025-02-28,12386.31,12386.31,Оплачен вовремя
14556,1209,2025-03-30,12386.31,12386.31,Оплачен вовремя
14557,1209,2025-04-29,12386.31,12386.31,Оплачен вовремя
14558,1209,2025-05-29,12386.31,12386.31,Оплачен вовремя
14559,1209,2025-06-28,12386.31,12386.31,Оплачен вовремя
14560,1209,2025-07-28,12386.31,12386.31,Оплачен вовремя
14561,1209,2025-08-27,12386.31,12386.31,Оплачен вовремя
14562,1209,2025-09-26,12386.31,12386.31,Оплачен вовремя
14563,1209,2025-10-26,12386.31,12386.31,Оплачен вовремя
14564,1209,2025-11-25,12386.31,12386.31,Оплачен вовремя
14565,1210,2022-09-08,30026.33,30026.33,Оплачен вовремя
14566,1210,2022-10-08,30026.33,30026.33,Оплачен вовремя
14567,1210,2022-11-07,30026.33,30026.33,Оплачен вовремя
14568,1210,2022-12-07,30026.33,30026.33,Оплачен вовремя
14569,1210,2023-01-06,30026.33,30026.33,Оплачен вовремя
14570,1210,2023-02-05,30026.33,30026.33,Оплачен вовремя
14571,1210,2023-03-07,30026.33,30026.33,Оплачен вовремя
14572,1210,2023-04-06,30026.33,30026.33,Оплачен вовремя
14573,1210,2023-05-06,30026.33,30026.33,Оплачен вовремя
14574,1210,2023-06-05,30026.33,30026.33,Оплачен вовремя
14575,1210,2023-07-05,30026.33,30026.33,Оплачен вовремя
14576,1210,2023-08-04,30026.33,30026.33,Оплачен вовремя
14577,1210,2023-09-03,30026.33,30026.33,Оплачен вовремя
14578,1210,2023-10-03,30026.33,30026.33,Оплачен вовремя
14579,1210,2023-11-02,30026.33,30026.33,Оплачен вовремя
14580,1210,2023-12-02,30026.33,30026.33,Оплачен вовремя
14581,1210,2024-01-01,30026.33,30026.33,Оплачен вовремя
14582,1210,2024-01-31,30026.33,30026.33,Оплачен вовремя
14583,1210,2024-03-01,30026.33,30026.33,Оплачен вовремя
14584,1210,2024-03-31,30026.33,30026.33,Оплачен вовремя
14585,1210,2024-04-30,30026.33,30026.33,Оплачен вовремя
14586,1210,2024-05-30,30026.33,30026.33,Оплачен вовремя
14587,1210,2024-06-29,30026.33,30026.33,Оплачен вовремя
14588,1210,2024-07-29,30026.33,30026.33,Оплачен вовремя
14589,1211,2025-05-01,17602.9,17602.9,Оплачен вовремя
14590,1211,2025-05-31,17602.9,17602.9,Оплачен вовремя
14591,1211,2025-06-30,17602.9,17602.9,Оплачен вовремя
14592,1211,2025-07-30,17602.9,17602.9,Оплачен вовремя
14593,1211,2025-08-29,17602.9,17602.9,Оплачен вовремя
14594,1211,2025-09-28,17602.9,17602.9,Оплачен вовремя
14595,1211,2025-10-28,17602.9,17602.9,Оплачен вовремя
14596,1211,2025-11-27,17602.9,17602.9,Оплачен вовремя
14597,1213,2023-09-27,24768.47,24768.47,Оплачен вовремя
14598,1213,2023-10-27,24768.47,24768.47,Оплачен вовремя
14599,1213,2023-11-26,24768.47,24768.47,Оплачен вовремя
14600,1213,2023-12-26,24768.47,24768.47,Оплачен вовремя
14601,1213,2024-01-25,24768.47,24768.47,Оплачен вовремя
14602,1213,2024-02-24,24768.47,24768.47,Оплачен вовремя
14603,1213,2024-03-25,24768.47,24768.47,Оплачен вовремя
14604,1213,2024-04-24,24768.47,24768.47,Оплачен вовремя
14605,1213,2024-05-24,24768.47,24768.47,Оплачен вовремя
14606,1213,2024-06-23,24768.47,24768.47,Оплачен вовремя
14607,1213,2024-07-23,24768.47,24768.47,Оплачен вовремя
14608,1213,2024-08-22,24768.47,24768.47,Оплачен вовремя
14609,1213,2024-09-21,24768.47,24768.47,Оплачен вовремя
14610,1213,2024-10-21,24768.47,24768.47,Оплачен вовремя
14611,1213,2024-11-20,24768.47,24768.47,Оплачен вовремя
14612,1213,2024-12-20,24768.47,24768.47,Оплачен вовремя
14613,1213,2025-01-19,24768.47,24768.47,Оплачен вовремя
14614,1213,2025-02-18,24768.47,24768.47,Оплачен вовремя
14615,1213,2025-03-20,24768.47,24768.47,Оплачен вовремя
14616,1213,2025-04-19,24768.47,24768.47,Оплачен вовремя
14617,1213,2025-05-19,24768.47,24768.47,Оплачен вовремя
14618,1213,2025-06-18,24768.47,24768.47,Оплачен вовремя
14619,1213,2025-07-18,24768.47,24768.47,Оплачен вовремя
14620,1213,2025-08-17,24768.47,24768.47,Оплачен вовремя
14621,1213,2025-09-16,24768.47,24768.47,Оплачен вовремя
14622,1213,2025-10-16,24768.47,24768.47,Оплачен вовремя
14623,1213,2025-11-15,24768.47,24768.47,Оплачен вовремя
14624,1213,2025-12-15,24768.47,24768.47,Оплачен вовремя
14625,1214,2024-10-27,4019.72,4019.72,Оплачен вовремя
14626,1214,2024-11-26,4019.72,4019.72,Оплачен вовремя
14627,1214,2024-12-26,4019.72,4019.72,Оплачен вовремя
14628,1214,2025-01-25,4019.72,4019.72,Оплачен вовремя
14629,1214,2025-02-24,4019.72,4019.72,Оплачен вовремя
14630,1214,2025-03-26,4019.72,4019.72,Оплачен вовремя
14631,1214,2025-04-25,4019.72,4019.72,Оплачен вовремя
14632,1214,2025-05-25,4019.72,4019.72,Оплачен вовремя
14633,1214,2025-06-24,4019.72,4019.72,Оплачен вовремя
14634,1214,2025-07-24,4019.72,4019.72,Оплачен вовремя
14635,1214,2025-08-23,4019.72,4019.72,Оплачен вовремя
14636,1214,2025-09-22,4019.72,4019.72,Оплачен вовремя
14637,1214,2025-10-22,4019.72,4019.72,Оплачен вовремя
14638,1214,2025-11-21,4019.72,4019.72,Оплачен вовремя
14639,1214,2025-12-21,4019.72,4019.72,Оплачен вовремя
14640,1216,2025-12-11,739266.87,739266.87,Оплачен вовремя
14641,1217,2023-03-20,28794.23,28794.23,Оплачен вовремя
14642,1217,2023-04-19,28794.23,28794.23,Оплачен вовремя
14643,1217,2023-05-19,28794.23,28794.23,Оплачен вовремя
14644,1217,2023-06-18,28794.23,28794.23,Оплачен вовремя
14645,1217,2023-07-18,28794.23,28794.23,Оплачен вовремя
14646,1217,2023-08-17,28794.23,28794.23,Оплачен вовремя
14647,1217,2023-09-16,28794.23,28794.23,Оплачен вовремя
14648,1217,2023-10-16,28794.23,28794.23,Оплачен вовремя
14649,1217,2023-11-15,28794.23,28794.23,Оплачен вовремя
14650,1217,2023-12-15,28794.23,28794.23,Оплачен вовремя
14651,1217,2024-01-14,28794.23,28794.23,Оплачен вовремя
14652,1217,2024-02-13,28794.23,28794.23,Оплачен вовремя
14653,1217,2024-03-14,28794.23,28794.23,Оплачен вовремя
14654,1217,2024-04-13,28794.23,28794.23,Оплачен вовремя
14655,1217,2024-05-13,28794.23,28794.23,Оплачен вовремя
14656,1217,2024-06-12,28794.23,28794.23,Оплачен вовремя
14657,1217,2024-07-12,28794.23,28794.23,Оплачен вовремя
14658,1217,2024-08-11,28794.23,28794.23,Оплачен вовремя
14659,1217,2024-09-10,28794.23,28794.23,Оплачен вовремя
14660,1217,2024-10-10,28794.23,28794.23,Оплачен вовремя
14661,1217,2024-11-09,28794.23,28794.23,Оплачен вовремя
14662,1217,2024-12-09,28794.23,28794.23,Оплачен вовремя
14663,1217,2025-01-08,28794.23,28794.23,Оплачен вовремя
14664,1217,2025-02-07,28794.23,28794.23,Оплачен вовремя
14665,1217,2025-03-09,28794.23,28794.23,Оплачен вовремя
14666,1217,2025-04-08,28794.23,28794.23,Оплачен вовремя
14667,1217,2025-05-08,28794.23,28794.23,Оплачен вовремя
14668,1217,2025-06-07,28794.23,28794.23,Оплачен вовремя
14669,1217,2025-07-07,28794.23,28794.23,Оплачен вовремя
14670,1217,2025-08-06,28794.23,28794.23,Оплачен вовремя
14671,1217,2025-09-05,28794.23,28794.23,Оплачен вовремя
14672,1217,2025-10-05,28794.23,28794.23,Оплачен вовремя
14673,1217,2025-11-04,28794.23,28794.23,Оплачен вовремя
14674,1217,2025-12-04,28794.23,28794.23,Оплачен вовремя
14675,1218,2024-04-20,81170.85,81170.85,Оплачен вовремя
14676,1218,2024-05-20,81170.85,81170.85,Оплачен вовремя
14677,1218,2024-06-19,81170.85,81170.85,Оплачен вовремя
14678,1218,2024-07-19,81170.85,81170.85,Оплачен вовремя
14679,1218,2024-08-18,81170.85,81170.85,Оплачен вовремя
14680,1218,2024-09-17,81170.85,81170.85,Оплачен вовремя
14681,1218,2024-10-17,81170.85,81170.85,Оплачен вовремя
14682,1218,2024-11-16,81170.85,81170.85,Оплачен вовремя
14683,1218,2024-12-16,81170.85,81170.85,Оплачен вовремя
14684,1218,2025-01-15,81170.85,81170.85,Оплачен вовремя
14685,1218,2025-02-14,81170.85,81170.85,Оплачен вовремя
14686,1218,2025-03-16,81170.85,81170.85,Оплачен вовремя
14687,1218,2025-04-15,81170.85,81170.85,Оплачен вовремя
14688,1218,2025-05-15,81170.85,81170.85,Оплачен вовремя
14689,1218,2025-06-14,81170.85,81170.85,Оплачен вовремя
14690,1218,2025-07-14,81170.85,81170.85,Оплачен вовремя
14691,1218,2025-08-13,81170.85,81170.85,Оплачен вовремя
14692,1218,2025-09-12,81170.85,81170.85,Оплачен вовремя
14693,1218,2025-10-12,81170.85,81170.85,Оплачен вовремя
14694,1218,2025-11-11,81170.85,81170.85,Оплачен вовремя
14695,1218,2025-12-11,81170.85,81170.85,Оплачен вовремя
14696,1219,2024-09-09,22748.49,22748.49,Оплачен вовремя
14697,1219,2024-10-09,22748.49,22748.49,Оплачен вовремя
14698,1219,2024-11-08,22748.49,22748.49,Оплачен вовремя
14699,1219,2024-12-08,22748.49,22748.49,Оплачен вовремя
14700,1219,2025-01-07,22748.49,22748.49,Оплачен вовремя
14701,1219,2025-02-06,22748.49,22748.49,Оплачен вовремя
14702,1219,2025-03-08,22748.49,22748.49,Оплачен вовремя
14703,1219,2025-04-07,22748.49,22748.49,Оплачен вовремя
14704,1219,2025-05-07,22748.49,22748.49,Оплачен вовремя
14705,1219,2025-06-06,22748.49,22748.49,Оплачен вовремя
14706,1219,2025-07-06,22748.49,22748.49,Оплачен вовремя
14707,1219,2025-08-05,22748.49,22748.49,Оплачен вовремя
14708,1219,2025-09-04,22748.49,22748.49,Оплачен вовремя
14709,1219,2025-10-04,22748.49,22748.49,Оплачен вовремя
14710,1219,2025-11-03,22748.49,22748.49,Оплачен вовремя
14711,1219,2025-12-03,22748.49,22748.49,Оплачен вовремя
14712,1220,2024-08-17,7110.95,7110.95,Оплачен вовремя
14713,1220,2024-09-16,7110.95,7110.95,Оплачен вовремя
14714,1220,2024-10-16,7110.95,7110.95,Оплачен вовремя
14715,1220,2024-11-15,7110.95,7110.95,Оплачен вовремя
14716,1220,2024-12-15,7110.95,7110.95,Оплачен вовремя
14717,1220,2025-01-14,7110.95,7110.95,Оплачен вовремя
14718,1220,2025-02-13,7110.95,7110.95,Оплачен вовремя
14719,1220,2025-03-15,7110.95,7110.95,Оплачен вовремя
14720,1220,2025-04-14,7110.95,7110.95,Оплачен вовремя
14721,1220,2025-05-14,7110.95,7110.95,Оплачен вовремя
14722,1220,2025-06-13,7110.95,7110.95,Оплачен вовремя
14723,1220,2025-07-13,7110.95,7110.95,Оплачен вовремя
14724,1221,2024-07-09,50295.71,50295.71,Оплачен вовремя
14725,1221,2024-08-08,50295.71,50295.71,Оплачен вовремя
14726,1221,2024-09-07,50295.71,50295.71,Оплачен вовремя
14727,1221,2024-10-07,50295.71,50295.71,Оплачен вовремя
14728,1221,2024-11-06,50295.71,50295.71,Оплачен вовремя
14729,1221,2024-12-06,50295.71,50295.71,Оплачен вовремя
14730,1221,2025-01-05,50295.71,50295.71,Оплачен вовремя
14731,1221,2025-02-04,50295.71,50295.71,Оплачен вовремя
14732,1221,2025-03-06,50295.71,50295.71,Оплачен вовремя
14733,1221,2025-04-05,50295.71,50295.71,Оплачен вовремя
14734,1221,2025-05-05,50295.71,50295.71,Оплачен вовремя
14735,1221,2025-06-04,50295.71,50295.71,Оплачен вовремя
14736,1221,2025-07-04,50295.71,50295.71,Оплачен вовремя
14737,1221,2025-08-03,50295.71,50295.71,Оплачен вовремя
14738,1221,2025-09-02,50295.71,50295.71,Оплачен вовремя
14739,1221,2025-10-02,50295.71,50295.71,Оплачен вовремя
14740,1221,2025-11-01,50295.71,50295.71,Оплачен вовремя
14741,1221,2025-12-01,50295.71,50295.71,Оплачен вовремя
14742,1222,2025-02-07,39088.56,39088.56,Оплачен вовремя
14743,1222,2025-03-09,39088.56,39088.56,Оплачен вовремя
14744,1222,2025-04-08,39088.56,39088.56,Оплачен вовремя
14745,1222,2025-05-08,39088.56,39088.56,Оплачен вовремя
14746,1222,2025-06-07,39088.56,39088.56,Оплачен вовремя
14747,1222,2025-07-07,39088.56,39088.56,Оплачен вовремя
14748,1222,2025-08-06,39088.56,39088.56,Оплачен вовремя
14749,1222,2025-09-05,39088.56,39088.56,Оплачен вовремя
14750,1222,2025-10-05,39088.56,39088.56,Оплачен вовремя
14751,1222,2025-11-04,39088.56,39088.56,Оплачен вовремя
14752,1222,2025-12-04,39088.56,39088.56,Оплачен вовремя
14753,1223,2025-11-07,30204.62,30204.62,Оплачен вовремя
14754,1223,2025-12-07,30204.62,30204.62,Оплачен вовремя
14755,1224,2024-11-03,16461.17,16461.17,Оплачен вовремя
14756,1224,2024-12-03,16461.17,16461.17,Оплачен вовремя
14757,1224,2025-01-02,16461.17,16461.17,Оплачен вовремя
14758,1224,2025-02-01,16461.17,16461.17,Оплачен вовремя
14759,1224,2025-03-03,16461.17,16461.17,Оплачен вовремя
14760,1224,2025-04-02,16461.17,16461.17,Оплачен вовремя
14761,1224,2025-05-02,16461.17,16461.17,Оплачен вовремя
14762,1224,2025-06-01,16461.17,16461.17,Оплачен вовремя
14763,1224,2025-07-01,16461.17,16461.17,Оплачен вовремя
14764,1224,2025-07-31,16461.17,16461.17,Оплачен вовремя
14765,1224,2025-08-30,16461.17,16461.17,Оплачен вовремя
14766,1224,2025-09-29,16461.17,16461.17,Оплачен вовремя
14767,1225,2023-05-15,45620.36,45620.36,Оплачен вовремя
14768,1225,2023-06-14,45620.36,45620.36,Оплачен вовремя
14769,1225,2023-07-14,45620.36,45620.36,Оплачен вовремя
14770,1225,2023-08-13,45620.36,45620.36,Оплачен вовремя
14771,1225,2023-09-12,45620.36,45620.36,Оплачен вовремя
14772,1225,2023-10-12,45620.36,45620.36,Оплачен вовремя
14773,1225,2023-11-11,45620.36,45620.36,Оплачен вовремя
14774,1225,2023-12-11,45620.36,45620.36,Оплачен вовремя
14775,1225,2024-01-10,45620.36,45620.36,Оплачен вовремя
14776,1225,2024-02-09,45620.36,45620.36,Оплачен вовремя
14777,1225,2024-03-10,45620.36,45620.36,Оплачен вовремя
14778,1225,2024-04-09,45620.36,45620.36,Оплачен вовремя
14779,1226,2025-08-09,38080.62,38080.62,Оплачен вовремя
14780,1226,2025-09-08,38080.62,38080.62,Оплачен вовремя
14781,1226,2025-10-08,38080.62,38080.62,Оплачен вовремя
14782,1226,2025-11-07,38080.62,38080.62,Оплачен вовремя
14783,1226,2025-12-07,38080.62,38080.62,Оплачен вовремя
14784,1227,2024-08-02,7264.31,7264.31,Оплачен вовремя
14785,1227,2024-09-01,7264.31,7264.31,Оплачен вовремя
14786,1227,2024-10-01,7264.31,7264.31,Оплачен вовремя
14787,1227,2024-10-31,7264.31,7264.31,Оплачен вовремя
14788,1227,2024-11-30,7264.31,7264.31,Оплачен вовремя
14789,1227,2024-12-30,7264.31,7264.31,Оплачен вовремя
14790,1227,2025-01-29,7264.31,7264.31,Оплачен вовремя
14791,1227,2025-02-28,7264.31,7264.31,Оплачен вовремя
14792,1227,2025-03-30,7264.31,7264.31,Оплачен вовремя
14793,1227,2025-04-29,7264.31,7264.31,Оплачен вовремя
14794,1227,2025-05-29,7264.31,7264.31,Оплачен вовремя
14795,1227,2025-06-28,7264.31,7264.31,Оплачен вовремя
14796,1228,2025-06-13,19775.66,19775.66,Оплачен вовремя
14797,1228,2025-07-13,19775.66,19775.66,Оплачен вовремя
14798,1228,2025-08-12,19775.66,19775.66,Оплачен вовремя
14799,1228,2025-09-11,19775.66,19775.66,Оплачен вовремя
14800,1228,2025-10-11,19775.66,19775.66,Оплачен вовремя
14801,1228,2025-11-10,19775.66,19775.66,Оплачен вовремя
14802,1228,2025-12-10,19775.66,19775.66,Оплачен вовремя
14803,1229,2022-09-25,15447.76,15447.76,Оплачен вовремя
14804,1229,2022-10-25,15447.76,15447.76,Оплачен вовремя
14805,1229,2022-11-24,15447.76,15447.76,Оплачен вовремя
14806,1229,2022-12-24,15447.76,15447.76,Оплачен вовремя
14807,1229,2023-01-23,15447.76,15447.76,Оплачен вовремя
14808,1229,2023-02-22,15447.76,15447.76,Оплачен вовремя
14809,1229,2023-03-24,15447.76,15447.76,Оплачен вовремя
14810,1229,2023-04-23,15447.76,15447.76,Оплачен вовремя
14811,1229,2023-05-23,15447.76,15447.76,Оплачен вовремя
14812,1229,2023-06-22,15447.76,15447.76,Оплачен вовремя
14813,1229,2023-07-22,15447.76,15447.76,Оплачен вовремя
14814,1229,2023-08-21,15447.76,15447.76,Оплачен вовремя
14815,1229,2023-09-20,15447.76,15447.76,Оплачен вовремя
14816,1229,2023-10-20,15447.76,15447.76,Оплачен вовремя
14817,1229,2023-11-19,15447.76,15447.76,Оплачен вовремя
14818,1229,2023-12-19,15447.76,15447.76,Оплачен вовремя
14819,1229,2024-01-18,15447.76,15447.76,Оплачен вовремя
14820,1229,2024-02-17,15447.76,15447.76,Оплачен вовремя
14821,1229,2024-03-18,15447.76,15447.76,Оплачен вовремя
14822,1229,2024-04-17,15447.76,15447.76,Оплачен вовремя
14823,1229,2024-05-17,15447.76,15447.76,Оплачен вовремя
14824,1229,2024-06-16,15447.76,15447.76,Оплачен вовремя
14825,1229,2024-07-16,15447.76,15447.76,Оплачен вовремя
14826,1229,2024-08-15,15447.76,15447.76,Оплачен вовремя
14827,1229,2024-09-14,15447.76,15447.76,Оплачен вовремя
14828,1229,2024-10-14,15447.76,15447.76,Оплачен вовремя
14829,1229,2024-11-13,15447.76,15447.76,Оплачен вовремя
14830,1229,2024-12-13,15447.76,15447.76,Оплачен вовремя
14831,1229,2025-01-12,15447.76,15447.76,Оплачен вовремя
14832,1229,2025-02-11,15447.76,15447.76,Оплачен вовремя
14833,1229,2025-03-13,15447.76,15447.76,Оплачен вовремя
14834,1229,2025-04-12,15447.76,15447.76,Оплачен вовремя
14835,1229,2025-05-12,15447.76,15447.76,Оплачен вовремя
14836,1229,2025-06-11,15447.76,15447.76,Оплачен вовремя
14837,1229,2025-07-11,15447.76,15447.76,Оплачен вовремя
14838,1229,2025-08-10,15447.76,15447.76,Оплачен вовремя
14839,1230,2025-09-05,35388.05,35388.05,Оплачен вовремя
14840,1230,2025-10-05,35388.05,35388.05,Оплачен вовремя
14841,1230,2025-11-04,35388.05,35388.05,Просрочен
14842,1230,2025-12-04,35388.05,35388.05,Оплачен вовремя
14843,1231,2022-10-23,34839.47,34839.47,Оплачен вовремя
14844,1231,2022-11-22,34839.47,34839.47,Оплачен вовремя
14845,1231,2022-12-22,34839.47,34839.47,Оплачен вовремя
14846,1231,2023-01-21,34839.47,34839.47,Оплачен вовремя
14847,1231,2023-02-20,34839.47,34839.47,Оплачен вовремя
14848,1231,2023-03-22,34839.47,34839.47,Оплачен вовремя
14849,1231,2023-04-21,34839.47,34839.47,Оплачен вовремя
14850,1231,2023-05-21,34839.47,34839.47,Оплачен вовремя
14851,1231,2023-06-20,34839.47,34839.47,Оплачен вовремя
14852,1231,2023-07-20,34839.47,34839.47,Оплачен вовремя
14853,1231,2023-08-19,34839.47,34839.47,Оплачен вовремя
14854,1231,2023-09-18,34839.47,34839.47,Оплачен вовремя
14855,1232,2022-12-28,288124.49,288124.49,Оплачен вовремя
14856,1232,2023-01-27,288124.49,288124.49,Оплачен вовремя
14857,1232,2023-02-26,288124.49,288124.49,Оплачен вовремя
14858,1232,2023-03-28,288124.49,288124.49,Оплачен вовремя
14859,1232,2023-04-27,288124.49,288124.49,Оплачен вовремя
14860,1232,2023-05-27,288124.49,288124.49,Оплачен вовремя
14861,1232,2023-06-26,288124.49,288124.49,Оплачен вовремя
14862,1232,2023-07-26,288124.49,288124.49,Оплачен вовремя
14863,1232,2023-08-25,288124.49,288124.49,Оплачен вовремя
14864,1232,2023-09-24,288124.49,288124.49,Оплачен вовремя
14865,1232,2023-10-24,288124.49,288124.49,Оплачен вовремя
14866,1232,2023-11-23,288124.49,288124.49,Оплачен вовремя
14867,1233,2023-10-26,41045.57,41045.57,Оплачен вовремя
14868,1233,2023-11-25,41045.57,41045.57,Оплачен вовремя
14869,1233,2023-12-25,41045.57,41045.57,Оплачен вовремя
14870,1233,2024-01-24,41045.57,41045.57,Оплачен вовремя
14871,1233,2024-02-23,41045.57,41045.57,Оплачен вовремя
14872,1233,2024-03-24,41045.57,41045.57,Оплачен вовремя
14873,1233,2024-04-23,41045.57,41045.57,Оплачен вовремя
14874,1233,2024-05-23,41045.57,41045.57,Оплачен вовремя
14875,1233,2024-06-22,41045.57,41045.57,Оплачен вовремя
14876,1233,2024-07-22,41045.57,41045.57,Оплачен вовремя
14877,1233,2024-08-21,41045.57,41045.57,Оплачен вовремя
14878,1233,2024-09-20,41045.57,41045.57,Оплачен вовремя
14879,1233,2024-10-20,41045.57,41045.57,Оплачен вовремя
14880,1233,2024-11-19,41045.57,41045.57,Оплачен вовремя
14881,1233,2024-12-19,41045.57,41045.57,Оплачен вовремя
14882,1233,2025-01-18,41045.57,41045.57,Оплачен вовремя
14883,1233,2025-02-17,41045.57,41045.57,Оплачен вовремя
14884,1233,2025-03-19,41045.57,41045.57,Оплачен вовремя
14885,1233,2025-04-18,41045.57,41045.57,Оплачен вовремя
14886,1233,2025-05-18,41045.57,41045.57,Оплачен вовремя
14887,1233,2025-06-17,41045.57,41045.57,Оплачен вовремя
14888,1233,2025-07-17,41045.57,41045.57,Оплачен вовремя
14889,1233,2025-08-16,41045.57,41045.57,Оплачен вовремя
14890,1233,2025-09-15,41045.57,41045.57,Оплачен вовремя
14891,1233,2025-10-15,41045.57,41045.57,Оплачен вовремя
14892,1233,2025-11-14,41045.57,41045.57,Оплачен вовремя
14893,1233,2025-12-14,41045.57,41045.57,Оплачен вовремя
14894,1234,2025-08-08,66897.73,66897.73,Оплачен вовремя
14895,1234,2025-09-07,66897.73,66897.73,Оплачен вовремя
14896,1234,2025-10-07,66897.73,66897.73,Оплачен вовремя
14897,1234,2025-11-06,66897.73,66897.73,Просрочен
14898,1234,2025-12-06,66897.73,66897.73,Оплачен вовремя
14899,1235,2023-06-24,801338.11,801338.11,Оплачен вовремя
14900,1235,2023-07-24,801338.11,801338.11,Оплачен вовремя
14901,1235,2023-08-23,801338.11,801338.11,Оплачен вовремя
14902,1235,2023-09-22,801338.11,801338.11,Оплачен вовремя
14903,1235,2023-10-22,801338.11,801338.11,Оплачен вовремя
14904,1235,2023-11-21,801338.11,801338.11,Оплачен вовремя
14905,1236,2025-09-05,329048.61,329048.61,Оплачен вовремя
14906,1236,2025-10-05,329048.61,329048.61,Оплачен вовремя
14907,1236,2025-11-04,329048.61,329048.61,Оплачен вовремя
14908,1236,2025-12-04,329048.61,329048.61,Оплачен вовремя
14909,1237,2025-03-15,620332.92,620332.92,Оплачен вовремя
14910,1237,2025-04-14,620332.92,620332.92,Оплачен вовремя
14911,1237,2025-05-14,620332.92,620332.92,Оплачен вовремя
14912,1238,2024-07-18,6407.31,6407.31,Оплачен вовремя
14913,1238,2024-08-17,6407.31,6407.31,Оплачен вовремя
14914,1238,2024-09-16,6407.31,6407.31,Оплачен вовремя
14915,1238,2024-10-16,6407.31,6407.31,Оплачен вовремя
14916,1238,2024-11-15,6407.31,6407.31,Оплачен вовремя
14917,1238,2024-12-15,6407.31,6407.31,Оплачен вовремя
14918,1238,2025-01-14,6407.31,6407.31,Оплачен вовремя
14919,1238,2025-02-13,6407.31,6407.31,Оплачен вовремя
14920,1238,2025-03-15,6407.31,6407.31,Оплачен вовремя
14921,1238,2025-04-14,6407.31,6407.31,Оплачен вовремя
14922,1238,2025-05-14,6407.31,6407.31,Оплачен вовремя
14923,1238,2025-06-13,6407.31,6407.31,Оплачен вовремя
14924,1238,2025-07-13,6407.31,6407.31,Оплачен вовремя
14925,1238,2025-08-12,6407.31,6407.31,Оплачен вовремя
14926,1238,2025-09-11,6407.31,6407.31,Оплачен вовремя
14927,1238,2025-10-11,6407.31,6407.31,Оплачен вовремя
14928,1238,2025-11-10,6407.31,6407.31,Оплачен вовремя
14929,1238,2025-12-10,6407.31,6407.31,Оплачен вовремя
14930,1239,2025-04-16,28109.48,28109.48,Оплачен вовремя
14931,1239,2025-05-16,28109.48,28109.48,Оплачен вовремя
14932,1239,2025-06-15,28109.48,28109.48,Оплачен вовремя
14933,1239,2025-07-15,28109.48,28109.48,Оплачен вовремя
14934,1239,2025-08-14,28109.48,28109.48,Оплачен вовремя
14935,1239,2025-09-13,28109.48,28109.48,Оплачен вовремя
14936,1239,2025-10-13,28109.48,28109.48,Оплачен вовремя
14937,1239,2025-11-12,28109.48,28109.48,Оплачен вовремя
14938,1239,2025-12-12,28109.48,28109.48,Оплачен вовремя
14939,1240,2025-11-27,14630.76,14630.76,Оплачен вовремя
14940,1240,2025-12-27,14630.76,14630.76,Оплачен вовремя
14941,1241,2025-05-15,4088.72,4088.72,Оплачен вовремя
14942,1241,2025-06-14,4088.72,4088.72,Просрочен
14943,1241,2025-07-14,4088.72,4088.72,Оплачен вовремя
14944,1241,2025-08-13,4088.72,4088.72,Оплачен вовремя
14945,1241,2025-09-12,4088.72,4088.72,Оплачен вовремя
14946,1241,2025-10-12,4088.72,4088.72,Оплачен вовремя
14947,1241,2025-11-11,4088.72,4088.72,Оплачен вовремя
14948,1241,2025-12-11,4088.72,4088.72,Просрочен
14949,1242,2025-08-30,11507.45,11507.45,Оплачен вовремя
14950,1242,2025-09-29,11507.45,11507.45,Оплачен вовремя
14951,1242,2025-10-29,11507.45,11507.45,Оплачен вовремя
14952,1242,2025-11-28,11507.45,11507.45,Оплачен вовремя
14953,1242,2025-12-28,11507.45,11507.45,Оплачен вовремя
14954,1243,2024-09-01,92427.5,92427.5,Оплачен вовремя
14955,1243,2024-10-01,92427.5,92427.5,Оплачен вовремя
14956,1243,2024-10-31,92427.5,92427.5,Оплачен вовремя
14957,1243,2024-11-30,92427.5,92427.5,Оплачен вовремя
14958,1243,2024-12-30,92427.5,92427.5,Оплачен вовремя
14959,1243,2025-01-29,92427.5,92427.5,Оплачен вовремя
14960,1243,2025-02-28,92427.5,92427.5,Оплачен вовремя
14961,1243,2025-03-30,92427.5,92427.5,Оплачен вовремя
14962,1243,2025-04-29,92427.5,92427.5,Оплачен вовремя
14963,1243,2025-05-29,92427.5,92427.5,Оплачен вовремя
14964,1243,2025-06-28,92427.5,92427.5,Оплачен вовремя
14965,1243,2025-07-28,92427.5,92427.5,Оплачен вовремя
14966,1243,2025-08-27,92427.5,92427.5,Оплачен вовремя
14967,1243,2025-09-26,92427.5,92427.5,Оплачен вовремя
14968,1243,2025-10-26,92427.5,92427.5,Оплачен вовремя
14969,1243,2025-11-25,92427.5,92427.5,Оплачен вовремя
14970,1244,2024-03-28,7925.7,7925.7,Оплачен вовремя
14971,1244,2024-04-27,7925.7,7925.7,Оплачен вовремя
14972,1244,2024-05-27,7925.7,7925.7,Оплачен вовремя
14973,1244,2024-06-26,7925.7,7925.7,Оплачен вовремя
14974,1244,2024-07-26,7925.7,7925.7,Оплачен вовремя
14975,1244,2024-08-25,7925.7,7925.7,Оплачен вовремя
14976,1244,2024-09-24,7925.7,7925.7,Оплачен вовремя
14977,1244,2024-10-24,7925.7,7925.7,Оплачен вовремя
14978,1244,2024-11-23,7925.7,7925.7,Оплачен вовремя
14979,1244,2024-12-23,7925.7,7925.7,Оплачен вовремя
14980,1244,2025-01-22,7925.7,7925.7,Оплачен вовремя
14981,1244,2025-02-21,7925.7,7925.7,Оплачен вовремя
14982,1244,2025-03-23,7925.7,7925.7,Оплачен вовремя
14983,1244,2025-04-22,7925.7,7925.7,Оплачен вовремя
14984,1244,2025-05-22,7925.7,7925.7,Оплачен вовремя
14985,1244,2025-06-21,7925.7,7925.7,Оплачен вовремя
14986,1244,2025-07-21,7925.7,7925.7,Оплачен вовремя
14987,1244,2025-08-20,7925.7,7925.7,Оплачен вовремя
14988,1244,2025-09-19,7925.7,7925.7,Оплачен вовремя
14989,1244,2025-10-19,7925.7,7925.7,Оплачен вовремя
14990,1244,2025-11-18,7925.7,7925.7,Оплачен вовремя
14991,1244,2025-12-18,7925.7,7925.7,Оплачен вовремя
14992,1245,2025-06-01,4475.85,4475.85,Оплачен вовремя
14993,1245,2025-07-01,4475.85,4475.85,Оплачен вовремя
14994,1245,2025-07-31,4475.85,4475.85,Оплачен вовремя
14995,1245,2025-08-30,4475.85,4475.85,Оплачен вовремя
14996,1245,2025-09-29,4475.85,4475.85,Оплачен вовремя
14997,1245,2025-10-29,4475.85,4475.85,Оплачен вовремя
14998,1245,2025-11-28,4475.85,4475.85,Оплачен вовремя
14999,1246,2025-01-21,11869.86,11869.86,Просрочен
15000,1246,2025-02-20,11869.86,11869.86,Оплачен вовремя
15001,1246,2025-03-22,11869.86,11869.86,Оплачен вовремя
15002,1246,2025-04-21,11869.86,11869.86,Просрочен
15003,1246,2025-05-21,11869.86,11869.86,Оплачен вовремя
15004,1246,2025-06-20,11869.86,11869.86,Просрочен
15005,1246,2025-07-20,11869.86,11869.86,Оплачен вовремя
15006,1246,2025-08-19,11869.86,0.0,Не оплачен
15007,1246,2025-09-18,11869.86,11869.86,Просрочен
15008,1246,2025-10-18,11869.86,11869.86,Оплачен вовремя
15009,1246,2025-11-17,11869.86,11869.86,Оплачен вовремя
15010,1246,2025-12-17,11869.86,11869.86,Оплачен вовремя
15011,1247,2025-04-30,17437.62,17437.62,Оплачен вовремя
15012,1247,2025-05-30,17437.62,17437.62,Оплачен вовремя
15013,1247,2025-06-29,17437.62,17437.62,Оплачен вовремя
15014,1247,2025-07-29,17437.62,17437.62,Оплачен вовремя
15015,1247,2025-08-28,17437.62,17437.62,Оплачен вовремя
15016,1247,2025-09-27,17437.62,17437.62,Оплачен вовремя
15017,1247,2025-10-27,17437.62,17437.62,Оплачен вовремя
15018,1247,2025-11-26,17437.62,17437.62,Оплачен вовремя
15019,1247,2025-12-26,17437.62,17437.62,Оплачен вовремя
15020,1248,2025-12-03,566171.38,566171.38,Оплачен вовремя
15021,1249,2023-04-27,11582.63,11582.63,Оплачен вовремя
15022,1249,2023-05-27,11582.63,11582.63,Оплачен вовремя
15023,1249,2023-06-26,11582.63,11582.63,Оплачен вовремя
15024,1249,2023-07-26,11582.63,11582.63,Оплачен вовремя
15025,1249,2023-08-25,11582.63,11582.63,Оплачен вовремя
15026,1249,2023-09-24,11582.63,11582.63,Оплачен вовремя
15027,1249,2023-10-24,11582.63,11582.63,Оплачен вовремя
15028,1249,2023-11-23,11582.63,11582.63,Оплачен вовремя
15029,1249,2023-12-23,11582.63,11582.63,Оплачен вовремя
15030,1249,2024-01-22,11582.63,11582.63,Оплачен вовремя
15031,1249,2024-02-21,11582.63,11582.63,Оплачен вовремя
15032,1249,2024-03-22,11582.63,11582.63,Оплачен вовремя
15033,1249,2024-04-21,11582.63,11582.63,Оплачен вовремя
15034,1249,2024-05-21,11582.63,11582.63,Оплачен вовремя
15035,1249,2024-06-20,11582.63,11582.63,Оплачен вовремя
15036,1249,2024-07-20,11582.63,11582.63,Оплачен вовремя
15037,1249,2024-08-19,11582.63,11582.63,Оплачен вовремя
15038,1249,2024-09-18,11582.63,11582.63,Оплачен вовремя
15039,1249,2024-10-18,11582.63,11582.63,Оплачен вовремя
15040,1249,2024-11-17,11582.63,11582.63,Оплачен вовремя
15041,1249,2024-12-17,11582.63,11582.63,Оплачен вовремя
15042,1249,2025-01-16,11582.63,11582.63,Оплачен вовремя
15043,1249,2025-02-15,11582.63,11582.63,Оплачен вовремя
15044,1249,2025-03-17,11582.63,11582.63,Оплачен вовремя
15045,1249,2025-04-16,11582.63,11582.63,Оплачен вовремя
15046,1249,2025-05-16,11582.63,11582.63,Оплачен вовремя
15047,1249,2025-06-15,11582.63,11582.63,Оплачен вовремя
15048,1249,2025-07-15,11582.63,11582.63,Оплачен вовремя
15049,1249,2025-08-14,11582.63,11582.63,Оплачен вовремя
15050,1249,2025-09-13,11582.63,11582.63,Оплачен вовремя
15051,1249,2025-10-13,11582.63,11582.63,Оплачен вовремя
15052,1249,2025-11-12,11582.63,11582.63,Оплачен вовремя
15053,1249,2025-12-12,11582.63,11582.63,Оплачен вовремя
15054,1250,2025-09-15,22189.94,22189.94,Оплачен вовремя
15055,1250,2025-10-15,22189.94,22189.94,Оплачен вовремя
15056,1250,2025-11-14,22189.94,22189.94,Оплачен вовремя
15057,1250,2025-12-14,22189.94,22189.94,Оплачен вовремя
15058,1251,2024-02-12,82209.3,82209.3,Оплачен вовремя
15059,1251,2024-03-13,82209.3,82209.3,Оплачен вовремя
15060,1251,2024-04-12,82209.3,82209.3,Оплачен вовремя
15061,1251,2024-05-12,82209.3,82209.3,Оплачен вовремя
15062,1251,2024-06-11,82209.3,82209.3,Оплачен вовремя
15063,1251,2024-07-11,82209.3,82209.3,Оплачен вовремя
15064,1251,2024-08-10,82209.3,82209.3,Оплачен вовремя
15065,1251,2024-09-09,82209.3,82209.3,Оплачен вовремя
15066,1251,2024-10-09,82209.3,82209.3,Оплачен вовремя
15067,1251,2024-11-08,82209.3,82209.3,Оплачен вовремя
15068,1251,2024-12-08,82209.3,82209.3,Оплачен вовремя
15069,1251,2025-01-07,82209.3,82209.3,Оплачен вовремя
15070,1251,2025-02-06,82209.3,82209.3,Оплачен вовремя
15071,1251,2025-03-08,82209.3,82209.3,Оплачен вовремя
15072,1251,2025-04-07,82209.3,82209.3,Оплачен вовремя
15073,1251,2025-05-07,82209.3,82209.3,Оплачен вовремя
15074,1251,2025-06-06,82209.3,82209.3,Оплачен вовремя
15075,1251,2025-07-06,82209.3,82209.3,Оплачен вовремя
15076,1251,2025-08-05,82209.3,82209.3,Оплачен вовремя
15077,1251,2025-09-04,82209.3,82209.3,Оплачен вовремя
15078,1251,2025-10-04,82209.3,82209.3,Оплачен вовремя
15079,1251,2025-11-03,82209.3,82209.3,Оплачен вовремя
15080,1251,2025-12-03,82209.3,82209.3,Оплачен вовремя
15081,1252,2025-04-25,30092.14,30092.14,Оплачен вовремя
15082,1252,2025-05-25,30092.14,30092.14,Оплачен вовремя
15083,1252,2025-06-24,30092.14,30092.14,Оплачен вовремя
15084,1252,2025-07-24,30092.14,30092.14,Оплачен вовремя
15085,1252,2025-08-23,30092.14,30092.14,Оплачен вовремя
15086,1252,2025-09-22,30092.14,30092.14,Оплачен вовремя
15087,1252,2025-10-22,30092.14,30092.14,Оплачен вовремя
15088,1252,2025-11-21,30092.14,30092.14,Оплачен вовремя
15089,1252,2025-12-21,30092.14,30092.14,Оплачен вовремя
15090,1254,2024-12-11,58515.72,58515.72,Оплачен вовремя
15091,1254,2025-01-10,58515.72,58515.72,Оплачен вовремя
15092,1254,2025-02-09,58515.72,58515.72,Оплачен вовремя
15093,1254,2025-03-11,58515.72,58515.72,Оплачен вовремя
15094,1254,2025-04-10,58515.72,58515.72,Оплачен вовремя
15095,1254,2025-05-10,58515.72,58515.72,Оплачен вовремя
15096,1254,2025-06-09,58515.72,58515.72,Оплачен вовремя
15097,1254,2025-07-09,58515.72,58515.72,Оплачен вовремя
15098,1254,2025-08-08,58515.72,58515.72,Оплачен вовремя
15099,1254,2025-09-07,58515.72,58515.72,Оплачен вовремя
15100,1254,2025-10-07,58515.72,58515.72,Оплачен вовремя
15101,1254,2025-11-06,58515.72,58515.72,Оплачен вовремя
15102,1254,2025-12-06,58515.72,58515.72,Оплачен вовремя
15103,1255,2025-10-26,59620.97,59620.97,Оплачен вовремя
15104,1255,2025-11-25,59620.97,59620.97,Оплачен вовремя
15105,1255,2025-12-25,59620.97,59620.97,Оплачен вовремя
15106,1256,2022-09-16,64711.79,64711.79,Оплачен вовремя
15107,1256,2022-10-16,64711.79,0.0,Не оплачен
15108,1256,2022-11-15,64711.79,64711.79,Оплачен вовремя
15109,1256,2022-12-15,64711.79,0.0,Не оплачен
15110,1256,2023-01-14,64711.79,64711.79,Оплачен вовремя
15111,1256,2023-02-13,64711.79,64711.79,Просрочен
15112,1256,2023-03-15,64711.79,64711.79,Оплачен вовремя
15113,1256,2023-04-14,64711.79,64711.79,Оплачен вовремя
15114,1256,2023-05-14,64711.79,0.0,Не оплачен
15115,1256,2023-06-13,64711.79,64711.79,Оплачен вовремя
15116,1256,2023-07-13,64711.79,64711.79,Просрочен
15117,1256,2023-08-12,64711.79,0.0,Не оплачен
15118,1257,2025-03-30,31364.19,31364.19,Оплачен вовремя
15119,1257,2025-04-29,31364.19,31364.19,Оплачен вовремя
15120,1257,2025-05-29,31364.19,31364.19,Оплачен вовремя
15121,1257,2025-06-28,31364.19,31364.19,Оплачен вовремя
15122,1257,2025-07-28,31364.19,31364.19,Оплачен вовремя
15123,1257,2025-08-27,31364.19,31364.19,Оплачен вовремя
15124,1257,2025-09-26,31364.19,31364.19,Оплачен вовремя
15125,1257,2025-10-26,31364.19,31364.19,Оплачен вовремя
15126,1257,2025-11-25,31364.19,31364.19,Оплачен вовремя
15127,1257,2025-12-25,31364.19,31364.19,Оплачен вовремя
15128,1258,2025-09-20,12786.12,12786.12,Оплачен вовремя
15129,1258,2025-10-20,12786.12,12786.12,Оплачен вовремя
15130,1258,2025-11-19,12786.12,12786.12,Оплачен вовремя
15131,1258,2025-12-19,12786.12,12786.12,Оплачен вовремя
15132,1260,2022-08-04,7111.07,7111.07,Оплачен вовремя
15133,1260,2022-09-03,7111.07,7111.07,Оплачен вовремя
15134,1260,2022-10-03,7111.07,7111.07,Оплачен вовремя
15135,1260,2022-11-02,7111.07,7111.07,Оплачен вовремя
15136,1260,2022-12-02,7111.07,7111.07,Оплачен вовремя
15137,1260,2023-01-01,7111.07,7111.07,Оплачен вовремя
15138,1260,2023-01-31,7111.07,7111.07,Оплачен вовремя
15139,1260,2023-03-02,7111.07,7111.07,Оплачен вовремя
15140,1260,2023-04-01,7111.07,7111.07,Оплачен вовремя
15141,1260,2023-05-01,7111.07,7111.07,Оплачен вовремя
15142,1260,2023-05-31,7111.07,7111.07,Оплачен вовремя
15143,1260,2023-06-30,7111.07,7111.07,Оплачен вовремя
15144,1260,2023-07-30,7111.07,7111.07,Оплачен вовремя
15145,1260,2023-08-29,7111.07,7111.07,Оплачен вовремя
15146,1260,2023-09-28,7111.07,7111.07,Оплачен вовремя
15147,1260,2023-10-28,7111.07,7111.07,Оплачен вовремя
15148,1260,2023-11-27,7111.07,7111.07,Оплачен вовремя
15149,1260,2023-12-27,7111.07,7111.07,Оплачен вовремя
15150,1260,2024-01-26,7111.07,7111.07,Оплачен вовремя
15151,1260,2024-02-25,7111.07,7111.07,Оплачен вовремя
15152,1260,2024-03-26,7111.07,7111.07,Оплачен вовремя
15153,1260,2024-04-25,7111.07,7111.07,Оплачен вовремя
15154,1260,2024-05-25,7111.07,7111.07,Оплачен вовремя
15155,1260,2024-06-24,7111.07,7111.07,Оплачен вовремя
15156,1261,2024-11-04,659656.71,659656.71,Оплачен вовремя
15157,1261,2024-12-04,659656.71,659656.71,Оплачен вовремя
15158,1261,2025-01-03,659656.71,659656.71,Оплачен вовремя
15159,1261,2025-02-02,659656.71,0.0,Не оплачен
15160,1261,2025-03-04,659656.71,659656.71,Оплачен вовремя
15161,1261,2025-04-03,659656.71,659656.71,Оплачен вовремя
15162,1262,2024-01-06,29595.56,29595.56,Оплачен вовремя
15163,1262,2024-02-05,29595.56,29595.56,Оплачен вовремя
15164,1262,2024-03-06,29595.56,29595.56,Оплачен вовремя
15165,1262,2024-04-05,29595.56,29595.56,Оплачен вовремя
15166,1262,2024-05-05,29595.56,29595.56,Оплачен вовремя
15167,1262,2024-06-04,29595.56,29595.56,Оплачен вовремя
15168,1262,2024-07-04,29595.56,29595.56,Оплачен вовремя
15169,1262,2024-08-03,29595.56,29595.56,Оплачен вовремя
15170,1262,2024-09-02,29595.56,29595.56,Оплачен вовремя
15171,1262,2024-10-02,29595.56,29595.56,Оплачен вовремя
15172,1262,2024-11-01,29595.56,29595.56,Оплачен вовремя
15173,1262,2024-12-01,29595.56,29595.56,Оплачен вовремя
15174,1262,2024-12-31,29595.56,29595.56,Оплачен вовремя
15175,1262,2025-01-30,29595.56,29595.56,Оплачен вовремя
15176,1262,2025-03-01,29595.56,29595.56,Оплачен вовремя
15177,1262,2025-03-31,29595.56,29595.56,Оплачен вовремя
15178,1262,2025-04-30,29595.56,29595.56,Оплачен вовремя
15179,1262,2025-05-30,29595.56,29595.56,Оплачен вовремя
15180,1262,2025-06-29,29595.56,29595.56,Оплачен вовремя
15181,1262,2025-07-29,29595.56,29595.56,Оплачен вовремя
15182,1262,2025-08-28,29595.56,29595.56,Оплачен вовремя
15183,1262,2025-09-27,29595.56,29595.56,Оплачен вовремя
15184,1262,2025-10-27,29595.56,29595.56,Оплачен вовремя
15185,1262,2025-11-26,29595.56,29595.56,Оплачен вовремя
15186,1263,2025-07-16,9166.88,9166.88,Оплачен вовремя
15187,1263,2025-08-15,9166.88,9166.88,Оплачен вовремя
15188,1263,2025-09-14,9166.88,9166.88,Оплачен вовремя
15189,1263,2025-10-14,9166.88,9166.88,Оплачен вовремя
15190,1263,2025-11-13,9166.88,9166.88,Оплачен вовремя
15191,1263,2025-12-13,9166.88,9166.88,Оплачен вовремя
15192,1264,2025-05-10,42488.6,42488.6,Оплачен вовремя
15193,1264,2025-06-09,42488.6,42488.6,Оплачен вовремя
15194,1264,2025-07-09,42488.6,42488.6,Оплачен вовремя
15195,1264,2025-08-08,42488.6,42488.6,Оплачен вовремя
15196,1264,2025-09-07,42488.6,42488.6,Оплачен вовремя
15197,1264,2025-10-07,42488.6,42488.6,Оплачен вовремя
15198,1264,2025-11-06,42488.6,42488.6,Оплачен вовремя
15199,1264,2025-12-06,42488.6,42488.6,Оплачен вовремя
15200,1265,2025-11-05,984002.5,984002.5,Оплачен вовремя
15201,1265,2025-12-05,984002.5,984002.5,Оплачен вовремя
15202,1266,2024-08-13,6518.75,6518.75,Оплачен вовремя
15203,1266,2024-09-12,6518.75,6518.75,Оплачен вовремя
15204,1266,2024-10-12,6518.75,6518.75,Оплачен вовремя
15205,1266,2024-11-11,6518.75,6518.75,Оплачен вовремя
15206,1266,2024-12-11,6518.75,6518.75,Оплачен вовремя
15207,1266,2025-01-10,6518.75,6518.75,Оплачен вовремя
15208,1266,2025-02-09,6518.75,6518.75,Оплачен вовремя
15209,1266,2025-03-11,6518.75,6518.75,Оплачен вовремя
15210,1266,2025-04-10,6518.75,6518.75,Оплачен вовремя
15211,1266,2025-05-10,6518.75,6518.75,Оплачен вовремя
15212,1266,2025-06-09,6518.75,6518.75,Оплачен вовремя
15213,1266,2025-07-09,6518.75,6518.75,Оплачен вовремя
15214,1266,2025-08-08,6518.75,6518.75,Оплачен вовремя
15215,1266,2025-09-07,6518.75,6518.75,Оплачен вовремя
15216,1266,2025-10-07,6518.75,6518.75,Оплачен вовремя
15217,1266,2025-11-06,6518.75,6518.75,Оплачен вовремя
15218,1266,2025-12-06,6518.75,6518.75,Оплачен вовремя
15219,1267,2025-09-26,11263.17,11263.17,Оплачен вовремя
15220,1267,2025-10-26,11263.17,11263.17,Оплачен вовремя
15221,1267,2025-11-25,11263.17,11263.17,Оплачен вовремя
15222,1267,2025-12-25,11263.17,11263.17,Оплачен вовремя
15223,1268,2024-08-03,5458.01,5458.01,Оплачен вовремя
15224,1268,2024-09-02,5458.01,5458.01,Оплачен вовремя
15225,1268,2024-10-02,5458.01,5458.01,Оплачен вовремя
15226,1268,2024-11-01,5458.01,5458.01,Оплачен вовремя
15227,1268,2024-12-01,5458.01,5458.01,Оплачен вовремя
15228,1268,2024-12-31,5458.01,5458.01,Оплачен вовремя
15229,1268,2025-01-30,5458.01,5458.01,Оплачен вовремя
15230,1268,2025-03-01,5458.01,5458.01,Оплачен вовремя
15231,1268,2025-03-31,5458.01,5458.01,Оплачен вовремя
15232,1268,2025-04-30,5458.01,5458.01,Оплачен вовремя
15233,1268,2025-05-30,5458.01,5458.01,Оплачен вовремя
15234,1268,2025-06-29,5458.01,5458.01,Оплачен вовремя
15235,1268,2025-07-29,5458.01,5458.01,Оплачен вовремя
15236,1268,2025-08-28,5458.01,5458.01,Оплачен вовремя
15237,1268,2025-09-27,5458.01,5458.01,Оплачен вовремя
15238,1268,2025-10-27,5458.01,5458.01,Оплачен вовремя
15239,1268,2025-11-26,5458.01,5458.01,Оплачен вовремя
15240,1269,2024-06-04,6918.32,6918.32,Оплачен вовремя
15241,1269,2024-07-04,6918.32,6918.32,Оплачен вовремя
15242,1269,2024-08-03,6918.32,6918.32,Оплачен вовремя
15243,1269,2024-09-02,6918.32,6918.32,Оплачен вовремя
15244,1269,2024-10-02,6918.32,6918.32,Оплачен вовремя
15245,1269,2024-11-01,6918.32,6918.32,Оплачен вовремя
15246,1269,2024-12-01,6918.32,6918.32,Оплачен вовремя
15247,1269,2024-12-31,6918.32,6918.32,Оплачен вовремя
15248,1269,2025-01-30,6918.32,6918.32,Оплачен вовремя
15249,1269,2025-03-01,6918.32,6918.32,Оплачен вовремя
15250,1269,2025-03-31,6918.32,6918.32,Оплачен вовремя
15251,1269,2025-04-30,6918.32,6918.32,Оплачен вовремя
15252,1269,2025-05-30,6918.32,6918.32,Оплачен вовремя
15253,1269,2025-06-29,6918.32,6918.32,Оплачен вовремя
15254,1269,2025-07-29,6918.32,6918.32,Оплачен вовремя
15255,1269,2025-08-28,6918.32,6918.32,Оплачен вовремя
15256,1269,2025-09-27,6918.32,6918.32,Оплачен вовремя
15257,1269,2025-10-27,6918.32,6918.32,Оплачен вовремя
15258,1269,2025-11-26,6918.32,6918.32,Оплачен вовремя
15259,1270,2024-03-28,725330.41,725330.41,Оплачен вовремя
15260,1270,2024-04-27,725330.41,725330.41,Оплачен вовремя
15261,1270,2024-05-27,725330.41,725330.41,Оплачен вовремя
15262,1270,2024-06-26,725330.41,725330.41,Оплачен вовремя
15263,1270,2024-07-26,725330.41,725330.41,Оплачен вовремя
15264,1270,2024-08-25,725330.41,725330.41,Оплачен вовремя
15265,1271,2024-10-28,8882.21,8882.21,Оплачен вовремя
15266,1271,2024-11-27,8882.21,8882.21,Оплачен вовремя
15267,1271,2024-12-27,8882.21,8882.21,Оплачен вовремя
15268,1271,2025-01-26,8882.21,8882.21,Оплачен вовремя
15269,1271,2025-02-25,8882.21,8882.21,Оплачен вовремя
15270,1271,2025-03-27,8882.21,8882.21,Оплачен вовремя
15271,1271,2025-04-26,8882.21,8882.21,Оплачен вовремя
15272,1271,2025-05-26,8882.21,8882.21,Оплачен вовремя
15273,1271,2025-06-25,8882.21,8882.21,Оплачен вовремя
15274,1271,2025-07-25,8882.21,8882.21,Оплачен вовремя
15275,1271,2025-08-24,8882.21,8882.21,Оплачен вовремя
15276,1271,2025-09-23,8882.21,8882.21,Оплачен вовремя
15277,1271,2025-10-23,8882.21,8882.21,Оплачен вовремя
15278,1271,2025-11-22,8882.21,8882.21,Оплачен вовремя
15279,1271,2025-12-22,8882.21,8882.21,Оплачен вовремя
15280,1272,2025-01-22,33726.91,33726.91,Оплачен вовремя
15281,1272,2025-02-21,33726.91,33726.91,Оплачен вовремя
15282,1272,2025-03-23,33726.91,33726.91,Оплачен вовремя
15283,1272,2025-04-22,33726.91,33726.91,Оплачен вовремя
15284,1272,2025-05-22,33726.91,33726.91,Оплачен вовремя
15285,1272,2025-06-21,33726.91,33726.91,Оплачен вовремя
15286,1272,2025-07-21,33726.91,33726.91,Оплачен вовремя
15287,1272,2025-08-20,33726.91,33726.91,Оплачен вовремя
15288,1272,2025-09-19,33726.91,33726.91,Оплачен вовремя
15289,1272,2025-10-19,33726.91,33726.91,Оплачен вовремя
15290,1272,2025-11-18,33726.91,33726.91,Оплачен вовремя
15291,1272,2025-12-18,33726.91,33726.91,Оплачен вовремя
15292,1273,2023-09-03,60654.92,60654.92,Оплачен вовремя
15293,1273,2023-10-03,60654.92,60654.92,Оплачен вовремя
15294,1273,2023-11-02,60654.92,60654.92,Оплачен вовремя
15295,1273,2023-12-02,60654.92,60654.92,Оплачен вовремя
15296,1273,2024-01-01,60654.92,60654.92,Оплачен вовремя
15297,1273,2024-01-31,60654.92,60654.92,Оплачен вовремя
15298,1273,2024-03-01,60654.92,60654.92,Оплачен вовремя
15299,1273,2024-03-31,60654.92,60654.92,Оплачен вовремя
15300,1273,2024-04-30,60654.92,60654.92,Оплачен вовремя
15301,1273,2024-05-30,60654.92,60654.92,Оплачен вовремя
15302,1273,2024-06-29,60654.92,60654.92,Оплачен вовремя
15303,1273,2024-07-29,60654.92,60654.92,Оплачен вовремя
15304,1273,2024-08-28,60654.92,60654.92,Оплачен вовремя
15305,1273,2024-09-27,60654.92,60654.92,Оплачен вовремя
15306,1273,2024-10-27,60654.92,60654.92,Оплачен вовремя
15307,1273,2024-11-26,60654.92,60654.92,Оплачен вовремя
15308,1273,2024-12-26,60654.92,60654.92,Оплачен вовремя
15309,1273,2025-01-25,60654.92,60654.92,Оплачен вовремя
15310,1273,2025-02-24,60654.92,60654.92,Оплачен вовремя
15311,1273,2025-03-26,60654.92,60654.92,Оплачен вовремя
15312,1273,2025-04-25,60654.92,60654.92,Оплачен вовремя
15313,1273,2025-05-25,60654.92,60654.92,Оплачен вовремя
15314,1273,2025-06-24,60654.92,60654.92,Оплачен вовремя
15315,1273,2025-07-24,60654.92,60654.92,Оплачен вовремя
15316,1273,2025-08-23,60654.92,60654.92,Оплачен вовремя
15317,1273,2025-09-22,60654.92,60654.92,Оплачен вовремя
15318,1273,2025-10-22,60654.92,60654.92,Оплачен вовремя
15319,1273,2025-11-21,60654.92,60654.92,Оплачен вовремя
15320,1274,2025-05-16,81210.02,81210.02,Оплачен вовремя
15321,1274,2025-06-15,81210.02,81210.02,Оплачен вовремя
15322,1274,2025-07-15,81210.02,81210.02,Оплачен вовремя
15323,1274,2025-08-14,81210.02,81210.02,Оплачен вовремя
15324,1274,2025-09-13,81210.02,81210.02,Оплачен вовремя
15325,1274,2025-10-13,81210.02,81210.02,Оплачен вовремя
15326,1274,2025-11-12,81210.02,81210.02,Оплачен вовремя
15327,1274,2025-12-12,81210.02,81210.02,Оплачен вовремя
15328,1275,2025-07-25,37764.09,37764.09,Оплачен вовремя
15329,1275,2025-08-24,37764.09,37764.09,Оплачен вовремя
15330,1275,2025-09-23,37764.09,37764.09,Оплачен вовремя
15331,1275,2025-10-23,37764.09,37764.09,Оплачен вовремя
15332,1275,2025-11-22,37764.09,37764.09,Оплачен вовремя
15333,1275,2025-12-22,37764.09,37764.09,Оплачен вовремя
15334,1276,2025-02-14,61679.98,61679.98,Оплачен вовремя
15335,1276,2025-03-16,61679.98,61679.98,Оплачен вовремя
15336,1276,2025-04-15,61679.98,61679.98,Оплачен вовремя
15337,1276,2025-05-15,61679.98,61679.98,Оплачен вовремя
15338,1276,2025-06-14,61679.98,61679.98,Оплачен вовремя
15339,1276,2025-07-14,61679.98,61679.98,Оплачен вовремя
15340,1276,2025-08-13,61679.98,61679.98,Оплачен вовремя
15341,1276,2025-09-12,61679.98,61679.98,Оплачен вовремя
15342,1276,2025-10-12,61679.98,61679.98,Оплачен вовремя
15343,1276,2025-11-11,61679.98,61679.98,Оплачен вовремя
15344,1276,2025-12-11,61679.98,61679.98,Оплачен вовремя
15345,1277,2025-05-01,119774.64,119774.64,Оплачен вовремя
15346,1277,2025-05-31,119774.64,119774.64,Оплачен вовремя
15347,1277,2025-06-30,119774.64,119774.64,Оплачен вовремя
15348,1277,2025-07-30,119774.64,119774.64,Оплачен вовремя
15349,1277,2025-08-29,119774.64,119774.64,Оплачен вовремя
15350,1277,2025-09-28,119774.64,119774.64,Оплачен вовремя
15351,1277,2025-10-28,119774.64,119774.64,Оплачен вовремя
15352,1277,2025-11-27,119774.64,119774.64,Оплачен вовремя
15353,1278,2024-05-06,19471.95,19471.95,Оплачен вовремя
15354,1278,2024-06-05,19471.95,19471.95,Оплачен вовремя
15355,1278,2024-07-05,19471.95,19471.95,Оплачен вовремя
15356,1278,2024-08-04,19471.95,19471.95,Оплачен вовремя
15357,1278,2024-09-03,19471.95,19471.95,Оплачен вовремя
15358,1278,2024-10-03,19471.95,19471.95,Оплачен вовремя
15359,1278,2024-11-02,19471.95,19471.95,Оплачен вовремя
15360,1278,2024-12-02,19471.95,19471.95,Оплачен вовремя
15361,1278,2025-01-01,19471.95,19471.95,Оплачен вовремя
15362,1278,2025-01-31,19471.95,19471.95,Оплачен вовремя
15363,1278,2025-03-02,19471.95,19471.95,Оплачен вовремя
15364,1278,2025-04-01,19471.95,19471.95,Оплачен вовремя
15365,1278,2025-05-01,19471.95,19471.95,Оплачен вовремя
15366,1278,2025-05-31,19471.95,19471.95,Оплачен вовремя
15367,1278,2025-06-30,19471.95,19471.95,Оплачен вовремя
15368,1278,2025-07-30,19471.95,19471.95,Оплачен вовремя
15369,1278,2025-08-29,19471.95,19471.95,Оплачен вовремя
15370,1278,2025-09-28,19471.95,19471.95,Оплачен вовремя
15371,1278,2025-10-28,19471.95,19471.95,Оплачен вовремя
15372,1278,2025-11-27,19471.95,19471.95,Оплачен вовремя
15373,1279,2023-06-15,20453.67,20453.67,Оплачен вовремя
15374,1279,2023-07-15,20453.67,20453.67,Оплачен вовремя
15375,1279,2023-08-14,20453.67,20453.67,Оплачен вовремя
15376,1279,2023-09-13,20453.67,20453.67,Оплачен вовремя
15377,1279,2023-10-13,20453.67,20453.67,Оплачен вовремя
15378,1279,2023-11-12,20453.67,20453.67,Оплачен вовремя
15379,1279,2023-12-12,20453.67,20453.67,Оплачен вовремя
15380,1279,2024-01-11,20453.67,20453.67,Оплачен вовремя
15381,1279,2024-02-10,20453.67,20453.67,Оплачен вовремя
15382,1279,2024-03-11,20453.67,20453.67,Оплачен вовремя
15383,1279,2024-04-10,20453.67,20453.67,Оплачен вовремя
15384,1279,2024-05-10,20453.67,20453.67,Оплачен вовремя
15385,1279,2024-06-09,20453.67,20453.67,Оплачен вовремя
15386,1279,2024-07-09,20453.67,20453.67,Оплачен вовремя
15387,1279,2024-08-08,20453.67,20453.67,Оплачен вовремя
15388,1279,2024-09-07,20453.67,20453.67,Оплачен вовремя
15389,1279,2024-10-07,20453.67,20453.67,Оплачен вовремя
15390,1279,2024-11-06,20453.67,20453.67,Оплачен вовремя
15391,1279,2024-12-06,20453.67,20453.67,Оплачен вовремя
15392,1279,2025-01-05,20453.67,20453.67,Оплачен вовремя
15393,1279,2025-02-04,20453.67,20453.67,Оплачен вовремя
15394,1279,2025-03-06,20453.67,20453.67,Оплачен вовремя
15395,1279,2025-04-05,20453.67,20453.67,Оплачен вовремя
15396,1279,2025-05-05,20453.67,20453.67,Оплачен вовремя
15397,1279,2025-06-04,20453.67,20453.67,Оплачен вовремя
15398,1279,2025-07-04,20453.67,20453.67,Оплачен вовремя
15399,1279,2025-08-03,20453.67,20453.67,Оплачен вовремя
15400,1279,2025-09-02,20453.67,20453.67,Оплачен вовремя
15401,1279,2025-10-02,20453.67,20453.67,Оплачен вовремя
15402,1279,2025-11-01,20453.67,20453.67,Оплачен вовремя
15403,1279,2025-12-01,20453.67,20453.67,Оплачен вовремя
15404,1280,2024-03-05,5216.19,5216.19,Оплачен вовремя
15405,1280,2024-04-04,5216.19,5216.19,Оплачен вовремя
15406,1280,2024-05-04,5216.19,5216.19,Оплачен вовремя
15407,1280,2024-06-03,5216.19,5216.19,Оплачен вовремя
15408,1280,2024-07-03,5216.19,5216.19,Оплачен вовремя
15409,1280,2024-08-02,5216.19,5216.19,Оплачен вовремя
15410,1280,2024-09-01,5216.19,5216.19,Оплачен вовремя
15411,1280,2024-10-01,5216.19,5216.19,Оплачен вовремя
15412,1280,2024-10-31,5216.19,5216.19,Оплачен вовремя
15413,1280,2024-11-30,5216.19,5216.19,Оплачен вовремя
15414,1280,2024-12-30,5216.19,5216.19,Оплачен вовремя
15415,1280,2025-01-29,5216.19,5216.19,Оплачен вовремя
15416,1280,2025-02-28,5216.19,5216.19,Оплачен вовремя
15417,1280,2025-03-30,5216.19,5216.19,Оплачен вовремя
15418,1280,2025-04-29,5216.19,5216.19,Оплачен вовремя
15419,1280,2025-05-29,5216.19,5216.19,Оплачен вовремя
15420,1280,2025-06-28,5216.19,5216.19,Оплачен вовремя
15421,1280,2025-07-28,5216.19,5216.19,Оплачен вовремя
15422,1280,2025-08-27,5216.19,5216.19,Оплачен вовремя
15423,1280,2025-09-26,5216.19,5216.19,Оплачен вовремя
15424,1280,2025-10-26,5216.19,5216.19,Оплачен вовремя
15425,1280,2025-11-25,5216.19,5216.19,Оплачен вовремя
15426,1281,2025-04-08,1368.59,1368.59,Оплачен вовремя
15427,1281,2025-05-08,1368.59,1368.59,Оплачен вовремя
15428,1281,2025-06-07,1368.59,1368.59,Оплачен вовремя
15429,1281,2025-07-07,1368.59,1368.59,Оплачен вовремя
15430,1281,2025-08-06,1368.59,1368.59,Оплачен вовремя
15431,1281,2025-09-05,1368.59,1368.59,Оплачен вовремя
15432,1281,2025-10-05,1368.59,1368.59,Оплачен вовремя
15433,1281,2025-11-04,1368.59,1368.59,Оплачен вовремя
15434,1281,2025-12-04,1368.59,1368.59,Оплачен вовремя
15435,1283,2024-12-07,45126.66,45126.66,Оплачен вовремя
15436,1283,2025-01-06,45126.66,45126.66,Оплачен вовремя
15437,1283,2025-02-05,45126.66,45126.66,Оплачен вовремя
15438,1283,2025-03-07,45126.66,45126.66,Оплачен вовремя
15439,1283,2025-04-06,45126.66,45126.66,Оплачен вовремя
15440,1283,2025-05-06,45126.66,45126.66,Оплачен вовремя
15441,1283,2025-06-05,45126.66,45126.66,Оплачен вовремя
15442,1283,2025-07-05,45126.66,45126.66,Оплачен вовремя
15443,1283,2025-08-04,45126.66,45126.66,Оплачен вовремя
15444,1283,2025-09-03,45126.66,45126.66,Оплачен вовремя
15445,1283,2025-10-03,45126.66,45126.66,Оплачен вовремя
15446,1283,2025-11-02,45126.66,45126.66,Оплачен вовремя
15447,1283,2025-12-02,45126.66,45126.66,Оплачен вовремя
15448,1284,2025-07-03,2362.83,2362.83,Оплачен вовремя
15449,1284,2025-08-02,2362.83,2362.83,Оплачен вовремя
15450,1284,2025-09-01,2362.83,2362.83,Оплачен вовремя
15451,1284,2025-10-01,2362.83,2362.83,Оплачен вовремя
15452,1284,2025-10-31,2362.83,2362.83,Оплачен вовремя
15453,1284,2025-11-30,2362.83,2362.83,Оплачен вовремя
15454,1285,2025-12-13,52912.73,52912.73,Оплачен вовремя
15455,1286,2024-09-13,29509.13,29509.13,Оплачен вовремя
15456,1286,2024-10-13,29509.13,29509.13,Оплачен вовремя
15457,1286,2024-11-12,29509.13,29509.13,Оплачен вовремя
15458,1286,2024-12-12,29509.13,29509.13,Оплачен вовремя
15459,1286,2025-01-11,29509.13,29509.13,Оплачен вовремя
15460,1286,2025-02-10,29509.13,29509.13,Оплачен вовремя
15461,1286,2025-03-12,29509.13,29509.13,Оплачен вовремя
15462,1286,2025-04-11,29509.13,29509.13,Оплачен вовремя
15463,1286,2025-05-11,29509.13,29509.13,Оплачен вовремя
15464,1286,2025-06-10,29509.13,29509.13,Оплачен вовремя
15465,1286,2025-07-10,29509.13,29509.13,Оплачен вовремя
15466,1286,2025-08-09,29509.13,29509.13,Оплачен вовремя
15467,1286,2025-09-08,29509.13,29509.13,Оплачен вовремя
15468,1286,2025-10-08,29509.13,29509.13,Оплачен вовремя
15469,1286,2025-11-07,29509.13,29509.13,Оплачен вовремя
15470,1286,2025-12-07,29509.13,29509.13,Оплачен вовремя
15471,1287,2025-07-15,16645.2,16645.2,Оплачен вовремя
15472,1287,2025-08-14,16645.2,16645.2,Оплачен вовремя
15473,1287,2025-09-13,16645.2,16645.2,Оплачен вовремя
15474,1287,2025-10-13,16645.2,16645.2,Оплачен вовремя
15475,1287,2025-11-12,16645.2,16645.2,Оплачен вовремя
15476,1287,2025-12-12,16645.2,16645.2,Оплачен вовремя
15477,1288,2022-10-04,5145.61,5145.61,Оплачен вовремя
15478,1288,2022-11-03,5145.61,5145.61,Оплачен вовремя
15479,1288,2022-12-03,5145.61,5145.61,Оплачен вовремя
15480,1288,2023-01-02,5145.61,5145.61,Оплачен вовремя
15481,1288,2023-02-01,5145.61,5145.61,Оплачен вовремя
15482,1288,2023-03-03,5145.61,5145.61,Оплачен вовремя
15483,1288,2023-04-02,5145.61,5145.61,Оплачен вовремя
15484,1288,2023-05-02,5145.61,5145.61,Оплачен вовремя
15485,1288,2023-06-01,5145.61,5145.61,Оплачен вовремя
15486,1288,2023-07-01,5145.61,5145.61,Оплачен вовремя
15487,1288,2023-07-31,5145.61,5145.61,Оплачен вовремя
15488,1288,2023-08-30,5145.61,5145.61,Оплачен вовремя
15489,1288,2023-09-29,5145.61,5145.61,Оплачен вовремя
15490,1288,2023-10-29,5145.61,5145.61,Оплачен вовремя
15491,1288,2023-11-28,5145.61,5145.61,Оплачен вовремя
15492,1288,2023-12-28,5145.61,5145.61,Оплачен вовремя
15493,1288,2024-01-27,5145.61,5145.61,Оплачен вовремя
15494,1288,2024-02-26,5145.61,5145.61,Оплачен вовремя
15495,1288,2024-03-27,5145.61,5145.61,Оплачен вовремя
15496,1288,2024-04-26,5145.61,5145.61,Оплачен вовремя
15497,1288,2024-05-26,5145.61,5145.61,Оплачен вовремя
15498,1288,2024-06-25,5145.61,5145.61,Оплачен вовремя
15499,1288,2024-07-25,5145.61,5145.61,Оплачен вовремя
15500,1288,2024-08-24,5145.61,5145.61,Оплачен вовремя
15501,1288,2024-09-23,5145.61,5145.61,Оплачен вовремя
15502,1288,2024-10-23,5145.61,5145.61,Оплачен вовремя
15503,1288,2024-11-22,5145.61,5145.61,Оплачен вовремя
15504,1288,2024-12-22,5145.61,5145.61,Оплачен вовремя
15505,1288,2025-01-21,5145.61,5145.61,Оплачен вовремя
15506,1288,2025-02-20,5145.61,5145.61,Оплачен вовремя
15507,1288,2025-03-22,5145.61,5145.61,Оплачен вовремя
15508,1288,2025-04-21,5145.61,5145.61,Оплачен вовремя
15509,1288,2025-05-21,5145.61,5145.61,Оплачен вовремя
15510,1288,2025-06-20,5145.61,5145.61,Оплачен вовремя
15511,1288,2025-07-20,5145.61,5145.61,Оплачен вовремя
15512,1288,2025-08-19,5145.61,5145.61,Оплачен вовремя
15513,1288,2025-09-18,5145.61,5145.61,Оплачен вовремя
15514,1288,2025-10-18,5145.61,5145.61,Оплачен вовремя
15515,1288,2025-11-17,5145.61,5145.61,Оплачен вовремя
15516,1289,2025-08-22,17298.11,17298.11,Просрочен
15517,1289,2025-09-21,17298.11,17298.11,Оплачен вовремя
15518,1289,2025-10-21,17298.11,0.0,Не оплачен
15519,1289,2025-11-20,17298.11,17298.11,Оплачен вовремя
15520,1289,2025-12-20,17298.11,17298.11,Оплачен вовремя
15521,1290,2022-11-13,460954.87,460954.87,Оплачен вовремя
15522,1290,2022-12-13,460954.87,460954.87,Оплачен вовремя
15523,1290,2023-01-12,460954.87,460954.87,Оплачен вовремя
15524,1290,2023-02-11,460954.87,460954.87,Оплачен вовремя
15525,1290,2023-03-13,460954.87,460954.87,Оплачен вовремя
15526,1290,2023-04-12,460954.87,460954.87,Оплачен вовремя
15527,1291,2024-10-29,1190991.75,1190991.75,Оплачен вовремя
15528,1291,2024-11-28,1190991.75,1190991.75,Оплачен вовремя
15529,1291,2024-12-28,1190991.75,1190991.75,Оплачен вовремя
15530,1292,2025-05-08,1597.48,1597.48,Оплачен вовремя
15531,1292,2025-06-07,1597.48,1597.48,Оплачен вовремя
15532,1292,2025-07-07,1597.48,1597.48,Оплачен вовремя
15533,1292,2025-08-06,1597.48,1597.48,Оплачен вовремя
15534,1292,2025-09-05,1597.48,1597.48,Оплачен вовремя
15535,1292,2025-10-05,1597.48,1597.48,Оплачен вовремя
15536,1292,2025-11-04,1597.48,1597.48,Оплачен вовремя
15537,1292,2025-12-04,1597.48,1597.48,Оплачен вовремя
15538,1293,2024-11-19,23194.11,23194.11,Оплачен вовремя
15539,1293,2024-12-19,23194.11,23194.11,Оплачен вовремя
15540,1293,2025-01-18,23194.11,23194.11,Оплачен вовремя
15541,1293,2025-02-17,23194.11,23194.11,Оплачен вовремя
15542,1293,2025-03-19,23194.11,23194.11,Оплачен вовремя
15543,1293,2025-04-18,23194.11,23194.11,Оплачен вовремя
15544,1293,2025-05-18,23194.11,23194.11,Оплачен вовремя
15545,1293,2025-06-17,23194.11,23194.11,Оплачен вовремя
15546,1293,2025-07-17,23194.11,23194.11,Оплачен вовремя
15547,1293,2025-08-16,23194.11,23194.11,Оплачен вовремя
15548,1293,2025-09-15,23194.11,23194.11,Оплачен вовремя
15549,1293,2025-10-15,23194.11,23194.11,Оплачен вовремя
15550,1293,2025-11-14,23194.11,23194.11,Оплачен вовремя
15551,1293,2025-12-14,23194.11,23194.11,Оплачен вовремя
15552,1294,2025-10-28,43750.78,43750.78,Оплачен вовремя
15553,1294,2025-11-27,43750.78,43750.78,Оплачен вовремя
15554,1294,2025-12-27,43750.78,43750.78,Оплачен вовремя
15555,1295,2024-01-16,3563.35,3563.35,Оплачен вовремя
15556,1295,2024-02-15,3563.35,3563.35,Оплачен вовремя
15557,1295,2024-03-16,3563.35,3563.35,Оплачен вовремя
15558,1295,2024-04-15,3563.35,3563.35,Оплачен вовремя
15559,1295,2024-05-15,3563.35,3563.35,Оплачен вовремя
15560,1295,2024-06-14,3563.35,3563.35,Оплачен вовремя
15561,1295,2024-07-14,3563.35,3563.35,Оплачен вовремя
15562,1295,2024-08-13,3563.35,3563.35,Оплачен вовремя
15563,1295,2024-09-12,3563.35,3563.35,Оплачен вовремя
15564,1295,2024-10-12,3563.35,3563.35,Оплачен вовремя
15565,1295,2024-11-11,3563.35,3563.35,Оплачен вовремя
15566,1295,2024-12-11,3563.35,3563.35,Оплачен вовремя
15567,1295,2025-01-10,3563.35,3563.35,Оплачен вовремя
15568,1295,2025-02-09,3563.35,3563.35,Оплачен вовремя
15569,1295,2025-03-11,3563.35,3563.35,Оплачен вовремя
15570,1295,2025-04-10,3563.35,3563.35,Оплачен вовремя
15571,1295,2025-05-10,3563.35,3563.35,Оплачен вовремя
15572,1295,2025-06-09,3563.35,3563.35,Оплачен вовремя
15573,1295,2025-07-09,3563.35,3563.35,Оплачен вовремя
15574,1295,2025-08-08,3563.35,3563.35,Оплачен вовремя
15575,1295,2025-09-07,3563.35,3563.35,Оплачен вовремя
15576,1295,2025-10-07,3563.35,3563.35,Оплачен вовремя
15577,1295,2025-11-06,3563.35,3563.35,Оплачен вовремя
15578,1295,2025-12-06,3563.35,3563.35,Оплачен вовремя
15579,1296,2025-07-20,48230.47,48230.47,Оплачен вовремя
15580,1296,2025-08-19,48230.47,48230.47,Оплачен вовремя
15581,1296,2025-09-18,48230.47,48230.47,Оплачен вовремя
15582,1296,2025-10-18,48230.47,48230.47,Оплачен вовремя
15583,1296,2025-11-17,48230.47,48230.47,Оплачен вовремя
15584,1296,2025-12-17,48230.47,48230.47,Оплачен вовремя
15585,1297,2025-12-07,213315.89,213315.89,Оплачен вовремя
15586,1298,2023-01-16,13313.58,13313.58,Оплачен вовремя
15587,1298,2023-02-15,13313.58,13313.58,Оплачен вовремя
15588,1298,2023-03-17,13313.58,13313.58,Оплачен вовремя
15589,1298,2023-04-16,13313.58,13313.58,Оплачен вовремя
15590,1298,2023-05-16,13313.58,13313.58,Оплачен вовремя
15591,1298,2023-06-15,13313.58,13313.58,Оплачен вовремя
15592,1298,2023-07-15,13313.58,13313.58,Оплачен вовремя
15593,1298,2023-08-14,13313.58,13313.58,Оплачен вовремя
15594,1298,2023-09-13,13313.58,13313.58,Оплачен вовремя
15595,1298,2023-10-13,13313.58,13313.58,Оплачен вовремя
15596,1298,2023-11-12,13313.58,13313.58,Оплачен вовремя
15597,1298,2023-12-12,13313.58,13313.58,Оплачен вовремя
15598,1299,2024-05-23,726240.0,726240.0,Оплачен вовремя
15599,1299,2024-06-22,726240.0,726240.0,Оплачен вовремя
15600,1299,2024-07-22,726240.0,726240.0,Оплачен вовремя
15601,1301,2024-08-15,532471.94,532471.94,Оплачен вовремя
15602,1301,2024-09-14,532471.94,532471.94,Оплачен вовремя
15603,1301,2024-10-14,532471.94,532471.94,Оплачен вовремя
15604,1301,2024-11-13,532471.94,532471.94,Оплачен вовремя
15605,1301,2024-12-13,532471.94,532471.94,Оплачен вовремя
15606,1301,2025-01-12,532471.94,532471.94,Оплачен вовремя
15607,1301,2025-02-11,532471.94,532471.94,Оплачен вовремя
15608,1301,2025-03-13,532471.94,532471.94,Оплачен вовремя
15609,1301,2025-04-12,532471.94,532471.94,Оплачен вовремя
15610,1302,2025-04-07,97109.62,97109.62,Оплачен вовремя
15611,1302,2025-05-07,97109.62,97109.62,Оплачен вовремя
15612,1302,2025-06-06,97109.62,97109.62,Оплачен вовремя
15613,1302,2025-07-06,97109.62,97109.62,Оплачен вовремя
15614,1302,2025-08-05,97109.62,97109.62,Оплачен вовремя
15615,1302,2025-09-04,97109.62,97109.62,Оплачен вовремя
15616,1302,2025-10-04,97109.62,97109.62,Оплачен вовремя
15617,1302,2025-11-03,97109.62,97109.62,Оплачен вовремя
15618,1302,2025-12-03,97109.62,97109.62,Оплачен вовремя
15619,1303,2022-03-13,10294.34,10294.34,Оплачен вовремя
15620,1303,2022-04-12,10294.34,10294.34,Оплачен вовремя
15621,1303,2022-05-12,10294.34,10294.34,Оплачен вовремя
15622,1303,2022-06-11,10294.34,10294.34,Оплачен вовремя
15623,1303,2022-07-11,10294.34,10294.34,Оплачен вовремя
15624,1303,2022-08-10,10294.34,10294.34,Оплачен вовремя
15625,1303,2022-09-09,10294.34,10294.34,Оплачен вовремя
15626,1303,2022-10-09,10294.34,10294.34,Оплачен вовремя
15627,1303,2022-11-08,10294.34,10294.34,Оплачен вовремя
15628,1303,2022-12-08,10294.34,10294.34,Оплачен вовремя
15629,1303,2023-01-07,10294.34,10294.34,Оплачен вовремя
15630,1303,2023-02-06,10294.34,10294.34,Оплачен вовремя
15631,1303,2023-03-08,10294.34,10294.34,Оплачен вовремя
15632,1303,2023-04-07,10294.34,10294.34,Оплачен вовремя
15633,1303,2023-05-07,10294.34,10294.34,Оплачен вовремя
15634,1303,2023-06-06,10294.34,10294.34,Оплачен вовремя
15635,1303,2023-07-06,10294.34,10294.34,Оплачен вовремя
15636,1303,2023-08-05,10294.34,10294.34,Оплачен вовремя
15637,1303,2023-09-04,10294.34,10294.34,Оплачен вовремя
15638,1303,2023-10-04,10294.34,10294.34,Оплачен вовремя
15639,1303,2023-11-03,10294.34,10294.34,Оплачен вовремя
15640,1303,2023-12-03,10294.34,10294.34,Оплачен вовремя
15641,1303,2024-01-02,10294.34,10294.34,Оплачен вовремя
15642,1303,2024-02-01,10294.34,10294.34,Оплачен вовремя
15643,1304,2025-12-23,117986.84,117986.84,Просрочен
15644,1305,2025-03-23,1604559.99,1604559.99,Оплачен вовремя
15645,1305,2025-04-22,1604559.99,1604559.99,Оплачен вовремя
15646,1305,2025-05-22,1604559.99,1604559.99,Оплачен вовремя
15647,1306,2024-12-26,1378511.28,1378511.28,Оплачен вовремя
15648,1306,2025-01-25,1378511.28,1378511.28,Оплачен вовремя
15649,1306,2025-02-24,1378511.28,1378511.28,Оплачен вовремя
15650,1307,2025-04-22,61750.21,61750.21,Оплачен вовремя
15651,1307,2025-05-22,61750.21,61750.21,Оплачен вовремя
15652,1307,2025-06-21,61750.21,0.0,Не оплачен
15653,1307,2025-07-21,61750.21,61750.21,Просрочен
15654,1307,2025-08-20,61750.21,61750.21,Оплачен вовремя
15655,1307,2025-09-19,61750.21,61750.21,Оплачен вовремя
15656,1307,2025-10-19,61750.21,61750.21,Просрочен
15657,1307,2025-11-18,61750.21,61750.21,Оплачен вовремя
15658,1307,2025-12-18,61750.21,61750.21,Оплачен вовремя
15659,1308,2025-08-15,22563.99,22563.99,Оплачен вовремя
15660,1308,2025-09-14,22563.99,22563.99,Оплачен вовремя
15661,1308,2025-10-14,22563.99,22563.99,Оплачен вовремя
15662,1308,2025-11-13,22563.99,22563.99,Оплачен вовремя
15663,1308,2025-12-13,22563.99,22563.99,Оплачен вовремя
15664,1309,2023-10-30,58591.38,0.0,Не оплачен
15665,1309,2023-11-29,58591.38,58591.38,Оплачен вовремя
15666,1309,2023-12-29,58591.38,58591.38,Оплачен вовремя
15667,1309,2024-01-28,58591.38,58591.38,Оплачен вовремя
15668,1309,2024-02-27,58591.38,58591.38,Оплачен вовремя
15669,1309,2024-03-28,58591.38,58591.38,Оплачен вовремя
15670,1309,2024-04-27,58591.38,58591.38,Оплачен вовремя
15671,1309,2024-05-27,58591.38,58591.38,Оплачен вовремя
15672,1309,2024-06-26,58591.38,58591.38,Оплачен вовремя
15673,1309,2024-07-26,58591.38,0.0,Не оплачен
15674,1309,2024-08-25,58591.38,58591.38,Оплачен вовремя
15675,1309,2024-09-24,58591.38,58591.38,Просрочен
15676,1309,2024-10-24,58591.38,58591.38,Оплачен вовремя
15677,1309,2024-11-23,58591.38,58591.38,Оплачен вовремя
15678,1309,2024-12-23,58591.38,0.0,Не оплачен
15679,1309,2025-01-22,58591.38,58591.38,Оплачен вовремя
15680,1309,2025-02-21,58591.38,58591.38,Оплачен вовремя
15681,1309,2025-03-23,58591.38,58591.38,Оплачен вовремя
15682,1309,2025-04-22,58591.38,58591.38,Оплачен вовремя
15683,1309,2025-05-22,58591.38,58591.38,Оплачен вовремя
15684,1309,2025-06-21,58591.38,58591.38,Оплачен вовремя
15685,1309,2025-07-21,58591.38,58591.38,Оплачен вовремя
15686,1309,2025-08-20,58591.38,58591.38,Оплачен вовремя
15687,1309,2025-09-19,58591.38,58591.38,Оплачен вовремя
15688,1309,2025-10-19,58591.38,58591.38,Просрочен
15689,1309,2025-11-18,58591.38,58591.38,Оплачен вовремя
15690,1309,2025-12-18,58591.38,58591.38,Оплачен вовремя
15691,1310,2024-06-16,24721.47,24721.47,Оплачен вовремя
15692,1310,2024-07-16,24721.47,24721.47,Оплачен вовремя
15693,1310,2024-08-15,24721.47,24721.47,Оплачен вовремя
15694,1310,2024-09-14,24721.47,24721.47,Оплачен вовремя
15695,1310,2024-10-14,24721.47,24721.47,Оплачен вовремя
15696,1310,2024-11-13,24721.47,24721.47,Оплачен вовремя
15697,1310,2024-12-13,24721.47,24721.47,Оплачен вовремя
15698,1310,2025-01-12,24721.47,24721.47,Оплачен вовремя
15699,1310,2025-02-11,24721.47,24721.47,Оплачен вовремя
15700,1310,2025-03-13,24721.47,24721.47,Оплачен вовремя
15701,1310,2025-04-12,24721.47,24721.47,Оплачен вовремя
15702,1310,2025-05-12,24721.47,24721.47,Оплачен вовремя
15703,1310,2025-06-11,24721.47,24721.47,Оплачен вовремя
15704,1310,2025-07-11,24721.47,24721.47,Оплачен вовремя
15705,1310,2025-08-10,24721.47,24721.47,Оплачен вовремя
15706,1310,2025-09-09,24721.47,24721.47,Оплачен вовремя
15707,1310,2025-10-09,24721.47,24721.47,Оплачен вовремя
15708,1310,2025-11-08,24721.47,24721.47,Оплачен вовремя
15709,1310,2025-12-08,24721.47,24721.47,Оплачен вовремя
15710,1311,2024-11-15,6358.18,6358.18,Оплачен вовремя
15711,1311,2024-12-15,6358.18,6358.18,Оплачен вовремя
15712,1311,2025-01-14,6358.18,6358.18,Оплачен вовремя
15713,1311,2025-02-13,6358.18,6358.18,Оплачен вовремя
15714,1311,2025-03-15,6358.18,6358.18,Оплачен вовремя
15715,1311,2025-04-14,6358.18,6358.18,Оплачен вовремя
15716,1311,2025-05-14,6358.18,6358.18,Оплачен вовремя
15717,1311,2025-06-13,6358.18,6358.18,Оплачен вовремя
15718,1311,2025-07-13,6358.18,6358.18,Оплачен вовремя
15719,1311,2025-08-12,6358.18,6358.18,Оплачен вовремя
15720,1311,2025-09-11,6358.18,6358.18,Оплачен вовремя
15721,1311,2025-10-11,6358.18,6358.18,Оплачен вовремя
15722,1312,2023-01-03,28137.92,28137.92,Оплачен вовремя
15723,1312,2023-02-02,28137.92,28137.92,Оплачен вовремя
15724,1312,2023-03-04,28137.92,28137.92,Оплачен вовремя
15725,1312,2023-04-03,28137.92,28137.92,Оплачен вовремя
15726,1312,2023-05-03,28137.92,28137.92,Оплачен вовремя
15727,1312,2023-06-02,28137.92,28137.92,Оплачен вовремя
15728,1312,2023-07-02,28137.92,28137.92,Оплачен вовремя
15729,1312,2023-08-01,28137.92,28137.92,Оплачен вовремя
15730,1312,2023-08-31,28137.92,28137.92,Оплачен вовремя
15731,1313,2025-11-17,11934.94,11934.94,Оплачен вовремя
15732,1313,2025-12-17,11934.94,11934.94,Оплачен вовремя
15733,1315,2023-09-21,20636.96,20636.96,Оплачен вовремя
15734,1315,2023-10-21,20636.96,20636.96,Просрочен
15735,1315,2023-11-20,20636.96,20636.96,Оплачен вовремя
15736,1315,2023-12-20,20636.96,20636.96,Оплачен вовремя
15737,1315,2024-01-19,20636.96,0.0,Не оплачен
15738,1315,2024-02-18,20636.96,0.0,Не оплачен
15739,1315,2024-03-19,20636.96,20636.96,Оплачен вовремя
15740,1315,2024-04-18,20636.96,20636.96,Оплачен вовремя
15741,1315,2024-05-18,20636.96,20636.96,Оплачен вовремя
15742,1315,2024-06-17,20636.96,20636.96,Оплачен вовремя
15743,1315,2024-07-17,20636.96,0.0,Не оплачен
15744,1315,2024-08-16,20636.96,20636.96,Оплачен вовремя
15745,1315,2024-09-15,20636.96,20636.96,Оплачен вовремя
15746,1315,2024-10-15,20636.96,20636.96,Оплачен вовремя
15747,1315,2024-11-14,20636.96,0.0,Не оплачен
15748,1315,2024-12-14,20636.96,20636.96,Оплачен вовремя
15749,1315,2025-01-13,20636.96,20636.96,Оплачен вовремя
15750,1315,2025-02-12,20636.96,0.0,Не оплачен
15751,1315,2025-03-14,20636.96,20636.96,Оплачен вовремя
15752,1315,2025-04-13,20636.96,20636.96,Оплачен вовремя
15753,1315,2025-05-13,20636.96,20636.96,Оплачен вовремя
15754,1315,2025-06-12,20636.96,20636.96,Оплачен вовремя
15755,1315,2025-07-12,20636.96,20636.96,Просрочен
15756,1315,2025-08-11,20636.96,0.0,Не оплачен
15757,1315,2025-09-10,20636.96,20636.96,Оплачен вовремя
15758,1315,2025-10-10,20636.96,20636.96,Оплачен вовремя
15759,1315,2025-11-09,20636.96,20636.96,Оплачен вовремя
15760,1315,2025-12-09,20636.96,20636.96,Оплачен вовремя
15761,1317,2024-11-22,18832.96,18832.96,Оплачен вовремя
15762,1317,2024-12-22,18832.96,18832.96,Оплачен вовремя
15763,1317,2025-01-21,18832.96,18832.96,Оплачен вовремя
15764,1317,2025-02-20,18832.96,0.0,Не оплачен
15765,1317,2025-03-22,18832.96,18832.96,Просрочен
15766,1317,2025-04-21,18832.96,18832.96,Оплачен вовремя
15767,1317,2025-05-21,18832.96,18832.96,Просрочен
15768,1317,2025-06-20,18832.96,18832.96,Оплачен вовремя
15769,1317,2025-07-20,18832.96,18832.96,Просрочен
15770,1317,2025-08-19,18832.96,18832.96,Оплачен вовремя
15771,1317,2025-09-18,18832.96,0.0,Не оплачен
15772,1317,2025-10-18,18832.96,18832.96,Просрочен
15773,1317,2025-11-17,18832.96,18832.96,Оплачен вовремя
15774,1317,2025-12-17,18832.96,18832.96,Оплачен вовремя
15775,1318,2024-07-03,23713.58,23713.58,Оплачен вовремя
15776,1318,2024-08-02,23713.58,23713.58,Оплачен вовремя
15777,1318,2024-09-01,23713.58,23713.58,Оплачен вовремя
15778,1318,2024-10-01,23713.58,23713.58,Оплачен вовремя
15779,1318,2024-10-31,23713.58,23713.58,Оплачен вовремя
15780,1318,2024-11-30,23713.58,23713.58,Оплачен вовремя
15781,1318,2024-12-30,23713.58,23713.58,Оплачен вовремя
15782,1318,2025-01-29,23713.58,23713.58,Оплачен вовремя
15783,1318,2025-02-28,23713.58,23713.58,Оплачен вовремя
15784,1318,2025-03-30,23713.58,23713.58,Оплачен вовремя
15785,1318,2025-04-29,23713.58,0.0,Не оплачен
15786,1318,2025-05-29,23713.58,23713.58,Оплачен вовремя
15787,1318,2025-06-28,23713.58,23713.58,Просрочен
15788,1318,2025-07-28,23713.58,0.0,Не оплачен
15789,1318,2025-08-27,23713.58,23713.58,Оплачен вовремя
15790,1318,2025-09-26,23713.58,23713.58,Оплачен вовремя
15791,1318,2025-10-26,23713.58,23713.58,Просрочен
15792,1318,2025-11-25,23713.58,23713.58,Просрочен
15793,1319,2025-09-01,6569.23,6569.23,Оплачен вовремя
15794,1319,2025-10-01,6569.23,6569.23,Оплачен вовремя
15795,1319,2025-10-31,6569.23,6569.23,Оплачен вовремя
15796,1319,2025-11-30,6569.23,6569.23,Оплачен вовремя
15797,1321,2024-02-26,6234.4,6234.4,Оплачен вовремя
15798,1321,2024-03-27,6234.4,6234.4,Оплачен вовремя
15799,1321,2024-04-26,6234.4,6234.4,Оплачен вовремя
15800,1321,2024-05-26,6234.4,6234.4,Оплачен вовремя
15801,1321,2024-06-25,6234.4,6234.4,Оплачен вовремя
15802,1321,2024-07-25,6234.4,6234.4,Оплачен вовремя
15803,1321,2024-08-24,6234.4,6234.4,Оплачен вовремя
15804,1321,2024-09-23,6234.4,6234.4,Оплачен вовремя
15805,1321,2024-10-23,6234.4,6234.4,Оплачен вовремя
15806,1321,2024-11-22,6234.4,6234.4,Оплачен вовремя
15807,1321,2024-12-22,6234.4,6234.4,Оплачен вовремя
15808,1321,2025-01-21,6234.4,6234.4,Оплачен вовремя
15809,1321,2025-02-20,6234.4,6234.4,Оплачен вовремя
15810,1321,2025-03-22,6234.4,6234.4,Оплачен вовремя
15811,1321,2025-04-21,6234.4,6234.4,Оплачен вовремя
15812,1321,2025-05-21,6234.4,6234.4,Оплачен вовремя
15813,1321,2025-06-20,6234.4,6234.4,Оплачен вовремя
15814,1321,2025-07-20,6234.4,6234.4,Оплачен вовремя
15815,1321,2025-08-19,6234.4,6234.4,Оплачен вовремя
15816,1321,2025-09-18,6234.4,6234.4,Оплачен вовремя
15817,1321,2025-10-18,6234.4,6234.4,Оплачен вовремя
15818,1321,2025-11-17,6234.4,6234.4,Оплачен вовремя
15819,1321,2025-12-17,6234.4,6234.4,Оплачен вовремя
15820,1322,2025-03-24,40908.76,40908.76,Оплачен вовремя
15821,1322,2025-04-23,40908.76,40908.76,Оплачен вовремя
15822,1322,2025-05-23,40908.76,40908.76,Оплачен вовремя
15823,1322,2025-06-22,40908.76,40908.76,Оплачен вовремя
15824,1322,2025-07-22,40908.76,40908.76,Оплачен вовремя
15825,1322,2025-08-21,40908.76,40908.76,Оплачен вовремя
15826,1322,2025-09-20,40908.76,40908.76,Оплачен вовремя
15827,1322,2025-10-20,40908.76,40908.76,Оплачен вовремя
15828,1322,2025-11-19,40908.76,40908.76,Оплачен вовремя
15829,1322,2025-12-19,40908.76,40908.76,Оплачен вовремя
15830,1323,2025-07-19,14839.4,14839.4,Оплачен вовремя
15831,1323,2025-08-18,14839.4,14839.4,Оплачен вовремя
15832,1323,2025-09-17,14839.4,14839.4,Оплачен вовремя
15833,1323,2025-10-17,14839.4,14839.4,Оплачен вовремя
15834,1323,2025-11-16,14839.4,14839.4,Оплачен вовремя
15835,1323,2025-12-16,14839.4,14839.4,Оплачен вовремя
15836,1324,2025-02-21,57421.19,57421.19,Оплачен вовремя
15837,1324,2025-03-23,57421.19,57421.19,Оплачен вовремя
15838,1324,2025-04-22,57421.19,57421.19,Оплачен вовремя
15839,1324,2025-05-22,57421.19,57421.19,Оплачен вовремя
15840,1324,2025-06-21,57421.19,57421.19,Оплачен вовремя
15841,1324,2025-07-21,57421.19,57421.19,Оплачен вовремя
15842,1324,2025-08-20,57421.19,57421.19,Оплачен вовремя
15843,1324,2025-09-19,57421.19,57421.19,Оплачен вовремя
15844,1324,2025-10-19,57421.19,57421.19,Оплачен вовремя
15845,1324,2025-11-18,57421.19,57421.19,Оплачен вовремя
15846,1324,2025-12-18,57421.19,57421.19,Оплачен вовремя
15847,1325,2025-01-17,11080.58,11080.58,Оплачен вовремя
15848,1325,2025-02-16,11080.58,11080.58,Оплачен вовремя
15849,1325,2025-03-18,11080.58,11080.58,Оплачен вовремя
15850,1325,2025-04-17,11080.58,11080.58,Оплачен вовремя
15851,1325,2025-05-17,11080.58,11080.58,Оплачен вовремя
15852,1325,2025-06-16,11080.58,11080.58,Оплачен вовремя
15853,1325,2025-07-16,11080.58,11080.58,Оплачен вовремя
15854,1325,2025-08-15,11080.58,11080.58,Оплачен вовремя
15855,1325,2025-09-14,11080.58,11080.58,Оплачен вовремя
15856,1325,2025-10-14,11080.58,11080.58,Оплачен вовремя
15857,1325,2025-11-13,11080.58,11080.58,Оплачен вовремя
15858,1325,2025-12-13,11080.58,11080.58,Оплачен вовремя
15859,1326,2025-09-10,154804.47,154804.47,Оплачен вовремя
15860,1326,2025-10-10,154804.47,154804.47,Оплачен вовремя
15861,1326,2025-11-09,154804.47,154804.47,Оплачен вовремя
15862,1326,2025-12-09,154804.47,154804.47,Оплачен вовремя
15863,1327,2025-07-30,8216.1,8216.1,Оплачен вовремя
15864,1327,2025-08-29,8216.1,8216.1,Оплачен вовремя
15865,1327,2025-09-28,8216.1,8216.1,Оплачен вовремя
15866,1327,2025-10-28,8216.1,8216.1,Оплачен вовремя
15867,1327,2025-11-27,8216.1,8216.1,Оплачен вовремя
15868,1327,2025-12-27,8216.1,8216.1,Оплачен вовремя
15869,1328,2025-11-09,10525.53,10525.53,Оплачен вовремя
15870,1328,2025-12-09,10525.53,10525.53,Оплачен вовремя
15871,1329,2025-11-27,410389.89,410389.89,Оплачен вовремя
15872,1329,2025-12-27,410389.89,410389.89,Оплачен вовремя
15873,1330,2025-01-17,38667.79,38667.79,Оплачен вовремя
15874,1330,2025-02-16,38667.79,38667.79,Оплачен вовремя
15875,1330,2025-03-18,38667.79,38667.79,Оплачен вовремя
15876,1330,2025-04-17,38667.79,38667.79,Оплачен вовремя
15877,1330,2025-05-17,38667.79,38667.79,Оплачен вовремя
15878,1330,2025-06-16,38667.79,38667.79,Оплачен вовремя
15879,1330,2025-07-16,38667.79,38667.79,Оплачен вовремя
15880,1330,2025-08-15,38667.79,38667.79,Оплачен вовремя
15881,1330,2025-09-14,38667.79,38667.79,Оплачен вовремя
15882,1330,2025-10-14,38667.79,38667.79,Оплачен вовремя
15883,1330,2025-11-13,38667.79,38667.79,Оплачен вовремя
15884,1330,2025-12-13,38667.79,38667.79,Оплачен вовремя
15885,1331,2025-09-29,33326.42,33326.42,Оплачен вовремя
15886,1331,2025-10-29,33326.42,33326.42,Оплачен вовремя
15887,1331,2025-11-28,33326.42,33326.42,Оплачен вовремя
15888,1331,2025-12-28,33326.42,33326.42,Оплачен вовремя
15889,1332,2023-09-18,21505.89,21505.89,Оплачен вовремя
15890,1332,2023-10-18,21505.89,0.0,Не оплачен
15891,1332,2023-11-17,21505.89,21505.89,Просрочен
15892,1332,2023-12-17,21505.89,21505.89,Оплачен вовремя
15893,1332,2024-01-16,21505.89,21505.89,Оплачен вовремя
15894,1332,2024-02-15,21505.89,21505.89,Оплачен вовремя
15895,1332,2024-03-16,21505.89,21505.89,Оплачен вовремя
15896,1332,2024-04-15,21505.89,21505.89,Оплачен вовремя
15897,1332,2024-05-15,21505.89,21505.89,Оплачен вовремя
15898,1332,2024-06-14,21505.89,0.0,Не оплачен
15899,1332,2024-07-14,21505.89,21505.89,Просрочен
15900,1332,2024-08-13,21505.89,21505.89,Оплачен вовремя
15901,1332,2024-09-12,21505.89,21505.89,Оплачен вовремя
15902,1332,2024-10-12,21505.89,21505.89,Оплачен вовремя
15903,1332,2024-11-11,21505.89,21505.89,Оплачен вовремя
15904,1332,2024-12-11,21505.89,21505.89,Оплачен вовремя
15905,1332,2025-01-10,21505.89,21505.89,Оплачен вовремя
15906,1332,2025-02-09,21505.89,21505.89,Просрочен
15907,1332,2025-03-11,21505.89,21505.89,Оплачен вовремя
15908,1332,2025-04-10,21505.89,21505.89,Оплачен вовремя
15909,1332,2025-05-10,21505.89,21505.89,Просрочен
15910,1332,2025-06-09,21505.89,21505.89,Оплачен вовремя
15911,1332,2025-07-09,21505.89,21505.89,Просрочен
15912,1332,2025-08-08,21505.89,21505.89,Просрочен
15913,1332,2025-09-07,21505.89,21505.89,Оплачен вовремя
15914,1332,2025-10-07,21505.89,0.0,Не оплачен
15915,1332,2025-11-06,21505.89,21505.89,Оплачен вовремя
15916,1332,2025-12-06,21505.89,21505.89,Оплачен вовремя
15917,1333,2023-12-28,409329.72,409329.72,Оплачен вовремя
15918,1333,2024-01-27,409329.72,409329.72,Оплачен вовремя
15919,1333,2024-02-26,409329.72,409329.72,Оплачен вовремя
15920,1333,2024-03-27,409329.72,409329.72,Оплачен вовремя
15921,1333,2024-04-26,409329.72,409329.72,Оплачен вовремя
15922,1333,2024-05-26,409329.72,409329.72,Оплачен вовремя
15923,1333,2024-06-25,409329.72,409329.72,Оплачен вовремя
15924,1333,2024-07-25,409329.72,409329.72,Оплачен вовремя
15925,1333,2024-08-24,409329.72,409329.72,Оплачен вовремя
15926,1334,2025-10-31,23154.48,23154.48,Оплачен вовремя
15927,1334,2025-11-30,23154.48,23154.48,Оплачен вовремя
15928,1335,2023-05-08,1466989.87,1466989.87,Оплачен вовремя
15929,1335,2023-06-07,1466989.87,1466989.87,Оплачен вовремя
15930,1335,2023-07-07,1466989.87,1466989.87,Оплачен вовремя
15931,1336,2024-09-05,298411.45,298411.45,Оплачен вовремя
15932,1336,2024-10-05,298411.45,298411.45,Оплачен вовремя
15933,1336,2024-11-04,298411.45,298411.45,Оплачен вовремя
15934,1336,2024-12-04,298411.45,298411.45,Оплачен вовремя
15935,1336,2025-01-03,298411.45,298411.45,Оплачен вовремя
15936,1336,2025-02-02,298411.45,298411.45,Оплачен вовремя
15937,1336,2025-03-04,298411.45,298411.45,Оплачен вовремя
15938,1336,2025-04-03,298411.45,298411.45,Оплачен вовремя
15939,1336,2025-05-03,298411.45,298411.45,Оплачен вовремя
15940,1338,2023-10-30,8629.9,8629.9,Оплачен вовремя
15941,1338,2023-11-29,8629.9,8629.9,Оплачен вовремя
15942,1338,2023-12-29,8629.9,8629.9,Оплачен вовремя
15943,1338,2024-01-28,8629.9,8629.9,Оплачен вовремя
15944,1338,2024-02-27,8629.9,8629.9,Оплачен вовремя
15945,1338,2024-03-28,8629.9,8629.9,Оплачен вовремя
15946,1338,2024-04-27,8629.9,8629.9,Оплачен вовремя
15947,1338,2024-05-27,8629.9,8629.9,Оплачен вовремя
15948,1338,2024-06-26,8629.9,8629.9,Оплачен вовремя
15949,1338,2024-07-26,8629.9,8629.9,Оплачен вовремя
15950,1338,2024-08-25,8629.9,8629.9,Оплачен вовремя
15951,1338,2024-09-24,8629.9,8629.9,Оплачен вовремя
15952,1338,2024-10-24,8629.9,8629.9,Оплачен вовремя
15953,1338,2024-11-23,8629.9,8629.9,Оплачен вовремя
15954,1338,2024-12-23,8629.9,8629.9,Оплачен вовремя
15955,1338,2025-01-22,8629.9,8629.9,Оплачен вовремя
15956,1338,2025-02-21,8629.9,8629.9,Оплачен вовремя
15957,1338,2025-03-23,8629.9,8629.9,Оплачен вовремя
15958,1338,2025-04-22,8629.9,8629.9,Оплачен вовремя
15959,1338,2025-05-22,8629.9,8629.9,Оплачен вовремя
15960,1338,2025-06-21,8629.9,8629.9,Оплачен вовремя
15961,1338,2025-07-21,8629.9,8629.9,Оплачен вовремя
15962,1338,2025-08-20,8629.9,8629.9,Оплачен вовремя
15963,1338,2025-09-19,8629.9,8629.9,Оплачен вовремя
15964,1341,2025-12-15,5356.97,5356.97,Оплачен вовремя
15965,1342,2025-04-24,25712.14,25712.14,Оплачен вовремя
15966,1342,2025-05-24,25712.14,25712.14,Оплачен вовремя
15967,1342,2025-06-23,25712.14,25712.14,Оплачен вовремя
15968,1342,2025-07-23,25712.14,25712.14,Оплачен вовремя
15969,1342,2025-08-22,25712.14,25712.14,Оплачен вовремя
15970,1342,2025-09-21,25712.14,25712.14,Оплачен вовремя
15971,1342,2025-10-21,25712.14,25712.14,Оплачен вовремя
15972,1342,2025-11-20,25712.14,25712.14,Оплачен вовремя
15973,1342,2025-12-20,25712.14,25712.14,Оплачен вовремя
15974,1343,2024-02-03,30177.22,30177.22,Оплачен вовремя
15975,1343,2024-03-04,30177.22,30177.22,Оплачен вовремя
15976,1343,2024-04-03,30177.22,30177.22,Оплачен вовремя
15977,1343,2024-05-03,30177.22,30177.22,Оплачен вовремя
15978,1343,2024-06-02,30177.22,30177.22,Оплачен вовремя
15979,1343,2024-07-02,30177.22,30177.22,Оплачен вовремя
15980,1343,2024-08-01,30177.22,30177.22,Оплачен вовремя
15981,1343,2024-08-31,30177.22,30177.22,Оплачен вовремя
15982,1343,2024-09-30,30177.22,30177.22,Оплачен вовремя
15983,1343,2024-10-30,30177.22,30177.22,Оплачен вовремя
15984,1343,2024-11-29,30177.22,30177.22,Оплачен вовремя
15985,1343,2024-12-29,30177.22,30177.22,Оплачен вовремя
15986,1344,2024-05-17,283491.25,283491.25,Оплачен вовремя
15987,1344,2024-06-16,283491.25,283491.25,Оплачен вовремя
15988,1344,2024-07-16,283491.25,283491.25,Оплачен вовремя
15989,1344,2024-08-15,283491.25,283491.25,Оплачен вовремя
15990,1344,2024-09-14,283491.25,283491.25,Оплачен вовремя
15991,1344,2024-10-14,283491.25,283491.25,Оплачен вовремя
15992,1344,2024-11-13,283491.25,283491.25,Оплачен вовремя
15993,1344,2024-12-13,283491.25,283491.25,Оплачен вовремя
15994,1344,2025-01-12,283491.25,283491.25,Оплачен вовремя
15995,1345,2025-08-04,63924.35,63924.35,Оплачен вовремя
15996,1345,2025-09-03,63924.35,63924.35,Оплачен вовремя
15997,1345,2025-10-03,63924.35,63924.35,Оплачен вовремя
15998,1345,2025-11-02,63924.35,63924.35,Оплачен вовремя
15999,1345,2025-12-02,63924.35,63924.35,Оплачен вовремя
16000,1346,2024-04-09,3221.63,3221.63,Оплачен вовремя
16001,1346,2024-05-09,3221.63,3221.63,Оплачен вовремя
16002,1346,2024-06-08,3221.63,3221.63,Оплачен вовремя
16003,1346,2024-07-08,3221.63,3221.63,Оплачен вовремя
16004,1346,2024-08-07,3221.63,3221.63,Оплачен вовремя
16005,1346,2024-09-06,3221.63,3221.63,Оплачен вовремя
16006,1346,2024-10-06,3221.63,3221.63,Оплачен вовремя
16007,1346,2024-11-05,3221.63,3221.63,Оплачен вовремя
16008,1346,2024-12-05,3221.63,3221.63,Оплачен вовремя
16009,1346,2025-01-04,3221.63,3221.63,Оплачен вовремя
16010,1346,2025-02-03,3221.63,3221.63,Оплачен вовремя
16011,1346,2025-03-05,3221.63,3221.63,Оплачен вовремя
16012,1347,2025-02-04,903201.78,903201.78,Оплачен вовремя
16013,1347,2025-03-06,903201.78,903201.78,Оплачен вовремя
16014,1347,2025-04-05,903201.78,903201.78,Оплачен вовремя
16015,1348,2025-06-04,155899.92,155899.92,Оплачен вовремя
16016,1348,2025-07-04,155899.92,155899.92,Оплачен вовремя
16017,1348,2025-08-03,155899.92,155899.92,Оплачен вовремя
16018,1348,2025-09-02,155899.92,155899.92,Оплачен вовремя
16019,1348,2025-10-02,155899.92,155899.92,Оплачен вовремя
16020,1348,2025-11-01,155899.92,155899.92,Оплачен вовремя
16021,1348,2025-12-01,155899.92,155899.92,Оплачен вовремя
16022,1349,2023-08-21,7529.5,7529.5,Оплачен вовремя
16023,1349,2023-09-20,7529.5,7529.5,Оплачен вовремя
16024,1349,2023-10-20,7529.5,7529.5,Оплачен вовремя
16025,1349,2023-11-19,7529.5,7529.5,Оплачен вовремя
16026,1349,2023-12-19,7529.5,7529.5,Оплачен вовремя
16027,1349,2024-01-18,7529.5,7529.5,Оплачен вовремя
16028,1349,2024-02-17,7529.5,7529.5,Оплачен вовремя
16029,1349,2024-03-18,7529.5,7529.5,Оплачен вовремя
16030,1349,2024-04-17,7529.5,7529.5,Оплачен вовремя
16031,1349,2024-05-17,7529.5,7529.5,Оплачен вовремя
16032,1349,2024-06-16,7529.5,7529.5,Оплачен вовремя
16033,1349,2024-07-16,7529.5,7529.5,Оплачен вовремя
16034,1349,2024-08-15,7529.5,7529.5,Оплачен вовремя
16035,1349,2024-09-14,7529.5,7529.5,Оплачен вовремя
16036,1349,2024-10-14,7529.5,7529.5,Оплачен вовремя
16037,1349,2024-11-13,7529.5,7529.5,Оплачен вовремя
16038,1349,2024-12-13,7529.5,7529.5,Оплачен вовремя
16039,1349,2025-01-12,7529.5,7529.5,Оплачен вовремя
16040,1349,2025-02-11,7529.5,7529.5,Оплачен вовремя
16041,1349,2025-03-13,7529.5,7529.5,Оплачен вовремя
16042,1349,2025-04-12,7529.5,7529.5,Оплачен вовремя
16043,1349,2025-05-12,7529.5,7529.5,Оплачен вовремя
16044,1349,2025-06-11,7529.5,7529.5,Оплачен вовремя
16045,1349,2025-07-11,7529.5,7529.5,Оплачен вовремя
16046,1349,2025-08-10,7529.5,7529.5,Оплачен вовремя
16047,1349,2025-09-09,7529.5,7529.5,Оплачен вовремя
16048,1349,2025-10-09,7529.5,7529.5,Оплачен вовремя
16049,1349,2025-11-08,7529.5,7529.5,Оплачен вовремя
16050,1349,2025-12-08,7529.5,7529.5,Оплачен вовремя
16051,1350,2025-06-20,2600.12,2600.12,Оплачен вовремя
16052,1350,2025-07-20,2600.12,2600.12,Оплачен вовремя
16053,1350,2025-08-19,2600.12,2600.12,Оплачен вовремя
16054,1350,2025-09-18,2600.12,2600.12,Оплачен вовремя
16055,1350,2025-10-18,2600.12,2600.12,Оплачен вовремя
16056,1350,2025-11-17,2600.12,2600.12,Оплачен вовремя
16057,1350,2025-12-17,2600.12,2600.12,Оплачен вовремя
16058,1351,2025-02-08,79740.02,79740.02,Оплачен вовремя
16059,1351,2025-03-10,79740.02,79740.02,Оплачен вовремя
16060,1351,2025-04-09,79740.02,79740.02,Оплачен вовремя
16061,1351,2025-05-09,79740.02,79740.02,Оплачен вовремя
16062,1351,2025-06-08,79740.02,79740.02,Оплачен вовремя
16063,1351,2025-07-08,79740.02,79740.02,Оплачен вовремя
16064,1351,2025-08-07,79740.02,79740.02,Оплачен вовремя
16065,1351,2025-09-06,79740.02,79740.02,Оплачен вовремя
16066,1351,2025-10-06,79740.02,79740.02,Оплачен вовремя
16067,1351,2025-11-05,79740.02,79740.02,Оплачен вовремя
16068,1351,2025-12-05,79740.02,79740.02,Оплачен вовремя
16069,1352,2024-05-14,58156.67,58156.67,Оплачен вовремя
16070,1352,2024-06-13,58156.67,58156.67,Оплачен вовремя
16071,1352,2024-07-13,58156.67,58156.67,Оплачен вовремя
16072,1352,2024-08-12,58156.67,58156.67,Оплачен вовремя
16073,1352,2024-09-11,58156.67,58156.67,Оплачен вовремя
16074,1352,2024-10-11,58156.67,58156.67,Оплачен вовремя
16075,1352,2024-11-10,58156.67,58156.67,Оплачен вовремя
16076,1352,2024-12-10,58156.67,58156.67,Оплачен вовремя
16077,1352,2025-01-09,58156.67,58156.67,Оплачен вовремя
16078,1352,2025-02-08,58156.67,58156.67,Оплачен вовремя
16079,1352,2025-03-10,58156.67,58156.67,Оплачен вовремя
16080,1352,2025-04-09,58156.67,58156.67,Оплачен вовремя
16081,1352,2025-05-09,58156.67,58156.67,Оплачен вовремя
16082,1352,2025-06-08,58156.67,58156.67,Оплачен вовремя
16083,1352,2025-07-08,58156.67,58156.67,Оплачен вовремя
16084,1352,2025-08-07,58156.67,58156.67,Оплачен вовремя
16085,1352,2025-09-06,58156.67,58156.67,Оплачен вовремя
16086,1352,2025-10-06,58156.67,58156.67,Оплачен вовремя
16087,1352,2025-11-05,58156.67,58156.67,Оплачен вовремя
16088,1352,2025-12-05,58156.67,58156.67,Оплачен вовремя
16089,1353,2022-11-29,5424.14,5424.14,Оплачен вовремя
16090,1353,2022-12-29,5424.14,5424.14,Оплачен вовремя
16091,1353,2023-01-28,5424.14,5424.14,Оплачен вовремя
16092,1353,2023-02-27,5424.14,5424.14,Оплачен вовремя
16093,1353,2023-03-29,5424.14,5424.14,Оплачен вовремя
16094,1353,2023-04-28,5424.14,5424.14,Оплачен вовремя
16095,1353,2023-05-28,5424.14,5424.14,Оплачен вовремя
16096,1353,2023-06-27,5424.14,5424.14,Оплачен вовремя
16097,1353,2023-07-27,5424.14,5424.14,Оплачен вовремя
16098,1353,2023-08-26,5424.14,5424.14,Оплачен вовремя
16099,1353,2023-09-25,5424.14,5424.14,Оплачен вовремя
16100,1353,2023-10-25,5424.14,5424.14,Оплачен вовремя
16101,1353,2023-11-24,5424.14,5424.14,Оплачен вовремя
16102,1353,2023-12-24,5424.14,5424.14,Оплачен вовремя
16103,1353,2024-01-23,5424.14,5424.14,Оплачен вовремя
16104,1353,2024-02-22,5424.14,5424.14,Оплачен вовремя
16105,1353,2024-03-23,5424.14,5424.14,Оплачен вовремя
16106,1353,2024-04-22,5424.14,5424.14,Оплачен вовремя
16107,1353,2024-05-22,5424.14,5424.14,Оплачен вовремя
16108,1353,2024-06-21,5424.14,5424.14,Оплачен вовремя
16109,1353,2024-07-21,5424.14,5424.14,Оплачен вовремя
16110,1353,2024-08-20,5424.14,5424.14,Оплачен вовремя
16111,1353,2024-09-19,5424.14,5424.14,Оплачен вовремя
16112,1353,2024-10-19,5424.14,5424.14,Оплачен вовремя
16113,1353,2024-11-18,5424.14,5424.14,Оплачен вовремя
16114,1353,2024-12-18,5424.14,5424.14,Оплачен вовремя
16115,1353,2025-01-17,5424.14,5424.14,Оплачен вовремя
16116,1353,2025-02-16,5424.14,5424.14,Оплачен вовремя
16117,1353,2025-03-18,5424.14,5424.14,Оплачен вовремя
16118,1353,2025-04-17,5424.14,5424.14,Оплачен вовремя
16119,1353,2025-05-17,5424.14,5424.14,Оплачен вовремя
16120,1353,2025-06-16,5424.14,5424.14,Оплачен вовремя
16121,1353,2025-07-16,5424.14,5424.14,Оплачен вовремя
16122,1353,2025-08-15,5424.14,5424.14,Оплачен вовремя
16123,1353,2025-09-14,5424.14,5424.14,Оплачен вовремя
16124,1353,2025-10-14,5424.14,5424.14,Оплачен вовремя
16125,1354,2025-05-07,3048.25,3048.25,Оплачен вовремя
16126,1354,2025-06-06,3048.25,3048.25,Оплачен вовремя
16127,1354,2025-07-06,3048.25,3048.25,Оплачен вовремя
16128,1354,2025-08-05,3048.25,3048.25,Оплачен вовремя
16129,1354,2025-09-04,3048.25,3048.25,Оплачен вовремя
16130,1354,2025-10-04,3048.25,3048.25,Оплачен вовремя
16131,1354,2025-11-03,3048.25,3048.25,Оплачен вовремя
16132,1354,2025-12-03,3048.25,3048.25,Оплачен вовремя
16133,1355,2024-02-21,38234.81,38234.81,Оплачен вовремя
16134,1355,2024-03-22,38234.81,38234.81,Оплачен вовремя
16135,1355,2024-04-21,38234.81,38234.81,Оплачен вовремя
16136,1355,2024-05-21,38234.81,38234.81,Оплачен вовремя
16137,1355,2024-06-20,38234.81,38234.81,Оплачен вовремя
16138,1355,2024-07-20,38234.81,38234.81,Оплачен вовремя
16139,1355,2024-08-19,38234.81,38234.81,Оплачен вовремя
16140,1355,2024-09-18,38234.81,38234.81,Оплачен вовремя
16141,1355,2024-10-18,38234.81,38234.81,Оплачен вовремя
16142,1355,2024-11-17,38234.81,38234.81,Оплачен вовремя
16143,1355,2024-12-17,38234.81,38234.81,Оплачен вовремя
16144,1355,2025-01-16,38234.81,38234.81,Оплачен вовремя
16145,1356,2025-09-15,15983.66,15983.66,Оплачен вовремя
16146,1356,2025-10-15,15983.66,15983.66,Оплачен вовремя
16147,1356,2025-11-14,15983.66,15983.66,Оплачен вовремя
16148,1356,2025-12-14,15983.66,15983.66,Оплачен вовремя
16149,1357,2024-06-22,113777.37,113777.37,Оплачен вовремя
16150,1357,2024-07-22,113777.37,113777.37,Просрочен
16151,1357,2024-08-21,113777.37,113777.37,Оплачен вовремя
16152,1357,2024-09-20,113777.37,113777.37,Оплачен вовремя
16153,1357,2024-10-20,113777.37,113777.37,Оплачен вовремя
16154,1357,2024-11-19,113777.37,113777.37,Оплачен вовремя
16155,1358,2025-01-16,22587.46,22587.46,Оплачен вовремя
16156,1358,2025-02-15,22587.46,22587.46,Оплачен вовремя
16157,1358,2025-03-17,22587.46,22587.46,Оплачен вовремя
16158,1358,2025-04-16,22587.46,22587.46,Оплачен вовремя
16159,1358,2025-05-16,22587.46,22587.46,Оплачен вовремя
16160,1358,2025-06-15,22587.46,22587.46,Оплачен вовремя
16161,1358,2025-07-15,22587.46,22587.46,Оплачен вовремя
16162,1358,2025-08-14,22587.46,22587.46,Оплачен вовремя
16163,1358,2025-09-13,22587.46,22587.46,Оплачен вовремя
16164,1358,2025-10-13,22587.46,22587.46,Оплачен вовремя
16165,1358,2025-11-12,22587.46,22587.46,Оплачен вовремя
16166,1358,2025-12-12,22587.46,22587.46,Оплачен вовремя
16167,1359,2024-04-01,4534.99,4534.99,Оплачен вовремя
16168,1359,2024-05-01,4534.99,4534.99,Оплачен вовремя
16169,1359,2024-05-31,4534.99,4534.99,Оплачен вовремя
16170,1359,2024-06-30,4534.99,4534.99,Оплачен вовремя
16171,1359,2024-07-30,4534.99,4534.99,Оплачен вовремя
16172,1359,2024-08-29,4534.99,4534.99,Оплачен вовремя
16173,1359,2024-09-28,4534.99,4534.99,Оплачен вовремя
16174,1359,2024-10-28,4534.99,4534.99,Оплачен вовремя
16175,1359,2024-11-27,4534.99,4534.99,Оплачен вовремя
16176,1359,2024-12-27,4534.99,4534.99,Оплачен вовремя
16177,1359,2025-01-26,4534.99,4534.99,Оплачен вовремя
16178,1359,2025-02-25,4534.99,4534.99,Оплачен вовремя
16179,1360,2024-03-24,7317.49,7317.49,Оплачен вовремя
16180,1360,2024-04-23,7317.49,7317.49,Оплачен вовремя
16181,1360,2024-05-23,7317.49,7317.49,Оплачен вовремя
16182,1360,2024-06-22,7317.49,7317.49,Оплачен вовремя
16183,1360,2024-07-22,7317.49,7317.49,Оплачен вовремя
16184,1360,2024-08-21,7317.49,7317.49,Оплачен вовремя
16185,1360,2024-09-20,7317.49,7317.49,Оплачен вовремя
16186,1360,2024-10-20,7317.49,7317.49,Оплачен вовремя
16187,1360,2024-11-19,7317.49,7317.49,Оплачен вовремя
16188,1360,2024-12-19,7317.49,7317.49,Оплачен вовремя
16189,1360,2025-01-18,7317.49,7317.49,Оплачен вовремя
16190,1360,2025-02-17,7317.49,7317.49,Оплачен вовремя
16191,1361,2025-01-22,438468.86,438468.86,Оплачен вовремя
16192,1361,2025-02-21,438468.86,438468.86,Оплачен вовремя
16193,1361,2025-03-23,438468.86,438468.86,Оплачен вовремя
16194,1361,2025-04-22,438468.86,438468.86,Оплачен вовремя
16195,1361,2025-05-22,438468.86,438468.86,Оплачен вовремя
16196,1361,2025-06-21,438468.86,438468.86,Оплачен вовремя
16197,1362,2025-07-26,53968.38,53968.38,Оплачен вовремя
16198,1362,2025-08-25,53968.38,53968.38,Оплачен вовремя
16199,1362,2025-09-24,53968.38,53968.38,Оплачен вовремя
16200,1362,2025-10-24,53968.38,53968.38,Оплачен вовремя
16201,1362,2025-11-23,53968.38,53968.38,Оплачен вовремя
16202,1362,2025-12-23,53968.38,53968.38,Оплачен вовремя
16203,1363,2024-07-27,64981.49,64981.49,Оплачен вовремя
16204,1363,2024-08-26,64981.49,64981.49,Оплачен вовремя
16205,1363,2024-09-25,64981.49,64981.49,Оплачен вовремя
16206,1363,2024-10-25,64981.49,64981.49,Оплачен вовремя
16207,1363,2024-11-24,64981.49,64981.49,Оплачен вовремя
16208,1363,2024-12-24,64981.49,64981.49,Оплачен вовремя
16209,1363,2025-01-23,64981.49,64981.49,Оплачен вовремя
16210,1363,2025-02-22,64981.49,64981.49,Оплачен вовремя
16211,1363,2025-03-24,64981.49,64981.49,Оплачен вовремя
16212,1363,2025-04-23,64981.49,64981.49,Оплачен вовремя
16213,1363,2025-05-23,64981.49,64981.49,Оплачен вовремя
16214,1363,2025-06-22,64981.49,64981.49,Оплачен вовремя
16215,1364,2025-10-29,43850.47,43850.47,Оплачен вовремя
16216,1364,2025-11-28,43850.47,43850.47,Оплачен вовремя
16217,1364,2025-12-28,43850.47,43850.47,Оплачен вовремя
16218,1365,2023-08-11,6435.32,6435.32,Оплачен вовремя
16219,1365,2023-09-10,6435.32,6435.32,Оплачен вовремя
16220,1365,2023-10-10,6435.32,6435.32,Оплачен вовремя
16221,1365,2023-11-09,6435.32,6435.32,Оплачен вовремя
16222,1365,2023-12-09,6435.32,6435.32,Оплачен вовремя
16223,1365,2024-01-08,6435.32,6435.32,Оплачен вовремя
16224,1365,2024-02-07,6435.32,6435.32,Оплачен вовремя
16225,1365,2024-03-08,6435.32,6435.32,Оплачен вовремя
16226,1365,2024-04-07,6435.32,6435.32,Оплачен вовремя
16227,1365,2024-05-07,6435.32,6435.32,Оплачен вовремя
16228,1365,2024-06-06,6435.32,6435.32,Оплачен вовремя
16229,1365,2024-07-06,6435.32,6435.32,Оплачен вовремя
16230,1365,2024-08-05,6435.32,6435.32,Оплачен вовремя
16231,1365,2024-09-04,6435.32,6435.32,Оплачен вовремя
16232,1365,2024-10-04,6435.32,6435.32,Оплачен вовремя
16233,1365,2024-11-03,6435.32,6435.32,Оплачен вовремя
16234,1365,2024-12-03,6435.32,6435.32,Оплачен вовремя
16235,1365,2025-01-02,6435.32,6435.32,Оплачен вовремя
16236,1365,2025-02-01,6435.32,6435.32,Оплачен вовремя
16237,1365,2025-03-03,6435.32,6435.32,Оплачен вовремя
16238,1365,2025-04-02,6435.32,6435.32,Оплачен вовремя
16239,1365,2025-05-02,6435.32,6435.32,Оплачен вовремя
16240,1365,2025-06-01,6435.32,6435.32,Оплачен вовремя
16241,1365,2025-07-01,6435.32,6435.32,Оплачен вовремя
16242,1365,2025-07-31,6435.32,6435.32,Оплачен вовремя
16243,1365,2025-08-30,6435.32,6435.32,Оплачен вовремя
16244,1365,2025-09-29,6435.32,6435.32,Оплачен вовремя
16245,1365,2025-10-29,6435.32,6435.32,Оплачен вовремя
16246,1365,2025-11-28,6435.32,6435.32,Оплачен вовремя
16247,1366,2024-01-16,78195.94,78195.94,Оплачен вовремя
16248,1366,2024-02-15,78195.94,78195.94,Оплачен вовремя
16249,1366,2024-03-16,78195.94,78195.94,Оплачен вовремя
16250,1366,2024-04-15,78195.94,78195.94,Оплачен вовремя
16251,1366,2024-05-15,78195.94,78195.94,Оплачен вовремя
16252,1366,2024-06-14,78195.94,78195.94,Оплачен вовремя
16253,1366,2024-07-14,78195.94,78195.94,Оплачен вовремя
16254,1366,2024-08-13,78195.94,78195.94,Оплачен вовремя
16255,1366,2024-09-12,78195.94,78195.94,Оплачен вовремя
16256,1366,2024-10-12,78195.94,78195.94,Оплачен вовремя
16257,1366,2024-11-11,78195.94,78195.94,Оплачен вовремя
16258,1366,2024-12-11,78195.94,78195.94,Оплачен вовремя
16259,1366,2025-01-10,78195.94,78195.94,Оплачен вовремя
16260,1366,2025-02-09,78195.94,78195.94,Оплачен вовремя
16261,1366,2025-03-11,78195.94,78195.94,Оплачен вовремя
16262,1366,2025-04-10,78195.94,78195.94,Оплачен вовремя
16263,1366,2025-05-10,78195.94,78195.94,Оплачен вовремя
16264,1366,2025-06-09,78195.94,78195.94,Оплачен вовремя
16265,1366,2025-07-09,78195.94,78195.94,Оплачен вовремя
16266,1366,2025-08-08,78195.94,78195.94,Оплачен вовремя
16267,1366,2025-09-07,78195.94,78195.94,Оплачен вовремя
16268,1366,2025-10-07,78195.94,78195.94,Оплачен вовремя
16269,1366,2025-11-06,78195.94,78195.94,Оплачен вовремя
16270,1366,2025-12-06,78195.94,78195.94,Оплачен вовремя
16271,1367,2025-08-08,18793.19,18793.19,Оплачен вовремя
16272,1367,2025-09-07,18793.19,18793.19,Оплачен вовремя
16273,1367,2025-10-07,18793.19,18793.19,Оплачен вовремя
16274,1367,2025-11-06,18793.19,18793.19,Оплачен вовремя
16275,1367,2025-12-06,18793.19,18793.19,Оплачен вовремя
16276,1368,2025-05-17,15819.69,15819.69,Оплачен вовремя
16277,1368,2025-06-16,15819.69,15819.69,Оплачен вовремя
16278,1368,2025-07-16,15819.69,15819.69,Оплачен вовремя
16279,1368,2025-08-15,15819.69,15819.69,Оплачен вовремя
16280,1368,2025-09-14,15819.69,15819.69,Оплачен вовремя
16281,1368,2025-10-14,15819.69,15819.69,Оплачен вовремя
16282,1368,2025-11-13,15819.69,15819.69,Оплачен вовремя
16283,1368,2025-12-13,15819.69,15819.69,Оплачен вовремя
16284,1369,2025-08-01,26974.34,26974.34,Оплачен вовремя
16285,1369,2025-08-31,26974.34,26974.34,Оплачен вовремя
16286,1369,2025-09-30,26974.34,26974.34,Оплачен вовремя
16287,1369,2025-10-30,26974.34,26974.34,Оплачен вовремя
16288,1369,2025-11-29,26974.34,26974.34,Оплачен вовремя
16289,1371,2025-01-29,494800.01,494800.01,Оплачен вовремя
16290,1371,2025-02-28,494800.01,494800.01,Оплачен вовремя
16291,1371,2025-03-30,494800.01,494800.01,Оплачен вовремя
16292,1371,2025-04-29,494800.01,494800.01,Оплачен вовремя
16293,1371,2025-05-29,494800.01,494800.01,Оплачен вовремя
16294,1371,2025-06-28,494800.01,494800.01,Оплачен вовремя
16295,1372,2023-10-28,755474.27,755474.27,Оплачен вовремя
16296,1372,2023-11-27,755474.27,755474.27,Оплачен вовремя
16297,1372,2023-12-27,755474.27,755474.27,Оплачен вовремя
16298,1372,2024-01-26,755474.27,755474.27,Оплачен вовремя
16299,1372,2024-02-25,755474.27,755474.27,Оплачен вовремя
16300,1372,2024-03-26,755474.27,755474.27,Оплачен вовремя
16301,1373,2024-08-08,465139.79,465139.79,Оплачен вовремя
16302,1373,2024-09-07,465139.79,465139.79,Оплачен вовремя
16303,1373,2024-10-07,465139.79,465139.79,Оплачен вовремя
16304,1373,2024-11-06,465139.79,465139.79,Оплачен вовремя
16305,1373,2024-12-06,465139.79,465139.79,Оплачен вовремя
16306,1373,2025-01-05,465139.79,465139.79,Оплачен вовремя
16307,1373,2025-02-04,465139.79,465139.79,Оплачен вовремя
16308,1373,2025-03-06,465139.79,465139.79,Оплачен вовремя
16309,1373,2025-04-05,465139.79,465139.79,Оплачен вовремя
16310,1374,2025-07-28,48063.5,48063.5,Оплачен вовремя
16311,1374,2025-08-27,48063.5,48063.5,Оплачен вовремя
16312,1374,2025-09-26,48063.5,48063.5,Оплачен вовремя
16313,1374,2025-10-26,48063.5,48063.5,Оплачен вовремя
16314,1374,2025-11-25,48063.5,48063.5,Оплачен вовремя
16315,1374,2025-12-25,48063.5,48063.5,Оплачен вовремя
16316,1375,2024-12-04,11266.09,11266.09,Оплачен вовремя
16317,1375,2025-01-03,11266.09,11266.09,Оплачен вовремя
16318,1375,2025-02-02,11266.09,0.0,Не оплачен
16319,1375,2025-03-04,11266.09,11266.09,Оплачен вовремя
16320,1375,2025-04-03,11266.09,11266.09,Просрочен
16321,1375,2025-05-03,11266.09,0.0,Не оплачен
16322,1375,2025-06-02,11266.09,11266.09,Просрочен
16323,1375,2025-07-02,11266.09,11266.09,Оплачен вовремя
16324,1375,2025-08-01,11266.09,11266.09,Оплачен вовремя
16325,1375,2025-08-31,11266.09,11266.09,Просрочен
16326,1375,2025-09-30,11266.09,11266.09,Оплачен вовремя
16327,1375,2025-10-30,11266.09,11266.09,Оплачен вовремя
16328,1375,2025-11-29,11266.09,0.0,Не оплачен
16329,1376,2024-12-30,8963.33,8963.33,Оплачен вовремя
16330,1376,2025-01-29,8963.33,8963.33,Оплачен вовремя
16331,1376,2025-02-28,8963.33,8963.33,Оплачен вовремя
16332,1376,2025-03-30,8963.33,8963.33,Оплачен вовремя
16333,1376,2025-04-29,8963.33,8963.33,Оплачен вовремя
16334,1376,2025-05-29,8963.33,8963.33,Оплачен вовремя
16335,1376,2025-06-28,8963.33,8963.33,Оплачен вовремя
16336,1376,2025-07-28,8963.33,8963.33,Оплачен вовремя
16337,1376,2025-08-27,8963.33,8963.33,Оплачен вовремя
16338,1376,2025-09-26,8963.33,8963.33,Оплачен вовремя
16339,1376,2025-10-26,8963.33,8963.33,Оплачен вовремя
16340,1376,2025-11-25,8963.33,8963.33,Оплачен вовремя
16341,1376,2025-12-25,8963.33,8963.33,Оплачен вовремя
16342,1377,2024-12-31,37530.93,37530.93,Оплачен вовремя
16343,1377,2025-01-30,37530.93,37530.93,Оплачен вовремя
16344,1377,2025-03-01,37530.93,37530.93,Оплачен вовремя
16345,1377,2025-03-31,37530.93,37530.93,Оплачен вовремя
16346,1377,2025-04-30,37530.93,37530.93,Оплачен вовремя
16347,1377,2025-05-30,37530.93,37530.93,Оплачен вовремя
16348,1377,2025-06-29,37530.93,37530.93,Оплачен вовремя
16349,1377,2025-07-29,37530.93,37530.93,Оплачен вовремя
16350,1377,2025-08-28,37530.93,37530.93,Оплачен вовремя
16351,1377,2025-09-27,37530.93,37530.93,Оплачен вовремя
16352,1377,2025-10-27,37530.93,37530.93,Оплачен вовремя
16353,1377,2025-11-26,37530.93,37530.93,Оплачен вовремя
16354,1378,2023-01-08,18798.12,18798.12,Оплачен вовремя
16355,1378,2023-02-07,18798.12,18798.12,Оплачен вовремя
16356,1378,2023-03-09,18798.12,18798.12,Оплачен вовремя
16357,1378,2023-04-08,18798.12,18798.12,Оплачен вовремя
16358,1378,2023-05-08,18798.12,18798.12,Оплачен вовремя
16359,1378,2023-06-07,18798.12,18798.12,Оплачен вовремя
16360,1378,2023-07-07,18798.12,18798.12,Оплачен вовремя
16361,1378,2023-08-06,18798.12,18798.12,Оплачен вовремя
16362,1378,2023-09-05,18798.12,18798.12,Оплачен вовремя
16363,1378,2023-10-05,18798.12,18798.12,Оплачен вовремя
16364,1378,2023-11-04,18798.12,18798.12,Оплачен вовремя
16365,1378,2023-12-04,18798.12,18798.12,Оплачен вовремя
16366,1378,2024-01-03,18798.12,18798.12,Оплачен вовремя
16367,1378,2024-02-02,18798.12,18798.12,Оплачен вовремя
16368,1378,2024-03-03,18798.12,18798.12,Оплачен вовремя
16369,1378,2024-04-02,18798.12,18798.12,Оплачен вовремя
16370,1378,2024-05-02,18798.12,18798.12,Оплачен вовремя
16371,1378,2024-06-01,18798.12,18798.12,Оплачен вовремя
16372,1378,2024-07-01,18798.12,18798.12,Оплачен вовремя
16373,1378,2024-07-31,18798.12,18798.12,Оплачен вовремя
16374,1378,2024-08-30,18798.12,18798.12,Оплачен вовремя
16375,1378,2024-09-29,18798.12,18798.12,Оплачен вовремя
16376,1378,2024-10-29,18798.12,18798.12,Оплачен вовремя
16377,1378,2024-11-28,18798.12,18798.12,Оплачен вовремя
16378,1378,2024-12-28,18798.12,18798.12,Оплачен вовремя
16379,1378,2025-01-27,18798.12,18798.12,Оплачен вовремя
16380,1378,2025-02-26,18798.12,18798.12,Оплачен вовремя
16381,1378,2025-03-28,18798.12,18798.12,Оплачен вовремя
16382,1378,2025-04-27,18798.12,18798.12,Оплачен вовремя
16383,1378,2025-05-27,18798.12,18798.12,Оплачен вовремя
16384,1378,2025-06-26,18798.12,18798.12,Оплачен вовремя
16385,1378,2025-07-26,18798.12,18798.12,Оплачен вовремя
16386,1378,2025-08-25,18798.12,18798.12,Оплачен вовремя
16387,1378,2025-09-24,18798.12,18798.12,Оплачен вовремя
16388,1378,2025-10-24,18798.12,18798.12,Оплачен вовремя
16389,1378,2025-11-23,18798.12,18798.12,Оплачен вовремя
16390,1379,2023-12-31,411570.52,411570.52,Оплачен вовремя
16391,1379,2024-01-30,411570.52,411570.52,Оплачен вовремя
16392,1379,2024-02-29,411570.52,411570.52,Оплачен вовремя
16393,1379,2024-03-30,411570.52,411570.52,Оплачен вовремя
16394,1379,2024-04-29,411570.52,411570.52,Оплачен вовремя
16395,1379,2024-05-29,411570.52,411570.52,Оплачен вовремя
16396,1379,2024-06-28,411570.52,411570.52,Оплачен вовремя
16397,1379,2024-07-28,411570.52,411570.52,Оплачен вовремя
16398,1379,2024-08-27,411570.52,411570.52,Оплачен вовремя
16399,1379,2024-09-26,411570.52,411570.52,Оплачен вовремя
16400,1379,2024-10-26,411570.52,411570.52,Оплачен вовремя
16401,1379,2024-11-25,411570.52,411570.52,Оплачен вовремя
16402,1380,2025-02-19,13910.7,13910.7,Оплачен вовремя
16403,1380,2025-03-21,13910.7,13910.7,Оплачен вовремя
16404,1380,2025-04-20,13910.7,13910.7,Оплачен вовремя
16405,1380,2025-05-20,13910.7,13910.7,Оплачен вовремя
16406,1380,2025-06-19,13910.7,13910.7,Оплачен вовремя
16407,1380,2025-07-19,13910.7,13910.7,Оплачен вовремя
16408,1380,2025-08-18,13910.7,13910.7,Оплачен вовремя
16409,1380,2025-09-17,13910.7,13910.7,Оплачен вовремя
16410,1380,2025-10-17,13910.7,13910.7,Оплачен вовремя
16411,1380,2025-11-16,13910.7,13910.7,Оплачен вовремя
16412,1380,2025-12-16,13910.7,13910.7,Оплачен вовремя
16413,1381,2024-09-02,9758.29,9758.29,Оплачен вовремя
16414,1381,2024-10-02,9758.29,9758.29,Оплачен вовремя
16415,1381,2024-11-01,9758.29,9758.29,Оплачен вовремя
16416,1381,2024-12-01,9758.29,9758.29,Оплачен вовремя
16417,1381,2024-12-31,9758.29,9758.29,Просрочен
16418,1381,2025-01-30,9758.29,0.0,Не оплачен
16419,1381,2025-03-01,9758.29,9758.29,Оплачен вовремя
16420,1381,2025-03-31,9758.29,9758.29,Оплачен вовремя
16421,1381,2025-04-30,9758.29,9758.29,Оплачен вовремя
16422,1381,2025-05-30,9758.29,9758.29,Оплачен вовремя
16423,1381,2025-06-29,9758.29,9758.29,Просрочен
16424,1381,2025-07-29,9758.29,9758.29,Просрочен
16425,1381,2025-08-28,9758.29,0.0,Не оплачен
16426,1381,2025-09-27,9758.29,9758.29,Просрочен
16427,1381,2025-10-27,9758.29,9758.29,Просрочен
16428,1381,2025-11-26,9758.29,9758.29,Оплачен вовремя
16429,1382,2023-10-29,9966.8,9966.8,Оплачен вовремя
16430,1382,2023-11-28,9966.8,9966.8,Оплачен вовремя
16431,1382,2023-12-28,9966.8,9966.8,Оплачен вовремя
16432,1382,2024-01-27,9966.8,9966.8,Оплачен вовремя
16433,1382,2024-02-26,9966.8,9966.8,Оплачен вовремя
16434,1382,2024-03-27,9966.8,9966.8,Оплачен вовремя
16435,1382,2024-04-26,9966.8,9966.8,Оплачен вовремя
16436,1382,2024-05-26,9966.8,9966.8,Оплачен вовремя
16437,1382,2024-06-25,9966.8,9966.8,Оплачен вовремя
16438,1382,2024-07-25,9966.8,9966.8,Оплачен вовремя
16439,1382,2024-08-24,9966.8,9966.8,Оплачен вовремя
16440,1382,2024-09-23,9966.8,9966.8,Оплачен вовремя
16441,1382,2024-10-23,9966.8,9966.8,Оплачен вовремя
16442,1382,2024-11-22,9966.8,9966.8,Оплачен вовремя
16443,1382,2024-12-22,9966.8,9966.8,Оплачен вовремя
16444,1382,2025-01-21,9966.8,9966.8,Оплачен вовремя
16445,1382,2025-02-20,9966.8,9966.8,Оплачен вовремя
16446,1382,2025-03-22,9966.8,9966.8,Оплачен вовремя
16447,1382,2025-04-21,9966.8,9966.8,Оплачен вовремя
16448,1382,2025-05-21,9966.8,9966.8,Оплачен вовремя
16449,1382,2025-06-20,9966.8,9966.8,Оплачен вовремя
16450,1382,2025-07-20,9966.8,9966.8,Оплачен вовремя
16451,1382,2025-08-19,9966.8,9966.8,Оплачен вовремя
16452,1382,2025-09-18,9966.8,9966.8,Оплачен вовремя
16453,1382,2025-10-18,9966.8,9966.8,Оплачен вовремя
16454,1382,2025-11-17,9966.8,9966.8,Оплачен вовремя
16455,1382,2025-12-17,9966.8,9966.8,Оплачен вовремя
16456,1384,2024-04-26,5462.81,5462.81,Оплачен вовремя
16457,1384,2024-05-26,5462.81,5462.81,Оплачен вовремя
16458,1384,2024-06-25,5462.81,5462.81,Оплачен вовремя
16459,1384,2024-07-25,5462.81,5462.81,Оплачен вовремя
16460,1384,2024-08-24,5462.81,5462.81,Оплачен вовремя
16461,1384,2024-09-23,5462.81,5462.81,Оплачен вовремя
16462,1384,2024-10-23,5462.81,5462.81,Оплачен вовремя
16463,1384,2024-11-22,5462.81,5462.81,Оплачен вовремя
16464,1384,2024-12-22,5462.81,5462.81,Оплачен вовремя
16465,1384,2025-01-21,5462.81,5462.81,Оплачен вовремя
16466,1384,2025-02-20,5462.81,5462.81,Оплачен вовремя
16467,1384,2025-03-22,5462.81,5462.81,Оплачен вовремя
16468,1384,2025-04-21,5462.81,5462.81,Оплачен вовремя
16469,1384,2025-05-21,5462.81,5462.81,Оплачен вовремя
16470,1384,2025-06-20,5462.81,5462.81,Оплачен вовремя
16471,1384,2025-07-20,5462.81,5462.81,Оплачен вовремя
16472,1384,2025-08-19,5462.81,5462.81,Оплачен вовремя
16473,1384,2025-09-18,5462.81,5462.81,Оплачен вовремя
16474,1384,2025-10-18,5462.81,5462.81,Оплачен вовремя
16475,1384,2025-11-17,5462.81,5462.81,Оплачен вовремя
16476,1384,2025-12-17,5462.81,5462.81,Оплачен вовремя
16477,1385,2025-08-05,482874.31,482874.31,Оплачен вовремя
16478,1385,2025-09-04,482874.31,482874.31,Оплачен вовремя
16479,1385,2025-10-04,482874.31,482874.31,Оплачен вовремя
16480,1385,2025-11-03,482874.31,482874.31,Оплачен вовремя
16481,1385,2025-12-03,482874.31,482874.31,Оплачен вовремя
16482,1386,2025-11-27,13323.1,13323.1,Оплачен вовремя
16483,1386,2025-12-27,13323.1,13323.1,Оплачен вовремя
16484,1387,2023-04-27,46936.34,46936.34,Оплачен вовремя
16485,1387,2023-05-27,46936.34,46936.34,Оплачен вовремя
16486,1387,2023-06-26,46936.34,46936.34,Оплачен вовремя
16487,1387,2023-07-26,46936.34,46936.34,Оплачен вовремя
16488,1387,2023-08-25,46936.34,46936.34,Оплачен вовремя
16489,1387,2023-09-24,46936.34,46936.34,Оплачен вовремя
16490,1387,2023-10-24,46936.34,46936.34,Оплачен вовремя
16491,1387,2023-11-23,46936.34,46936.34,Оплачен вовремя
16492,1387,2023-12-23,46936.34,46936.34,Оплачен вовремя
16493,1387,2024-01-22,46936.34,46936.34,Оплачен вовремя
16494,1387,2024-02-21,46936.34,46936.34,Оплачен вовремя
16495,1387,2024-03-22,46936.34,46936.34,Оплачен вовремя
16496,1387,2024-04-21,46936.34,46936.34,Оплачен вовремя
16497,1387,2024-05-21,46936.34,46936.34,Оплачен вовремя
16498,1387,2024-06-20,46936.34,46936.34,Оплачен вовремя
16499,1387,2024-07-20,46936.34,46936.34,Оплачен вовремя
16500,1387,2024-08-19,46936.34,46936.34,Оплачен вовремя
16501,1387,2024-09-18,46936.34,46936.34,Оплачен вовремя
16502,1387,2024-10-18,46936.34,46936.34,Оплачен вовремя
16503,1387,2024-11-17,46936.34,46936.34,Оплачен вовремя
16504,1387,2024-12-17,46936.34,46936.34,Оплачен вовремя
16505,1387,2025-01-16,46936.34,46936.34,Оплачен вовремя
16506,1387,2025-02-15,46936.34,46936.34,Оплачен вовремя
16507,1387,2025-03-17,46936.34,46936.34,Оплачен вовремя
16508,1387,2025-04-16,46936.34,46936.34,Оплачен вовремя
16509,1387,2025-05-16,46936.34,46936.34,Оплачен вовремя
16510,1387,2025-06-15,46936.34,46936.34,Оплачен вовремя
16511,1387,2025-07-15,46936.34,46936.34,Оплачен вовремя
16512,1387,2025-08-14,46936.34,46936.34,Оплачен вовремя
16513,1387,2025-09-13,46936.34,46936.34,Оплачен вовремя
16514,1387,2025-10-13,46936.34,46936.34,Оплачен вовремя
16515,1387,2025-11-12,46936.34,46936.34,Оплачен вовремя
16516,1387,2025-12-12,46936.34,46936.34,Оплачен вовремя
16517,1388,2025-10-30,33789.24,33789.24,Оплачен вовремя
16518,1388,2025-11-29,33789.24,33789.24,Оплачен вовремя
16519,1388,2025-12-29,33789.24,33789.24,Оплачен вовремя
16520,1389,2024-08-20,21992.88,21992.88,Просрочен
16521,1389,2024-09-19,21992.88,21992.88,Оплачен вовремя
16522,1389,2024-10-19,21992.88,21992.88,Просрочен
16523,1389,2024-11-18,21992.88,21992.88,Оплачен вовремя
16524,1389,2024-12-18,21992.88,21992.88,Просрочен
16525,1389,2025-01-17,21992.88,21992.88,Просрочен
16526,1389,2025-02-16,21992.88,21992.88,Просрочен
16527,1389,2025-03-18,21992.88,21992.88,Просрочен
16528,1389,2025-04-17,21992.88,21992.88,Просрочен
16529,1389,2025-05-17,21992.88,0.0,Не оплачен
16530,1389,2025-06-16,21992.88,21992.88,Оплачен вовремя
16531,1389,2025-07-16,21992.88,21992.88,Просрочен
16532,1390,2023-11-20,22640.63,22640.63,Оплачен вовремя
16533,1390,2023-12-20,22640.63,22640.63,Оплачен вовремя
16534,1390,2024-01-19,22640.63,22640.63,Оплачен вовремя
16535,1390,2024-02-18,22640.63,22640.63,Оплачен вовремя
16536,1390,2024-03-19,22640.63,22640.63,Оплачен вовремя
16537,1390,2024-04-18,22640.63,22640.63,Оплачен вовремя
16538,1390,2024-05-18,22640.63,22640.63,Оплачен вовремя
16539,1390,2024-06-17,22640.63,22640.63,Оплачен вовремя
16540,1390,2024-07-17,22640.63,22640.63,Оплачен вовремя
16541,1390,2024-08-16,22640.63,22640.63,Оплачен вовремя
16542,1390,2024-09-15,22640.63,22640.63,Оплачен вовремя
16543,1390,2024-10-15,22640.63,22640.63,Оплачен вовремя
16544,1391,2024-08-26,4822.48,4822.48,Оплачен вовремя
16545,1391,2024-09-25,4822.48,4822.48,Оплачен вовремя
16546,1391,2024-10-25,4822.48,4822.48,Оплачен вовремя
16547,1391,2024-11-24,4822.48,4822.48,Оплачен вовремя
16548,1391,2024-12-24,4822.48,4822.48,Оплачен вовремя
16549,1391,2025-01-23,4822.48,4822.48,Оплачен вовремя
16550,1391,2025-02-22,4822.48,4822.48,Оплачен вовремя
16551,1391,2025-03-24,4822.48,4822.48,Оплачен вовремя
16552,1391,2025-04-23,4822.48,4822.48,Оплачен вовремя
16553,1391,2025-05-23,4822.48,4822.48,Оплачен вовремя
16554,1391,2025-06-22,4822.48,4822.48,Оплачен вовремя
16555,1391,2025-07-22,4822.48,4822.48,Оплачен вовремя
16556,1391,2025-08-21,4822.48,4822.48,Оплачен вовремя
16557,1391,2025-09-20,4822.48,4822.48,Оплачен вовремя
16558,1391,2025-10-20,4822.48,4822.48,Оплачен вовремя
16559,1391,2025-11-19,4822.48,4822.48,Оплачен вовремя
16560,1391,2025-12-19,4822.48,4822.48,Оплачен вовремя
16561,1392,2023-08-07,131966.91,131966.91,Оплачен вовремя
16562,1392,2023-09-06,131966.91,131966.91,Оплачен вовремя
16563,1392,2023-10-06,131966.91,131966.91,Оплачен вовремя
16564,1392,2023-11-05,131966.91,131966.91,Оплачен вовремя
16565,1392,2023-12-05,131966.91,131966.91,Оплачен вовремя
16566,1392,2024-01-04,131966.91,131966.91,Оплачен вовремя
16567,1392,2024-02-03,131966.91,131966.91,Оплачен вовремя
16568,1392,2024-03-04,131966.91,131966.91,Оплачен вовремя
16569,1392,2024-04-03,131966.91,131966.91,Оплачен вовремя
16570,1393,2024-08-07,60120.51,60120.51,Оплачен вовремя
16571,1393,2024-09-06,60120.51,60120.51,Оплачен вовремя
16572,1393,2024-10-06,60120.51,60120.51,Оплачен вовремя
16573,1393,2024-11-05,60120.51,60120.51,Оплачен вовремя
16574,1393,2024-12-05,60120.51,60120.51,Оплачен вовремя
16575,1393,2025-01-04,60120.51,60120.51,Оплачен вовремя
16576,1393,2025-02-03,60120.51,60120.51,Оплачен вовремя
16577,1393,2025-03-05,60120.51,60120.51,Оплачен вовремя
16578,1393,2025-04-04,60120.51,60120.51,Оплачен вовремя
16579,1393,2025-05-04,60120.51,60120.51,Оплачен вовремя
16580,1393,2025-06-03,60120.51,60120.51,Оплачен вовремя
16581,1393,2025-07-03,60120.51,60120.51,Оплачен вовремя
16582,1393,2025-08-02,60120.51,60120.51,Оплачен вовремя
16583,1393,2025-09-01,60120.51,60120.51,Оплачен вовремя
16584,1393,2025-10-01,60120.51,60120.51,Оплачен вовремя
16585,1393,2025-10-31,60120.51,60120.51,Оплачен вовремя
16586,1393,2025-11-30,60120.51,60120.51,Оплачен вовремя
16587,1394,2024-03-05,5923.82,5923.82,Оплачен вовремя
16588,1394,2024-04-04,5923.82,5923.82,Оплачен вовремя
16589,1394,2024-05-04,5923.82,5923.82,Оплачен вовремя
16590,1394,2024-06-03,5923.82,5923.82,Оплачен вовремя
16591,1394,2024-07-03,5923.82,5923.82,Оплачен вовремя
16592,1394,2024-08-02,5923.82,5923.82,Оплачен вовремя
16593,1394,2024-09-01,5923.82,5923.82,Оплачен вовремя
16594,1394,2024-10-01,5923.82,5923.82,Оплачен вовремя
16595,1394,2024-10-31,5923.82,5923.82,Оплачен вовремя
16596,1394,2024-11-30,5923.82,5923.82,Оплачен вовремя
16597,1394,2024-12-30,5923.82,5923.82,Оплачен вовремя
16598,1394,2025-01-29,5923.82,5923.82,Оплачен вовремя
16599,1394,2025-02-28,5923.82,5923.82,Оплачен вовремя
16600,1394,2025-03-30,5923.82,5923.82,Оплачен вовремя
16601,1394,2025-04-29,5923.82,5923.82,Оплачен вовремя
16602,1394,2025-05-29,5923.82,5923.82,Оплачен вовремя
16603,1394,2025-06-28,5923.82,5923.82,Оплачен вовремя
16604,1394,2025-07-28,5923.82,5923.82,Оплачен вовремя
16605,1394,2025-08-27,5923.82,5923.82,Оплачен вовремя
16606,1394,2025-09-26,5923.82,5923.82,Оплачен вовремя
16607,1394,2025-10-26,5923.82,5923.82,Оплачен вовремя
16608,1394,2025-11-25,5923.82,5923.82,Оплачен вовремя
16609,1395,2025-04-29,213344.33,213344.33,Оплачен вовремя
16610,1395,2025-05-29,213344.33,213344.33,Оплачен вовремя
16611,1395,2025-06-28,213344.33,213344.33,Оплачен вовремя
16612,1395,2025-07-28,213344.33,213344.33,Оплачен вовремя
16613,1395,2025-08-27,213344.33,213344.33,Оплачен вовремя
16614,1395,2025-09-26,213344.33,213344.33,Оплачен вовремя
16615,1395,2025-10-26,213344.33,213344.33,Оплачен вовремя
16616,1395,2025-11-25,213344.33,213344.33,Оплачен вовремя
16617,1395,2025-12-25,213344.33,213344.33,Оплачен вовремя
16618,1396,2022-09-21,342676.55,342676.55,Оплачен вовремя
16619,1396,2022-10-21,342676.55,342676.55,Оплачен вовремя
16620,1396,2022-11-20,342676.55,342676.55,Оплачен вовремя
16621,1396,2022-12-20,342676.55,342676.55,Оплачен вовремя
16622,1396,2023-01-19,342676.55,342676.55,Оплачен вовремя
16623,1396,2023-02-18,342676.55,342676.55,Оплачен вовремя
16624,1396,2023-03-20,342676.55,342676.55,Оплачен вовремя
16625,1396,2023-04-19,342676.55,342676.55,Оплачен вовремя
16626,1396,2023-05-19,342676.55,342676.55,Оплачен вовремя
16627,1397,2023-11-03,32817.82,32817.82,Оплачен вовремя
16628,1397,2023-12-03,32817.82,32817.82,Оплачен вовремя
16629,1397,2024-01-02,32817.82,32817.82,Оплачен вовремя
16630,1397,2024-02-01,32817.82,32817.82,Оплачен вовремя
16631,1397,2024-03-02,32817.82,32817.82,Оплачен вовремя
16632,1397,2024-04-01,32817.82,32817.82,Оплачен вовремя
16633,1397,2024-05-01,32817.82,32817.82,Оплачен вовремя
16634,1397,2024-05-31,32817.82,32817.82,Оплачен вовремя
16635,1397,2024-06-30,32817.82,32817.82,Оплачен вовремя
16636,1397,2024-07-30,32817.82,32817.82,Оплачен вовремя
16637,1397,2024-08-29,32817.82,32817.82,Оплачен вовремя
16638,1397,2024-09-28,32817.82,32817.82,Оплачен вовремя
16639,1397,2024-10-28,32817.82,32817.82,Оплачен вовремя
16640,1397,2024-11-27,32817.82,32817.82,Оплачен вовремя
16641,1397,2024-12-27,32817.82,32817.82,Оплачен вовремя
16642,1397,2025-01-26,32817.82,32817.82,Оплачен вовремя
16643,1397,2025-02-25,32817.82,32817.82,Оплачен вовремя
16644,1397,2025-03-27,32817.82,32817.82,Оплачен вовремя
16645,1397,2025-04-26,32817.82,32817.82,Оплачен вовремя
16646,1397,2025-05-26,32817.82,32817.82,Оплачен вовремя
16647,1397,2025-06-25,32817.82,32817.82,Оплачен вовремя
16648,1397,2025-07-25,32817.82,32817.82,Оплачен вовремя
16649,1397,2025-08-24,32817.82,32817.82,Оплачен вовремя
16650,1397,2025-09-23,32817.82,32817.82,Оплачен вовремя
16651,1398,2023-01-16,3221.68,3221.68,Оплачен вовремя
16652,1398,2023-02-15,3221.68,3221.68,Оплачен вовремя
16653,1398,2023-03-17,3221.68,3221.68,Оплачен вовремя
16654,1398,2023-04-16,3221.68,3221.68,Оплачен вовремя
16655,1398,2023-05-16,3221.68,3221.68,Оплачен вовремя
16656,1398,2023-06-15,3221.68,3221.68,Оплачен вовремя
16657,1398,2023-07-15,3221.68,3221.68,Оплачен вовремя
16658,1398,2023-08-14,3221.68,3221.68,Оплачен вовремя
16659,1398,2023-09-13,3221.68,3221.68,Оплачен вовремя
16660,1398,2023-10-13,3221.68,3221.68,Оплачен вовремя
16661,1398,2023-11-12,3221.68,3221.68,Оплачен вовремя
16662,1398,2023-12-12,3221.68,3221.68,Оплачен вовремя
16663,1398,2024-01-11,3221.68,3221.68,Оплачен вовремя
16664,1398,2024-02-10,3221.68,3221.68,Оплачен вовремя
16665,1398,2024-03-11,3221.68,3221.68,Оплачен вовремя
16666,1398,2024-04-10,3221.68,3221.68,Оплачен вовремя
16667,1398,2024-05-10,3221.68,3221.68,Оплачен вовремя
16668,1398,2024-06-09,3221.68,3221.68,Оплачен вовремя
16669,1398,2024-07-09,3221.68,3221.68,Оплачен вовремя
16670,1398,2024-08-08,3221.68,3221.68,Оплачен вовремя
16671,1398,2024-09-07,3221.68,3221.68,Оплачен вовремя
16672,1398,2024-10-07,3221.68,3221.68,Оплачен вовремя
16673,1398,2024-11-06,3221.68,3221.68,Оплачен вовремя
16674,1398,2024-12-06,3221.68,3221.68,Оплачен вовремя
16675,1398,2025-01-05,3221.68,3221.68,Оплачен вовремя
16676,1398,2025-02-04,3221.68,3221.68,Оплачен вовремя
16677,1398,2025-03-06,3221.68,3221.68,Оплачен вовремя
16678,1398,2025-04-05,3221.68,3221.68,Оплачен вовремя
16679,1398,2025-05-05,3221.68,3221.68,Оплачен вовремя
16680,1398,2025-06-04,3221.68,3221.68,Оплачен вовремя
16681,1398,2025-07-04,3221.68,3221.68,Оплачен вовремя
16682,1398,2025-08-03,3221.68,3221.68,Оплачен вовремя
16683,1398,2025-09-02,3221.68,3221.68,Оплачен вовремя
16684,1398,2025-10-02,3221.68,3221.68,Оплачен вовремя
16685,1398,2025-11-01,3221.68,3221.68,Оплачен вовремя
16686,1398,2025-12-01,3221.68,3221.68,Оплачен вовремя
16687,1399,2024-09-07,38463.56,38463.56,Оплачен вовремя
16688,1399,2024-10-07,38463.56,38463.56,Оплачен вовремя
16689,1399,2024-11-06,38463.56,38463.56,Оплачен вовремя
16690,1399,2024-12-06,38463.56,38463.56,Оплачен вовремя
16691,1399,2025-01-05,38463.56,38463.56,Оплачен вовремя
16692,1399,2025-02-04,38463.56,38463.56,Оплачен вовремя
16693,1399,2025-03-06,38463.56,38463.56,Оплачен вовремя
16694,1399,2025-04-05,38463.56,38463.56,Оплачен вовремя
16695,1399,2025-05-05,38463.56,38463.56,Оплачен вовремя
16696,1399,2025-06-04,38463.56,38463.56,Оплачен вовремя
16697,1399,2025-07-04,38463.56,38463.56,Оплачен вовремя
16698,1399,2025-08-03,38463.56,38463.56,Оплачен вовремя
16699,1400,2025-06-18,17890.67,17890.67,Оплачен вовремя
16700,1400,2025-07-18,17890.67,17890.67,Оплачен вовремя
16701,1400,2025-08-17,17890.67,17890.67,Оплачен вовремя
16702,1400,2025-09-16,17890.67,17890.67,Оплачен вовремя
16703,1400,2025-10-16,17890.67,17890.67,Оплачен вовремя
16704,1400,2025-11-15,17890.67,17890.67,Оплачен вовремя
16705,1400,2025-12-15,17890.67,17890.67,Оплачен вовремя
16706,1401,2024-01-16,142437.89,142437.89,Оплачен вовремя
16707,1401,2024-02-15,142437.89,142437.89,Оплачен вовремя
16708,1401,2024-03-16,142437.89,142437.89,Оплачен вовремя
16709,1401,2024-04-15,142437.89,142437.89,Оплачен вовремя
16710,1401,2024-05-15,142437.89,142437.89,Оплачен вовремя
16711,1401,2024-06-14,142437.89,142437.89,Оплачен вовремя
16712,1401,2024-07-14,142437.89,142437.89,Оплачен вовремя
16713,1401,2024-08-13,142437.89,142437.89,Оплачен вовремя
16714,1401,2024-09-12,142437.89,142437.89,Оплачен вовремя
16715,1402,2024-08-19,13261.67,13261.67,Оплачен вовремя
16716,1402,2024-09-18,13261.67,13261.67,Оплачен вовремя
16717,1402,2024-10-18,13261.67,13261.67,Оплачен вовремя
16718,1402,2024-11-17,13261.67,13261.67,Оплачен вовремя
16719,1402,2024-12-17,13261.67,13261.67,Оплачен вовремя
16720,1402,2025-01-16,13261.67,13261.67,Оплачен вовремя
16721,1402,2025-02-15,13261.67,13261.67,Оплачен вовремя
16722,1402,2025-03-17,13261.67,13261.67,Оплачен вовремя
16723,1402,2025-04-16,13261.67,13261.67,Оплачен вовремя
16724,1402,2025-05-16,13261.67,13261.67,Оплачен вовремя
16725,1402,2025-06-15,13261.67,13261.67,Оплачен вовремя
16726,1402,2025-07-15,13261.67,13261.67,Оплачен вовремя
16727,1402,2025-08-14,13261.67,13261.67,Оплачен вовремя
16728,1402,2025-09-13,13261.67,13261.67,Оплачен вовремя
16729,1402,2025-10-13,13261.67,13261.67,Оплачен вовремя
16730,1402,2025-11-12,13261.67,13261.67,Оплачен вовремя
16731,1402,2025-12-12,13261.67,13261.67,Оплачен вовремя
16732,1403,2025-04-30,3662.58,3662.58,Оплачен вовремя
16733,1403,2025-05-30,3662.58,3662.58,Оплачен вовремя
16734,1403,2025-06-29,3662.58,3662.58,Оплачен вовремя
16735,1403,2025-07-29,3662.58,3662.58,Оплачен вовремя
16736,1403,2025-08-28,3662.58,3662.58,Оплачен вовремя
16737,1403,2025-09-27,3662.58,3662.58,Оплачен вовремя
16738,1403,2025-10-27,3662.58,3662.58,Оплачен вовремя
16739,1403,2025-11-26,3662.58,3662.58,Оплачен вовремя
16740,1403,2025-12-26,3662.58,3662.58,Оплачен вовремя
16741,1404,2024-07-02,6899.22,6899.22,Оплачен вовремя
16742,1404,2024-08-01,6899.22,6899.22,Оплачен вовремя
16743,1404,2024-08-31,6899.22,6899.22,Оплачен вовремя
16744,1404,2024-09-30,6899.22,6899.22,Оплачен вовремя
16745,1404,2024-10-30,6899.22,6899.22,Оплачен вовремя
16746,1404,2024-11-29,6899.22,6899.22,Оплачен вовремя
16747,1404,2024-12-29,6899.22,6899.22,Оплачен вовремя
16748,1404,2025-01-28,6899.22,6899.22,Оплачен вовремя
16749,1404,2025-02-27,6899.22,6899.22,Оплачен вовремя
16750,1404,2025-03-29,6899.22,6899.22,Оплачен вовремя
16751,1404,2025-04-28,6899.22,6899.22,Оплачен вовремя
16752,1404,2025-05-28,6899.22,6899.22,Оплачен вовремя
16753,1405,2024-04-25,74428.55,74428.55,Оплачен вовремя
16754,1405,2024-05-25,74428.55,74428.55,Оплачен вовремя
16755,1405,2024-06-24,74428.55,74428.55,Оплачен вовремя
16756,1405,2024-07-24,74428.55,74428.55,Оплачен вовремя
16757,1405,2024-08-23,74428.55,74428.55,Оплачен вовремя
16758,1405,2024-09-22,74428.55,74428.55,Оплачен вовремя
16759,1405,2024-10-22,74428.55,74428.55,Оплачен вовремя
16760,1405,2024-11-21,74428.55,74428.55,Оплачен вовремя
16761,1405,2024-12-21,74428.55,74428.55,Оплачен вовремя
16762,1405,2025-01-20,74428.55,74428.55,Оплачен вовремя
16763,1405,2025-02-19,74428.55,74428.55,Оплачен вовремя
16764,1405,2025-03-21,74428.55,74428.55,Оплачен вовремя
16765,1405,2025-04-20,74428.55,74428.55,Оплачен вовремя
16766,1405,2025-05-20,74428.55,74428.55,Оплачен вовремя
16767,1405,2025-06-19,74428.55,74428.55,Оплачен вовремя
16768,1405,2025-07-19,74428.55,74428.55,Оплачен вовремя
16769,1405,2025-08-18,74428.55,74428.55,Оплачен вовремя
16770,1405,2025-09-17,74428.55,74428.55,Оплачен вовремя
16771,1405,2025-10-17,74428.55,74428.55,Оплачен вовремя
16772,1405,2025-11-16,74428.55,74428.55,Оплачен вовремя
16773,1405,2025-12-16,74428.55,74428.55,Оплачен вовремя
16774,1406,2025-10-28,9710.71,9710.71,Оплачен вовремя
16775,1406,2025-11-27,9710.71,9710.71,Оплачен вовремя
16776,1406,2025-12-27,9710.71,9710.71,Оплачен вовремя
16777,1407,2024-11-02,14522.53,14522.53,Оплачен вовремя
16778,1407,2024-12-02,14522.53,14522.53,Оплачен вовремя
16779,1407,2025-01-01,14522.53,14522.53,Оплачен вовремя
16780,1407,2025-01-31,14522.53,14522.53,Оплачен вовремя
16781,1407,2025-03-02,14522.53,14522.53,Оплачен вовремя
16782,1407,2025-04-01,14522.53,14522.53,Оплачен вовремя
16783,1407,2025-05-01,14522.53,14522.53,Оплачен вовремя
16784,1407,2025-05-31,14522.53,14522.53,Оплачен вовремя
16785,1407,2025-06-30,14522.53,14522.53,Оплачен вовремя
16786,1407,2025-07-30,14522.53,14522.53,Оплачен вовремя
16787,1407,2025-08-29,14522.53,14522.53,Оплачен вовремя
16788,1407,2025-09-28,14522.53,14522.53,Оплачен вовремя
16789,1408,2024-12-29,14757.08,14757.08,Оплачен вовремя
16790,1408,2025-01-28,14757.08,14757.08,Оплачен вовремя
16791,1408,2025-02-27,14757.08,14757.08,Оплачен вовремя
16792,1408,2025-03-29,14757.08,14757.08,Оплачен вовремя
16793,1408,2025-04-28,14757.08,14757.08,Оплачен вовремя
16794,1408,2025-05-28,14757.08,14757.08,Оплачен вовремя
16795,1408,2025-06-27,14757.08,14757.08,Оплачен вовремя
16796,1408,2025-07-27,14757.08,14757.08,Оплачен вовремя
16797,1408,2025-08-26,14757.08,14757.08,Оплачен вовремя
16798,1408,2025-09-25,14757.08,14757.08,Оплачен вовремя
16799,1408,2025-10-25,14757.08,14757.08,Оплачен вовремя
16800,1408,2025-11-24,14757.08,14757.08,Оплачен вовремя
16801,1408,2025-12-24,14757.08,14757.08,Оплачен вовремя
16802,1409,2025-12-07,39066.59,39066.59,Оплачен вовремя
16803,1410,2024-08-09,2632.05,2632.05,Оплачен вовремя
16804,1410,2024-09-08,2632.05,2632.05,Оплачен вовремя
16805,1410,2024-10-08,2632.05,2632.05,Оплачен вовремя
16806,1410,2024-11-07,2632.05,2632.05,Оплачен вовремя
16807,1410,2024-12-07,2632.05,2632.05,Оплачен вовремя
16808,1410,2025-01-06,2632.05,2632.05,Оплачен вовремя
16809,1410,2025-02-05,2632.05,2632.05,Оплачен вовремя
16810,1410,2025-03-07,2632.05,2632.05,Оплачен вовремя
16811,1410,2025-04-06,2632.05,2632.05,Оплачен вовремя
16812,1410,2025-05-06,2632.05,2632.05,Оплачен вовремя
16813,1410,2025-06-05,2632.05,2632.05,Оплачен вовремя
16814,1410,2025-07-05,2632.05,2632.05,Оплачен вовремя
16815,1410,2025-08-04,2632.05,2632.05,Оплачен вовремя
16816,1410,2025-09-03,2632.05,2632.05,Оплачен вовремя
16817,1410,2025-10-03,2632.05,2632.05,Оплачен вовремя
16818,1410,2025-11-02,2632.05,2632.05,Оплачен вовремя
16819,1410,2025-12-02,2632.05,2632.05,Оплачен вовремя
16820,1411,2024-08-30,50345.14,50345.14,Оплачен вовремя
16821,1411,2024-09-29,50345.14,50345.14,Оплачен вовремя
16822,1411,2024-10-29,50345.14,50345.14,Оплачен вовремя
16823,1411,2024-11-28,50345.14,50345.14,Оплачен вовремя
16824,1411,2024-12-28,50345.14,50345.14,Оплачен вовремя
16825,1411,2025-01-27,50345.14,50345.14,Оплачен вовремя
16826,1411,2025-02-26,50345.14,50345.14,Оплачен вовремя
16827,1411,2025-03-28,50345.14,50345.14,Оплачен вовремя
16828,1411,2025-04-27,50345.14,50345.14,Оплачен вовремя
16829,1411,2025-05-27,50345.14,50345.14,Оплачен вовремя
16830,1411,2025-06-26,50345.14,50345.14,Оплачен вовремя
16831,1411,2025-07-26,50345.14,50345.14,Оплачен вовремя
16832,1411,2025-08-25,50345.14,50345.14,Оплачен вовремя
16833,1411,2025-09-24,50345.14,50345.14,Оплачен вовремя
16834,1411,2025-10-24,50345.14,50345.14,Оплачен вовремя
16835,1411,2025-11-23,50345.14,50345.14,Оплачен вовремя
16836,1411,2025-12-23,50345.14,50345.14,Оплачен вовремя
16837,1412,2025-05-20,1013.77,1013.77,Оплачен вовремя
16838,1412,2025-06-19,1013.77,1013.77,Оплачен вовремя
16839,1412,2025-07-19,1013.77,1013.77,Оплачен вовремя
16840,1412,2025-08-18,1013.77,1013.77,Оплачен вовремя
16841,1412,2025-09-17,1013.77,1013.77,Оплачен вовремя
16842,1412,2025-10-17,1013.77,1013.77,Оплачен вовремя
16843,1412,2025-11-16,1013.77,1013.77,Оплачен вовремя
16844,1412,2025-12-16,1013.77,1013.77,Оплачен вовремя
16845,1413,2024-10-06,421109.5,421109.5,Оплачен вовремя
16846,1413,2024-11-05,421109.5,421109.5,Оплачен вовремя
16847,1413,2024-12-05,421109.5,421109.5,Оплачен вовремя
16848,1413,2025-01-04,421109.5,421109.5,Оплачен вовремя
16849,1413,2025-02-03,421109.5,421109.5,Оплачен вовремя
16850,1413,2025-03-05,421109.5,421109.5,Оплачен вовремя
16851,1413,2025-04-04,421109.5,421109.5,Оплачен вовремя
16852,1413,2025-05-04,421109.5,421109.5,Оплачен вовремя
16853,1413,2025-06-03,421109.5,421109.5,Оплачен вовремя
16854,1413,2025-07-03,421109.5,421109.5,Оплачен вовремя
16855,1413,2025-08-02,421109.5,421109.5,Оплачен вовремя
16856,1413,2025-09-01,421109.5,421109.5,Оплачен вовремя
16857,1414,2023-12-03,14912.5,14912.5,Оплачен вовремя
16858,1414,2024-01-02,14912.5,14912.5,Оплачен вовремя
16859,1414,2024-02-01,14912.5,14912.5,Просрочен
16860,1414,2024-03-02,14912.5,0.0,Не оплачен
16861,1414,2024-04-01,14912.5,14912.5,Оплачен вовремя
16862,1414,2024-05-01,14912.5,14912.5,Оплачен вовремя
16863,1414,2024-05-31,14912.5,14912.5,Просрочен
16864,1414,2024-06-30,14912.5,14912.5,Оплачен вовремя
16865,1414,2024-07-30,14912.5,14912.5,Просрочен
16866,1414,2024-08-29,14912.5,14912.5,Оплачен вовремя
16867,1414,2024-09-28,14912.5,14912.5,Просрочен
16868,1414,2024-10-28,14912.5,14912.5,Оплачен вовремя
16869,1414,2024-11-27,14912.5,14912.5,Оплачен вовремя
16870,1414,2024-12-27,14912.5,14912.5,Оплачен вовремя
16871,1414,2025-01-26,14912.5,14912.5,Оплачен вовремя
16872,1414,2025-02-25,14912.5,14912.5,Оплачен вовремя
16873,1414,2025-03-27,14912.5,14912.5,Оплачен вовремя
16874,1414,2025-04-26,14912.5,0.0,Не оплачен
16875,1414,2025-05-26,14912.5,14912.5,Оплачен вовремя
16876,1414,2025-06-25,14912.5,14912.5,Просрочен
16877,1414,2025-07-25,14912.5,0.0,Не оплачен
16878,1414,2025-08-24,14912.5,14912.5,Оплачен вовремя
16879,1414,2025-09-23,14912.5,14912.5,Просрочен
16880,1414,2025-10-23,14912.5,14912.5,Оплачен вовремя
16881,1415,2023-11-09,22867.27,22867.27,Оплачен вовремя
16882,1415,2023-12-09,22867.27,22867.27,Оплачен вовремя
16883,1415,2024-01-08,22867.27,22867.27,Оплачен вовремя
16884,1415,2024-02-07,22867.27,22867.27,Оплачен вовремя
16885,1415,2024-03-08,22867.27,22867.27,Оплачен вовремя
16886,1415,2024-04-07,22867.27,22867.27,Оплачен вовремя
16887,1415,2024-05-07,22867.27,22867.27,Оплачен вовремя
16888,1415,2024-06-06,22867.27,22867.27,Оплачен вовремя
16889,1415,2024-07-06,22867.27,22867.27,Оплачен вовремя
16890,1415,2024-08-05,22867.27,22867.27,Оплачен вовремя
16891,1415,2024-09-04,22867.27,22867.27,Оплачен вовремя
16892,1415,2024-10-04,22867.27,22867.27,Оплачен вовремя
16893,1415,2024-11-03,22867.27,22867.27,Оплачен вовремя
16894,1415,2024-12-03,22867.27,22867.27,Оплачен вовремя
16895,1415,2025-01-02,22867.27,22867.27,Оплачен вовремя
16896,1415,2025-02-01,22867.27,22867.27,Оплачен вовремя
16897,1415,2025-03-03,22867.27,22867.27,Оплачен вовремя
16898,1415,2025-04-02,22867.27,22867.27,Оплачен вовремя
16899,1415,2025-05-02,22867.27,22867.27,Оплачен вовремя
16900,1415,2025-06-01,22867.27,22867.27,Оплачен вовремя
16901,1415,2025-07-01,22867.27,22867.27,Оплачен вовремя
16902,1415,2025-07-31,22867.27,22867.27,Оплачен вовремя
16903,1415,2025-08-30,22867.27,22867.27,Оплачен вовремя
16904,1415,2025-09-29,22867.27,22867.27,Оплачен вовремя
16905,1416,2025-05-07,22437.85,22437.85,Оплачен вовремя
16906,1416,2025-06-06,22437.85,22437.85,Оплачен вовремя
16907,1416,2025-07-06,22437.85,22437.85,Оплачен вовремя
16908,1416,2025-08-05,22437.85,22437.85,Оплачен вовремя
16909,1416,2025-09-04,22437.85,22437.85,Оплачен вовремя
16910,1416,2025-10-04,22437.85,22437.85,Оплачен вовремя
16911,1416,2025-11-03,22437.85,22437.85,Оплачен вовремя
16912,1416,2025-12-03,22437.85,22437.85,Оплачен вовремя
16913,1417,2025-04-11,9027.54,9027.54,Оплачен вовремя
16914,1417,2025-05-11,9027.54,9027.54,Оплачен вовремя
16915,1417,2025-06-10,9027.54,9027.54,Оплачен вовремя
16916,1417,2025-07-10,9027.54,9027.54,Оплачен вовремя
16917,1417,2025-08-09,9027.54,0.0,Не оплачен
16918,1417,2025-09-08,9027.54,9027.54,Оплачен вовремя
16919,1417,2025-10-08,9027.54,9027.54,Просрочен
16920,1417,2025-11-07,9027.54,9027.54,Оплачен вовремя
16921,1417,2025-12-07,9027.54,9027.54,Оплачен вовремя
16922,1418,2023-12-02,161245.88,161245.88,Оплачен вовремя
16923,1418,2024-01-01,161245.88,161245.88,Оплачен вовремя
16924,1418,2024-01-31,161245.88,161245.88,Оплачен вовремя
16925,1418,2024-03-01,161245.88,161245.88,Оплачен вовремя
16926,1418,2024-03-31,161245.88,161245.88,Оплачен вовремя
16927,1418,2024-04-30,161245.88,161245.88,Оплачен вовремя
16928,1419,2024-04-21,10605.0,10605.0,Оплачен вовремя
16929,1419,2024-05-21,10605.0,10605.0,Оплачен вовремя
16930,1419,2024-06-20,10605.0,10605.0,Оплачен вовремя
16931,1419,2024-07-20,10605.0,10605.0,Оплачен вовремя
16932,1419,2024-08-19,10605.0,10605.0,Оплачен вовремя
16933,1419,2024-09-18,10605.0,10605.0,Оплачен вовремя
16934,1419,2024-10-18,10605.0,10605.0,Оплачен вовремя
16935,1419,2024-11-17,10605.0,10605.0,Оплачен вовремя
16936,1419,2024-12-17,10605.0,10605.0,Оплачен вовремя
16937,1419,2025-01-16,10605.0,10605.0,Оплачен вовремя
16938,1419,2025-02-15,10605.0,10605.0,Оплачен вовремя
16939,1419,2025-03-17,10605.0,10605.0,Оплачен вовремя
16940,1419,2025-04-16,10605.0,10605.0,Оплачен вовремя
16941,1419,2025-05-16,10605.0,10605.0,Оплачен вовремя
16942,1419,2025-06-15,10605.0,10605.0,Оплачен вовремя
16943,1419,2025-07-15,10605.0,10605.0,Оплачен вовремя
16944,1419,2025-08-14,10605.0,10605.0,Оплачен вовремя
16945,1419,2025-09-13,10605.0,10605.0,Оплачен вовремя
16946,1419,2025-10-13,10605.0,10605.0,Оплачен вовремя
16947,1419,2025-11-12,10605.0,10605.0,Оплачен вовремя
16948,1419,2025-12-12,10605.0,10605.0,Оплачен вовремя
16949,1420,2023-11-13,739526.9,0.0,Не оплачен
16950,1420,2023-12-13,739526.9,739526.9,Просрочен
16951,1420,2024-01-12,739526.9,0.0,Не оплачен
16952,1420,2024-02-11,739526.9,739526.9,Оплачен вовремя
16953,1420,2024-03-12,739526.9,739526.9,Просрочен
16954,1420,2024-04-11,739526.9,739526.9,Просрочен
16955,1421,2025-10-18,808210.61,808210.61,Оплачен вовремя
16956,1421,2025-11-17,808210.61,808210.61,Оплачен вовремя
16957,1421,2025-12-17,808210.61,808210.61,Оплачен вовремя
16958,1422,2025-09-19,46130.91,46130.91,Оплачен вовремя
16959,1422,2025-10-19,46130.91,46130.91,Оплачен вовремя
16960,1422,2025-11-18,46130.91,46130.91,Оплачен вовремя
16961,1422,2025-12-18,46130.91,46130.91,Оплачен вовремя
16962,1423,2025-09-17,1036238.44,1036238.44,Оплачен вовремя
16963,1423,2025-10-17,1036238.44,1036238.44,Оплачен вовремя
16964,1423,2025-11-16,1036238.44,1036238.44,Оплачен вовремя
16965,1424,2025-12-24,67316.43,67316.43,Просрочен
16966,1425,2024-08-04,15192.2,15192.2,Оплачен вовремя
16967,1425,2024-09-03,15192.2,15192.2,Оплачен вовремя
16968,1425,2024-10-03,15192.2,15192.2,Оплачен вовремя
16969,1425,2024-11-02,15192.2,15192.2,Оплачен вовремя
16970,1425,2024-12-02,15192.2,15192.2,Оплачен вовремя
16971,1425,2025-01-01,15192.2,15192.2,Оплачен вовремя
16972,1425,2025-01-31,15192.2,15192.2,Оплачен вовремя
16973,1425,2025-03-02,15192.2,15192.2,Оплачен вовремя
16974,1425,2025-04-01,15192.2,15192.2,Оплачен вовремя
16975,1425,2025-05-01,15192.2,15192.2,Оплачен вовремя
16976,1425,2025-05-31,15192.2,15192.2,Оплачен вовремя
16977,1425,2025-06-30,15192.2,15192.2,Оплачен вовремя
16978,1425,2025-07-30,15192.2,15192.2,Оплачен вовремя
16979,1425,2025-08-29,15192.2,15192.2,Оплачен вовремя
16980,1425,2025-09-28,15192.2,15192.2,Оплачен вовремя
16981,1425,2025-10-28,15192.2,15192.2,Оплачен вовремя
16982,1425,2025-11-27,15192.2,15192.2,Оплачен вовремя
16983,1426,2024-08-13,2243.63,2243.63,Оплачен вовремя
16984,1426,2024-09-12,2243.63,2243.63,Оплачен вовремя
16985,1426,2024-10-12,2243.63,2243.63,Оплачен вовремя
16986,1426,2024-11-11,2243.63,2243.63,Оплачен вовремя
16987,1426,2024-12-11,2243.63,2243.63,Оплачен вовремя
16988,1426,2025-01-10,2243.63,2243.63,Оплачен вовремя
16989,1426,2025-02-09,2243.63,2243.63,Оплачен вовремя
16990,1426,2025-03-11,2243.63,2243.63,Оплачен вовремя
16991,1426,2025-04-10,2243.63,2243.63,Оплачен вовремя
16992,1426,2025-05-10,2243.63,2243.63,Оплачен вовремя
16993,1426,2025-06-09,2243.63,2243.63,Оплачен вовремя
16994,1426,2025-07-09,2243.63,2243.63,Оплачен вовремя
16995,1426,2025-08-08,2243.63,2243.63,Оплачен вовремя
16996,1426,2025-09-07,2243.63,2243.63,Оплачен вовремя
16997,1426,2025-10-07,2243.63,2243.63,Оплачен вовремя
16998,1426,2025-11-06,2243.63,2243.63,Оплачен вовремя
16999,1426,2025-12-06,2243.63,2243.63,Оплачен вовремя
17000,1427,2024-12-25,11014.54,11014.54,Оплачен вовремя
17001,1427,2025-01-24,11014.54,11014.54,Оплачен вовремя
17002,1427,2025-02-23,11014.54,11014.54,Оплачен вовремя
17003,1427,2025-03-25,11014.54,11014.54,Оплачен вовремя
17004,1427,2025-04-24,11014.54,11014.54,Оплачен вовремя
17005,1427,2025-05-24,11014.54,11014.54,Оплачен вовремя
17006,1427,2025-06-23,11014.54,11014.54,Оплачен вовремя
17007,1427,2025-07-23,11014.54,11014.54,Оплачен вовремя
17008,1427,2025-08-22,11014.54,11014.54,Оплачен вовремя
17009,1427,2025-09-21,11014.54,11014.54,Оплачен вовремя
17010,1427,2025-10-21,11014.54,11014.54,Оплачен вовремя
17011,1427,2025-11-20,11014.54,11014.54,Оплачен вовремя
17012,1427,2025-12-20,11014.54,11014.54,Оплачен вовремя
17013,1428,2024-12-01,10932.41,10932.41,Оплачен вовремя
17014,1428,2024-12-31,10932.41,10932.41,Оплачен вовремя
17015,1428,2025-01-30,10932.41,10932.41,Оплачен вовремя
17016,1428,2025-03-01,10932.41,10932.41,Оплачен вовремя
17017,1428,2025-03-31,10932.41,10932.41,Оплачен вовремя
17018,1428,2025-04-30,10932.41,10932.41,Оплачен вовремя
17019,1428,2025-05-30,10932.41,10932.41,Оплачен вовремя
17020,1428,2025-06-29,10932.41,10932.41,Оплачен вовремя
17021,1428,2025-07-29,10932.41,10932.41,Оплачен вовремя
17022,1428,2025-08-28,10932.41,10932.41,Оплачен вовремя
17023,1428,2025-09-27,10932.41,10932.41,Оплачен вовремя
17024,1428,2025-10-27,10932.41,10932.41,Оплачен вовремя
17025,1428,2025-11-26,10932.41,10932.41,Оплачен вовремя
17026,1429,2024-11-07,283913.13,283913.13,Оплачен вовремя
17027,1429,2024-12-07,283913.13,283913.13,Оплачен вовремя
17028,1429,2025-01-06,283913.13,283913.13,Оплачен вовремя
17029,1429,2025-02-05,283913.13,283913.13,Оплачен вовремя
17030,1429,2025-03-07,283913.13,283913.13,Оплачен вовремя
17031,1429,2025-04-06,283913.13,283913.13,Оплачен вовремя
17032,1430,2025-03-21,91883.14,91883.14,Оплачен вовремя
17033,1430,2025-04-20,91883.14,91883.14,Оплачен вовремя
17034,1430,2025-05-20,91883.14,91883.14,Оплачен вовремя
17035,1430,2025-06-19,91883.14,91883.14,Оплачен вовремя
17036,1430,2025-07-19,91883.14,91883.14,Оплачен вовремя
17037,1430,2025-08-18,91883.14,91883.14,Оплачен вовремя
17038,1430,2025-09-17,91883.14,91883.14,Оплачен вовремя
17039,1430,2025-10-17,91883.14,91883.14,Оплачен вовремя
17040,1430,2025-11-16,91883.14,91883.14,Оплачен вовремя
17041,1430,2025-12-16,91883.14,91883.14,Оплачен вовремя
17042,1431,2025-06-20,2510.77,2510.77,Оплачен вовремя
17043,1431,2025-07-20,2510.77,2510.77,Оплачен вовремя
17044,1431,2025-08-19,2510.77,2510.77,Оплачен вовремя
17045,1431,2025-09-18,2510.77,2510.77,Оплачен вовремя
17046,1431,2025-10-18,2510.77,2510.77,Оплачен вовремя
17047,1431,2025-11-17,2510.77,2510.77,Оплачен вовремя
17048,1431,2025-12-17,2510.77,2510.77,Оплачен вовремя
17049,1432,2023-12-11,3753.31,3753.31,Оплачен вовремя
17050,1432,2024-01-10,3753.31,3753.31,Оплачен вовремя
17051,1432,2024-02-09,3753.31,3753.31,Оплачен вовремя
17052,1432,2024-03-10,3753.31,3753.31,Оплачен вовремя
17053,1432,2024-04-09,3753.31,3753.31,Оплачен вовремя
17054,1432,2024-05-09,3753.31,3753.31,Оплачен вовремя
17055,1432,2024-06-08,3753.31,3753.31,Оплачен вовремя
17056,1432,2024-07-08,3753.31,3753.31,Оплачен вовремя
17057,1432,2024-08-07,3753.31,3753.31,Оплачен вовремя
17058,1432,2024-09-06,3753.31,3753.31,Оплачен вовремя
17059,1432,2024-10-06,3753.31,3753.31,Оплачен вовремя
17060,1432,2024-11-05,3753.31,3753.31,Оплачен вовремя
17061,1432,2024-12-05,3753.31,3753.31,Оплачен вовремя
17062,1432,2025-01-04,3753.31,3753.31,Оплачен вовремя
17063,1432,2025-02-03,3753.31,3753.31,Оплачен вовремя
17064,1432,2025-03-05,3753.31,3753.31,Оплачен вовремя
17065,1432,2025-04-04,3753.31,3753.31,Оплачен вовремя
17066,1432,2025-05-04,3753.31,3753.31,Оплачен вовремя
17067,1432,2025-06-03,3753.31,3753.31,Оплачен вовремя
17068,1432,2025-07-03,3753.31,3753.31,Оплачен вовремя
17069,1432,2025-08-02,3753.31,3753.31,Оплачен вовремя
17070,1432,2025-09-01,3753.31,3753.31,Оплачен вовремя
17071,1432,2025-10-01,3753.31,3753.31,Оплачен вовремя
17072,1432,2025-10-31,3753.31,3753.31,Оплачен вовремя
17073,1432,2025-11-30,3753.31,3753.31,Оплачен вовремя
17074,1433,2024-01-02,156677.97,156677.97,Оплачен вовремя
17075,1433,2024-02-01,156677.97,156677.97,Оплачен вовремя
17076,1433,2024-03-02,156677.97,156677.97,Оплачен вовремя
17077,1433,2024-04-01,156677.97,156677.97,Оплачен вовремя
17078,1433,2024-05-01,156677.97,156677.97,Оплачен вовремя
17079,1433,2024-05-31,156677.97,156677.97,Оплачен вовремя
17080,1434,2024-04-17,3809.61,3809.61,Оплачен вовремя
17081,1434,2024-05-17,3809.61,3809.61,Оплачен вовремя
17082,1434,2024-06-16,3809.61,3809.61,Оплачен вовремя
17083,1434,2024-07-16,3809.61,3809.61,Оплачен вовремя
17084,1434,2024-08-15,3809.61,3809.61,Оплачен вовремя
17085,1434,2024-09-14,3809.61,3809.61,Оплачен вовремя
17086,1434,2024-10-14,3809.61,3809.61,Оплачен вовремя
17087,1434,2024-11-13,3809.61,3809.61,Оплачен вовремя
17088,1434,2024-12-13,3809.61,3809.61,Оплачен вовремя
17089,1434,2025-01-12,3809.61,3809.61,Оплачен вовремя
17090,1434,2025-02-11,3809.61,3809.61,Оплачен вовремя
17091,1434,2025-03-13,3809.61,3809.61,Оплачен вовремя
17092,1434,2025-04-12,3809.61,3809.61,Оплачен вовремя
17093,1434,2025-05-12,3809.61,3809.61,Оплачен вовремя
17094,1434,2025-06-11,3809.61,3809.61,Оплачен вовремя
17095,1434,2025-07-11,3809.61,3809.61,Оплачен вовремя
17096,1434,2025-08-10,3809.61,3809.61,Оплачен вовремя
17097,1434,2025-09-09,3809.61,3809.61,Оплачен вовремя
17098,1434,2025-10-09,3809.61,3809.61,Оплачен вовремя
17099,1434,2025-11-08,3809.61,3809.61,Оплачен вовремя
17100,1434,2025-12-08,3809.61,3809.61,Оплачен вовремя
17101,1435,2025-08-21,25018.54,25018.54,Оплачен вовремя
17102,1435,2025-09-20,25018.54,25018.54,Оплачен вовремя
17103,1435,2025-10-20,25018.54,25018.54,Оплачен вовремя
17104,1435,2025-11-19,25018.54,25018.54,Оплачен вовремя
17105,1435,2025-12-19,25018.54,25018.54,Оплачен вовремя
17106,1436,2024-11-14,18676.17,18676.17,Оплачен вовремя
17107,1436,2024-12-14,18676.17,18676.17,Оплачен вовремя
17108,1436,2025-01-13,18676.17,18676.17,Оплачен вовремя
17109,1436,2025-02-12,18676.17,18676.17,Оплачен вовремя
17110,1436,2025-03-14,18676.17,18676.17,Оплачен вовремя
17111,1436,2025-04-13,18676.17,18676.17,Оплачен вовремя
17112,1436,2025-05-13,18676.17,18676.17,Оплачен вовремя
17113,1436,2025-06-12,18676.17,18676.17,Оплачен вовремя
17114,1436,2025-07-12,18676.17,18676.17,Оплачен вовремя
17115,1436,2025-08-11,18676.17,18676.17,Оплачен вовремя
17116,1436,2025-09-10,18676.17,18676.17,Оплачен вовремя
17117,1436,2025-10-10,18676.17,18676.17,Оплачен вовремя
17118,1436,2025-11-09,18676.17,18676.17,Оплачен вовремя
17119,1436,2025-12-09,18676.17,18676.17,Оплачен вовремя
17120,1437,2024-05-09,11843.31,0.0,Не оплачен
17121,1437,2024-06-08,11843.31,11843.31,Оплачен вовремя
17122,1437,2024-07-08,11843.31,11843.31,Оплачен вовремя
17123,1437,2024-08-07,11843.31,11843.31,Оплачен вовремя
17124,1437,2024-09-06,11843.31,11843.31,Просрочен
17125,1437,2024-10-06,11843.31,11843.31,Оплачен вовремя
17126,1437,2024-11-05,11843.31,11843.31,Оплачен вовремя
17127,1437,2024-12-05,11843.31,11843.31,Оплачен вовремя
17128,1437,2025-01-04,11843.31,11843.31,Оплачен вовремя
17129,1437,2025-02-03,11843.31,11843.31,Оплачен вовремя
17130,1437,2025-03-05,11843.31,11843.31,Оплачен вовремя
17131,1437,2025-04-04,11843.31,11843.31,Оплачен вовремя
17132,1437,2025-05-04,11843.31,11843.31,Просрочен
17133,1437,2025-06-03,11843.31,11843.31,Оплачен вовремя
17134,1437,2025-07-03,11843.31,0.0,Не оплачен
17135,1437,2025-08-02,11843.31,11843.31,Оплачен вовремя
17136,1437,2025-09-01,11843.31,11843.31,Просрочен
17137,1437,2025-10-01,11843.31,11843.31,Просрочен
17138,1437,2025-10-31,11843.31,11843.31,Оплачен вовремя
17139,1437,2025-11-30,11843.31,11843.31,Оплачен вовремя
17140,1438,2024-10-16,3360.47,3360.47,Оплачен вовремя
17141,1438,2024-11-15,3360.47,3360.47,Оплачен вовремя
17142,1438,2024-12-15,3360.47,3360.47,Оплачен вовремя
17143,1438,2025-01-14,3360.47,3360.47,Оплачен вовремя
17144,1438,2025-02-13,3360.47,3360.47,Оплачен вовремя
17145,1438,2025-03-15,3360.47,3360.47,Оплачен вовремя
17146,1438,2025-04-14,3360.47,3360.47,Оплачен вовремя
17147,1438,2025-05-14,3360.47,3360.47,Оплачен вовремя
17148,1438,2025-06-13,3360.47,3360.47,Оплачен вовремя
17149,1438,2025-07-13,3360.47,3360.47,Оплачен вовремя
17150,1438,2025-08-12,3360.47,3360.47,Оплачен вовремя
17151,1438,2025-09-11,3360.47,3360.47,Оплачен вовремя
17152,1438,2025-10-11,3360.47,3360.47,Оплачен вовремя
17153,1438,2025-11-10,3360.47,3360.47,Оплачен вовремя
17154,1438,2025-12-10,3360.47,3360.47,Оплачен вовремя
17155,1439,2025-05-21,10130.2,10130.2,Оплачен вовремя
17156,1439,2025-06-20,10130.2,10130.2,Оплачен вовремя
17157,1439,2025-07-20,10130.2,10130.2,Оплачен вовремя
17158,1439,2025-08-19,10130.2,10130.2,Оплачен вовремя
17159,1439,2025-09-18,10130.2,10130.2,Оплачен вовремя
17160,1439,2025-10-18,10130.2,10130.2,Оплачен вовремя
17161,1439,2025-11-17,10130.2,10130.2,Оплачен вовремя
17162,1439,2025-12-17,10130.2,10130.2,Оплачен вовремя
17163,1440,2022-08-28,51114.64,51114.64,Оплачен вовремя
17164,1440,2022-09-27,51114.64,51114.64,Оплачен вовремя
17165,1440,2022-10-27,51114.64,51114.64,Оплачен вовремя
17166,1440,2022-11-26,51114.64,51114.64,Оплачен вовремя
17167,1440,2022-12-26,51114.64,51114.64,Оплачен вовремя
17168,1440,2023-01-25,51114.64,51114.64,Оплачен вовремя
17169,1440,2023-02-24,51114.64,51114.64,Оплачен вовремя
17170,1440,2023-03-26,51114.64,51114.64,Оплачен вовремя
17171,1440,2023-04-25,51114.64,51114.64,Оплачен вовремя
17172,1440,2023-05-25,51114.64,51114.64,Оплачен вовремя
17173,1440,2023-06-24,51114.64,51114.64,Оплачен вовремя
17174,1440,2023-07-24,51114.64,51114.64,Оплачен вовремя
17175,1440,2023-08-23,51114.64,51114.64,Оплачен вовремя
17176,1440,2023-09-22,51114.64,51114.64,Оплачен вовремя
17177,1440,2023-10-22,51114.64,51114.64,Оплачен вовремя
17178,1440,2023-11-21,51114.64,51114.64,Оплачен вовремя
17179,1440,2023-12-21,51114.64,51114.64,Оплачен вовремя
17180,1440,2024-01-20,51114.64,51114.64,Оплачен вовремя
17181,1440,2024-02-19,51114.64,51114.64,Оплачен вовремя
17182,1440,2024-03-20,51114.64,51114.64,Оплачен вовремя
17183,1440,2024-04-19,51114.64,51114.64,Оплачен вовремя
17184,1440,2024-05-19,51114.64,51114.64,Оплачен вовремя
17185,1440,2024-06-18,51114.64,51114.64,Оплачен вовремя
17186,1440,2024-07-18,51114.64,51114.64,Оплачен вовремя
17187,1440,2024-08-17,51114.64,51114.64,Оплачен вовремя
17188,1440,2024-09-16,51114.64,51114.64,Оплачен вовремя
17189,1440,2024-10-16,51114.64,51114.64,Оплачен вовремя
17190,1440,2024-11-15,51114.64,51114.64,Оплачен вовремя
17191,1440,2024-12-15,51114.64,51114.64,Оплачен вовремя
17192,1440,2025-01-14,51114.64,51114.64,Оплачен вовремя
17193,1440,2025-02-13,51114.64,51114.64,Оплачен вовремя
17194,1440,2025-03-15,51114.64,51114.64,Оплачен вовремя
17195,1440,2025-04-14,51114.64,51114.64,Оплачен вовремя
17196,1440,2025-05-14,51114.64,51114.64,Оплачен вовремя
17197,1440,2025-06-13,51114.64,51114.64,Оплачен вовремя
17198,1440,2025-07-13,51114.64,51114.64,Оплачен вовремя
17199,1440,2025-08-12,51114.64,51114.64,Оплачен вовремя
17200,1440,2025-09-11,51114.64,51114.64,Оплачен вовремя
17201,1440,2025-10-11,51114.64,51114.64,Оплачен вовремя
17202,1440,2025-11-10,51114.64,51114.64,Оплачен вовремя
17203,1440,2025-12-10,51114.64,51114.64,Оплачен вовремя
17204,1441,2024-02-19,16288.51,16288.51,Оплачен вовремя
17205,1441,2024-03-20,16288.51,16288.51,Оплачен вовремя
17206,1441,2024-04-19,16288.51,16288.51,Оплачен вовремя
17207,1441,2024-05-19,16288.51,16288.51,Оплачен вовремя
17208,1441,2024-06-18,16288.51,16288.51,Оплачен вовремя
17209,1441,2024-07-18,16288.51,16288.51,Оплачен вовремя
17210,1441,2024-08-17,16288.51,16288.51,Оплачен вовремя
17211,1441,2024-09-16,16288.51,16288.51,Оплачен вовремя
17212,1441,2024-10-16,16288.51,16288.51,Оплачен вовремя
17213,1441,2024-11-15,16288.51,16288.51,Оплачен вовремя
17214,1441,2024-12-15,16288.51,16288.51,Оплачен вовремя
17215,1441,2025-01-14,16288.51,16288.51,Оплачен вовремя
17216,1441,2025-02-13,16288.51,16288.51,Оплачен вовремя
17217,1441,2025-03-15,16288.51,16288.51,Оплачен вовремя
17218,1441,2025-04-14,16288.51,16288.51,Оплачен вовремя
17219,1441,2025-05-14,16288.51,16288.51,Оплачен вовремя
17220,1441,2025-06-13,16288.51,16288.51,Оплачен вовремя
17221,1441,2025-07-13,16288.51,16288.51,Оплачен вовремя
17222,1441,2025-08-12,16288.51,16288.51,Оплачен вовремя
17223,1441,2025-09-11,16288.51,16288.51,Оплачен вовремя
17224,1441,2025-10-11,16288.51,16288.51,Оплачен вовремя
17225,1441,2025-11-10,16288.51,16288.51,Оплачен вовремя
17226,1441,2025-12-10,16288.51,16288.51,Оплачен вовремя
17227,1442,2024-05-19,9583.91,9583.91,Оплачен вовремя
17228,1442,2024-06-18,9583.91,9583.91,Оплачен вовремя
17229,1442,2024-07-18,9583.91,9583.91,Оплачен вовремя
17230,1442,2024-08-17,9583.91,9583.91,Оплачен вовремя
17231,1442,2024-09-16,9583.91,9583.91,Оплачен вовремя
17232,1442,2024-10-16,9583.91,9583.91,Оплачен вовремя
17233,1442,2024-11-15,9583.91,9583.91,Оплачен вовремя
17234,1442,2024-12-15,9583.91,9583.91,Оплачен вовремя
17235,1442,2025-01-14,9583.91,9583.91,Оплачен вовремя
17236,1442,2025-02-13,9583.91,9583.91,Оплачен вовремя
17237,1442,2025-03-15,9583.91,9583.91,Оплачен вовремя
17238,1442,2025-04-14,9583.91,9583.91,Оплачен вовремя
17239,1442,2025-05-14,9583.91,9583.91,Оплачен вовремя
17240,1442,2025-06-13,9583.91,9583.91,Оплачен вовремя
17241,1442,2025-07-13,9583.91,9583.91,Оплачен вовремя
17242,1442,2025-08-12,9583.91,9583.91,Оплачен вовремя
17243,1442,2025-09-11,9583.91,9583.91,Оплачен вовремя
17244,1442,2025-10-11,9583.91,9583.91,Оплачен вовремя
17245,1442,2025-11-10,9583.91,9583.91,Оплачен вовремя
17246,1442,2025-12-10,9583.91,9583.91,Оплачен вовремя
17247,1443,2024-08-13,696126.38,696126.38,Оплачен вовремя
17248,1443,2024-09-12,696126.38,696126.38,Оплачен вовремя
17249,1443,2024-10-12,696126.38,696126.38,Оплачен вовремя
17250,1443,2024-11-11,696126.38,696126.38,Оплачен вовремя
17251,1443,2024-12-11,696126.38,696126.38,Оплачен вовремя
17252,1443,2025-01-10,696126.38,696126.38,Оплачен вовремя
17253,1444,2025-12-29,7675.45,7675.45,Оплачен вовремя
17254,1445,2025-12-15,23446.69,23446.69,Оплачен вовремя
17255,1446,2023-04-06,2191.51,2191.51,Просрочен
17256,1446,2023-05-06,2191.51,0.0,Не оплачен
17257,1446,2023-06-05,2191.51,2191.51,Просрочен
17258,1446,2023-07-05,2191.51,2191.51,Оплачен вовремя
17259,1446,2023-08-04,2191.51,2191.51,Оплачен вовремя
17260,1446,2023-09-03,2191.51,2191.51,Оплачен вовремя
17261,1446,2023-10-03,2191.51,2191.51,Просрочен
17262,1446,2023-11-02,2191.51,2191.51,Просрочен
17263,1446,2023-12-02,2191.51,2191.51,Оплачен вовремя
17264,1446,2024-01-01,2191.51,2191.51,Оплачен вовремя
17265,1446,2024-01-31,2191.51,2191.51,Просрочен
17266,1446,2024-03-01,2191.51,2191.51,Просрочен
17267,1446,2024-03-31,2191.51,2191.51,Оплачен вовремя
17268,1446,2024-04-30,2191.51,2191.51,Оплачен вовремя
17269,1446,2024-05-30,2191.51,2191.51,Просрочен
17270,1446,2024-06-29,2191.51,0.0,Не оплачен
17271,1446,2024-07-29,2191.51,0.0,Не оплачен
17272,1446,2024-08-28,2191.51,2191.51,Оплачен вовремя
17273,1446,2024-09-27,2191.51,2191.51,Оплачен вовремя
17274,1446,2024-10-27,2191.51,2191.51,Оплачен вовремя
17275,1446,2024-11-26,2191.51,2191.51,Оплачен вовремя
17276,1446,2024-12-26,2191.51,2191.51,Оплачен вовремя
17277,1446,2025-01-25,2191.51,2191.51,Оплачен вовремя
17278,1446,2025-02-24,2191.51,2191.51,Просрочен
17279,1446,2025-03-26,2191.51,2191.51,Оплачен вовремя
17280,1446,2025-04-25,2191.51,2191.51,Просрочен
17281,1446,2025-05-25,2191.51,2191.51,Оплачен вовремя
17282,1446,2025-06-24,2191.51,2191.51,Оплачен вовремя
17283,1446,2025-07-24,2191.51,2191.51,Оплачен вовремя
17284,1446,2025-08-23,2191.51,2191.51,Оплачен вовремя
17285,1446,2025-09-22,2191.51,2191.51,Оплачен вовремя
17286,1446,2025-10-22,2191.51,2191.51,Оплачен вовремя
17287,1446,2025-11-21,2191.51,2191.51,Просрочен
17288,1447,2024-02-23,22104.93,22104.93,Оплачен вовремя
17289,1447,2024-03-24,22104.93,22104.93,Оплачен вовремя
17290,1447,2024-04-23,22104.93,22104.93,Оплачен вовремя
17291,1447,2024-05-23,22104.93,22104.93,Оплачен вовремя
17292,1447,2024-06-22,22104.93,22104.93,Оплачен вовремя
17293,1447,2024-07-22,22104.93,22104.93,Оплачен вовремя
17294,1447,2024-08-21,22104.93,22104.93,Оплачен вовремя
17295,1447,2024-09-20,22104.93,22104.93,Оплачен вовремя
17296,1447,2024-10-20,22104.93,22104.93,Оплачен вовремя
17297,1447,2024-11-19,22104.93,22104.93,Оплачен вовремя
17298,1447,2024-12-19,22104.93,22104.93,Оплачен вовремя
17299,1447,2025-01-18,22104.93,22104.93,Оплачен вовремя
17300,1447,2025-02-17,22104.93,22104.93,Оплачен вовремя
17301,1447,2025-03-19,22104.93,22104.93,Оплачен вовремя
17302,1447,2025-04-18,22104.93,22104.93,Оплачен вовремя
17303,1447,2025-05-18,22104.93,22104.93,Оплачен вовремя
17304,1447,2025-06-17,22104.93,22104.93,Оплачен вовремя
17305,1447,2025-07-17,22104.93,22104.93,Оплачен вовремя
17306,1447,2025-08-16,22104.93,22104.93,Оплачен вовремя
17307,1447,2025-09-15,22104.93,22104.93,Оплачен вовремя
17308,1447,2025-10-15,22104.93,22104.93,Оплачен вовремя
17309,1447,2025-11-14,22104.93,22104.93,Оплачен вовремя
17310,1447,2025-12-14,22104.93,22104.93,Оплачен вовремя
17311,1448,2024-10-01,16231.31,16231.31,Оплачен вовремя
17312,1448,2024-10-31,16231.31,16231.31,Оплачен вовремя
17313,1448,2024-11-30,16231.31,16231.31,Оплачен вовремя
17314,1448,2024-12-30,16231.31,16231.31,Оплачен вовремя
17315,1448,2025-01-29,16231.31,16231.31,Оплачен вовремя
17316,1448,2025-02-28,16231.31,16231.31,Оплачен вовремя
17317,1448,2025-03-30,16231.31,16231.31,Оплачен вовремя
17318,1448,2025-04-29,16231.31,16231.31,Оплачен вовремя
17319,1448,2025-05-29,16231.31,16231.31,Оплачен вовремя
17320,1448,2025-06-28,16231.31,16231.31,Оплачен вовремя
17321,1448,2025-07-28,16231.31,16231.31,Оплачен вовремя
17322,1448,2025-08-27,16231.31,16231.31,Оплачен вовремя
17323,1448,2025-09-26,16231.31,16231.31,Оплачен вовремя
17324,1448,2025-10-26,16231.31,16231.31,Оплачен вовремя
17325,1448,2025-11-25,16231.31,16231.31,Оплачен вовремя
17326,1450,2024-11-20,59329.52,59329.52,Оплачен вовремя
17327,1450,2024-12-20,59329.52,59329.52,Оплачен вовремя
17328,1450,2025-01-19,59329.52,59329.52,Оплачен вовремя
17329,1450,2025-02-18,59329.52,59329.52,Оплачен вовремя
17330,1450,2025-03-20,59329.52,59329.52,Оплачен вовремя
17331,1450,2025-04-19,59329.52,59329.52,Оплачен вовремя
17332,1450,2025-05-19,59329.52,59329.52,Оплачен вовремя
17333,1450,2025-06-18,59329.52,59329.52,Оплачен вовремя
17334,1450,2025-07-18,59329.52,59329.52,Оплачен вовремя
17335,1450,2025-08-17,59329.52,59329.52,Оплачен вовремя
17336,1450,2025-09-16,59329.52,59329.52,Оплачен вовремя
17337,1450,2025-10-16,59329.52,59329.52,Оплачен вовремя
17338,1451,2025-07-14,81842.82,81842.82,Оплачен вовремя
17339,1451,2025-08-13,81842.82,81842.82,Оплачен вовремя
17340,1451,2025-09-12,81842.82,81842.82,Оплачен вовремя
17341,1451,2025-10-12,81842.82,81842.82,Оплачен вовремя
17342,1451,2025-11-11,81842.82,81842.82,Оплачен вовремя
17343,1451,2025-12-11,81842.82,81842.82,Оплачен вовремя
17344,1452,2025-06-23,69047.48,69047.48,Оплачен вовремя
17345,1452,2025-07-23,69047.48,69047.48,Оплачен вовремя
17346,1452,2025-08-22,69047.48,69047.48,Оплачен вовремя
17347,1452,2025-09-21,69047.48,69047.48,Оплачен вовремя
17348,1452,2025-10-21,69047.48,69047.48,Оплачен вовремя
17349,1452,2025-11-20,69047.48,69047.48,Оплачен вовремя
17350,1452,2025-12-20,69047.48,69047.48,Оплачен вовремя
17351,1453,2025-12-19,13555.45,13555.45,Оплачен вовремя
17352,1454,2025-03-17,46234.7,46234.7,Оплачен вовремя
17353,1454,2025-04-16,46234.7,46234.7,Оплачен вовремя
17354,1454,2025-05-16,46234.7,46234.7,Оплачен вовремя
17355,1454,2025-06-15,46234.7,46234.7,Оплачен вовремя
17356,1454,2025-07-15,46234.7,46234.7,Оплачен вовремя
17357,1454,2025-08-14,46234.7,46234.7,Оплачен вовремя
17358,1454,2025-09-13,46234.7,46234.7,Оплачен вовремя
17359,1454,2025-10-13,46234.7,46234.7,Оплачен вовремя
17360,1454,2025-11-12,46234.7,46234.7,Оплачен вовремя
17361,1454,2025-12-12,46234.7,46234.7,Оплачен вовремя
17362,1455,2024-08-16,39043.7,39043.7,Оплачен вовремя
17363,1455,2024-09-15,39043.7,39043.7,Оплачен вовремя
17364,1455,2024-10-15,39043.7,39043.7,Оплачен вовремя
17365,1455,2024-11-14,39043.7,39043.7,Оплачен вовремя
17366,1455,2024-12-14,39043.7,39043.7,Оплачен вовремя
17367,1455,2025-01-13,39043.7,39043.7,Оплачен вовремя
17368,1455,2025-02-12,39043.7,39043.7,Оплачен вовремя
17369,1455,2025-03-14,39043.7,39043.7,Оплачен вовремя
17370,1455,2025-04-13,39043.7,39043.7,Оплачен вовремя
17371,1455,2025-05-13,39043.7,39043.7,Оплачен вовремя
17372,1455,2025-06-12,39043.7,39043.7,Оплачен вовремя
17373,1455,2025-07-12,39043.7,39043.7,Оплачен вовремя
17374,1455,2025-08-11,39043.7,39043.7,Оплачен вовремя
17375,1455,2025-09-10,39043.7,39043.7,Оплачен вовремя
17376,1455,2025-10-10,39043.7,39043.7,Оплачен вовремя
17377,1455,2025-11-09,39043.7,39043.7,Оплачен вовремя
17378,1455,2025-12-09,39043.7,39043.7,Оплачен вовремя
17379,1456,2024-12-10,11790.24,11790.24,Оплачен вовремя
17380,1456,2025-01-09,11790.24,11790.24,Оплачен вовремя
17381,1456,2025-02-08,11790.24,11790.24,Оплачен вовремя
17382,1456,2025-03-10,11790.24,11790.24,Оплачен вовремя
17383,1456,2025-04-09,11790.24,11790.24,Оплачен вовремя
17384,1456,2025-05-09,11790.24,11790.24,Оплачен вовремя
17385,1456,2025-06-08,11790.24,11790.24,Оплачен вовремя
17386,1456,2025-07-08,11790.24,11790.24,Оплачен вовремя
17387,1456,2025-08-07,11790.24,11790.24,Оплачен вовремя
17388,1456,2025-09-06,11790.24,11790.24,Оплачен вовремя
17389,1456,2025-10-06,11790.24,11790.24,Оплачен вовремя
17390,1456,2025-11-05,11790.24,11790.24,Оплачен вовремя
17391,1456,2025-12-05,11790.24,11790.24,Оплачен вовремя
17392,1457,2025-06-20,11109.16,11109.16,Оплачен вовремя
17393,1457,2025-07-20,11109.16,11109.16,Оплачен вовремя
17394,1457,2025-08-19,11109.16,11109.16,Оплачен вовремя
17395,1457,2025-09-18,11109.16,11109.16,Оплачен вовремя
17396,1457,2025-10-18,11109.16,11109.16,Оплачен вовремя
17397,1457,2025-11-17,11109.16,11109.16,Оплачен вовремя
17398,1457,2025-12-17,11109.16,11109.16,Оплачен вовремя
17399,1458,2024-12-25,256897.28,256897.28,Оплачен вовремя
17400,1458,2025-01-24,256897.28,256897.28,Оплачен вовремя
17401,1458,2025-02-23,256897.28,256897.28,Оплачен вовремя
17402,1458,2025-03-25,256897.28,256897.28,Оплачен вовремя
17403,1458,2025-04-24,256897.28,256897.28,Оплачен вовремя
17404,1458,2025-05-24,256897.28,256897.28,Оплачен вовремя
17405,1459,2023-04-01,246053.89,246053.89,Оплачен вовремя
17406,1459,2023-05-01,246053.89,246053.89,Оплачен вовремя
17407,1459,2023-05-31,246053.89,246053.89,Оплачен вовремя
17408,1459,2023-06-30,246053.89,246053.89,Оплачен вовремя
17409,1459,2023-07-30,246053.89,246053.89,Оплачен вовремя
17410,1459,2023-08-29,246053.89,246053.89,Оплачен вовремя
17411,1459,2023-09-28,246053.89,246053.89,Оплачен вовремя
17412,1459,2023-10-28,246053.89,246053.89,Оплачен вовремя
17413,1459,2023-11-27,246053.89,246053.89,Оплачен вовремя
17414,1460,2024-03-03,4709.48,4709.48,Оплачен вовремя
17415,1460,2024-04-02,4709.48,4709.48,Оплачен вовремя
17416,1460,2024-05-02,4709.48,4709.48,Оплачен вовремя
17417,1460,2024-06-01,4709.48,4709.48,Оплачен вовремя
17418,1460,2024-07-01,4709.48,4709.48,Оплачен вовремя
17419,1460,2024-07-31,4709.48,4709.48,Оплачен вовремя
17420,1460,2024-08-30,4709.48,4709.48,Оплачен вовремя
17421,1460,2024-09-29,4709.48,4709.48,Оплачен вовремя
17422,1460,2024-10-29,4709.48,4709.48,Оплачен вовремя
17423,1460,2024-11-28,4709.48,4709.48,Оплачен вовремя
17424,1460,2024-12-28,4709.48,4709.48,Оплачен вовремя
17425,1460,2025-01-27,4709.48,4709.48,Оплачен вовремя
17426,1460,2025-02-26,4709.48,4709.48,Оплачен вовремя
17427,1460,2025-03-28,4709.48,4709.48,Оплачен вовремя
17428,1460,2025-04-27,4709.48,4709.48,Оплачен вовремя
17429,1460,2025-05-27,4709.48,4709.48,Оплачен вовремя
17430,1460,2025-06-26,4709.48,4709.48,Оплачен вовремя
17431,1460,2025-07-26,4709.48,4709.48,Оплачен вовремя
17432,1460,2025-08-25,4709.48,4709.48,Оплачен вовремя
17433,1460,2025-09-24,4709.48,4709.48,Оплачен вовремя
17434,1460,2025-10-24,4709.48,4709.48,Оплачен вовремя
17435,1460,2025-11-23,4709.48,4709.48,Оплачен вовремя
17436,1461,2025-12-19,32646.19,32646.19,Оплачен вовремя
17437,1462,2022-06-21,8236.97,8236.97,Оплачен вовремя
17438,1462,2022-07-21,8236.97,8236.97,Оплачен вовремя
17439,1462,2022-08-20,8236.97,8236.97,Оплачен вовремя
17440,1462,2022-09-19,8236.97,8236.97,Оплачен вовремя
17441,1462,2022-10-19,8236.97,8236.97,Оплачен вовремя
17442,1462,2022-11-18,8236.97,8236.97,Оплачен вовремя
17443,1462,2022-12-18,8236.97,8236.97,Оплачен вовремя
17444,1462,2023-01-17,8236.97,8236.97,Оплачен вовремя
17445,1462,2023-02-16,8236.97,8236.97,Оплачен вовремя
17446,1462,2023-03-18,8236.97,8236.97,Оплачен вовремя
17447,1462,2023-04-17,8236.97,8236.97,Оплачен вовремя
17448,1462,2023-05-17,8236.97,8236.97,Оплачен вовремя
17449,1462,2023-06-16,8236.97,8236.97,Оплачен вовремя
17450,1462,2023-07-16,8236.97,8236.97,Оплачен вовремя
17451,1462,2023-08-15,8236.97,8236.97,Оплачен вовремя
17452,1462,2023-09-14,8236.97,8236.97,Оплачен вовремя
17453,1462,2023-10-14,8236.97,8236.97,Оплачен вовремя
17454,1462,2023-11-13,8236.97,8236.97,Оплачен вовремя
17455,1462,2023-12-13,8236.97,8236.97,Оплачен вовремя
17456,1462,2024-01-12,8236.97,8236.97,Оплачен вовремя
17457,1462,2024-02-11,8236.97,8236.97,Оплачен вовремя
17458,1462,2024-03-12,8236.97,8236.97,Оплачен вовремя
17459,1462,2024-04-11,8236.97,8236.97,Оплачен вовремя
17460,1462,2024-05-11,8236.97,8236.97,Оплачен вовремя
17461,1462,2024-06-10,8236.97,8236.97,Оплачен вовремя
17462,1462,2024-07-10,8236.97,8236.97,Оплачен вовремя
17463,1462,2024-08-09,8236.97,8236.97,Оплачен вовремя
17464,1462,2024-09-08,8236.97,8236.97,Оплачен вовремя
17465,1462,2024-10-08,8236.97,8236.97,Оплачен вовремя
17466,1462,2024-11-07,8236.97,8236.97,Оплачен вовремя
17467,1462,2024-12-07,8236.97,8236.97,Оплачен вовремя
17468,1462,2025-01-06,8236.97,8236.97,Оплачен вовремя
17469,1462,2025-02-05,8236.97,8236.97,Оплачен вовремя
17470,1462,2025-03-07,8236.97,8236.97,Оплачен вовремя
17471,1462,2025-04-06,8236.97,8236.97,Оплачен вовремя
17472,1462,2025-05-06,8236.97,8236.97,Оплачен вовремя
17473,1463,2025-03-13,4299.93,4299.93,Оплачен вовремя
17474,1463,2025-04-12,4299.93,4299.93,Оплачен вовремя
17475,1463,2025-05-12,4299.93,4299.93,Оплачен вовремя
17476,1463,2025-06-11,4299.93,4299.93,Оплачен вовремя
17477,1463,2025-07-11,4299.93,4299.93,Оплачен вовремя
17478,1463,2025-08-10,4299.93,4299.93,Оплачен вовремя
17479,1463,2025-09-09,4299.93,4299.93,Оплачен вовремя
17480,1463,2025-10-09,4299.93,4299.93,Оплачен вовремя
17481,1463,2025-11-08,4299.93,4299.93,Оплачен вовремя
17482,1463,2025-12-08,4299.93,4299.93,Оплачен вовремя
17483,1464,2024-03-31,14539.85,14539.85,Оплачен вовремя
17484,1464,2024-04-30,14539.85,14539.85,Оплачен вовремя
17485,1464,2024-05-30,14539.85,14539.85,Оплачен вовремя
17486,1464,2024-06-29,14539.85,14539.85,Оплачен вовремя
17487,1464,2024-07-29,14539.85,14539.85,Оплачен вовремя
17488,1464,2024-08-28,14539.85,14539.85,Оплачен вовремя
17489,1464,2024-09-27,14539.85,14539.85,Оплачен вовремя
17490,1464,2024-10-27,14539.85,14539.85,Оплачен вовремя
17491,1464,2024-11-26,14539.85,14539.85,Оплачен вовремя
17492,1464,2024-12-26,14539.85,14539.85,Оплачен вовремя
17493,1464,2025-01-25,14539.85,14539.85,Оплачен вовремя
17494,1464,2025-02-24,14539.85,14539.85,Оплачен вовремя
17495,1464,2025-03-26,14539.85,14539.85,Оплачен вовремя
17496,1464,2025-04-25,14539.85,14539.85,Оплачен вовремя
17497,1464,2025-05-25,14539.85,14539.85,Оплачен вовремя
17498,1464,2025-06-24,14539.85,14539.85,Оплачен вовремя
17499,1464,2025-07-24,14539.85,14539.85,Оплачен вовремя
17500,1464,2025-08-23,14539.85,14539.85,Оплачен вовремя
17501,1464,2025-09-22,14539.85,14539.85,Оплачен вовремя
17502,1464,2025-10-22,14539.85,14539.85,Оплачен вовремя
17503,1464,2025-11-21,14539.85,14539.85,Оплачен вовремя
17504,1465,2024-06-15,32562.32,32562.32,Оплачен вовремя
17505,1465,2024-07-15,32562.32,32562.32,Оплачен вовремя
17506,1465,2024-08-14,32562.32,32562.32,Оплачен вовремя
17507,1465,2024-09-13,32562.32,32562.32,Оплачен вовремя
17508,1465,2024-10-13,32562.32,32562.32,Оплачен вовремя
17509,1465,2024-11-12,32562.32,32562.32,Оплачен вовремя
17510,1465,2024-12-12,32562.32,32562.32,Оплачен вовремя
17511,1465,2025-01-11,32562.32,32562.32,Оплачен вовремя
17512,1465,2025-02-10,32562.32,32562.32,Оплачен вовремя
17513,1465,2025-03-12,32562.32,32562.32,Оплачен вовремя
17514,1465,2025-04-11,32562.32,32562.32,Оплачен вовремя
17515,1465,2025-05-11,32562.32,32562.32,Оплачен вовремя
17516,1465,2025-06-10,32562.32,32562.32,Оплачен вовремя
17517,1465,2025-07-10,32562.32,32562.32,Оплачен вовремя
17518,1465,2025-08-09,32562.32,32562.32,Оплачен вовремя
17519,1465,2025-09-08,32562.32,32562.32,Оплачен вовремя
17520,1465,2025-10-08,32562.32,32562.32,Оплачен вовремя
17521,1465,2025-11-07,32562.32,32562.32,Оплачен вовремя
17522,1465,2025-12-07,32562.32,32562.32,Оплачен вовремя
17523,1466,2024-08-16,129989.46,129989.46,Оплачен вовремя
17524,1466,2024-09-15,129989.46,129989.46,Оплачен вовремя
17525,1466,2024-10-15,129989.46,129989.46,Оплачен вовремя
17526,1466,2024-11-14,129989.46,129989.46,Оплачен вовремя
17527,1466,2024-12-14,129989.46,129989.46,Оплачен вовремя
17528,1466,2025-01-13,129989.46,129989.46,Оплачен вовремя
17529,1466,2025-02-12,129989.46,129989.46,Оплачен вовремя
17530,1466,2025-03-14,129989.46,129989.46,Оплачен вовремя
17531,1466,2025-04-13,129989.46,129989.46,Оплачен вовремя
17532,1466,2025-05-13,129989.46,129989.46,Оплачен вовремя
17533,1466,2025-06-12,129989.46,129989.46,Оплачен вовремя
17534,1466,2025-07-12,129989.46,129989.46,Оплачен вовремя
17535,1467,2025-06-17,65106.2,65106.2,Оплачен вовремя
17536,1467,2025-07-17,65106.2,65106.2,Оплачен вовремя
17537,1467,2025-08-16,65106.2,65106.2,Оплачен вовремя
17538,1467,2025-09-15,65106.2,65106.2,Оплачен вовремя
17539,1467,2025-10-15,65106.2,65106.2,Оплачен вовремя
17540,1467,2025-11-14,65106.2,65106.2,Оплачен вовремя
17541,1467,2025-12-14,65106.2,65106.2,Оплачен вовремя
17542,1469,2023-07-19,28623.47,28623.47,Оплачен вовремя
17543,1469,2023-08-18,28623.47,28623.47,Оплачен вовремя
17544,1469,2023-09-17,28623.47,28623.47,Оплачен вовремя
17545,1469,2023-10-17,28623.47,28623.47,Оплачен вовремя
17546,1469,2023-11-16,28623.47,28623.47,Оплачен вовремя
17547,1469,2023-12-16,28623.47,28623.47,Оплачен вовремя
17548,1469,2024-01-15,28623.47,28623.47,Оплачен вовремя
17549,1469,2024-02-14,28623.47,28623.47,Оплачен вовремя
17550,1469,2024-03-15,28623.47,28623.47,Оплачен вовремя
17551,1469,2024-04-14,28623.47,28623.47,Оплачен вовремя
17552,1469,2024-05-14,28623.47,28623.47,Оплачен вовремя
17553,1469,2024-06-13,28623.47,28623.47,Оплачен вовремя
17554,1469,2024-07-13,28623.47,28623.47,Оплачен вовремя
17555,1469,2024-08-12,28623.47,28623.47,Оплачен вовремя
17556,1469,2024-09-11,28623.47,28623.47,Оплачен вовремя
17557,1469,2024-10-11,28623.47,28623.47,Оплачен вовремя
17558,1469,2024-11-10,28623.47,28623.47,Оплачен вовремя
17559,1469,2024-12-10,28623.47,28623.47,Оплачен вовремя
17560,1469,2025-01-09,28623.47,28623.47,Оплачен вовремя
17561,1469,2025-02-08,28623.47,28623.47,Оплачен вовремя
17562,1469,2025-03-10,28623.47,28623.47,Оплачен вовремя
17563,1469,2025-04-09,28623.47,28623.47,Оплачен вовремя
17564,1469,2025-05-09,28623.47,28623.47,Оплачен вовремя
17565,1469,2025-06-08,28623.47,28623.47,Оплачен вовремя
17566,1470,2023-09-28,23510.4,23510.4,Просрочен
17567,1470,2023-10-28,23510.4,23510.4,Просрочен
17568,1470,2023-11-27,23510.4,23510.4,Оплачен вовремя
17569,1470,2023-12-27,23510.4,23510.4,Просрочен
17570,1470,2024-01-26,23510.4,23510.4,Оплачен вовремя
17571,1470,2024-02-25,23510.4,23510.4,Просрочен
17572,1470,2024-03-26,23510.4,23510.4,Оплачен вовремя
17573,1470,2024-04-25,23510.4,23510.4,Оплачен вовремя
17574,1470,2024-05-25,23510.4,23510.4,Просрочен
17575,1470,2024-06-24,23510.4,23510.4,Оплачен вовремя
17576,1470,2024-07-24,23510.4,23510.4,Оплачен вовремя
17577,1470,2024-08-23,23510.4,23510.4,Оплачен вовремя
17578,1471,2025-01-29,24877.36,24877.36,Оплачен вовремя
17579,1471,2025-02-28,24877.36,24877.36,Оплачен вовремя
17580,1471,2025-03-30,24877.36,24877.36,Оплачен вовремя
17581,1471,2025-04-29,24877.36,24877.36,Оплачен вовремя
17582,1471,2025-05-29,24877.36,24877.36,Оплачен вовремя
17583,1471,2025-06-28,24877.36,24877.36,Оплачен вовремя
17584,1471,2025-07-28,24877.36,24877.36,Оплачен вовремя
17585,1471,2025-08-27,24877.36,24877.36,Оплачен вовремя
17586,1471,2025-09-26,24877.36,24877.36,Оплачен вовремя
17587,1471,2025-10-26,24877.36,24877.36,Оплачен вовремя
17588,1471,2025-11-25,24877.36,24877.36,Оплачен вовремя
17589,1471,2025-12-25,24877.36,24877.36,Оплачен вовремя
17590,1472,2024-05-07,3673.45,3673.45,Просрочен
17591,1472,2024-06-06,3673.45,3673.45,Просрочен
17592,1472,2024-07-06,3673.45,0.0,Не оплачен
17593,1472,2024-08-05,3673.45,3673.45,Просрочен
17594,1472,2024-09-04,3673.45,3673.45,Оплачен вовремя
17595,1472,2024-10-04,3673.45,3673.45,Оплачен вовремя
17596,1472,2024-11-03,3673.45,3673.45,Оплачен вовремя
17597,1472,2024-12-03,3673.45,3673.45,Оплачен вовремя
17598,1472,2025-01-02,3673.45,3673.45,Просрочен
17599,1472,2025-02-01,3673.45,3673.45,Просрочен
17600,1472,2025-03-03,3673.45,3673.45,Просрочен
17601,1472,2025-04-02,3673.45,3673.45,Оплачен вовремя
17602,1472,2025-05-02,3673.45,3673.45,Просрочен
17603,1472,2025-06-01,3673.45,3673.45,Оплачен вовремя
17604,1472,2025-07-01,3673.45,3673.45,Оплачен вовремя
17605,1472,2025-07-31,3673.45,0.0,Не оплачен
17606,1472,2025-08-30,3673.45,3673.45,Просрочен
17607,1472,2025-09-29,3673.45,3673.45,Оплачен вовремя
17608,1472,2025-10-29,3673.45,3673.45,Оплачен вовремя
17609,1472,2025-11-28,3673.45,3673.45,Просрочен
17610,1473,2024-10-10,5203.3,5203.3,Оплачен вовремя
17611,1473,2024-11-09,5203.3,5203.3,Оплачен вовремя
17612,1473,2024-12-09,5203.3,5203.3,Оплачен вовремя
17613,1473,2025-01-08,5203.3,5203.3,Оплачен вовремя
17614,1473,2025-02-07,5203.3,5203.3,Оплачен вовремя
17615,1473,2025-03-09,5203.3,5203.3,Оплачен вовремя
17616,1473,2025-04-08,5203.3,5203.3,Оплачен вовремя
17617,1473,2025-05-08,5203.3,5203.3,Оплачен вовремя
17618,1473,2025-06-07,5203.3,5203.3,Оплачен вовремя
17619,1473,2025-07-07,5203.3,5203.3,Оплачен вовремя
17620,1473,2025-08-06,5203.3,5203.3,Оплачен вовремя
17621,1473,2025-09-05,5203.3,5203.3,Оплачен вовремя
17622,1473,2025-10-05,5203.3,5203.3,Оплачен вовремя
17623,1473,2025-11-04,5203.3,5203.3,Оплачен вовремя
17624,1473,2025-12-04,5203.3,5203.3,Оплачен вовремя
17625,1474,2025-04-15,30541.69,30541.69,Оплачен вовремя
17626,1474,2025-05-15,30541.69,30541.69,Оплачен вовремя
17627,1474,2025-06-14,30541.69,30541.69,Оплачен вовремя
17628,1474,2025-07-14,30541.69,30541.69,Оплачен вовремя
17629,1474,2025-08-13,30541.69,30541.69,Оплачен вовремя
17630,1474,2025-09-12,30541.69,30541.69,Оплачен вовремя
17631,1474,2025-10-12,30541.69,30541.69,Оплачен вовремя
17632,1474,2025-11-11,30541.69,30541.69,Оплачен вовремя
17633,1474,2025-12-11,30541.69,30541.69,Оплачен вовремя
17634,1475,2024-03-24,10914.02,10914.02,Оплачен вовремя
17635,1475,2024-04-23,10914.02,10914.02,Оплачен вовремя
17636,1475,2024-05-23,10914.02,10914.02,Оплачен вовремя
17637,1475,2024-06-22,10914.02,10914.02,Оплачен вовремя
17638,1475,2024-07-22,10914.02,10914.02,Оплачен вовремя
17639,1475,2024-08-21,10914.02,10914.02,Оплачен вовремя
17640,1475,2024-09-20,10914.02,10914.02,Оплачен вовремя
17641,1475,2024-10-20,10914.02,10914.02,Оплачен вовремя
17642,1475,2024-11-19,10914.02,10914.02,Оплачен вовремя
17643,1475,2024-12-19,10914.02,10914.02,Оплачен вовремя
17644,1475,2025-01-18,10914.02,10914.02,Оплачен вовремя
17645,1475,2025-02-17,10914.02,10914.02,Оплачен вовремя
17646,1475,2025-03-19,10914.02,10914.02,Оплачен вовремя
17647,1475,2025-04-18,10914.02,10914.02,Оплачен вовремя
17648,1475,2025-05-18,10914.02,10914.02,Оплачен вовремя
17649,1475,2025-06-17,10914.02,10914.02,Оплачен вовремя
17650,1475,2025-07-17,10914.02,10914.02,Оплачен вовремя
17651,1475,2025-08-16,10914.02,10914.02,Оплачен вовремя
17652,1475,2025-09-15,10914.02,10914.02,Оплачен вовремя
17653,1475,2025-10-15,10914.02,10914.02,Оплачен вовремя
17654,1475,2025-11-14,10914.02,10914.02,Оплачен вовремя
17655,1475,2025-12-14,10914.02,10914.02,Оплачен вовремя
17656,1476,2025-10-27,3825.53,3825.53,Оплачен вовремя
17657,1476,2025-11-26,3825.53,3825.53,Оплачен вовремя
17658,1476,2025-12-26,3825.53,3825.53,Оплачен вовремя
17659,1477,2024-07-26,23995.65,23995.65,Оплачен вовремя
17660,1477,2024-08-25,23995.65,23995.65,Оплачен вовремя
17661,1477,2024-09-24,23995.65,23995.65,Оплачен вовремя
17662,1477,2024-10-24,23995.65,23995.65,Оплачен вовремя
17663,1477,2024-11-23,23995.65,23995.65,Оплачен вовремя
17664,1477,2024-12-23,23995.65,23995.65,Оплачен вовремя
17665,1477,2025-01-22,23995.65,23995.65,Оплачен вовремя
17666,1477,2025-02-21,23995.65,23995.65,Оплачен вовремя
17667,1477,2025-03-23,23995.65,23995.65,Оплачен вовремя
17668,1477,2025-04-22,23995.65,23995.65,Оплачен вовремя
17669,1477,2025-05-22,23995.65,23995.65,Оплачен вовремя
17670,1477,2025-06-21,23995.65,23995.65,Оплачен вовремя
17671,1477,2025-07-21,23995.65,23995.65,Оплачен вовремя
17672,1477,2025-08-20,23995.65,23995.65,Оплачен вовремя
17673,1477,2025-09-19,23995.65,23995.65,Оплачен вовремя
17674,1477,2025-10-19,23995.65,23995.65,Оплачен вовремя
17675,1477,2025-11-18,23995.65,23995.65,Оплачен вовремя
17676,1477,2025-12-18,23995.65,23995.65,Оплачен вовремя
17677,1478,2024-06-07,53748.55,53748.55,Оплачен вовремя
17678,1478,2024-07-07,53748.55,53748.55,Оплачен вовремя
17679,1478,2024-08-06,53748.55,53748.55,Оплачен вовремя
17680,1478,2024-09-05,53748.55,53748.55,Оплачен вовремя
17681,1478,2024-10-05,53748.55,53748.55,Оплачен вовремя
17682,1478,2024-11-04,53748.55,53748.55,Оплачен вовремя
17683,1478,2024-12-04,53748.55,53748.55,Оплачен вовремя
17684,1478,2025-01-03,53748.55,53748.55,Оплачен вовремя
17685,1478,2025-02-02,53748.55,53748.55,Оплачен вовремя
17686,1478,2025-03-04,53748.55,53748.55,Оплачен вовремя
17687,1478,2025-04-03,53748.55,53748.55,Оплачен вовремя
17688,1478,2025-05-03,53748.55,53748.55,Оплачен вовремя
17689,1478,2025-06-02,53748.55,53748.55,Оплачен вовремя
17690,1478,2025-07-02,53748.55,53748.55,Оплачен вовремя
17691,1478,2025-08-01,53748.55,53748.55,Оплачен вовремя
17692,1478,2025-08-31,53748.55,53748.55,Оплачен вовремя
17693,1478,2025-09-30,53748.55,53748.55,Оплачен вовремя
17694,1478,2025-10-30,53748.55,53748.55,Оплачен вовремя
17695,1478,2025-11-29,53748.55,53748.55,Оплачен вовремя
17696,1479,2025-05-17,23435.47,23435.47,Оплачен вовремя
17697,1479,2025-06-16,23435.47,23435.47,Оплачен вовремя
17698,1479,2025-07-16,23435.47,23435.47,Оплачен вовремя
17699,1479,2025-08-15,23435.47,23435.47,Оплачен вовремя
17700,1479,2025-09-14,23435.47,23435.47,Оплачен вовремя
17701,1479,2025-10-14,23435.47,23435.47,Оплачен вовремя
17702,1479,2025-11-13,23435.47,23435.47,Оплачен вовремя
17703,1479,2025-12-13,23435.47,23435.47,Оплачен вовремя
17704,1480,2025-09-03,44358.76,44358.76,Оплачен вовремя
17705,1480,2025-10-03,44358.76,44358.76,Оплачен вовремя
17706,1480,2025-11-02,44358.76,44358.76,Оплачен вовремя
17707,1480,2025-12-02,44358.76,44358.76,Оплачен вовремя
17708,1482,2025-01-22,2383.56,2383.56,Оплачен вовремя
17709,1482,2025-02-21,2383.56,2383.56,Оплачен вовремя
17710,1482,2025-03-23,2383.56,2383.56,Оплачен вовремя
17711,1482,2025-04-22,2383.56,2383.56,Оплачен вовремя
17712,1482,2025-05-22,2383.56,2383.56,Оплачен вовремя
17713,1482,2025-06-21,2383.56,2383.56,Оплачен вовремя
17714,1482,2025-07-21,2383.56,2383.56,Оплачен вовремя
17715,1482,2025-08-20,2383.56,2383.56,Оплачен вовремя
17716,1482,2025-09-19,2383.56,2383.56,Оплачен вовремя
17717,1482,2025-10-19,2383.56,2383.56,Оплачен вовремя
17718,1482,2025-11-18,2383.56,2383.56,Оплачен вовремя
17719,1482,2025-12-18,2383.56,2383.56,Оплачен вовремя
17720,1483,2024-12-01,38904.62,38904.62,Оплачен вовремя
17721,1483,2024-12-31,38904.62,38904.62,Оплачен вовремя
17722,1483,2025-01-30,38904.62,38904.62,Оплачен вовремя
17723,1483,2025-03-01,38904.62,38904.62,Оплачен вовремя
17724,1483,2025-03-31,38904.62,38904.62,Оплачен вовремя
17725,1483,2025-04-30,38904.62,38904.62,Оплачен вовремя
17726,1483,2025-05-30,38904.62,38904.62,Оплачен вовремя
17727,1483,2025-06-29,38904.62,38904.62,Оплачен вовремя
17728,1483,2025-07-29,38904.62,38904.62,Оплачен вовремя
17729,1483,2025-08-28,38904.62,38904.62,Оплачен вовремя
17730,1483,2025-09-27,38904.62,38904.62,Оплачен вовремя
17731,1483,2025-10-27,38904.62,38904.62,Оплачен вовремя
17732,1483,2025-11-26,38904.62,38904.62,Оплачен вовремя
17733,1484,2023-07-04,7776.11,7776.11,Оплачен вовремя
17734,1484,2023-08-03,7776.11,7776.11,Оплачен вовремя
17735,1484,2023-09-02,7776.11,7776.11,Оплачен вовремя
17736,1484,2023-10-02,7776.11,7776.11,Оплачен вовремя
17737,1484,2023-11-01,7776.11,7776.11,Оплачен вовремя
17738,1484,2023-12-01,7776.11,7776.11,Оплачен вовремя
17739,1484,2023-12-31,7776.11,7776.11,Оплачен вовремя
17740,1484,2024-01-30,7776.11,7776.11,Оплачен вовремя
17741,1484,2024-02-29,7776.11,7776.11,Оплачен вовремя
17742,1484,2024-03-30,7776.11,7776.11,Оплачен вовремя
17743,1484,2024-04-29,7776.11,7776.11,Оплачен вовремя
17744,1484,2024-05-29,7776.11,7776.11,Оплачен вовремя
17745,1484,2024-06-28,7776.11,7776.11,Оплачен вовремя
17746,1484,2024-07-28,7776.11,7776.11,Оплачен вовремя
17747,1484,2024-08-27,7776.11,7776.11,Оплачен вовремя
17748,1484,2024-09-26,7776.11,7776.11,Оплачен вовремя
17749,1484,2024-10-26,7776.11,7776.11,Оплачен вовремя
17750,1484,2024-11-25,7776.11,7776.11,Оплачен вовремя
17751,1484,2024-12-25,7776.11,7776.11,Оплачен вовремя
17752,1484,2025-01-24,7776.11,7776.11,Оплачен вовремя
17753,1484,2025-02-23,7776.11,7776.11,Оплачен вовремя
17754,1484,2025-03-25,7776.11,7776.11,Оплачен вовремя
17755,1484,2025-04-24,7776.11,7776.11,Оплачен вовремя
17756,1484,2025-05-24,7776.11,7776.11,Оплачен вовремя
17757,1485,2024-08-03,64403.68,64403.68,Оплачен вовремя
17758,1485,2024-09-02,64403.68,64403.68,Оплачен вовремя
17759,1485,2024-10-02,64403.68,64403.68,Оплачен вовремя
17760,1485,2024-11-01,64403.68,64403.68,Оплачен вовремя
17761,1485,2024-12-01,64403.68,64403.68,Оплачен вовремя
17762,1485,2024-12-31,64403.68,64403.68,Оплачен вовремя
17763,1485,2025-01-30,64403.68,64403.68,Оплачен вовремя
17764,1485,2025-03-01,64403.68,64403.68,Оплачен вовремя
17765,1485,2025-03-31,64403.68,64403.68,Оплачен вовремя
17766,1485,2025-04-30,64403.68,64403.68,Оплачен вовремя
17767,1485,2025-05-30,64403.68,64403.68,Оплачен вовремя
17768,1485,2025-06-29,64403.68,64403.68,Оплачен вовремя
17769,1485,2025-07-29,64403.68,64403.68,Оплачен вовремя
17770,1485,2025-08-28,64403.68,64403.68,Оплачен вовремя
17771,1485,2025-09-27,64403.68,64403.68,Оплачен вовремя
17772,1485,2025-10-27,64403.68,64403.68,Оплачен вовремя
17773,1485,2025-11-26,64403.68,64403.68,Оплачен вовремя
17774,1486,2024-10-18,21628.39,21628.39,Просрочен
17775,1486,2024-11-17,21628.39,21628.39,Оплачен вовремя
17776,1486,2024-12-17,21628.39,0.0,Не оплачен
17777,1486,2025-01-16,21628.39,21628.39,Оплачен вовремя
17778,1486,2025-02-15,21628.39,21628.39,Оплачен вовремя
17779,1486,2025-03-17,21628.39,21628.39,Оплачен вовремя
17780,1486,2025-04-16,21628.39,21628.39,Просрочен
17781,1486,2025-05-16,21628.39,21628.39,Оплачен вовремя
17782,1486,2025-06-15,21628.39,21628.39,Просрочен
17783,1486,2025-07-15,21628.39,21628.39,Просрочен
17784,1486,2025-08-14,21628.39,21628.39,Оплачен вовремя
17785,1486,2025-09-13,21628.39,21628.39,Оплачен вовремя
17786,1486,2025-10-13,21628.39,21628.39,Оплачен вовремя
17787,1486,2025-11-12,21628.39,21628.39,Оплачен вовремя
17788,1486,2025-12-12,21628.39,21628.39,Просрочен
17789,1487,2024-09-18,253856.17,253856.17,Оплачен вовремя
17790,1487,2024-10-18,253856.17,253856.17,Оплачен вовремя
17791,1487,2024-11-17,253856.17,253856.17,Оплачен вовремя
17792,1487,2024-12-17,253856.17,253856.17,Оплачен вовремя
17793,1487,2025-01-16,253856.17,253856.17,Оплачен вовремя
17794,1487,2025-02-15,253856.17,253856.17,Оплачен вовремя
17795,1487,2025-03-17,253856.17,253856.17,Оплачен вовремя
17796,1487,2025-04-16,253856.17,253856.17,Оплачен вовремя
17797,1487,2025-05-16,253856.17,253856.17,Оплачен вовремя
17798,1487,2025-06-15,253856.17,253856.17,Оплачен вовремя
17799,1487,2025-07-15,253856.17,253856.17,Оплачен вовремя
17800,1487,2025-08-14,253856.17,253856.17,Оплачен вовремя
17801,1488,2023-03-15,20364.11,20364.11,Оплачен вовремя
17802,1488,2023-04-14,20364.11,20364.11,Оплачен вовремя
17803,1488,2023-05-14,20364.11,20364.11,Оплачен вовремя
17804,1488,2023-06-13,20364.11,20364.11,Оплачен вовремя
17805,1488,2023-07-13,20364.11,20364.11,Оплачен вовремя
17806,1488,2023-08-12,20364.11,20364.11,Оплачен вовремя
17807,1488,2023-09-11,20364.11,20364.11,Оплачен вовремя
17808,1488,2023-10-11,20364.11,20364.11,Оплачен вовремя
17809,1488,2023-11-10,20364.11,20364.11,Оплачен вовремя
17810,1488,2023-12-10,20364.11,20364.11,Оплачен вовремя
17811,1488,2024-01-09,20364.11,20364.11,Оплачен вовремя
17812,1488,2024-02-08,20364.11,20364.11,Оплачен вовремя
17813,1488,2024-03-09,20364.11,20364.11,Оплачен вовремя
17814,1488,2024-04-08,20364.11,20364.11,Оплачен вовремя
17815,1488,2024-05-08,20364.11,20364.11,Оплачен вовремя
17816,1488,2024-06-07,20364.11,20364.11,Оплачен вовремя
17817,1488,2024-07-07,20364.11,20364.11,Оплачен вовремя
17818,1488,2024-08-06,20364.11,20364.11,Оплачен вовремя
17819,1488,2024-09-05,20364.11,20364.11,Оплачен вовремя
17820,1488,2024-10-05,20364.11,20364.11,Оплачен вовремя
17821,1488,2024-11-04,20364.11,20364.11,Оплачен вовремя
17822,1488,2024-12-04,20364.11,20364.11,Оплачен вовремя
17823,1488,2025-01-03,20364.11,20364.11,Оплачен вовремя
17824,1488,2025-02-02,20364.11,20364.11,Оплачен вовремя
17825,1489,2024-04-23,2795.65,2795.65,Оплачен вовремя
17826,1489,2024-05-23,2795.65,2795.65,Оплачен вовремя
17827,1489,2024-06-22,2795.65,2795.65,Оплачен вовремя
17828,1489,2024-07-22,2795.65,2795.65,Оплачен вовремя
17829,1489,2024-08-21,2795.65,2795.65,Оплачен вовремя
17830,1489,2024-09-20,2795.65,2795.65,Оплачен вовремя
17831,1489,2024-10-20,2795.65,2795.65,Оплачен вовремя
17832,1489,2024-11-19,2795.65,2795.65,Оплачен вовремя
17833,1489,2024-12-19,2795.65,2795.65,Оплачен вовремя
17834,1489,2025-01-18,2795.65,2795.65,Оплачен вовремя
17835,1489,2025-02-17,2795.65,2795.65,Оплачен вовремя
17836,1489,2025-03-19,2795.65,2795.65,Оплачен вовремя
17837,1489,2025-04-18,2795.65,2795.65,Оплачен вовремя
17838,1489,2025-05-18,2795.65,2795.65,Оплачен вовремя
17839,1489,2025-06-17,2795.65,2795.65,Оплачен вовремя
17840,1489,2025-07-17,2795.65,2795.65,Оплачен вовремя
17841,1489,2025-08-16,2795.65,2795.65,Оплачен вовремя
17842,1489,2025-09-15,2795.65,2795.65,Оплачен вовремя
17843,1489,2025-10-15,2795.65,2795.65,Оплачен вовремя
17844,1489,2025-11-14,2795.65,2795.65,Оплачен вовремя
17845,1489,2025-12-14,2795.65,2795.65,Оплачен вовремя
17846,1490,2024-12-03,36021.7,36021.7,Оплачен вовремя
17847,1490,2025-01-02,36021.7,36021.7,Оплачен вовремя
17848,1490,2025-02-01,36021.7,36021.7,Оплачен вовремя
17849,1490,2025-03-03,36021.7,36021.7,Оплачен вовремя
17850,1490,2025-04-02,36021.7,36021.7,Оплачен вовремя
17851,1490,2025-05-02,36021.7,36021.7,Оплачен вовремя
17852,1490,2025-06-01,36021.7,36021.7,Оплачен вовремя
17853,1490,2025-07-01,36021.7,36021.7,Оплачен вовремя
17854,1490,2025-07-31,36021.7,36021.7,Оплачен вовремя
17855,1490,2025-08-30,36021.7,36021.7,Оплачен вовремя
17856,1490,2025-09-29,36021.7,36021.7,Оплачен вовремя
17857,1490,2025-10-29,36021.7,36021.7,Оплачен вовремя
17858,1490,2025-11-28,36021.7,36021.7,Оплачен вовремя
17859,1491,2025-09-30,7570.67,7570.67,Оплачен вовремя
17860,1491,2025-10-30,7570.67,7570.67,Оплачен вовремя
17861,1491,2025-11-29,7570.67,7570.67,Оплачен вовремя
17862,1491,2025-12-29,7570.67,7570.67,Оплачен вовремя
17863,1492,2025-10-28,393723.34,393723.34,Оплачен вовремя
17864,1492,2025-11-27,393723.34,393723.34,Оплачен вовремя
17865,1492,2025-12-27,393723.34,393723.34,Оплачен вовремя
17866,1493,2023-03-20,117455.43,117455.43,Оплачен вовремя
17867,1493,2023-04-19,117455.43,117455.43,Оплачен вовремя
17868,1493,2023-05-19,117455.43,117455.43,Оплачен вовремя
17869,1493,2023-06-18,117455.43,117455.43,Оплачен вовремя
17870,1493,2023-07-18,117455.43,117455.43,Оплачен вовремя
17871,1493,2023-08-17,117455.43,117455.43,Оплачен вовремя
17872,1493,2023-09-16,117455.43,117455.43,Оплачен вовремя
17873,1493,2023-10-16,117455.43,117455.43,Оплачен вовремя
17874,1493,2023-11-15,117455.43,117455.43,Оплачен вовремя
17875,1493,2023-12-15,117455.43,117455.43,Оплачен вовремя
17876,1493,2024-01-14,117455.43,117455.43,Оплачен вовремя
17877,1493,2024-02-13,117455.43,117455.43,Оплачен вовремя
17878,1493,2024-03-14,117455.43,117455.43,Оплачен вовремя
17879,1493,2024-04-13,117455.43,117455.43,Оплачен вовремя
17880,1493,2024-05-13,117455.43,117455.43,Оплачен вовремя
17881,1493,2024-06-12,117455.43,117455.43,Оплачен вовремя
17882,1493,2024-07-12,117455.43,117455.43,Оплачен вовремя
17883,1493,2024-08-11,117455.43,117455.43,Оплачен вовремя
17884,1493,2024-09-10,117455.43,117455.43,Оплачен вовремя
17885,1493,2024-10-10,117455.43,117455.43,Оплачен вовремя
17886,1493,2024-11-09,117455.43,117455.43,Оплачен вовремя
17887,1493,2024-12-09,117455.43,117455.43,Оплачен вовремя
17888,1493,2025-01-08,117455.43,117455.43,Оплачен вовремя
17889,1493,2025-02-07,117455.43,117455.43,Оплачен вовремя
17890,1494,2025-04-20,5725.22,5725.22,Оплачен вовремя
17891,1494,2025-05-20,5725.22,5725.22,Оплачен вовремя
17892,1494,2025-06-19,5725.22,5725.22,Оплачен вовремя
17893,1494,2025-07-19,5725.22,5725.22,Оплачен вовремя
17894,1494,2025-08-18,5725.22,5725.22,Оплачен вовремя
17895,1494,2025-09-17,5725.22,5725.22,Оплачен вовремя
17896,1494,2025-10-17,5725.22,5725.22,Оплачен вовремя
17897,1494,2025-11-16,5725.22,5725.22,Оплачен вовремя
17898,1494,2025-12-16,5725.22,5725.22,Оплачен вовремя
17899,1495,2025-04-13,152708.88,152708.88,Оплачен вовремя
17900,1495,2025-05-13,152708.88,152708.88,Оплачен вовремя
17901,1495,2025-06-12,152708.88,152708.88,Оплачен вовремя
17902,1495,2025-07-12,152708.88,152708.88,Оплачен вовремя
17903,1495,2025-08-11,152708.88,152708.88,Оплачен вовремя
17904,1495,2025-09-10,152708.88,152708.88,Оплачен вовремя
17905,1497,2024-03-24,17251.6,17251.6,Оплачен вовремя
17906,1497,2024-04-23,17251.6,17251.6,Оплачен вовремя
17907,1497,2024-05-23,17251.6,17251.6,Оплачен вовремя
17908,1497,2024-06-22,17251.6,17251.6,Оплачен вовремя
17909,1497,2024-07-22,17251.6,17251.6,Оплачен вовремя
17910,1497,2024-08-21,17251.6,17251.6,Оплачен вовремя
17911,1497,2024-09-20,17251.6,17251.6,Оплачен вовремя
17912,1497,2024-10-20,17251.6,17251.6,Оплачен вовремя
17913,1497,2024-11-19,17251.6,17251.6,Оплачен вовремя
17914,1497,2024-12-19,17251.6,17251.6,Оплачен вовремя
17915,1497,2025-01-18,17251.6,17251.6,Оплачен вовремя
17916,1497,2025-02-17,17251.6,17251.6,Оплачен вовремя
17917,1497,2025-03-19,17251.6,17251.6,Оплачен вовремя
17918,1497,2025-04-18,17251.6,17251.6,Оплачен вовремя
17919,1497,2025-05-18,17251.6,17251.6,Оплачен вовремя
17920,1497,2025-06-17,17251.6,17251.6,Оплачен вовремя
17921,1497,2025-07-17,17251.6,17251.6,Оплачен вовремя
17922,1497,2025-08-16,17251.6,17251.6,Оплачен вовремя
17923,1497,2025-09-15,17251.6,17251.6,Оплачен вовремя
17924,1497,2025-10-15,17251.6,17251.6,Оплачен вовремя
17925,1497,2025-11-14,17251.6,17251.6,Оплачен вовремя
17926,1497,2025-12-14,17251.6,17251.6,Оплачен вовремя
17927,1498,2025-11-03,126147.12,126147.12,Оплачен вовремя
17928,1498,2025-12-03,126147.12,126147.12,Оплачен вовремя
17929,1499,2025-08-19,5794.47,5794.47,Оплачен вовремя
17930,1499,2025-09-18,5794.47,5794.47,Оплачен вовремя
17931,1499,2025-10-18,5794.47,5794.47,Оплачен вовремя
17932,1499,2025-11-17,5794.47,5794.47,Оплачен вовремя
17933,1499,2025-12-17,5794.47,5794.47,Оплачен вовремя
17934,1500,2025-05-01,14766.6,14766.6,Оплачен вовремя
17935,1500,2025-05-31,14766.6,14766.6,Оплачен вовремя
17936,1500,2025-06-30,14766.6,14766.6,Оплачен вовремя
17937,1500,2025-07-30,14766.6,14766.6,Оплачен вовремя
17938,1500,2025-08-29,14766.6,14766.6,Оплачен вовремя
17939,1500,2025-09-28,14766.6,14766.6,Оплачен вовремя
17940,1500,2025-10-28,14766.6,14766.6,Оплачен вовремя
17941,1500,2025-11-27,14766.6,14766.6,Оплачен вовремя
